order_id,customer_id,product_id,store_id,order_date,quantity,unit_price
ORD0018027,CUST01220,PROD00263,STORE019,2026-04-25,5,8538.44
ORD0016817,CUST00202,PROD00132,STORE005,2026-04-25,5,15666.35
ORD0018035,CUST00443,PROD00280,STORE019,2026-04-25,2,17076.89
ORD0018088,CUST00337,PROD00033,STORE015,2026-04-25,1,21827.44
ORD0016624,CUST01287,PROD00115,STORE017,2026-04-25,6,22705.86
ORD0018500,CUST00716,PROD00100,STORE008,2026-04-25,1,2453.9
ORD0018292,CUST00822,PROD00125,STORE023,2026-04-25,4,13195.41
ORD0017173,CUST00676,PROD00281,STORE023,2026-04-25,2,9662.53
ORD0017096,CUST00183,PROD00211,STORE019,2026-04-25,5,8128.84
ORD0017493,CUST00900,PROD00129,STORE014,2026-04-25,5,1818.28
ORD0017731,CUST00127,PROD00300,STORE023,2026-04-25,1,19294.08
ORD0017549,CUST00688,PROD00230,STORE018,2026-04-25,1,24600.75
ORD0017865,CUST01328,PROD00071,STORE015,2026-04-25,4,641.43
ORD0018156,CUST00593,PROD00108,STORE009,2026-04-25,6,11248.56
ORD0017579,CUST00125,PROD00157,STORE012,2026-04-25,3,22525.86
ORD0017568,CUST01200,PROD00183,STORE005,2026-04-16,5,9661.26
ORD0017782,CUST00414,PROD00264,STORE001,2026-04-25,3,22089.7
ORD0016605,CUST01425,PROD00107,STORE003,2026-04-16,6,14616.02
ORD0018074,CUST00698,PROD00064,STORE018,2026-04-25,1,4441.38
ORD0016528,CUST01169,PROD00052,STORE024,2026-04-25,2,10329.43
ORD0018432,CUST00967,PROD00066,STORE010,2026-04-21,2,19617.17
ORD0016642,CUST00452,PROD00123,STORE001,2026-04-25,3,17019.96
ORD0017564,CUST01195,PROD00024,STORE003,2026-04-25,2,1675.35
ORD0016646,CUST00846,PROD00185,STORE023,2026-04-25,6,20485.1
ORD0018362,CUST00631,PROD00216,STORE004,2026-04-25,2,24747.99
ORD0016840,CUST00195,PROD00080,STORE022,2026-04-25,5,12614.13
ORD0017073,CUST01289,PROD00140,STORE020,00/00/0000,2,15515.18
ORD0017883,CUST00597,PROD00124,STORE002,2026-04-25,6,24604.12
ORD0017274,CUST00821,PROD00129,STORE005,00/00/0000,3,15395.4
ORD0018171,CUST00897,PROD00108,STORE007,2026-04-25,6,20586.23
ORD0017792,CUST00160,PROD00163,STORE019,2026-04-25,6,14669.36
ORD0016735,CUST01291,PROD00147,STORE003,2026-04-25,5,8954.71
ORD0016867,CUST01190,PROD00072,STORE007,2026-04-25,6,3606.6
ORD0018132,CUST01355,PROD00106,STORE004,2026-04-22,3,18907.56
ORD0018082,CUST00192,PROD00067,STORE001,2026-04-25,1,23240.66
ORD0016555,CUST01287,PROD00112,STORE025,2026-04-25,3,15144.88
ORD0016966,CUST00672,PROD00265,STORE020,2026-04-25,3,10238.94
ORD0018143,CUST00312,PROD00071,STORE019,2026-04-25,3,15450.8
ORD0017075,CUST01060,PROD00148,STORE009,2026-04-25,2,5882.82
ORD0018356,CUST00371,PROD00023,STORE012,2026-04-25,3,3008.21
ORD0017160,CUST01091,PROD00252,STORE009,2026-04-25,4,15259.44
ORD0016609,CUST00263,PROD00178,STORE009,2026-04-25,6,7639.17
ORD0017330,CUST01025,PROD00241,STORE025,2026-04-25,3,4437.84
ORD0017746,CUST00860,PROD00034,STORE004,2026-04-25,2,6307.1
ORD0018459,CUST00140,PROD00204,STORE013,2026-04-25,6,abc
ORD0016819,CUST00282,PROD00265,STORE018,2026-04-25,2,20809.7
ORD0017616,CUST01405,PROD00089,STORE013,2026-04-25,6,1435.02
ORD0016782,CUST00360,PROD00104,STORE014,2026-04-25,3,10214.79
ORD0017760,CUST00521,PROD00186,STORE002,2026-04-25,2,13054.52
ORD0018110,CUST00228,PROD00098,STORE021,2026-04-25,5,10746.8
ORD0018336,CUST00701,PROD00021,STORE003,2026-04-25,5,13363.74
ORD0018209,CUST01424,PROD00115,STORE008,2026-04-25,1,11982.21
ORD0018145,CUST01003,PROD00239,STORE018,2026-04-25,3,4927.82
ORD0016927,CUST00753,PROD00083,STORE005,2026-04-25,6,5891.05
ORD0017507,CUST01356,,STORE006,2026-04-25,5,24647.11
ORD0017474,CUST00463,PROD00108,STORE014,2026-04-25,3,18342.42
ORD0017374,CUST00132,PROD00260,STORE024,2026-04-25,5,11047.98
ORD0016572,CUST00565,PROD00115,STORE014,2026-04-25,6,21281.36
ORD0017099,CUST01332,PROD00246,STORE009,2026-04-25,1,2316.01
ORD0017721,CUST01247,PROD00051,STORE001,2026-04-25,2,19599.81
ORD0017559,CUST00326,PROD00268,STORE004,2026-04-25,5,11287.98
ORD0018280,CUST00587,PROD00226,STORE007,2026-04-25,4,20617.69
ORD0018371,CUST01289,PROD00095,STORE008,2026-04-25,4,11642.06
ORD0016999,CUST00884,PROD00240,STORE019,2026-04-25,2,7268.86
ORD0018193,CUST01459,PROD00138,STORE024,2026-04-25,4,6899.54
ORD0018325,CUST00939,PROD00113,STORE010,2026-04-25,1,374.43
ORD0017743,CUST00770,PROD00165,STORE009,2026-04-25,6,18500.12
ORD0018303,CUST00169,PROD00253,STORE019,2026-04-25,6,9204.76
ORD0016554,,PROD00026,STORE008,2026-04-21,3,22352.43
ORD0018308,CUST01338,PROD00145,STORE011,2026-04-25,3,24432.63
ORD0017104,CUST00989,PROD00227,STORE007,2026-04-25,3,14900.13
ORD0018148,CUST00746,PROD00070,STORE003,2026-04-25,1,8981.75
ORD0017801,CUST00043,PROD00019,STORE013,2026-04-25,2,255.58
ORD0017464,CUST00273,PROD00024,STORE018,2026-04-25,1,11544.35
ORD0016521,CUST00469,PROD00041,STORE021,2026-04-25,4,8754.4
ORD0017890,CUST01101,PROD00137,STORE021,2026-04-25,1,3831.2
ORD0018207,CUST00672,PROD00018,STORE022,2026-04-25,6,10709.91
ORD0017697,CUST00669,PROD00187,STORE021,2026-04-25,4,9282.26
ORD0017714,CUST00455,PROD00157,STORE020,2026-04-25,5,12022.37
ORD0017381,CUST00318,PROD00091,STORE003,2026-04-25,4,8880.3
ORD0017945,CUST00051,PROD00054,STORE020,2026-04-25,5,11598.33
ORD0017870,CUST00246,PROD00009,STORE025,2026-04-25,5,24970.03
ORD0016673,CUST00880,PROD00195,STORE009,2026-04-25,1,23831.86
ORD0016946,CUST00614,PROD00214,STORE023,2026-04-25,4,17335.33
ORD0017018,CUST00928,PROD00214,STORE016,2026-04-25,1,22163.8
ORD0017157,CUST01050,PROD00113,STORE001,2026-04-15,2,18305.19
ORD0017822,CUST00757,PROD00037,STORE003,2026-04-25,4,16914.15
ORD0017288,,PROD00050,STORE022,2026-04-25,4,20830.05
ORD0017079,CUST00388,PROD00179,STORE020,2026-04-25,4,16864.85
ORD0017293,CUST00153,PROD00270,STORE020,2026-04-25,2,11092.59
ORD0018235,CUST00740,PROD00208,STORE004,2026-04-25,5,8388.51
ORD0016596,CUST00792,PROD00048,STORE003,2026-04-25,2,4213.64
ORD0017653,CUST01333,PROD00187,STORE023,2026-04-19,1,11676.29
ORD0017597,CUST01097,PROD00007,STORE001,2026-04-25,6,10057.68
ORD0018004,CUST00354,PROD00242,STORE024,2026-04-25,3,1844.19
ORD0017946,CUST00767,PROD00236,STORE010,2026-04-25,5,22794.45
ORD0017745,CUST01151,PROD00255,STORE006,2026-04-25,6,-5
ORD0018484,CUST00681,PROD00114,STORE009,2026-04-25,3,24627.44
ORD0017732,CUST00581,PROD00063,STORE009,2026-04-25,1,4813.99
ORD0017119,CUST01452,PROD00179,STORE025,2026-04-25,1,20128.3
ORD0018299,CUST00385,PROD00119,STORE020,2026-04-25,1,2831.08
ORD0017384,CUST01310,PROD00102,STORE008,2026-04-25,5,18331.65
ORD0018140,CUST00540,PROD00187,STORE018,2026-04-25,3,15031.48
ORD0018133,CUST00776,PROD00207,STORE013,2026-04-25,4,9122.44
ORD0017177,CUST01378,PROD00200,STORE017,2026-04-25,2,19840.63
ORD0018116,CUST01323,PROD00124,STORE019,2026-04-25,1,15238.3
ORD0017765,CUST00167,PROD00249,STORE005,2026-04-25,4,17967.57
ORD0017354,CUST01186,PROD00086,STORE024,2026-04-25,1,1003.07
ORD0016786,CUST01165,PROD00247,STORE011,2026-04-25,3,5444.52
ORD0016794,CUST00447,PROD00232,STORE001,2026-04-25,6,4408.92
ORD0018355,CUST00179,PROD00102,STORE001,2026-04-25,4,16067.74
ORD0017380,CUST00447,PROD00137,STORE014,2026-04-25,3,16852.8
ORD0017641,CUST00569,PROD00227,STORE016,2026-04-25,5,7363.55
ORD0017454,CUST00628,PROD00140,STORE024,2026-04-25,6,12330.86
ORD0016706,CUST00070,PROD00183,STORE018,2026-04-25,5,21802.14
ORD0017961,CUST00470,PROD00265,STORE025,2026-04-25,3,11688.83
ORD0016839,CUST00301,PROD00009,STORE022,2026-04-25,4,9401.32
ORD0016539,CUST00413,PROD00170,STORE010,2026-04-25,6,22434.06
ORD0016778,CUST00389,PROD00207,STORE004,2026-04-25,2,5421.26
ORD0018422,CUST00495,PROD00154,STORE008,2026-04-25,4,5076.26
ORD0017825,CUST00603,PROD00073,STORE001,2026-04-25,1,1418.16
ORD0018352,CUST00278,PROD00098,STORE011,2026-04-25,5,6875.18
ORD0016747,CUST00765,PROD00152,STORE008,2026-04-25,2,7219.06
ORD0017552,CUST01406,PROD00076,STORE010,2026-04-25,4,17660.1
ORD0018278,CUST00883,PROD00018,STORE011,2026-04-25,2,10219.72
ORD0018111,CUST00654,PROD00278,STORE024,2026-04-25,1,18494.26
ORD0018194,CUST00185,PROD00183,STORE014,2026-04-25,4,6331.87
ORD0017333,CUST00419,PROD00225,STORE017,2026-04-25,4,930.55
ORD0016895,CUST00212,PROD00252,STORE009,2026-04-25,2,14208.13
ORD0017165,CUST01079,PROD00026,STORE023,2026-04-25,6,23535.56
ORD0016836,CUST00216,PROD00153,STORE012,2026-04-25,two,9613.46
ORD0016812,CUST00819,PROD00026,STORE009,2026-04-25,6,3499.59
ORD0017206,CUST01116,PROD00159,STORE010,2026-04-25,6,20327.36
ORD0017151,CUST00419,PROD00051,STORE012,2026-04-25,5,951.43
ORD0016846,CUST00423,PROD00218,STORE009,2026-04-25,3,21131.08
ORD0017301,CUST00527,PROD00088,STORE002,2026-04-25,6,11429.77
ORD0016610,CUST00989,PROD00286,STORE002,2026-04-25,1,8031.77
ORD0017100,CUST01071,PROD00235,STORE025,2026-04-25,4,22702.5
ORD0016983,CUST00462,PROD00076,STORE007,2026-04-25,1,6641.42
ORD0017240,CUST00936,PROD00267,STORE022,2026-04-25,2,10174.06
ORD0016545,CUST00557,PROD00127,STORE004,2026-04-25,5,12727.11
ORD0017347,CUST00464,PROD00251,STORE005,2026-04-25,3,1140.75
ORD0018130,CUST00919,PROD00097,STORE009,2026-04-25,4,5689.63
ORD0017874,CUST00780,PROD00286,STORE024,2026-04-25,5,5387.73
ORD0018454,CUST01015,PROD00268,STORE002,2026-04-25,6,17342.86
ORD0018061,CUST00182,PROD00171,STORE003,2026-04-25,5,15625.12
ORD0017287,CUST00731,PROD00132,STORE005,2026-04-25,1,2205.0
ORD0017882,CUST00929,PROD00109,STORE001,2026-04-25,2,15037.13
ORD0018139,CUST00107,PROD00196,STORE023,2026-04-25,4,9592.29
ORD0017509,CUST00600,PROD00230,STORE004,2026-04-25,4,19339.08
ORD0018000,CUST01277,PROD00071,STORE015,2026-04-25,1,21012.53
ORD0017592,CUST00398,PROD00214,STORE010,2026-04-25,6,2107.99
ORD0017969,CUST00619,PROD00274,STORE021,2026-04-25,5,13286.01
ORD0017373,CUST00048,PROD00244,STORE020,2026-04-25,6,2827.62
ORD0017270,CUST01312,PROD00067,STORE005,2026-04-25,5,14804.52
ORD0016602,CUST01007,PROD00205,STORE020,2026-04-21,2,2803.86
ORD0018202,CUST00373,PROD00065,STORE017,2026-04-25,5,7404.31
ORD0018242,CUST00583,PROD00285,STORE014,2026-04-25,4,16724.53
ORD0017411,CUST00729,PROD00015,STORE005,2026-04-17,5,710.16
ORD0017927,CUST00241,PROD00121,STORE008,2026-04-17,4,2895.67
ORD0016529,CUST00419,PROD00251,STORE008,2026-04-25,5,unknown
ORD0016902,CUST00966,PROD00193,STORE017,2026-04-25,2,13720.7
ORD0017605,CUST01312,PROD00053,STORE025,2026-04-25,4,3395.47
ORD0018083,CUST00434,PROD00121,STORE012,2026-04-25,5,13019.92
ORD0018120,CUST00676,PROD00073,STORE016,2026-04-16,5,4445.4
ORD0017571,CUST00716,PROD00014,STORE022,2026-04-16,2,9352.85
ORD0018247,CUST00602,PROD00058,STORE003,2026-04-25,4,1907.53
ORD0017931,CUST01192,PROD00114,STORE006,2026-04-25,4,24663.65
ORD0018334,CUST00560,PROD00216,STORE023,2026-04-25,3,10606.08
ORD0017546,CUST00427,PROD00007,STORE009,2026-04-25,3,12586.5
ORD0017193,CUST01306,PROD00258,STORE015,2026-04-25,3,9653.25
ORD0017970,CUST00211,PROD00149,STORE007,2026-04-16,5,8706.23
ORD0017542,CUST01064,PROD00030,STORE021,2026-04-16,1,14988.28
ORD0017776,CUST01182,PROD00266,STORE003,2026-04-25,5,16246.2
ORD0017758,CUST01027,PROD00206,STORE021,2026-04-21,6,8658.17
ORD0018281,CUST01099,,STORE016,2026-04-25,2,2853.13
ORD0017083,CUST01110,PROD00191,STORE003,2026-04-20,6,24774.3
ORD0017607,CUST00849,PROD00115,STORE020,2026-04-25,2,7204.88
ORD0017983,CUST01307,PROD00080,STORE004,2026-04-25,3,22219.22
ORD0016958,CUST00333,PROD00270,STORE011,2026-04-25,2,5493.57
ORD0018401,CUST00761,PROD00014,STORE008,2026-04-25,6,21323.81
ORD0018482,CUST00302,PROD00081,STORE001,2026-04-25,4,8719.71
ORD0017303,CUST00541,PROD00241,STORE016,2026-04-25,2,15975.38
ORD0018153,CUST00325,PROD00068,STORE001,2026-04-25,4,4521.93
ORD0016901,CUST01154,PROD00210,STORE020,2026-04-22,1,5629.24
ORD0017753,CUST00439,PROD00094,STORE005,2026-04-25,4,9021.68
ORD0017645,CUST00807,PROD00232,STORE008,2026-04-25,4,6246.77
ORD0017942,CUST00307,PROD00158,STORE025,2026-04-25,4,22809.55
ORD0017900,CUST00588,PROD00190,STORE005,2026-04-25,5,17478.24
ORD0018161,CUST01099,PROD00215,STORE006,2026-04-25,1,4183.55
ORD0018445,CUST00348,PROD00170,STORE018,2026-04-15,1,21385.89
ORD0018467,CUST00407,PROD00007,STORE011,2026-04-25,3,12895.07
ORD0017683,CUST01267,PROD00238,STORE013,2026-04-25,2,10747.25
ORD0016822,CUST00812,PROD00069,STORE006,2026-04-25,4,9670.86
ORD0018238,CUST00349,PROD00282,STORE022,2026-04-25,2,10070.51
ORD0018215,CUST00292,PROD00042,STORE003,2026-04-25,4,19508.27
ORD0017596,CUST01482,PROD00037,STORE008,2026-04-22,1,18069.56
ORD0017463,CUST00940,PROD00267,STORE024,2026-04-25,1,10908.07
ORD0016923,CUST01060,PROD00060,STORE018,2026-04-25,5,16379.82
ORD0017621,CUST00788,PROD00184,STORE001,2026-04-25,5,20588.16
ORD0018251,CUST01357,PROD00104,STORE007,2026-04-25,2,15802.21
ORD0016518,CUST00418,PROD00043,STORE018,2026-04-25,3,8629.18
ORD0017599,CUST00389,PROD00095,STORE006,2026-04-16,3,22260.6
ORD0016798,CUST00982,PROD00229,STORE024,2026-04-25,6,10753.28
ORD0016540,CUST00381,PROD00152,STORE002,2026-04-25,5,15281.07
ORD0016527,CUST00090,PROD00095,STORE020,2026-04-25,5,6529.41
ORD0017417,CUST00563,PROD00171,STORE001,2026-04-25,3,22296.1
ORD0016968,CUST01127,PROD00215,STORE014,2026-04-25,1,18091.64
ORD0017332,CUST01422,PROD00079,STORE019,2026-04-25,1,1128.19
ORD0017556,CUST01079,PROD00297,STORE015,2026-04-25,1,14156.44
ORD0017367,CUST00612,PROD00031,STORE014,2026-04-25,1,544.27
ORD0017450,CUST01464,PROD00023,STORE006,2026-04-25,3,10441.24
ORD0016988,CUST01145,PROD00114,STORE009,2026-04-25,5,7194.78
ORD0017199,CUST01065,PROD00256,STORE017,2026-04-25,4,7024.8
ORD0017158,CUST01057,PROD00226,STORE001,2026-04-25,3,6664.14
ORD0017091,CUST01319,PROD00109,STORE016,2026-04-19,1,11587.76
ORD0016896,CUST00896,PROD00037,STORE004,2026-04-25,6,18693.58
ORD0016996,CUST01395,PROD00075,STORE025,2026-04-25,4,11804.73
ORD0017126,CUST01392,PROD00293,STORE024,2026-04-25,5,6557.53
ORD0018340,CUST00127,PROD00150,STORE006,2026-04-25,6,6592.06
ORD0017242,CUST01420,PROD00061,STORE017,2026-04-25,2,16888.11
ORD0016603,CUST01297,PROD00008,STORE001,2026-04-25,2,22053.75
ORD0017154,CUST01070,PROD00198,STORE017,2026-04-25,2,316.33
ORD0017749,CUST01456,PROD00118,STORE022,2026-04-25,3,abc
ORD0017786,CUST01358,PROD00295,STORE006,2026-04-25,2,2018.48
ORD0017563,CUST00548,PROD00282,STORE017,2026-04-25,3,18807.66
ORD0018083,CUST00434,PROD00121,STORE012,2026-04-25,5,13019.92
ORD0018085,CUST00845,PROD00300,STORE004,2026-04-18,,16497.86
ORD0017067,CUST00141,PROD00162,STORE008,2026-04-25,5,18234.89
ORD0018291,CUST00896,PROD00080,STORE002,2026-04-25,4,2949.64
ORD0017833,CUST00937,PROD00020,STORE003,2026-04-25,,17954.63
ORD0017504,CUST01373,PROD00144,STORE006,2026-04-25,1,2407.38
ORD0016589,CUST00845,PROD00264,STORE003,2026-04-25,3,15026.21
ORD0018414,CUST01213,PROD00041,STORE008,2026-04-25,4,3777.21
ORD0016556,CUST00283,PROD00132,STORE012,2026-04-25,6,9649.68
ORD0016593,CUST00099,PROD00197,STORE010,2026-04-25,5,937.63
ORD0017024,CUST01039,PROD00266,STORE017,2026-04-25,3,24917.87
ORD0017719,CUST00294,PROD00276,STORE006,2026-04-25,5,6133.87
ORD0018219,CUST00405,PROD00131,STORE012,2026-04-25,two,23144.99
ORD0016956,CUST01018,PROD00202,STORE019,2026-04-25,5,4515.87
ORD0017818,CUST00967,PROD00236,STORE020,2026-04-25,6,18003.96
ORD0017250,CUST01093,PROD00013,STORE011,2026-04-25,3,9738.58
ORD0017200,CUST00773,PROD00135,STORE007,2026-04-25,3,5910.0
ORD0016800,CUST00766,PROD00087,STORE024,2026-04-25,1,21734.86
ORD0017273,CUST01497,PROD00210,STORE024,2026-04-25,2,1328.29
ORD0018005,CUST01457,PROD00152,STORE021,2026-04-25,1,7525.92
ORD0017857,CUST00567,PROD00127,STORE018,2026-04-25,3,5770.43
ORD0017913,CUST01333,PROD00015,STORE013,2026-04-25,2,20476.31
ORD0016932,CUST00156,PROD00275,STORE012,2026-04-25,3,3351.72
ORD0017991,CUST00283,PROD00016,STORE016,2026-04-25,5,24942.82
ORD0016750,CUST00133,PROD00263,STORE011,2026-04-25,1,19685.66
ORD0016607,CUST00622,PROD00084,STORE020,2026-04-25,1,23711.33
ORD0018444,CUST00269,PROD00221,STORE008,2026-04-25,1,975.53
ORD0016612,CUST00676,PROD00007,STORE008,2026-04-22,4,8405.08
ORD0017172,CUST00640,PROD00259,STORE013,2026-04-25,4,3827.07
ORD0018457,CUST00675,PROD00262,STORE023,2026-04-25,5,1768.97
ORD0018381,CUST00178,PROD00033,STORE008,2026-04-25,4,9930.15
ORD0016748,CUST00624,PROD00114,STORE009,2026-04-25,3,22918.75
ORD0017521,CUST00884,PROD00008,STORE018,2026-04-25,2,5224.21
ORD0016508,CUST01084,PROD00041,STORE003,2026-04-25,-1,10462.08
ORD0016936,CUST00567,PROD00154,STORE004,2026-04-25,1,17258.12
ORD0018155,CUST01183,PROD00011,STORE001,2026-04-25,5,1567.07
ORD0017085,CUST01014,PROD00097,STORE002,2026-04-25,3,7609.1
ORD0017846,CUST01123,PROD00227,STORE001,2026-04-25,2,21929.85
ORD0018142,CUST01293,PROD00278,STORE019,2026-04-25,3,12095.52
ORD0018383,CUST00572,PROD00054,STORE001,2026-04-25,5,16478.41
ORD0017738,CUST00126,PROD00137,STORE011,2026-04-25,5,17883.84
ORD0016727,CUST00705,PROD00150,STORE013,2026-04-25,6,17456.39
ORD0018097,CUST00574,PROD00218,STORE024,2026-04-15,3,20055.15
ORD0018189,CUST00953,PROD00009,STORE005,2026-04-25,2,12288.55
ORD0016880,CUST00258,PROD00171,STORE014,2026-04-25,6,5728.04
ORD0017809,CUST00638,PROD00168,STORE021,2026-04-25,6,18343.27
ORD0018435,CUST01271,PROD00186,STORE021,not_a_date,6,1271.44
ORD0018076,CUST00110,PROD00053,STORE007,2026-04-25,6,3060.66
ORD0017774,CUST00295,PROD00201,STORE008,2026-04-25,5,15918.71
ORD0017186,CUST01111,PROD00209,STORE004,2026-04-25,6,13151.82
ORD0017429,CUST01212,PROD00183,STORE019,2026-04-15,2,6814.78
ORD0018012,CUST00656,PROD00069,STORE001,2026-04-25,2,14625.25
ORD0016992,CUST01015,PROD00001,STORE024,2026-04-25,2,18560.05
ORD0017853,CUST01294,PROD00077,STORE011,2026-04-25,1,17230.15
ORD0018317,CUST00966,PROD00193,STORE001,2026-04-25,5,15889.81
ORD0017819,CUST00399,PROD00091,STORE009,2026-04-25,3,23390.02
ORD0018013,CUST00351,PROD00241,STORE007,2026-04-25,4,2644.86
ORD0018386,CUST00978,PROD00097,STORE020,2026-04-25,3,24266.8
ORD0017064,CUST01032,PROD00265,STORE020,2026-04-25,5,22280.34
ORD0018447,CUST00182,PROD00051,STORE018,2026-04-25,4,5453.49
ORD0017425,CUST01168,PROD00196,STORE013,2026-04-25,5,17742.59
ORD0016751,CUST01327,PROD00112,STORE019,2026-04-25,5,4917.84
ORD0018260,CUST00973,PROD00184,STORE014,2026-04-25,6,18177.8
ORD0018263,CUST00714,PROD00058,STORE001,2026-04-25,5,18038.61
ORD0018462,CUST01058,PROD00061,STORE001,2026-04-25,2,1834.04
ORD0016617,CUST00172,PROD00240,STORE015,2026-04-25,4,6123.41
ORD0017486,CUST00282,PROD00018,STORE005,2026-04-25,3,19179.89
ORD0016693,CUST00822,PROD00115,STORE024,2026-04-25,2,21561.93
ORD0017009,CUST00310,PROD00284,STORE021,2026-04-25,4,24026.7
ORD0016564,CUST00189,PROD00297,STORE010,2026-04-25,-1,14577.53
ORD0017259,CUST01095,PROD00128,STORE008,2026-04-25,6,23083.19
ORD0016959,CUST01388,PROD00088,STORE009,2026-04-25,6,7683.51
ORD0017248,CUST01264,PROD00189,STORE012,2026-04-25,1,21584.41
ORD0018232,CUST00096,PROD00086,STORE004,2026-04-25,2,16347.34
ORD0018323,CUST00397,PROD00265,STORE005,2026-04-25,6,18985.65
ORD0016534,CUST00758,PROD00032,STORE005,2026-04-25,3,6757.13
ORD0016510,CUST00473,PROD00291,STORE011,2026-04-25,5,21515.86
ORD0017733,CUST00463,PROD00235,STORE010,2026-04-25,2,11484.34
ORD0018016,CUST01299,PROD00276,STORE008,2026-04-25,4,21021.31
ORD0018222,CUST00109,PROD00249,STORE001,2026-04-25,2,6304.2
ORD0016742,CUST01278,PROD00238,STORE006,2026-04-25,2,20893.59
ORD0017222,CUST00022,PROD00292,STORE022,2026-04-25,2,511.02
ORD0016699,CUST00101,PROD00142,STORE006,2026-04-25,2,2186.42
ORD0018099,CUST00159,PROD00095,STORE008,2026-04-25,1,7387.77
ORD0017487,CUST00731,PROD00239,STORE025,2026-04-25,2,6311.85
ORD0016701,CUST01271,PROD00280,STORE013,2026-04-25,1,19772.54
ORD0018070,CUST00931,PROD00294,STORE010,2026-04-17,4,12693.66
ORD0017759,CUST00989,PROD00149,STORE023,2026-04-22,1,16050.44
ORD0017685,CUST00393,PROD00072,STORE016,2026-04-25,2,10012.35
ORD0017020,CUST01049,PROD00073,STORE017,2026-04-25,4,2420.38
ORD0018069,CUST01369,PROD00022,STORE017,2026-04-25,6,4149.53
ORD0018353,CUST00020,PROD00261,STORE002,2026-04-25,6,13456.55
ORD0017388,CUST00962,PROD00110,STORE007,2026-04-25,2,20088.33
ORD0017617,CUST00371,PROD00177,STORE014,2026-04-25,5,22147.74
ORD0016600,CUST01360,PROD00292,STORE002,2026-04-25,2,13377.44
ORD0017455,CUST01376,PROD00088,STORE009,2026-04-25,5,15050.2
ORD0017057,CUST01329,PROD00088,STORE015,2026-04-25,4,15406.86
ORD0017002,CUST00250,PROD00280,STORE003,2026-04-25,2,5677.01
ORD0016514,CUST00955,PROD00010,STORE025,2026-04-25,6,17199.94
ORD0016982,CUST01267,PROD00193,STORE004,2026-04-25,4,5180.17
ORD0017838,CUST00868,PROD00193,STORE008,2026-04-25,1,16432.98
ORD0017823,CUST01462,PROD00211,STORE009,2026-04-25,4,2142.1
ORD0018400,CUST00809,PROD00134,STORE008,2026-04-25,1,20224.85
ORD0017910,CUST00454,PROD00198,STORE021,2026-04-25,1,1824.75
ORD0017488,CUST00001,PROD00296,STORE015,2026-04-25,3,5299.65
ORD0017526,CUST00870,PROD00037,STORE012,2026-04-25,6,17913.72
ORD0016685,CUST01026,PROD00294,STORE006,2026-04-25,5,19800.33
ORD0018418,CUST00585,PROD00223,STORE004,2026-04-25,1,5528.8
ORD0017957,CUST01419,PROD00151,STORE014,2026-04-25,2,17293.5
ORD0016931,CUST01375,PROD00008,STORE004,2026-04-18,5,21791.61
ORD0018226,CUST01237,PROD00289,STORE017,2026-04-25,2,17536.92
ORD0017043,CUST00394,PROD00049,STORE024,2026-04-25,4,8066.26
ORD0017039,CUST00729,PROD00099,STORE008,2026-04-25,3,9810.66
ORD0017516,CUST00378,PROD00145,STORE024,2026-04-16,3,4860.25
ORD0017779,CUST00984,PROD00135,STORE011,2026-04-25,5,21762.17
ORD0016873,CUST01492,PROD00071,STORE017,2026-04-22,5,19587.9
ORD0016879,CUST00468,PROD00041,STORE009,2026-04-25,2,11905.54
ORD0018080,CUST00668,PROD00095,STORE017,2026-04-25,3,20208.55
ORD0016969,CUST00001,PROD00244,STORE012,2026-04-25,4,10742.0
ORD0017326,CUST01417,PROD00268,STORE008,2026-04-25,2,7729.69
ORD0018113,CUST00293,PROD00259,STORE025,2026-04-25,2,1395.25
ORD0017707,CUST01308,PROD00269,STORE018,2026-04-25,5,1902.8
ORD0017652,CUST00673,PROD00288,STORE010,2026-04-25,1,18587.83
ORD0018473,CUST01100,PROD00165,STORE015,2026-04-25,5,24349.54
ORD0017343,CUST00404,PROD00063,STORE010,2026-04-25,1,24402.47
ORD0017100,CUST01071,PROD00235,STORE025,2026-04-25,4,22702.5
ORD0017171,CUST00922,PROD00199,STORE018,2026-04-25,4,21089.16
ORD0017163,CUST01224,PROD00114,STORE018,2026-04-25,2,2939.27
ORD0018050,CUST00828,PROD00106,STORE013,2026-04-15,3,8514.36
ORD0017580,CUST01072,PROD00262,STORE004,2026-04-25,5,21010.41
ORD0017323,CUST00725,PROD00045,STORE024,2026-04-25,4,7344.15
ORD0017219,CUST00678,PROD00140,STORE001,2026-04-25,5,12856.88
ORD0017387,CUST00384,PROD00178,STORE024,2026-04-25,4,2303.87
ORD0017543,CUST01436,PROD00198,STORE015,2026-04-19,4,21793.81
ORD0017664,CUST00717,PROD00186,STORE012,2026-04-25,3,6317.73
ORD0016963,CUST01075,PROD00168,STORE024,2026-04-25,4,11474.55
ORD0016760,CUST00801,PROD00048,STORE010,2026-04-25,4,9937.74
ORD0017679,CUST01057,PROD00246,STORE013,2026-04-25,6,18853.22
ORD0017523,CUST01413,PROD00204,STORE004,2026-04-25,3,22092.15
ORD0017298,CUST00213,PROD00020,STORE023,2026-04-25,3,22437.56
ORD0018254,CUST01298,PROD00109,STORE025,2026-04-18,3,17861.58
ORD0017541,CUST00898,PROD00052,STORE008,2026-04-25,3,10269.72
ORD0017482,CUST00548,PROD00176,STORE006,2026-04-25,3,22927.2
ORD0016779,CUST00538,PROD00215,STORE024,2026-04-25,1,15851.9
ORD0018485,CUST01171,PROD00205,STORE007,2026-04-25,1,24716.23
ORD0018012,CUST00656,PROD00069,STORE001,2026-04-25,2,14625.25
ORD0017630,CUST00421,PROD00139,STORE016,2026-04-25,1,11328.33
ORD0018411,CUST00633,PROD00030,STORE007,2026-04-25,6,24235.31
ORD0017291,CUST00008,PROD00049,STORE003,2026-04-25,1,12409.66
ORD0017548,CUST01202,PROD00012,STORE021,2026-04-25,6,13401.45
ORD0016905,CUST00151,PROD00024,STORE004,2026-04-25,6,9276.02
ORD0016984,CUST00610,PROD00274,STORE002,2026-04-25,6,16634.13
ORD0016653,CUST01020,,STORE003,2026-04-25,3,15178.46
ORD0016644,CUST01004,PROD00034,STORE024,2026-04-25,1,22597.44
ORD0017433,CUST00818,PROD00231,STORE007,2026-04-25,4,24169.84
ORD0017949,CUST00641,PROD00060,STORE025,2026-04-25,2,24176.32
ORD0018092,CUST00608,PROD00151,STORE003,2026-04-25,6,7878.56
ORD0018318,CUST01420,PROD00200,STORE024,2026-04-25,2,18498.94
ORD0016657,CUST00085,PROD00212,STORE006,2026-04-25,1,14681.41
ORD0017106,CUST00788,PROD00269,STORE012,2026-04-25,3,669.22
ORD0017973,CUST01198,PROD00125,STORE016,2026-04-25,3,21667.13
ORD0016950,CUST00282,PROD00160,STORE020,2026-04-25,6,1662.79
ORD0016578,CUST00693,PROD00193,STORE004,2026-04-25,1,15406.53
ORD0016883,CUST00006,PROD00252,STORE014,2026-04-15,4,3989.36
ORD0016584,CUST01249,PROD00027,STORE013,2026-04-25,4,23605.29
ORD0018326,CUST00563,PROD00071,STORE010,2026-04-25,4,5766.62
ORD0016803,CUST00948,PROD00264,STORE020,2026-04-25,1,11139.0
ORD0016986,CUST00731,PROD00112,STORE017,2026-04-25,1,18861.44
ORD0016985,CUST00826,PROD00020,STORE019,2026-04-25,1,17222.03
ORD0018394,CUST00581,PROD00029,STORE018,2026-04-25,4,21349.18
ORD0017260,CUST00345,PROD00201,STORE003,2026-04-25,5,abc
ORD0017712,CUST01154,PROD00084,STORE001,2026-04-25,6,8044.34
ORD0017677,CUST00722,PROD00037,STORE009,2026-04-25,6,20299.24
ORD0018081,CUST00722,PROD00208,STORE023,2026-04-25,5,9649.13
ORD0017941,CUST01432,PROD00106,STORE002,2026-04-25,6,12064.0
ORD0017055,CUST00412,PROD00241,STORE014,2026-04-25,1,11889.39
ORD0017353,CUST00618,PROD00051,STORE025,2026-04-25,6,7370.12
ORD0016829,CUST01233,PROD00078,STORE012,2026-04-25,6,20278.74
ORD0017448,CUST01000,PROD00038,STORE017,2026-04-25,1,19163.34
ORD0017636,CUST00326,PROD00055,STORE015,2026-04-25,6,2351.67
ORD0016505,CUST01430,PROD00114,STORE025,2026-04-25,4,14308.71
ORD0018128,CUST00757,PROD00011,STORE001,2026-04-25,2,24902.56
ORD0018349,CUST01161,PROD00205,STORE012,2026-04-25,1,5840.34
ORD0018058,CUST00832,PROD00068,STORE015,2026-04-25,6,18154.87
ORD0017182,CUST01041,PROD00035,STORE023,2026-04-25,3,16501.36
ORD0016828,CUST01026,PROD00092,STORE004,2026-04-25,3,20401.94
ORD0018196,CUST00048,PROD00097,STORE015,2026-04-25,2,16946.57
ORD0017102,CUST00105,PROD00006,STORE015,2026-04-25,1,15375.12
ORD0017802,CUST00734,PROD00228,STORE015,2026-04-25,3,1639.59
ORD0017739,CUST01033,PROD00127,STORE022,2026-04-25,6,21833.67
ORD0016948,CUST00121,PROD00175,STORE004,2026-04-25,3,20649.67
ORD0017184,CUST01252,PROD00005,STORE006,2026-04-25,2,3310.54
ORD0017791,CUST01047,PROD00059,STORE023,2026-04-25,3,15080.11
ORD0016745,CUST00478,PROD00216,STORE004,2026-04-25,6,17815.1
ORD0017539,CUST00983,PROD00209,STORE023,2026-04-25,1,17658.43
ORD0017850,CUST00079,PROD00124,STORE013,2026-04-25,6,21370.72
ORD0017763,CUST00112,,STORE010,2026-04-25,2,9922.07
ORD0018367,CUST00239,PROD00300,STORE004,2026-04-16,6,3650.15
ORD0016690,CUST01169,PROD00283,STORE018,2026-04-25,4,11637.77
ORD0016725,CUST00276,PROD00148,STORE010,2026-04-25,2,3642.57
ORD0018332,CUST00526,PROD00291,STORE019,2026-04-25,2,2835.99
ORD0018184,CUST00008,PROD00256,STORE003,2026-04-20,4,2997.8
ORD0018041,CUST01056,PROD00195,STORE004,2026-04-25,3,23316.73
ORD0017210,CUST00907,PROD00263,STORE003,2026-04-25,2,10548.54
ORD0017919,CUST01005,PROD00057,STORE023,2026-04-25,3,2987.31
ORD0017939,CUST01397,PROD00135,STORE005,2026-04-25,1,11419.57
ORD0018304,CUST00305,PROD00168,STORE011,2026-04-25,5,15913.15
ORD0017275,CUST01230,PROD00157,STORE006,2026-04-25,4,11960.22
ORD0017361,CUST00422,PROD00158,STORE021,2026-04-25,3,16423.23
ORD0017996,CUST00382,PROD00135,STORE013,2026-04-25,5,12356.39
ORD0016618,CUST01241,PROD00122,STORE003,2026-04-25,3,4980.5
ORD0017534,CUST00087,PROD00188,STORE023,2026-04-25,2,1275.36
ORD0016808,CUST01095,PROD00075,STORE001,2026-04-25,1,4702.61
ORD0016960,CUST01316,PROD00212,STORE013,2026-04-25,2,19067.47
ORD0016660,CUST01239,PROD00088,STORE005,2026-04-21,6,13497.09
ORD0017341,CUST00366,PROD00120,STORE010,2026-04-25,6,12848.09
ORD0017585,CUST00645,PROD00182,STORE025,2026-04-25,4,14988.8
ORD0016695,CUST00952,PROD00144,STORE022,2026-04-21,4,13316.17
ORD0016726,CUST01362,PROD00012,STORE023,2026-04-25,6,16319.54
ORD0016731,CUST00397,PROD00102,STORE008,2026-04-25,5,16542.1
ORD0017097,CUST00470,PROD00114,STORE023,2026-04-25,5,7885.83
ORD0016645,CUST01207,PROD00100,STORE010,2026-04-25,3,4060.17
ORD0018019,CUST00574,PROD00154,STORE022,2026-04-25,5,21805.24
ORD0016688,CUST01188,PROD00057,STORE016,2026-04-15,2,23440.16
ORD0017204,CUST01156,PROD00097,STORE003,2026-04-19,4,20420.99
ORD0017469,CUST01421,PROD00039,STORE001,2026-04-25,6,24853.82
ORD0017282,CUST01330,PROD00030,STORE006,2026-04-25,6,18949.79
ORD0017525,,PROD00281,STORE005,2026-04-25,6,3605.9
ORD0016536,CUST01315,PROD00119,STORE015,2026-04-25,3,22347.53
ORD0017904,CUST00835,PROD00072,STORE013,2026-04-25,1,13313.95
ORD0017815,CUST00289,PROD00147,STORE006,2026-04-25,3,19873.26
ORD0016739,CUST00353,PROD00240,STORE010,2026-04-25,4,21991.51
ORD0016559,CUST01026,PROD00097,STORE020,2026-04-25,2,12637.25
ORD0016631,CUST01327,PROD00022,STORE007,2026-04-25,3,13772.91
ORD0016916,CUST01458,PROD00039,STORE015,2026-04-25,2,16495.37
ORD0017059,CUST00476,PROD00085,STORE002,2026-04-25,6,21025.38
ORD0017038,CUST01021,PROD00105,STORE002,2026-04-16,4,13617.47
ORD0016634,CUST00348,PROD00271,STORE001,2026-04-22,4,18329.33
ORD0018499,CUST00064,PROD00132,STORE011,2026-04-25,4,18363.27
ORD0018008,CUST01112,PROD00141,STORE008,2026-04-25,4,5597.03
ORD0017973,CUST01198,PROD00125,STORE016,2026-04-25,3,21667.13
ORD0017787,CUST00335,PROD00021,STORE023,2026-04-25,5,16143.03
ORD0016906,CUST00687,PROD00214,STORE010,2026-04-25,5,13702.17
ORD0017130,CUST00499,PROD00123,STORE015,2026-04-25,2,4939.86
ORD0018433,CUST00148,PROD00238,STORE003,2026-04-25,2,8723.53
ORD0017499,CUST01179,PROD00114,STORE021,2026-04-25,1,7884.56
ORD0017537,CUST01162,PROD00252,STORE013,2026-04-25,1,5286.82
ORD0017325,CUST00636,PROD00169,STORE006,2026-04-25,4,12558.88
ORD0018415,CUST00809,PROD00156,STORE024,2026-04-25,4,24147.39
ORD0016784,CUST00734,PROD00132,STORE012,2026-04-25,1,4717.01
ORD0017567,CUST01398,PROD00279,STORE022,2026-04-25,4,6388.05
ORD0017680,CUST00469,PROD00172,STORE020,2026-04-25,1,23650.4
ORD0016641,,PROD00070,STORE013,2026-04-25,4,1826.1
ORD0018416,CUST01297,PROD00021,STORE009,2026-04-25,4,15993.86
ORD0016818,CUST00354,PROD00221,STORE008,2026-04-25,5,2981.39
ORD0017109,CUST01263,PROD00276,STORE024,2026-04-25,6,12194.97
ORD0018199,CUST00259,PROD00283,STORE019,2026-04-25,6,$19516.34
ORD0016571,CUST01235,PROD00210,STORE014,2026-04-25,6,22293.02
ORD0018125,CUST00271,PROD00005,STORE015,2026-04-25,1,21662.4
ORD0016732,CUST00118,PROD00022,STORE016,2026-04-25,5,18869.15
ORD0018038,,PROD00058,STORE010,2026-04-25,4,16513.87
ORD0017311,CUST01265,PROD00211,STORE025,2026-04-25,4,2783.25
ORD0016533,CUST00908,PROD00123,STORE004,2026-04-25,1,24587.07
ORD0017651,CUST01401,PROD00218,STORE021,2026-04-25,3,24708.08
ORD0018484,CUST00681,PROD00114,STORE009,2026-04-25,3,24627.44
ORD0017434,CUST00717,PROD00149,STORE018,2026-04-22,5,6337.22
ORD0018428,CUST00646,PROD00015,STORE011,2026-04-25,2,3681.8
ORD0017159,CUST01266,PROD00218,STORE022,2026-04-25,4,20688.56
ORD0016512,CUST00516,PROD00018,STORE024,2026-04-25,4,14333.07
ORD0017087,CUST00249,PROD00064,STORE007,2026-04-25,2,12220.25
ORD0017277,CUST00511,PROD00132,STORE012,2026-04-25,3,7919.78
ORD0017729,CUST00126,PROD00219,STORE006,2026-04-25,6,8070.21
ORD0017569,CUST01189,PROD00071,STORE016,2026-04-25,3,6086.0
ORD0016655,CUST01036,PROD00262,STORE008,2026-04-25,6,15943.36
ORD0017967,CUST00531,PROD00019,STORE016,2026-04-25,3,20138.02
ORD0018089,CUST00523,PROD00187,STORE002,2026-04-25,4,1484.61
ORD0017169,CUST00860,PROD00242,STORE012,2026-04-25,5,15021.26
ORD0018121,CUST01312,PROD00041,STORE014,2026-04-25,2,22558.11
ORD0017393,CUST01352,PROD00079,STORE022,2026-04-25,4,14014.37
ORD0018009,CUST00978,PROD00033,STORE014,2026-04-25,2,3249.27
ORD0017066,CUST00353,PROD00042,STORE022,2026-04-25,1,16702.98
ORD0016639,CUST00586,PROD00174,STORE017,2026-04-25,5,12558.6
ORD0017752,CUST00782,PROD00269,STORE008,2026-04-25,5,4280.75
ORD0018015,CUST00260,PROD00081,STORE021,2026-04-25,5,3220.42
ORD0018017,CUST00668,PROD00118,STORE016,2026-04-25,4,11614.31
ORD0018212,CUST01201,PROD00245,STORE022,2026-04-25,5,6848.06
ORD0016928,CUST00746,PROD00102,STORE006,2026-04-25,3,3740.97
ORD0018480,CUST00586,PROD00177,STORE006,2026-04-25,1,2454.22
ORD0017490,CUST00291,PROD00002,STORE021,2026-04-25,5,18358.05
ORD0017702,CUST00953,PROD00218,STORE011,2026-04-25,6,20819.21
ORD0017366,CUST01396,PROD00280,STORE017,2026-04-25,5,19871.34
ORD0016884,CUST00398,PROD00073,STORE016,2026-04-25,2,6036.01
ORD0016604,CUST00412,PROD00162,STORE023,2026-04-25,4,928.21
ORD0018172,CUST01169,PROD00080,STORE008,2026-04-25,6,14224.61
ORD0017947,CUST01266,PROD00122,STORE013,2026-04-25,6,5213.63
ORD0016558,CUST00577,PROD00225,STORE017,2026-04-25,5,7783.68
ORD0017026,CUST01130,PROD00203,STORE023,2026-04-25,2,11292.16
ORD0018458,CUST00564,PROD00215,STORE007,2026-04-25,4,8271.33
ORD0016524,CUST00010,PROD00180,STORE003,2026-04-25,6,12369.89
ORD0018327,CUST01339,PROD00243,STORE009,2026-04-25,5,11963.96
ORD0017766,CUST01076,PROD00254,STORE002,2026-04-25,4,19256.77
ORD0017030,CUST01250,PROD00137,STORE002,2026-04-25,5,9605.59
ORD0017708,CUST01106,PROD00171,STORE024,2026-04-25,5,8139.24
ORD0018138,CUST01153,PROD00213,STORE015,2026-04-25,2,10601.01
ORD0017804,CUST00811,PROD00280,STORE025,2026-04-25,3,24942.84
ORD0017389,CUST00556,PROD00015,STORE014,2026-04-25,3,11160.56
ORD0018192,CUST01401,PROD00191,STORE021,2026-04-25,1,10838.89
ORD0017984,CUST00488,PROD00286,STORE012,2026-04-25,3,8720.41
ORD0017431,CUST00591,PROD00294,STORE007,2026-04-25,3,19338.47
ORD0017441,CUST00288,PROD00053,STORE009,2026-04-19,5,23024.09
ORD0017484,CUST00579,PROD00172,STORE008,2026-04-25,6,6580.87
ORD0017817,CUST00217,PROD00285,STORE016,2026-04-25,3,1508.38
ORD0016675,CUST01185,PROD00134,STORE012,2026-04-25,3,17812.2
ORD0018086,CUST00760,PROD00013,STORE002,2026-04-25,3,2010.72
ORD0018456,CUST00687,PROD00217,STORE016,2026-04-25,3,18768.88
ORD0017835,CUST00646,PROD00135,STORE008,2026-04-25,5,17084.66
ORD0017905,CUST01416,PROD00140,STORE024,2026-04-25,3,1095.88
ORD0017674,CUST01254,PROD00253,STORE016,2026-04-25,3,19229.45
ORD0016736,CUST00727,PROD00151,STORE016,2026-04-25,3,9749.97
ORD0017834,CUST00606,PROD00017,STORE014,2026-04-25,4,11298.73
ORD0017209,CUST00740,PROD00030,STORE008,2026-04-25,6,12693.25
ORD0016787,CUST00182,PROD00099,STORE006,2026-04-25,6,23865.64
ORD0017382,CUST00100,PROD00172,STORE016,2026-04-25,5,8340.87
ORD0016952,CUST01025,PROD00299,STORE010,2026-04-16,4,20187.05
ORD0018211,CUST00938,PROD00101,STORE014,2026-04-25,2,12897.54
ORD0018324,CUST01104,PROD00075,STORE011,2026-04-25,3,3890.22
ORD0016769,CUST01298,PROD00114,STORE009,2026-04-25,6,24053.38
ORD0017881,CUST00708,PROD00284,STORE007,2026-04-25,1,14181.17
ORD0017013,CUST00258,PROD00078,STORE006,2026-04-25,3,5853.91
ORD0017276,CUST01440,PROD00247,STORE011,2026-04-25,3,1234.31
ORD0017855,CUST00865,,STORE011,2026-04-25,2,19581.19
ORD0016562,CUST00237,PROD00225,STORE013,2026-04-25,2,17192.72
ORD0017308,CUST00970,PROD00235,STORE004,2026-04-25,3,17610.5
ORD0017807,,PROD00277,STORE008,2026-04-25,3,1367.8
ORD0017628,CUST01301,PROD00019,STORE025,2026-04-25,6,6217.28
ORD0017711,CUST00946,PROD00136,STORE003,2026-04-21,6,12300.46
ORD0017035,CUST01139,PROD00220,STORE002,2026-04-25,4,21886.64
ORD0016893,CUST00679,PROD00293,STORE006,2026-04-25,5,22163.52
ORD0017634,CUST00530,PROD00131,STORE005,2026-04-16,6,8073.95
ORD0018102,CUST00382,PROD00054,STORE002,2026-04-25,5,13554.4
ORD0018360,CUST01110,PROD00005,STORE020,2026-04-25,1,12592.26
ORD0017121,CUST00018,PROD00056,STORE015,2026-04-25,1,19184.19
ORD0018170,CUST00916,PROD00133,STORE024,2026-04-25,6,10837.26
ORD0018014,CUST00484,PROD00062,STORE023,2026-04-21,2,952.83
ORD0018284,CUST00927,PROD00267,STORE018,2026-04-25,4,5072.22
ORD0017929,CUST00022,PROD00108,STORE006,2026-04-25,6,16857.71
ORD0018142,CUST01293,PROD00278,STORE019,2026-04-25,3,12095.52
ORD0017872,CUST01156,PROD00137,STORE016,2026-04-25,5,22691.41
ORD0016932,CUST00156,PROD00275,STORE012,2026-04-25,3,3351.72
ORD0018023,CUST01352,PROD00213,STORE024,2026-04-25,1,21052.13
ORD0017421,CUST01046,PROD00043,STORE011,2026-04-25,3,5047.07
ORD0017742,CUST00809,PROD00182,STORE006,2026-13-40,6,7773.65
ORD0018186,CUST00691,PROD00027,STORE003,2026-04-25,5,16039.45
ORD0017860,CUST00442,PROD00242,STORE023,2026-04-25,1,6288.29
ORD0017321,CUST00175,PROD00289,STORE021,2026-04-25,3,7422.21
ORD0017044,CUST01015,PROD00253,STORE013,2026-04-25,5,13839.55
ORD0017673,CUST00200,PROD00178,STORE025,2026-04-25,1,11165.43
ORD0018187,CUST00985,PROD00044,STORE025,2026-04-25,2,2710.45
ORD0017538,CUST01478,PROD00193,STORE014,2026-04-22,6,11406.07
ORD0018168,CUST00959,PROD00119,STORE021,2026-04-25,6,15754.29
ORD0016598,CUST01285,PROD00033,STORE003,2026-04-25,6,21837.08
ORD0017234,CUST01386,PROD00290,STORE023,2026-04-25,4,7076.8
ORD0018176,CUST00354,PROD00150,STORE016,2026-04-25,1,13877.45
ORD0017861,CUST00321,PROD00239,STORE006,2026-04-25,6,20962.7
ORD0018026,CUST01122,PROD00166,STORE019,2026-04-25,5,2118.04
ORD0016770,CUST00230,PROD00007,STORE009,2026-04-25,4,4282.29
ORD0018157,CUST00369,PROD00260,STORE015,2026-04-25,2,16355.86
ORD0016919,CUST01442,PROD00155,STORE018,2026-04-25,4,15995.44
ORD0016568,CUST01490,PROD00140,STORE010,2026-04-25,5,18004.65
ORD0016801,CUST00766,PROD00198,STORE015,2026-04-25,6,2970.66
ORD0017056,CUST00869,PROD00077,STORE006,2026-04-25,5,4554.97
ORD0018419,CUST00899,PROD00242,STORE023,2026-04-25,4,14081.57
ORD0018329,CUST01235,PROD00291,STORE016,2026-04-25,5,12130.62
ORD0016575,CUST01150,PROD00296,STORE003,2026-04-25,2,5142.23
ORD0018488,CUST00095,PROD00187,STORE005,2026-04-25,3,7472.08
ORD0017965,CUST00390,PROD00053,STORE002,2026-04-25,3,22610.73
ORD0018018,CUST00168,PROD00201,STORE024,2026-04-25,3,1062.02
ORD0016810,CUST00410,PROD00091,STORE009,2026-04-25,2,15078.67
ORD0017088,CUST00047,PROD00047,STORE002,2026-04-25,3,5696.2
ORD0017594,CUST01221,PROD00126,STORE010,,3,3836.63
ORD0017227,CUST00882,,STORE023,2026-04-25,6,23595.51
ORD0016953,CUST00412,PROD00055,STORE022,2026-04-25,3,13857.65
ORD0016621,CUST01041,PROD00168,STORE011,2026-04-25,1,8023.86
ORD0017928,CUST00757,PROD00244,STORE013,2026-04-25,2,366.44
ORD0017722,CUST01387,PROD00248,STORE012,2026-04-25,2,20398.14
ORD0018203,CUST00510,PROD00292,STORE013,2026-04-25,4,19475.87
ORD0018188,CUST00601,PROD00080,STORE010,2026-04-25,3,17281.84
ORD0017238,CUST00763,PROD00144,STORE002,2026-04-25,3,23464.56
ORD0017509,CUST00600,PROD00230,STORE004,2026-04-25,4,19339.08
ORD0016795,CUST00503,PROD00047,STORE024,2026-04-25,6,2883.67
ORD0016663,CUST01369,PROD00183,STORE019,2026-04-25,6,22734.49
ORD0016705,CUST01192,PROD00261,STORE019,2026-04-25,6,19300.7
ORD0017249,CUST00448,PROD00055,STORE018,2026-04-25,2,467.13
ORD0016588,CUST00620,PROD00041,STORE015,2026-04-25,3,17365.98
ORD0017138,CUST01392,PROD00061,STORE003,2026-04-25,6,19645.69
ORD0018387,CUST00778,PROD00126,STORE021,2026-04-25,2,14560.52
ORD0016546,CUST00179,PROD00198,STORE024,2026-04-25,5,24866.72
ORD0017678,CUST01198,PROD00035,STORE006,2026-04-25,6,20947.96
ORD0018385,CUST00653,PROD00180,STORE023,2026-04-25,1,15205.98
ORD0018233,CUST00850,PROD00067,STORE001,2026-04-25,6,2247.88
ORD0018468,CUST00192,PROD00125,STORE007,2026-04-25,5,5437.36
ORD0017646,CUST00587,PROD00040,STORE018,2026-04-25,5,4740.95
ORD0018359,CUST01273,PROD00294,STORE011,2026-04-25,2,15355.14
ORD0017748,CUST00506,PROD00089,STORE009,2026-04-25,2,21150.48
ORD0017226,CUST01175,PROD00037,STORE017,2026-04-25,4,10699.93
ORD0016740,,PROD00027,STORE024,2026-04-25,2,5690.21
ORD0018087,CUST01317,PROD00155,STORE017,2026-04-18,2,13894.71
ORD0017520,CUST00886,PROD00228,STORE008,2026-04-25,5,13815.89
ORD0016995,CUST00188,PROD00109,STORE013,2026-04-25,5,18494.99
ORD0018118,CUST01034,PROD00269,STORE014,2026-04-25,6,19168.25
ORD0016681,,PROD00077,STORE008,2026-04-25,3,1772.57
ORD0017620,CUST00337,PROD00090,STORE008,2026-04-25,5,2949.84
ORD0017686,CUST00745,PROD00262,STORE025,2026-04-21,5,23288.69
ORD0017858,CUST01387,PROD00257,STORE016,2026-04-25,1,3153.48
ORD0017530,CUST00504,PROD00246,STORE011,2026-04-17,2,21263.77
ORD0016971,CUST00286,PROD00091,STORE006,2026-04-25,-1,12549.83
ORD0018490,CUST01181,PROD00163,STORE004,2026-04-25,2,abc
ORD0017479,CUST00696,PROD00251,STORE009,2026-04-25,3,5283.56
ORD0016789,CUST00804,PROD00239,STORE003,2026-04-25,3,10830.87
ORD0017895,CUST00744,PROD00158,STORE012,2026-04-25,5,17900.23
ORD0018300,CUST01281,PROD00291,STORE019,2026-04-25,3,17428.97
ORD0017299,CUST01264,PROD00172,STORE012,2026-04-25,4,18801.12
ORD0016847,CUST00657,PROD00155,STORE007,2026-04-25,4,17434.82
ORD0018114,CUST00380,PROD00111,STORE023,2026-04-25,3,2355.08
ORD0018347,CUST00641,PROD00136,STORE001,2026-04-25,1,17270.75
ORD0018351,CUST00037,PROD00278,STORE007,2026-04-25,5,11982.48
ORD0018096,CUST01242,PROD00117,STORE004,2026-04-25,5,7645.02
ORD0017132,CUST00418,PROD00155,STORE009,2026-04-25,3,19312.25
ORD0018163,CUST01317,PROD00164,STORE013,2026-04-25,6,18304.31
ORD0016636,CUST01230,PROD00233,STORE018,2026-04-25,3,4542.41
ORD0017915,CUST01171,PROD00293,STORE004,2026-04-25,2,10851.21
ORD0018029,CUST00130,PROD00134,STORE010,2026-04-25,5,17631.89
ORD0017440,CUST00329,PROD00012,STORE010,2026-04-25,2,6348.83
ORD0017867,CUST00082,PROD00192,STORE015,2026-04-25,2,22683.98
ORD0018427,CUST00183,PROD00034,STORE016,2026-04-25,4,16220.99
ORD0017613,CUST00881,PROD00018,STORE001,2026-04-25,4,2007.04
ORD0016904,CUST01326,PROD00246,STORE019,2026-04-25,2,14090.17
ORD0016870,CUST00947,PROD00252,STORE007,2026-04-25,1,8657.51
ORD0016702,CUST01132,PROD00020,STORE024,2026-04-25,2,7946.08
ORD0017926,CUST01186,PROD00222,STORE011,2026-04-25,3,9462.15
ORD0018135,CUST00014,PROD00085,STORE025,2026-04-25,2,747.5
ORD0016852,CUST00286,PROD00013,STORE006,2026-04-25,1,12172.21
ORD0017937,CUST00131,PROD00035,STORE007,2026-04-25,2,15325.26
ORD0016791,CUST01077,PROD00270,STORE006,2026-04-25,5,3190.51
ORD0016509,CUST00931,PROD00089,STORE016,2026-04-25,1,13359.34
ORD0017515,CUST00677,PROD00242,STORE001,2026-04-25,2,4108.98
ORD0017688,CUST00737,PROD00035,STORE022,2026-04-25,3,14501.73
ORD0017964,CUST00366,PROD00262,STORE005,2026-04-25,6,3157.96
ORD0017107,CUST01433,PROD00133,STORE012,2026-04-25,3,5232.9
ORD0018020,CUST00987,PROD00003,STORE025,00/00/0000,1,15867.76
ORD0016667,CUST01173,PROD00030,STORE016,2026-04-25,6,8074.13
ORD0018302,CUST00476,PROD00210,STORE025,2026-04-20,2,11992.95
ORD0016796,CUST00681,PROD00206,STORE013,2026-04-25,6,4028.86
ORD0017918,CUST01414,PROD00269,STORE013,2026-04-25,6,2538.21
ORD0016816,CUST00390,PROD00300,STORE015,2026-04-22,2,21636.24
ORD0017031,CUST01347,PROD00187,STORE019,2026-04-25,2,10159.93
ORD0016506,CUST00932,PROD00043,STORE022,2026-04-25,2,13557.89
ORD0017290,CUST00696,PROD00076,STORE011,2026-04-25,2,16114.2
ORD0016503,CUST01412,PROD00255,STORE009,2026-04-25,3,3578.17
ORD0017004,CUST00575,PROD00159,STORE024,2026-04-25,2,7284.32
ORD0017406,CUST00933,PROD00116,STORE018,2026-04-25,1,12419.12
ORD0018040,CUST01254,PROD00112,STORE017,2026-04-25,3,18742.11
ORD0017798,CUST00202,PROD00141,STORE012,2026-04-25,2,$4701.16
ORD0018461,CUST00580,PROD00226,STORE001,2026-04-25,2,10145.71
ORD0018345,CUST00434,PROD00082,STORE022,2026-04-25,3,24346.86
ORD0017359,CUST01331,PROD00043,STORE010,2026-04-25,4,11669.68
ORD0016911,CUST00158,PROD00007,STORE024,2026-04-25,2,8063.7
ORD0017638,CUST00910,PROD00180,STORE019,2026-04-25,6,15943.75
ORD0016635,CUST00132,PROD00178,STORE009,2026-04-25,4,9546.47
ORD0017179,CUST00126,PROD00291,STORE003,2026-04-25,6,17379.49
ORD0017658,CUST01300,PROD00002,STORE011,2026-04-25,3,15151.42
ORD0016798,CUST00982,PROD00229,STORE024,2026-04-25,6,10753.28
ORD0017145,CUST00520,PROD00123,STORE003,2026-04-25,4,22193.71
ORD0016670,CUST00690,PROD00258,STORE005,2026-04-25,2,4331.81
ORD0017415,CUST00794,PROD00254,STORE006,2026-04-25,1,20045.3
ORD0017257,CUST01005,PROD00189,STORE010,2026-04-25,2,20116.2
ORD0016659,CUST01285,PROD00007,STORE012,2026-04-25,1,18879.61
ORD0018272,CUST00591,PROD00161,STORE002,2026-04-25,3,5972.8
ORD0017987,CUST00381,,STORE001,2026-04-25,4,20180.03
ORD0018152,CUST01418,PROD00002,STORE014,2026-04-25,3,4464.41
ORD0018071,CUST00855,PROD00225,STORE006,2026-04-25,6,4795.48
ORD0017263,CUST00831,PROD00053,STORE017,2026-04-25,2,517.64
ORD0018474,CUST01459,PROD00128,STORE024,2026-04-25,6,7441.45
ORD0017604,CUST01211,PROD00051,STORE016,2026-04-25,3,21707.19
ORD0017741,CUST00563,PROD00045,STORE003,2026-04-25,1,10288.61
ORD0017952,CUST01464,PROD00246,STORE021,2026-04-25,4,19452.07
ORD0017025,CUST00586,PROD00253,STORE002,2026-04-16,4,11103.92
ORD0018333,CUST00509,PROD00031,STORE024,2026-04-25,2,2593.99
ORD0017622,CUST01271,PROD00265,STORE012,2026-04-25,5,19007.69
ORD0017497,CUST00935,PROD00065,STORE010,2026-04-25,3,789.88
ORD0017342,CUST00401,,STORE017,2026-04-25,4,9939.92
ORD0016664,CUST00711,PROD00212,STORE010,2026-04-25,1,11092.73
ORD0018178,,PROD00038,STORE022,2026-04-25,4,10953.11
ORD0017351,CUST01024,PROD00267,STORE024,2026-04-20,3,6791.85
ORD0017437,CUST01072,PROD00127,STORE004,2026-04-25,4,14857.52
ORD0017080,CUST01054,PROD00131,STORE006,2026-04-25,4,9254.05
ORD0017917,CUST00662,PROD00078,STORE025,2026-04-25,2,11407.35
ORD0017391,CUST00200,PROD00167,STORE010,2026-04-25,5,7800.48
ORD0017337,CUST00254,PROD00270,STORE025,2026-04-19,4,17046.02
ORD0017903,CUST00505,PROD00157,STORE011,2026-04-17,6,23088.44
ORD0017207,CUST01256,PROD00033,STORE015,2026-04-25,2,994.3
ORD0018065,CUST01067,PROD00015,STORE025,2026-04-25,6,23319.8
ORD0017300,,PROD00034,STORE020,2026-04-25,1,5872.78
ORD0017531,CUST00402,PROD00055,STORE020,2026-04-25,6,4514.39
ORD0016841,CUST00531,PROD00021,STORE011,2026-04-25,3,4996.23
ORD0018077,CUST01207,PROD00234,STORE012,2026-04-25,2,22731.44
ORD0018279,CUST01227,PROD00272,STORE012,2026-04-25,1,24308.83
ORD0016886,CUST00947,PROD00131,STORE003,2026-04-25,6,4719.52
ORD0017480,CUST00737,PROD00195,STORE002,2026-04-25,5,11115.89
ORD0017811,CUST00003,PROD00207,STORE017,2026-04-25,6,4247.03
ORD0017015,CUST00510,PROD00167,STORE001,2026-04-25,2,24142.34
ORD0016608,CUST01095,PROD00048,STORE009,2026-04-25,3,2455.8
ORD0017477,CUST01483,PROD00250,STORE013,2026-04-25,6,229.92
ORD0016851,CUST00001,PROD00156,STORE025,2026-04-25,4,19113.09
ORD0017907,CUST00505,PROD00097,STORE002,2026-04-25,1,8192.96
ORD0018463,CUST00520,PROD00290,STORE024,2026-04-25,4,13148.27
ORD0017508,CUST01047,PROD00147,STORE012,2026-04-25,1,537.36
ORD0017304,CUST00185,PROD00088,STORE011,2026-04-25,1,22562.62
ORD0017403,CUST00965,PROD00236,STORE006,2026-04-25,6,12210.39
ORD0017767,CUST01007,PROD00002,STORE008,2026-04-25,6,15446.99
ORD0017797,CUST01294,PROD00284,STORE006,2026-04-25,1,11211.27
ORD0016766,CUST00831,PROD00055,STORE017,2026-04-15,3,9550.97
ORD0017143,CUST00037,PROD00114,STORE003,2026-04-25,2,3793.91
ORD0016553,CUST00668,PROD00284,STORE004,00/00/0000,6,7614.19
ORD0016549,CUST00153,PROD00173,STORE018,2026-04-25,5,3995.6
ORD0016620,CUST00445,PROD00204,STORE021,2026-04-25,3,21424.0
ORD0016877,CUST00139,PROD00044,STORE008,2026-04-25,3,20531.19
ORD0017175,CUST00071,PROD00269,STORE007,2026-04-25,6,15777.21
ORD0017181,CUST01010,PROD00215,STORE009,2026-04-25,6,1706.01
ORD0017050,CUST01051,PROD00293,STORE009,2026-04-25,4,8763.08
ORD0017368,CUST01477,PROD00280,STORE006,2026-04-25,1,12360.18
ORD0017575,CUST01400,PROD00292,STORE011,2026-04-25,1,1659.04
ORD0018185,CUST01079,PROD00029,STORE011,2026-04-25,4,6314.3
ORD0017771,CUST01171,PROD00167,STORE015,2026-04-25,6,13177.72
ORD0017936,CUST00462,PROD00287,STORE015,2026-04-25,3,18950.07
ORD0017424,CUST01400,PROD00192,STORE012,2026-04-25,2,3299.24
ORD0017976,CUST00003,PROD00110,STORE016,2026-04-25,2,5751.59
ORD0017358,CUST00568,PROD00046,STORE007,2026-04-25,3,3800.44
ORD0018224,CUST00871,PROD00049,STORE004,2026-04-22,6,16508.46
ORD0016507,CUST00421,PROD00186,STORE007,2026-04-25,3,21623.28
ORD0017489,CUST00340,PROD00152,STORE024,2026-04-25,6,20558.96
ORD0017730,CUST00042,PROD00054,STORE025,2026-04-25,5,4724.41
ORD0017120,CUST00933,PROD00299,STORE024,2026-04-25,4,12523.81
ORD0017663,CUST01475,PROD00088,STORE019,2026-04-25,4,22706.87
ORD0016859,CUST00360,PROD00109,STORE014,2026-04-25,3,17843.23
ORD0016537,CUST00247,PROD00050,STORE022,2026-04-25,2,8042.03
ORD0017988,CUST00409,PROD00077,STORE025,2026-04-25,1,588.15
ORD0016661,CUST00751,PROD00181,STORE017,2026-04-25,3,23395.65
ORD0017042,CUST00603,PROD00178,STORE007,2026-04-25,1,22741.84
ORD0018117,CUST01279,PROD00182,STORE002,2026-04-18,6,5074.89
ORD0017990,CUST01195,PROD00041,STORE004,2026-04-25,6,14514.82
ORD0016647,CUST00280,PROD00124,STORE013,2026-04-25,1,16334.68
ORD0017054,CUST00242,PROD00098,STORE021,2026-04-25,2,7633.98
ORD0017174,CUST01232,PROD00117,STORE011,2026-04-25,5,7545.73
ORD0016542,CUST00220,PROD00017,STORE002,2026-04-25,5,3517.19
ORD0017094,CUST00448,PROD00215,STORE004,2026-04-25,6,24515.03
ORD0018223,CUST00537,PROD00155,STORE007,2026-04-25,5,11057.45
ORD0016807,CUST01258,PROD00289,STORE005,2026-04-25,5,8719.41
ORD0017471,CUST00308,PROD00032,STORE023,2026-04-25,5,7165.97
ORD0018198,CUST00288,PROD00194,STORE023,2026-04-25,3,17258.05
ORD0017461,CUST00707,PROD00005,STORE003,2026-04-25,6,1147.32
ORD0016975,CUST00465,PROD00275,STORE011,2026-04-25,6,16263.78
ORD0017292,CUST01034,PROD00246,STORE005,2026-04-25,5,3870.25
ORD0018007,CUST01453,PROD00255,STORE013,2026-04-25,6,23507.5
ORD0017283,CUST00972,PROD00025,STORE014,2026-04-25,3,23117.64
ORD0017494,CUST00404,PROD00256,STORE008,2026-04-25,2,12848.81
ORD0018494,CUST00982,PROD00108,STORE003,2026-04-25,3,19237.89
ORD0016530,CUST00040,PROD00054,STORE009,2026-04-18,1,7535.5
ORD0017894,CUST00704,PROD00185,STORE010,2026-04-25,6,5082.34
ORD0016756,CUST00016,PROD00196,STORE016,2026-04-25,3,22131.54
ORD0018031,CUST00203,PROD00055,STORE008,2026-04-25,3,12621.85
ORD0017955,CUST00135,PROD00006,STORE016,2026-04-25,3,22973.77
ORD0016913,CUST01010,PROD00215,STORE008,2026-04-25,2,2426.71
ORD0017540,CUST00173,PROD00021,STORE006,2026-04-25,6,12821.29
ORD0016768,CUST01086,PROD00192,STORE006,2026-04-25,2,5769.45
ORD0017626,CUST01336,PROD00165,STORE006,2026-04-25,4,5835.11
ORD0017069,CUST01210,PROD00167,STORE002,2026-04-25,1,8560.0
ORD0016666,CUST00268,PROD00067,STORE001,2026-04-25,2,2645.98
ORD0016629,CUST00008,PROD00030,STORE020,2026-04-21,5,24363.26
ORD0017970,CUST00211,PROD00149,STORE007,2026-04-16,5,8706.23
ORD0018396,CUST01378,PROD00180,STORE022,2026-04-25,3,9037.34
ORD0018370,CUST01072,PROD00269,STORE020,2026-04-25,2,18330.05
ORD0018487,CUST01320,PROD00147,STORE014,2026-04-25,4,23537.96
ORD0017052,CUST00924,PROD00166,STORE013,2026-04-25,6,14360.32
ORD0017886,CUST01394,PROD00300,STORE024,2026-04-25,4,11281.37
ORD0018006,CUST00770,PROD00040,STORE023,2026-04-25,3,9133.67
ORD0017561,CUST01352,PROD00260,STORE004,2026-04-25,1,22774.22
ORD0018032,CUST00785,PROD00050,STORE021,2026-04-25,5,24040.93
ORD0017037,CUST01279,PROD00290,STORE013,2026-04-25,1,13275.3
ORD0018067,CUST00400,PROD00017,STORE013,2026-04-25,6,239.7
ORD0016532,CUST01428,PROD00067,STORE007,2026-04-25,2,9792.02
ORD0018398,CUST00994,PROD00113,STORE023,2026-04-25,5,23673.32
ORD0017398,CUST00077,PROD00108,STORE024,2026-04-25,6,7289.41
ORD0017943,CUST00656,PROD00097,STORE017,2026-04-25,4,22465.71
ORD0016587,CUST01364,PROD00157,STORE024,2026-04-25,1,10331.81
ORD0017005,CUST00533,PROD00196,STORE008,2026-04-25,4,22704.05
ORD0016862,CUST00956,PROD00089,STORE017,2026-04-25,3,14615.08
ORD0018200,CUST00273,PROD00030,STORE008,2026-04-25,2,17708.66
ORD0018476,CUST01127,PROD00162,STORE015,2026-04-25,4,11889.13
ORD0017836,CUST01359,PROD00180,STORE025,2026-04-21,1,11990.87
ORD0018146,CUST00553,PROD00097,STORE015,2026-04-25,1,24857.38
ORD0016865,CUST01124,PROD00228,STORE012,2026-04-25,1,16608.86
ORD0016765,CUST00521,PROD00020,STORE002,2026-04-25,6,19665.78
ORD0018239,CUST00567,PROD00257,STORE003,2026-04-25,5,10703.86
ORD0016813,CUST00136,PROD00085,STORE001,2026-04-25,3,22808.49
ORD0016700,CUST01489,PROD00255,STORE009,2026-04-22,3,24265.18
ORD0016565,CUST01482,PROD00212,STORE025,2026-04-25,5,8268.99
ORD0016683,CUST00637,PROD00079,STORE011,2026-04-25,1,13095.19
ORD0017899,CUST00304,PROD00282,STORE015,2026-04-25,4,355.83
ORD0017401,CUST01178,PROD00099,STORE003,2026-04-25,6,8479.03
ORD0016806,CUST00167,PROD00015,STORE005,2026-04-25,4,14996.11
ORD0016650,CUST01312,PROD00234,STORE001,2026-04-25,6,12215.18
ORD0016894,CUST00898,PROD00215,STORE010,2026-04-25,2,3642.82
ORD0017993,CUST00717,PROD00253,STORE013,2026-04-25,5,23089.68
ORD0018271,CUST00790,PROD00054,STORE005,2026-04-25,3,4757.07
ORD0017705,CUST00452,PROD00108,STORE017,2026-04-25,2,23935.47
ORD0016921,CUST00275,PROD00032,STORE022,2026-04-25,2,22356.19
ORD0017071,CUST00585,PROD00259,STORE003,2026-04-25,4,23478.46
ORD0016826,CUST00634,PROD00196,STORE001,2026-04-25,4,12877.37
ORD0017047,CUST00467,PROD00218,STORE013,2026-04-25,4,23863.56
ORD0017670,CUST01293,PROD00276,STORE020,2026-04-25,two,22732.26
ORD0016781,CUST00597,PROD00094,STORE023,2026-04-25,6,abc
ORD0017196,CUST00848,PROD00047,STORE011,2026-04-25,1,5852.64
ORD0018374,CUST00223,PROD00187,STORE025,2026-04-25,5,13815.57
ORD0018365,CUST01462,PROD00110,STORE025,2026-04-25,1,13259.91
ORD0017761,CUST00720,PROD00151,STORE017,2026-04-25,5,15462.76
ORD0018057,CUST00185,PROD00093,STORE011,2026-04-22,6,20650.85
ORD0017475,CUST01426,PROD00078,STORE004,2026-04-25,5,912.46
ORD0017997,CUST01027,,STORE012,2026-04-25,3,14697.48
ORD0017654,CUST00664,PROD00121,STORE002,2026-04-25,5,1649.19
ORD0017780,CUST00959,PROD00144,STORE021,2026-13-40,3,21458.92
ORD0016942,CUST00946,PROD00238,STORE009,2026-04-25,4,3223.32
ORD0017114,CUST00380,PROD00245,STORE016,2026-04-25,1,744.67
ORD0017555,CUST00998,PROD00153,STORE006,2026-04-25,5,11168.25
ORD0017122,CUST00673,PROD00296,STORE007,2026-04-25,3,16688.2
ORD0018036,CUST01085,PROD00244,STORE011,2026-04-25,2,5604.4
ORD0016658,CUST00192,PROD00200,STORE025,2026-04-17,1,1247.57
ORD0016941,CUST00900,PROD00274,STORE014,2026-04-25,3,1341.32
ORD0017989,CUST00176,PROD00155,STORE020,2026-04-25,5,6384.22
ORD0018165,CUST01331,PROD00083,STORE003,2026-04-25,4,21062.32
ORD0017669,CUST01489,PROD00190,STORE021,2026-04-25,5,19516.22
ORD0017407,CUST00910,PROD00028,STORE010,2026-04-21,3,12422.39
ORD0016772,CUST00483,PROD00034,STORE001,2026-04-25,4,20410.18
ORD0017891,CUST00656,PROD00112,STORE023,2026-04-25,6,11617.3
ORD0018258,CUST01075,PROD00267,STORE014,2026-04-25,2,17742.87
ORD0018369,CUST00007,PROD00114,STORE024,2026-04-25,2,7730.28
ORD0017123,CUST00787,PROD00266,STORE005,2026-04-25,4,11185.39
ORD0017000,CUST00575,PROD00175,STORE020,2026-04-25,2,2766.18
ORD0018311,CUST00828,PROD00002,STORE002,2026-04-25,2,19362.7
ORD0016538,CUST00960,PROD00034,STORE012,2026-04-25,5,8700.52
ORD0018078,CUST01103,PROD00080,STORE019,2026-04-20,4,15889.25
ORD0017028,CUST00529,PROD00040,STORE008,2026-04-25,6,24798.72
ORD0016718,CUST00288,PROD00009,STORE008,2026-04-25,2,13654.46
ORD0017578,CUST01123,PROD00282,STORE024,2026-04-25,6,2255.83
ORD0016516,CUST01118,PROD00126,STORE003,2026-04-25,5,15720.69
ORD0017162,CUST00271,PROD00175,STORE014,2026-04-25,1,21706.69
ORD0017513,CUST01253,PROD00129,STORE019,2026-04-25,3,13665.93
ORD0016989,CUST00413,PROD00219,STORE025,2026-04-25,1,13492.73
ORD0017014,CUST00636,PROD00152,STORE014,2026-04-20,1,16181.45
ORD0016613,CUST01369,PROD00287,STORE002,2026-04-25,1,8411.16
ORD0017017,CUST01256,PROD00027,STORE006,2026-04-25,4,20129.09
ORD0017694,CUST00816,PROD00150,STORE010,2026-04-25,2,4921.02
ORD0018197,CUST00617,PROD00064,STORE009,2026-04-25,4,15443.19
ORD0018268,CUST00821,PROD00027,STORE020,2026-04-25,1,13202.02
ORD0018123,CUST01272,PROD00272,STORE024,2026-04-25,3,11818.7
ORD0016601,CUST00754,PROD00047,STORE007,2026-04-25,1,23151.89
ORD0017386,CUST01322,PROD00143,STORE018,2026-04-16,6,19797.4
ORD0016854,CUST00375,PROD00064,STORE023,2026-04-22,4,8132.94
ORD0018481,CUST00991,PROD00263,STORE001,2026-04-25,2,2055.87
ORD0017033,CUST01450,PROD00099,STORE001,2026-04-25,6,14634.57
ORD0017149,CUST01381,PROD00287,STORE011,2026-04-25,4,21684.87
ORD0017229,CUST00779,PROD00279,STORE018,2026-04-25,4,22640.96
ORD0018249,CUST00899,PROD00207,STORE001,2026-04-25,2,24050.24
ORD0017769,CUST00719,PROD00245,STORE010,2026-04-25,1,16183.03
ORD0017255,CUST00937,PROD00105,STORE023,2026-04-15,3,4150.44
ORD0017253,CUST00087,PROD00039,STORE018,2026-04-25,3,19377.14
ORD0018257,CUST00412,PROD00241,STORE011,2026-04-25,6,15922.22
ORD0016933,CUST01092,PROD00230,STORE005,2026-04-25,4,15517.09
ORD0016901,CUST01154,PROD00210,STORE020,2026-04-22,1,5629.24
ORD0017142,CUST01085,PROD00093,STORE014,2026-04-25,4,4091.79
ORD0018496,CUST00363,PROD00289,STORE012,2026-04-25,2,12601.17
ORD0017187,CUST01152,PROD00237,STORE015,2026-04-25,1,14613.25
ORD0016929,CUST00264,PROD00026,STORE014,2026-04-25,5,1417.58
ORD0017264,CUST00258,PROD00130,STORE005,2026-04-25,4,20696.14
ORD0017829,CUST01096,PROD00225,STORE004,2026-04-25,4,1828.45
ORD0017416,CUST00768,PROD00143,STORE008,2026-04-25,4,4475.64
ORD0017385,CUST00190,PROD00007,STORE010,2026-04-25,5,7862.66
ORD0016843,CUST01202,PROD00044,STORE016,2026-04-25,4,5307.39
ORD0016785,,PROD00258,STORE008,2026-04-25,1,5273.64
ORD0017868,CUST00966,PROD00044,STORE012,2026-04-25,1,3585.98
ORD0016945,CUST00037,PROD00259,STORE004,,2,10053.14
ORD0016937,CUST01265,PROD00123,STORE001,2026-04-25,6,218.58
ORD0016763,CUST01378,PROD00156,STORE009,2026-04-25,4,6895.77
ORD0017340,CUST00003,PROD00174,STORE013,2026-04-25,1,9978.53
ORD0018108,CUST01476,PROD00043,STORE007,2026-04-25,5,21736.66
ORD0016665,CUST00884,PROD00188,STORE018,2026-04-25,3,11588.53
ORD0018495,CUST00110,PROD00121,STORE012,2026-04-25,1,21337.2
ORD0017111,CUST01460,PROD00016,STORE025,2026-04-25,6,13908.88
ORD0016925,CUST00954,PROD00150,STORE009,2026-04-25,1,8562.35
ORD0018059,CUST00517,PROD00016,STORE001,2026-04-25,4,17163.26
ORD0016875,CUST01331,PROD00244,STORE016,2026-04-25,4,19104.7
ORD0017710,CUST00896,PROD00211,STORE006,2026-04-25,3,24381.04
ORD0018045,CUST00943,PROD00184,STORE005,2026-04-25,1,18498.74
ORD0017400,CUST00413,PROD00218,STORE005,2026-04-25,6,10825.18
ORD0016990,CUST00373,PROD00009,STORE004,2026-04-25,5,22193.79
ORD0017058,CUST00962,PROD00004,STORE014,2026-04-25,3,19477.57
ORD0018448,CUST00220,PROD00186,STORE018,2026-04-25,5,3487.74
ORD0017427,CUST01306,PROD00137,STORE012,2026-04-25,4,6876.46
ORD0018011,CUST00457,PROD00054,STORE016,2026-04-25,6,1567.01
ORD0017814,CUST00825,PROD00231,STORE018,2026-04-25,6,24725.29
ORD0018342,CUST00902,PROD00141,STORE013,2026-04-25,2,12679.04
ORD0018046,CUST01096,PROD00138,STORE004,2026-04-25,2,3161.17
ORD0018252,CUST01276,PROD00189,STORE022,2026-04-20,3,5171.18
ORD0016977,CUST01316,PROD00035,STORE015,2026-04-25,4,17041.78
ORD0016517,CUST00490,PROD00289,STORE011,2026-04-25,1,$19818.39
ORD0017547,CUST00568,PROD00255,STORE001,2026-04-25,1,2777.64
ORD0017690,CUST01438,PROD00187,STORE022,2026-04-25,6,23591.97
ORD0016665,CUST00884,PROD00188,STORE018,2026-04-25,3,11588.53
ORD0016866,CUST01389,PROD00021,STORE014,2026-04-25,2,24571.23
ORD0017808,CUST01194,PROD00240,STORE003,2026-04-25,4,12517.21
ORD0017101,CUST00911,PROD00230,STORE011,2026-04-25,2,23559.82
ORD0017930,CUST01030,PROD00022,STORE013,2026-04-25,4,5936.68
ORD0017447,CUST00118,PROD00097,STORE006,2026-04-25,3,778.8
ORD0016979,CUST01120,PROD00166,STORE013,2026-04-25,6,24199.69
ORD0016850,CUST00801,PROD00156,STORE009,2026-04-25,5,11758.85
ORD0017247,CUST00304,PROD00238,STORE008,2026-04-25,3,20937.59
ORD0016692,CUST01184,PROD00018,STORE013,not_a_date,4,9842.27
ORD0016761,CUST00291,PROD00131,STORE019,2026-04-25,5,4745.03
ORD0017718,CUST01157,PROD00248,STORE015,2026-04-25,2,21418.35
ORD0016708,CUST01322,PROD00263,STORE018,2026-04-25,3,12217.68
ORD0017635,CUST00102,PROD00131,STORE008,2026-04-25,6,19232.36
ORD0018129,CUST01235,PROD00201,STORE020,2026-04-25,2,16046.49
ORD0016788,CUST00094,PROD00109,STORE015,2026-04-25,2,4471.88
ORD0017978,CUST01204,PROD00185,STORE012,2026-04-25,2,16447.17
ORD0018434,CUST00854,PROD00260,STORE014,2026-04-25,1,6530.49
ORD0018039,CUST00601,PROD00268,STORE003,2026-04-25,6,14802.38
ORD0018126,CUST01315,PROD00031,STORE002,2026-04-25,1,4332.53
ORD0018409,CUST01202,PROD00023,STORE002,2026-04-25,3,5340.6
ORD0017640,CUST01425,PROD00008,STORE020,2026-04-25,6,18963.07
ORD0016899,CUST00607,PROD00078,STORE014,2026-04-25,2,990.18
ORD0017478,CUST00436,PROD00068,STORE018,2026-04-25,2,24038.07
ORD0016890,CUST00875,PROD00011,STORE019,2026-04-25,2,7522.83
ORD0017280,CUST01337,PROD00049,STORE006,2026-04-25,3,12478.89
ORD0016980,CUST00847,PROD00051,STORE004,2026-04-25,3,15963.48
ORD0018001,CUST01429,PROD00100,STORE014,2026-04-25,1,14931.4
ORD0017319,CUST01084,PROD00035,STORE005,2026-04-25,1,16570.35
ORD0017428,CUST01500,PROD00274,STORE018,2026-04-25,4,11420.78
ORD0018102,CUST00382,PROD00054,STORE002,2026-04-25,5,13554.4
ORD0016672,CUST00279,PROD00244,STORE003,2026-04-25,6,11212.5
ORD0017737,CUST00278,PROD00053,STORE011,2026-04-25,5,-5
ORD0017715,CUST01111,PROD00195,STORE025,2026-04-25,3,3291.71
ORD0018344,CUST00658,PROD00130,STORE015,2026-04-25,3,15700.03
ORD0016552,CUST01338,PROD00289,STORE010,2026-04-25,1,10063.47
ORD0018154,CUST00524,PROD00091,STORE001,2026-04-25,6,11023.02
ORD0017279,CUST01087,PROD00177,STORE023,2026-04-25,2,5166.66
ORD0017093,CUST00546,PROD00280,STORE025,2026-04-25,4,8300.47
ORD0017161,CUST01181,PROD00100,STORE001,2026-04-25,2,2431.77
ORD0017221,CUST00908,PROD00139,STORE010,2026-04-25,6,2934.05
ORD0017365,CUST00043,PROD00256,STORE007,2026-04-25,3,12679.06
ORD0017839,CUST01294,PROD00127,STORE020,2026-04-25,5,7944.2
ORD0018159,CUST01023,PROD00128,STORE014,2026-04-25,2,19826.54
ORD0016955,CUST00166,PROD00205,STORE010,2026-04-25,6,6753.6
ORD0016630,CUST01449,PROD00056,STORE011,2026-04-25,6,5154.73
ORD0018290,CUST01314,PROD00295,STORE021,2026-04-25,2,3059.37
ORD0018321,CUST00802,PROD00163,STORE009,2026-04-25,4,8910.44
ORD0018293,CUST00810,PROD00142,STORE013,2026-04-25,2,9231.15
ORD0017837,CUST00517,PROD00048,STORE024,2026-04-25,5,14683.63
ORD0017574,CUST00005,PROD00155,STORE019,2026-04-25,6,4767.08
ORD0017335,CUST00502,PROD00179,STORE023,2026-04-25,6,19430.87
ORD0017840,CUST00043,PROD00241,STORE011,2026-04-25,4,18857.18
ORD0017966,CUST01142,PROD00181,STORE020,2026-04-25,2,23335.34
ORD0016805,CUST00039,PROD00283,STORE005,2026-04-25,5,24788.18
ORD0016922,CUST01390,PROD00131,STORE023,2026-04-25,1,20376.19
ORD0017528,CUST00313,PROD00176,STORE009,2026-04-25,1,11697.97
ORD0018343,CUST01493,PROD00055,STORE007,2026-04-25,6,855.53
ORD0018404,CUST00870,PROD00073,STORE006,2026-04-19,6,21211.69
ORD0017985,CUST00822,PROD00228,STORE020,2026-04-19,4,15487.53
ORD0017956,CUST00195,PROD00149,STORE008,2026-04-25,5,9373.02
ORD0017570,CUST00617,PROD00006,STORE010,2026-04-25,5,19971.57
ORD0017070,CUST00287,,STORE010,2026-04-25,3,11627.09
ORD0017770,CUST00327,PROD00016,STORE018,2026-04-25,4,2259.78
ORD0018263,CUST00714,PROD00058,STORE001,2026-04-25,5,18038.61
ORD0017914,CUST01123,PROD00187,STORE001,2026-04-25,2,19308.83
ORD0018479,CUST00268,PROD00159,STORE022,2026-04-25,5,20510.53
ORD0018060,CUST01166,PROD00053,STORE006,2026-04-25,1,9420.92
ORD0017553,CUST00672,PROD00091,STORE013,2026-04-25,4,23977.76
ORD0017435,CUST01295,PROD00001,STORE025,2026-04-25,3,14974.89
ORD0016721,CUST01423,PROD00253,STORE014,2026-04-25,5,7723.78
ORD0017397,CUST00962,PROD00112,STORE004,2026-04-25,1,1402.24
ORD0017726,CUST01439,PROD00229,STORE023,2026-04-25,5,3375.05
ORD0017409,CUST00786,PROD00212,STORE001,2026-04-25,4,20499.65
ORD0017720,CUST00502,PROD00087,STORE002,2026-04-25,3,23789.91
ORD0016842,CUST00795,PROD00264,STORE020,2026-04-25,3,18475.62
ORD0017972,CUST00044,PROD00158,STORE007,2026-04-25,1,15292.24
ORD0017880,CUST01079,PROD00108,STORE002,2026-04-25,3,210.97
ORD0018131,CUST01240,PROD00229,STORE007,2026-04-25,2,19620.98
ORD0018201,CUST00520,PROD00099,STORE010,2026-04-25,2,8558.07
ORD0017974,CUST00483,PROD00239,STORE021,2026-04-25,2,19795.8
ORD0017420,CUST00987,PROD00120,STORE022,2026-04-25,3,17309.92
ORD0016662,CUST00406,PROD00056,STORE022,2026-04-25,4,6935.03
ORD0017113,CUST00181,PROD00186,STORE017,2026-04-25,1,16628.35
ORD0018073,CUST00374,PROD00151,STORE017,2026-04-25,1,1474.63
ORD0017034,CUST01309,PROD00198,STORE023,2026-04-25,2,2486.82
ORD0017346,CUST00286,PROD00214,STORE023,2026-04-25,5,23682.15
ORD0016974,CUST00582,PROD00022,STORE014,2026-04-16,-1,1991.93
ORD0018149,CUST01129,PROD00298,STORE021,2026-04-25,1,15271.77
ORD0016957,CUST00796,PROD00162,STORE021,2026-04-25,3,4320.81
ORD0017706,CUST01070,PROD00273,STORE010,2026-04-25,5,24513.02
ORD0017793,CUST00836,PROD00204,STORE008,2026-04-25,4,21928.19
ORD0018240,CUST01050,PROD00263,STORE008,2026-04-25,1,1113.57
ORD0018243,CUST00265,PROD00245,STORE013,2026-04-25,4,6410.28
ORD0017410,CUST01077,PROD00270,STORE009,2026-04-25,1,17381.42
ORD0018062,CUST00581,PROD00152,STORE013,2026-04-25,2,9858.09
ORD0018346,,PROD00010,STORE022,2026-04-25,2,14206.52
ORD0016754,CUST00637,PROD00001,STORE008,2026-04-15,5,11032.46
ORD0017959,CUST01033,PROD00092,STORE013,2026-04-25,1,18257.66
ORD0018256,CUST00338,PROD00073,STORE001,2026-04-25,4,21610.39
ORD0017562,CUST00128,PROD00137,STORE002,2026-04-21,5,12046.29
ORD0017667,CUST00386,PROD00138,STORE021,2026-04-25,4,20080.9
ORD0017896,CUST00244,PROD00136,STORE010,2026-04-16,5,23544.64
ORD0017820,CUST00444,PROD00084,STORE003,2026-04-25,2,15456.04
ORD0017491,CUST01021,PROD00127,STORE011,2026-04-25,2,6432.67
ORD0017258,CUST00944,PROD00081,STORE015,2026-04-25,4,15592.76
ORD0016561,CUST00337,PROD00251,STORE019,2026-04-21,5,456.54
ORD0017902,CUST01107,PROD00044,STORE013,2026-04-25,3,3292.21
ORD0016654,CUST00183,PROD00248,STORE020,2026-04-25,5,14545.61
ORD0016811,CUST00619,PROD00242,STORE014,2026-04-25,5,3685.3
ORD0017473,CUST00410,PROD00026,STORE014,2026-04-25,5,4494.16
ORD0018417,CUST00581,PROD00174,STORE012,2026-04-25,1,6704.16
ORD0018221,CUST00214,PROD00280,STORE001,2026-04-25,6,15953.13
ORD0018478,CUST01358,PROD00023,STORE009,2026-04-25,4,7509.97
ORD0017842,CUST00830,PROD00027,STORE002,2026-04-25,2,7069.63
ORD0017452,CUST00649,PROD00269,STORE003,2026-04-25,4,7329.21
ORD0016741,CUST01258,PROD00033,STORE004,2026-04-25,6,22963.59
ORD0016746,CUST01117,PROD00148,STORE006,2026-04-21,5,5478.65
ORD0016577,CUST01066,PROD00144,STORE004,2026-04-25,6,3955.45
ORD0018301,CUST00377,PROD00189,STORE005,2026-04-25,5,3845.68
ORD0018054,CUST01141,PROD00078,STORE023,2026-04-25,2,9135.85
ORD0016924,CUST00240,PROD00235,STORE013,2026-04-25,3,12523.19
ORD0018105,CUST00421,PROD00032,STORE001,2026-04-25,3,3560.37
ORD0017197,CUST00560,PROD00202,STORE016,2026-04-25,3,10222.11
ORD0018441,CUST00860,PROD00219,STORE005,2026-04-25,4,1036.01
ORD0016830,CUST00472,PROD00011,STORE011,2026-04-25,6,23431.97
ORD0016563,CUST01042,PROD00094,STORE021,2026-04-25,1,1144.31
ORD0016845,CUST01265,PROD00076,STORE024,2026-04-25,2,555.31
ORD0017968,CUST00538,PROD00145,STORE025,2026-04-20,4,24241.39
ORD0017048,CUST01191,PROD00080,STORE015,2026-04-16,3,20625.01
ORD0017963,CUST01133,PROD00081,STORE022,2026-04-25,6,3303.46
ORD0018079,CUST00361,PROD00148,STORE001,2026-04-25,3,13266.69
ORD0017081,CUST00537,PROD00193,STORE005,2026-04-25,1,22808.4
ORD0018493,CUST00264,PROD00004,STORE019,2026-04-25,1,9316.76
ORD0018261,CUST00090,PROD00017,STORE001,2026-04-25,4,23526.3
ORD0017053,CUST00860,PROD00103,STORE013,2026-04-25,4,24216.5
ORD0018426,CUST00715,PROD00092,STORE010,2026-04-25,1,10816.67
ORD0017935,CUST01052,PROD00171,STORE012,2026-04-25,4,12210.41
ORD0017476,CUST00330,PROD00249,STORE010,2026-04-25,4,23360.51
ORD0016900,CUST00956,PROD00298,STORE009,2026-04-25,1,24976.89
ORD0018101,,PROD00273,STORE015,2026-04-25,1,12301.57
ORD0016535,CUST01156,PROD00241,STORE021,2026-04-25,3,11010.45
ORD0018288,CUST01428,PROD00247,STORE019,2026-04-25,6,24597.21
ORD0018465,CUST01452,PROD00275,STORE007,2026-04-25,4,16178.23
ORD0017529,CUST01372,PROD00152,STORE025,2026-04-25,1,14062.04
ORD0017315,CUST01258,PROD00204,STORE009,2026-04-25,5,20509.04
ORD0017688,CUST00737,PROD00035,STORE022,2026-04-25,3,14501.73
ORD0017810,CUST00820,PROD00063,STORE016,2026-04-25,1,9175.0
ORD0017980,CUST01225,PROD00150,STORE003,2026-04-25,4,23185.3
ORD0017127,CUST00597,PROD00221,STORE022,2026-04-25,2,17356.64
ORD0017189,CUST00077,PROD00161,STORE020,2026-04-25,3,7932.53
ORD0016531,CUST00717,PROD00229,STORE013,2026-04-25,6,22480.82
ORD0017267,CUST00559,PROD00205,STORE004,2026-04-25,,15735.99
ORD0018119,CUST00938,PROD00206,STORE020,2026-04-25,3,19238.83
ORD0017716,CUST00497,PROD00277,STORE016,2026-04-22,4,14561.06
ORD0018100,CUST00939,PROD00229,STORE019,2026-04-25,1,7156.48
ORD0018491,CUST01440,PROD00137,STORE019,2026-04-25,4,19759.25
ORD0017286,CUST01136,PROD00095,STORE023,2026-04-25,6,7443.1
ORD0017306,CUST01239,PROD00056,STORE018,2026-04-25,4,3512.25
ORD0018424,CUST00420,PROD00254,STORE002,2026-04-25,4,18776.22
ORD0016569,CUST00070,PROD00147,STORE018,2026-04-25,1,21270.71
ORD0016637,CUST01185,PROD00204,STORE003,2026-04-25,1,10162.44
ORD0016502,CUST01148,PROD00150,STORE019,2026-04-25,2,12241.04
ORD0018498,CUST00525,PROD00233,STORE014,2026-04-25,6,19376.7
ORD0017854,CUST00839,PROD00171,STORE018,2026-04-25,3,335.14
ORD0016544,CUST01062,PROD00244,STORE023,2026-04-25,2,13342.54
ORD0016523,CUST00989,PROD00300,STORE008,2026-04-25,6,20597.29
ORD0017269,CUST00372,PROD00227,STORE023,2026-04-17,4,6947.56
ORD0017201,CUST00489,PROD00247,STORE022,2026-04-25,5,2416.55
ORD0018213,CUST00015,PROD00023,STORE001,2026-04-25,3,14821.9
ORD0017545,CUST00769,PROD00052,STORE003,2026-04-25,4,20841.88
ORD0017772,CUST00420,PROD00031,STORE007,2026-04-25,6,18332.13
ORD0017376,CUST00490,PROD00255,STORE003,2026-04-25,1,19295.28
ORD0018423,CUST00801,PROD00137,STORE020,2026-04-25,2,23757.4
ORD0018134,CUST00730,PROD00051,STORE025,2026-04-25,1,16187.67
ORD0018420,CUST01177,PROD00181,STORE021,2026-04-25,6,17097.85
ORD0017828,CUST00624,PROD00069,STORE016,2026-04-25,1,676.92
ORD0017709,CUST00546,PROD00190,STORE010,2026-04-25,2,$2657.63
ORD0017212,CUST00951,PROD00293,STORE006,2026-13-40,2,21003.8
ORD0018245,,PROD00005,STORE007,2026-04-25,4,15113.83
ORD0018072,CUST00620,PROD00255,STORE017,2026-04-25,5,14839.83
ORD0017208,CUST01293,PROD00181,STORE019,2026-04-25,4,1171.17
ORD0016792,CUST00466,PROD00200,STORE011,2026-04-25,2,22179.98
ORD0016694,CUST01266,PROD00219,STORE012,2026-04-25,4,4627.07
ORD0017436,CUST00317,PROD00269,STORE002,2026-04-25,3,21579.4
ORD0016592,CUST01089,PROD00030,STORE008,2026-04-25,2,23118.75
ORD0016771,CUST01058,,STORE024,2026-04-25,1,9678.36
ORD0016616,CUST00983,PROD00076,STORE005,2026-04-25,4,22266.89
ORD0016834,CUST00996,PROD00177,STORE004,2026-04-25,4,13886.07
ORD0017627,CUST00565,PROD00249,STORE021,2026-04-25,6,3721.06
ORD0016993,CUST00315,PROD00280,STORE023,2026-04-25,2,22428.44
ORD0016557,CUST01421,PROD00051,STORE022,2026-04-25,6,768.6
ORD0017510,CUST00028,PROD00099,STORE010,2026-04-25,1,7244.8
ORD0017643,CUST00882,PROD00234,STORE009,2026-04-25,5,17570.84
ORD0017977,CUST00435,PROD00048,STORE025,2026-04-25,1,18478.66
ORD0017305,CUST01220,PROD00287,STORE017,2026-04-25,5,11295.69
ORD0017262,CUST00087,PROD00234,STORE023,2026-04-25,6,5619.88
ORD0017078,CUST01048,PROD00253,STORE003,2026-04-25,2,7459.63
ORD0017254,CUST00983,PROD00105,STORE016,2026-04-25,4,5469.01
ORD0017408,CUST00554,PROD00107,STORE018,2026-04-25,1,769.28
ORD0017950,CUST01246,PROD00160,STORE025,2026-04-25,6,22457.0
ORD0018010,CUST01386,,STORE002,2026-04-25,5,23335.01
ORD0018396,CUST01378,PROD00180,STORE022,2026-04-25,3,9037.34
ORD0017449,CUST00859,PROD00252,STORE020,2026-04-25,2,15460.46
ORD0017334,CUST01246,PROD00257,STORE004,2026-04-25,4,20764.23
ORD0018141,CUST00983,PROD00211,STORE017,2026-04-25,3,3821.61
ORD0017313,CUST00787,PROD00031,STORE018,2026-04-25,5,9770.13
ORD0017898,CUST00704,PROD00197,STORE014,2026-04-25,3,21511.36
ORD0017960,CUST01382,PROD00206,STORE013,2026-04-19,2,19641.85
ORD0016632,CUST01088,PROD00260,STORE002,2026-04-25,1,6659.39
ORD0017230,CUST00244,PROD00132,STORE021,2026-04-25,6,7415.84
ORD0018022,CUST01286,PROD00188,STORE021,2026-04-25,3,1146.27
ORD0018453,CUST01380,PROD00107,STORE015,2026-04-25,5,20890.94
ORD0016759,CUST00383,PROD00079,STORE012,2026-04-25,5,21417.3
ORD0018322,CUST00569,,STORE017,2026-04-25,3,6068.69
ORD0016833,CUST00465,PROD00036,STORE005,2026-04-16,4,3667.58
ORD0016678,CUST00394,PROD00102,STORE012,2026-04-25,1,6624.14
ORD0017312,CUST00683,PROD00157,STORE016,2026-04-25,1,16330.6
ORD0017144,CUST01221,PROD00067,STORE009,2026-04-25,1,14737.68
ORD0018182,CUST00322,PROD00272,STORE021,2026-04-25,6,14404.63
ORD0018151,CUST00301,PROD00173,STORE022,2026-04-25,1,17454.95
ORD0016713,CUST00355,PROD00002,STORE005,2026-04-16,6,21151.12
ORD0018236,CUST00462,PROD00196,STORE023,2026-04-25,6,2194.96
ORD0016583,CUST01203,PROD00095,STORE004,2026-04-25,2,5663.51
ORD0017198,CUST00295,PROD00269,STORE024,2026-04-25,4,20915.9
ORD0016709,CUST00529,PROD00050,STORE008,2026-04-25,6,17032.94
ORD0017396,CUST00195,PROD00229,STORE008,2026-04-25,3,15299.03
ORD0017642,CUST01213,PROD00197,STORE016,2026-04-25,4,11422.82
ORD0017925,CUST00921,PROD00257,STORE010,2026-04-25,2,13980.58
ORD0018205,CUST01274,PROD00300,STORE014,2026-04-25,3,11439.77
ORD0017438,,PROD00256,STORE011,2026-04-25,2,19921.7
ORD0016954,CUST01461,PROD00118,STORE006,2026-04-25,6,6211.13
ORD0018489,CUST01041,PROD00116,STORE016,2026-04-25,2,13099.17
ORD0017370,CUST01362,PROD00097,STORE019,2026-04-25,4,747.77
ORD0017155,CUST00770,PROD00227,STORE005,2026-04-21,6,1095.35
ORD0016714,CUST00727,PROD00177,STORE018,2026-04-25,1,5893.33
ORD0017307,CUST00388,PROD00261,STORE021,2026-04-25,4,21786.95
ORD0018348,CUST00386,PROD00180,STORE006,2026-04-25,4,17336.18
ORD0017008,,PROD00152,STORE021,2026-04-25,2,7639.2
ORD0017981,CUST00081,PROD00066,STORE003,2026-04-25,2,24265.29
ORD0017916,CUST00101,PROD00076,STORE012,2026-04-25,3,13518.53
ORD0016774,CUST00943,PROD00294,STORE022,2026-04-25,4,7326.92
ORD0017451,CUST01472,PROD00227,STORE013,2026-04-25,2,23680.08
ORD0016853,CUST00697,PROD00052,STORE009,2026-04-25,5,13007.47
ORD0018042,CUST00291,PROD00085,STORE012,2026-04-25,1,1047.77
ORD0018357,CUST01250,PROD00074,STORE017,2026-04-25,3,13374.54
ORD0018376,CUST00832,PROD00190,STORE013,2026-04-25,4,11504.21
ORD0017971,CUST01169,PROD00274,STORE010,2026-04-25,6,16046.17
ORD0017911,CUST01415,PROD00269,STORE003,2026-04-25,2,14737.13
ORD0017533,CUST00154,PROD00232,STORE004,2026-04-25,6,14891.04
ORD0017514,CUST00038,PROD00050,STORE009,2026-04-25,2,5921.51
ORD0017923,CUST00623,PROD00208,STORE018,2026-04-25,1,22720.31
ORD0017908,CUST00315,PROD00202,STORE004,2026-04-25,4,6008.44
ORD0016981,CUST00790,PROD00242,STORE005,2026-04-25,4,17425.58
ORD0018405,CUST00184,,STORE003,2026-04-25,3,16753.64
ORD0016874,CUST00839,PROD00128,STORE019,2026-04-20,2,23184.46
ORD0017356,CUST00878,PROD00109,STORE019,2026-04-25,2,4071.4
ORD0018047,CUST01265,,STORE014,2026-04-25,4,13740.92
ORD0017764,CUST00593,PROD00188,STORE014,2026-04-25,3,10706.62
ORD0016566,CUST01098,PROD00084,STORE016,2026-04-25,2,6920.22
ORD0018390,CUST00774,PROD00283,STORE022,2026-04-25,1,13415.51
ORD0017065,CUST00452,PROD00230,STORE012,2026-04-25,4,18782.61
ORD0017500,CUST01127,PROD00051,STORE018,2026-04-25,1,9289.97
ORD0016674,CUST00420,PROD00017,STORE021,2026-04-25,5,11325.0
ORD0017954,CUST01004,PROD00240,STORE013,2026-04-25,5,14568.86
ORD0018361,CUST00752,PROD00203,STORE005,2026-04-25,6,1891.43
ORD0018244,CUST00735,PROD00075,STORE016,2026-04-25,1,21260.42
ORD0017847,CUST00415,PROD00211,STORE011,2026-04-25,2,17951.59
ORD0016973,CUST00978,PROD00214,STORE021,2026-04-25,4,12330.6
ORD0018289,CUST00794,PROD00285,STORE023,2026-04-15,4,19843.06
ORD0017756,CUST01471,PROD00115,STORE017,2026-04-25,5,20291.45
ORD0017245,CUST00652,PROD00192,STORE006,2026-04-16,6,15320.92
ORD0016703,CUST00684,PROD00235,STORE015,2026-04-25,4,22771.75
ORD0017583,CUST01071,PROD00213,STORE017,2026-04-25,1,20486.53
ORD0018354,CUST00900,PROD00031,STORE006,2026-04-25,3,2547.85
ORD0018469,CUST01218,PROD00216,STORE011,2026-04-25,6,21830.5
ORD0017928,CUST00757,PROD00244,STORE013,2026-04-25,2,366.44
ORD0018144,CUST00575,PROD00034,STORE010,2026-04-25,2,10436.12
ORD0018408,CUST00724,PROD00196,STORE016,2026-04-25,2,18463.75
ORD0018440,CUST00691,PROD00222,STORE024,2026-04-25,6,5160.24
ORD0018090,CUST00029,PROD00026,STORE002,2026-04-25,6,17408.07
ORD0017824,CUST00505,PROD00203,STORE017,2026-04-25,3,2908.28
ORD0017740,CUST00823,PROD00005,STORE006,2026-04-25,6,24379.24
ORD0018227,CUST00511,PROD00021,STORE024,2026-04-25,1,13121.19
ORD0018180,CUST00587,PROD00057,STORE010,2026-04-20,3,24252.97
ORD0016631,CUST01327,PROD00022,STORE007,2026-04-25,3,13772.91
ORD0017252,CUST00671,PROD00246,STORE011,2026-04-25,5,9818.26
ORD0018075,CUST00220,PROD00161,STORE009,2026-04-25,1,1494.42
ORD0018339,CUST00074,PROD00081,STORE015,2026-04-25,2,24941.98
ORD0017502,CUST01340,PROD00037,STORE018,2026-04-25,3,12152.01
ORD0018228,CUST01263,PROD00194,STORE009,2026-04-25,3,10509.67
ORD0016770,CUST00230,PROD00007,STORE009,2026-04-25,4,4282.29
ORD0016898,CUST00438,PROD00300,STORE022,2026-04-25,5,5501.64
ORD0018439,CUST00169,PROD00193,STORE025,2026-04-25,3,15532.51
ORD0017022,CUST00163,PROD00089,STORE003,2026-04-25,4,17200.87
ORD0018315,CUST00976,PROD00017,STORE016,2026-04-25,3,12136.14
ORD0017040,CUST00597,PROD00111,STORE018,2026-04-25,2,15613.44
ORD0017318,CUST00481,PROD00068,STORE020,2026-04-25,2,14321.35
ORD0017363,CUST01259,PROD00111,STORE011,2026-04-15,4,11112.8
ORD0018298,CUST00776,PROD00138,STORE018,2026-04-25,6,8722.73
ORD0017152,CUST00287,PROD00132,STORE013,2026-04-25,2,10920.58
ORD0016965,,PROD00023,STORE020,2026-04-25,6,14980.43
ORD0017289,CUST00452,PROD00034,STORE022,2026-04-25,2,10153.72
ORD0017194,CUST00043,PROD00255,STORE003,2026-04-16,6,13581.2
ORD0017662,CUST00227,PROD00150,STORE023,2026-04-25,1,8992.85
ORD0018181,CUST01480,PROD00224,STORE002,2026-04-25,6,12989.16
ORD0017422,CUST00715,PROD00262,STORE015,2026-04-25,4,2191.81
ORD0016777,CUST00839,PROD00006,STORE019,2026-04-25,2,16198.32
ORD0017016,CUST00280,PROD00155,STORE017,2026-04-25,6,24713.13
ORD0017687,CUST00401,PROD00212,STORE011,2026-04-25,3,18959.01
ORD0017624,CUST00304,PROD00081,STORE018,2026-04-25,3,7358.46
ORD0017379,CUST01048,PROD00162,STORE017,2026-04-25,two,16961.62
ORD0016651,CUST01096,PROD00180,STORE002,2026-04-16,5,5669.27
ORD0018270,CUST00970,PROD00260,STORE003,2026-04-25,4,7852.37
ORD0016878,CUST01452,PROD00195,STORE001,2026-04-25,4,11850.94
ORD0017982,CUST00357,PROD00183,STORE024,2026-04-25,4,8896.0
ORD0018106,CUST00299,PROD00224,STORE012,2026-04-25,3,18492.85
ORD0016915,CUST00276,PROD00184,STORE010,2026-04-20,3,21157.99
ORD0017432,CUST01103,PROD00006,STORE019,2026-04-25,4,6627.97
ORD0017496,CUST00262,,STORE010,2026-04-25,2,4151.48
ORD0016590,CUST00813,PROD00211,STORE006,2026-04-25,3,12879.24
ORD0017703,CUST00595,PROD00224,STORE025,2026-04-16,5,1092.81
ORD0016856,CUST00520,PROD00080,STORE013,2026-04-25,3,20673.79
ORD0017788,CUST01055,PROD00043,STORE002,2026-04-25,3,7473.28
ORD0016970,CUST01160,PROD00215,STORE021,2026-04-25,1,2969.49
ORD0017203,CUST01455,PROD00253,STORE002,2026-04-25,6,7169.28
ORD0017862,CUST01042,PROD00010,STORE020,2026-04-25,6,10200.3
ORD0017492,CUST01303,PROD00045,STORE024,2026-04-25,3,14707.02
ORD0018305,CUST01078,PROD00106,STORE001,2026-04-25,2,5482.31
ORD0017443,CUST00778,PROD00265,STORE016,2026-04-25,2,21429.97
ORD0017011,CUST01456,PROD00225,STORE019,2026-04-25,2,19874.7
ORD0017223,CUST00926,PROD00191,STORE005,2026-04-25,4,11616.24
ORD0017909,CUST00378,PROD00255,STORE016,2026-04-25,6,12564.16
ORD0017271,CUST00817,PROD00026,STORE003,2026-04-25,5,1689.29
ORD0018384,CUST00283,PROD00200,STORE008,2026-04-25,2,13653.67
ORD0016946,CUST00614,PROD00214,STORE023,2026-04-25,4,17335.33
ORD0016961,CUST00446,PROD00057,STORE013,2026-04-25,4,24152.99
ORD0016775,CUST01484,PROD00007,STORE001,2026-04-25,5,6678.01
ORD0017041,CUST00111,PROD00293,STORE004,2026-04-21,1,2602.07
ORD0017205,CUST00428,PROD00263,STORE003,2026-04-25,3,15236.46
ORD0017844,CUST00902,PROD00181,STORE006,2026-04-25,5,23687.11
ORD0018310,CUST01355,PROD00037,STORE008,2026-04-19,6,10874.16
ORD0016907,CUST00615,PROD00264,STORE017,2026-04-25,3,6764.78
ORD0017082,CUST01116,PROD00124,STORE009,2026-04-25,4,21162.97
ORD0017336,CUST00093,PROD00152,STORE025,2026-04-25,6,6901.37
ORD0018190,CUST00118,PROD00042,STORE001,2026-04-25,2,20941.0
ORD0018241,CUST00756,PROD00298,STORE016,2026-04-25,3,3632.56
ORD0018373,CUST00574,PROD00112,STORE011,2026-04-25,6,18837.83
ORD0017281,CUST01195,PROD00109,STORE015,2026-04-25,6,645.62
ORD0017364,CUST00166,PROD00139,STORE003,2026-04-25,6,17751.48
ORD0016820,CUST00962,PROD00247,STORE013,2026-04-25,2,12580.29
ORD0017309,CUST00320,PROD00046,STORE003,2026-04-25,1,24169.53
ORD0017644,CUST00899,PROD00243,STORE014,2026-04-25,5,2748.47
ORD0016743,CUST00231,PROD00128,STORE001,2026-04-25,5,6482.44
ORD0018475,CUST01421,PROD00128,STORE016,2026-04-25,3,17907.37
ORD0016691,CUST00182,PROD00258,STORE024,2026-04-25,2,23319.96
ORD0018306,CUST00486,PROD00198,STORE025,2026-04-25,5,19385.54
ORD0017637,CUST01213,PROD00098,STORE002,2026-04-25,3,14452.37
ORD0017603,CUST00467,PROD00026,STORE007,,2,9862.79
ORD0016831,CUST00550,PROD00138,STORE012,2026-04-25,6,10374.85
ORD0017344,CUST01500,PROD00281,STORE020,2026-04-25,4,9774.6
ORD0017302,CUST01287,PROD00206,STORE009,2026-04-25,5,18994.78
ORD0017518,CUST00885,PROD00283,STORE014,2026-04-25,1,2529.75
ORD0017975,CUST01128,PROD00028,STORE005,2026-04-25,6,7129.05
ORD0018455,CUST00256,PROD00210,STORE005,2026-04-25,6,17414.23
ORD0017920,CUST00529,PROD00162,STORE008,2026-04-25,3,5827.55
ORD0018028,CUST00769,PROD00065,STORE020,2026-04-19,2,12130.95
ORD0017285,CUST00170,PROD00136,STORE023,2026-04-25,3,3319.15
ORD0018220,CUST00483,PROD00059,STORE003,2026-04-25,3,164.32
ORD0018275,CUST00694,PROD00005,STORE020,2026-04-25,3,15569.59
ORD0016615,CUST01159,PROD00149,STORE016,2026-04-25,4,9500.97
ORD0017063,CUST00894,PROD00066,STORE003,2026-04-25,4,8614.74
ORD0017751,CUST00598,PROD00085,STORE017,2026-04-25,3,208.43
ORD0017626,CUST01336,PROD00165,STORE006,2026-04-25,4,5835.11
ORD0018053,CUST01378,PROD00101,STORE018,not_a_date,5,6297.19
ORD0018460,CUST00582,PROD00001,STORE008,2026-04-25,4,7610.01
ORD0017736,CUST00797,PROD00092,STORE011,2026-04-25,3,10885.66
ORD0017112,CUST01005,PROD00243,STORE014,2026-04-25,2,17838.02
ORD0017696,CUST01070,PROD00047,STORE005,2026-04-25,3,6003.26
ORD0017146,CUST01454,PROD00150,STORE009,2026-04-25,1,7653.29
ORD0017713,CUST00350,PROD00067,STORE010,2026-04-25,2,8997.18
ORD0017007,CUST00499,PROD00211,STORE005,2026-04-25,6,$1767.22
ORD0018413,CUST00584,PROD00146,STORE014,2026-04-25,3,19522.2
ORD0018452,CUST00787,PROD00115,STORE020,00/00/0000,5,21762.49
ORD0018250,CUST01490,PROD00141,STORE001,2026-04-25,3,9736.09
ORD0017131,CUST00173,PROD00056,STORE003,2026-04-25,3,9351.77
ORD0017897,CUST00005,PROD00028,STORE024,2026-04-25,1,22239.03
ORD0017802,CUST00734,PROD00228,STORE015,2026-04-25,3,1639.59
ORD0016722,CUST00949,PROD00216,STORE012,2026-04-25,1,2661.02
ORD0017700,CUST01140,PROD00225,STORE024,2026-04-25,6,14247.8
ORD0017453,CUST00534,PROD00060,STORE013,2026-04-25,3,24508.82
ORD0016599,CUST01045,PROD00014,STORE006,2026-04-25,6,2749.06
ORD0017498,CUST01022,PROD00077,STORE021,2026-04-25,2,21668.97
ORD0016689,CUST01436,PROD00135,STORE022,2026-04-25,4,21195.44
ORD0017350,CUST00731,PROD00135,STORE006,2026-04-25,5,21714.35
ORD0018093,CUST00740,PROD00042,STORE012,2026-04-25,2,12721.01
ORD0016560,CUST00015,PROD00112,STORE016,2026-04-25,3,473.34
ORD0018103,CUST01412,PROD00190,STORE022,2026-04-25,5,14569.11
ORD0017527,CUST00055,PROD00147,STORE023,2026-04-25,5,23729.87
ORD0018112,CUST01151,PROD00161,STORE006,2026-04-25,3,20207.25
ORD0016548,CUST01055,PROD00170,STORE010,2026-04-25,3,13749.43
ORD0016755,CUST00310,PROD00053,STORE002,2026-04-25,2,10710.54
ORD0016877,CUST00139,PROD00044,STORE008,2026-04-25,3,20531.19
ORD0018010,CUST01386,,STORE002,2026-04-25,5,23335.01
ORD0016920,CUST01008,PROD00296,STORE023,2026-04-25,1,6734.71
ORD0017214,CUST00158,PROD00020,STORE022,2026-04-17,1,10736.04
ORD0017442,CUST00709,PROD00065,STORE001,2026-04-25,1,17162.57
ORD0017327,CUST00361,PROD00032,STORE009,2026-04-20,1,12250.56
ORD0017550,CUST00306,PROD00270,STORE001,2026-04-25,3,10903.06
ORD0016622,CUST00394,PROD00100,STORE024,2026-04-25,4,12483.58
ORD0018234,CUST00925,PROD00170,STORE008,2026-04-25,6,24060.75
ORD0017202,CUST00197,PROD00094,STORE010,2026-04-25,4,5733.94
ORD0017666,CUST00340,PROD00199,STORE010,2026-04-25,1,13496.87
ORD0016998,CUST00187,PROD00105,STORE006,2026-04-25,6,14365.52
ORD0018179,CUST00696,PROD00258,STORE019,2026-04-25,3,12316.43
ORD0017944,CUST00846,PROD00110,STORE003,2026-04-25,3,5853.65
ORD0018044,CUST00329,PROD00269,STORE001,2026-04-25,3,22729.29
ORD0017672,CUST01030,PROD00014,STORE004,2026-04-25,4,6475.15
ORD0016724,CUST00738,PROD00176,STORE012,2026-04-25,6,7050.76
ORD0017869,CUST00310,PROD00083,STORE009,2026-04-25,2,1318.87
ORD0018283,CUST00064,PROD00037,STORE005,2026-04-25,1,13994.25
ORD0018337,CUST00267,PROD00174,STORE019,2026-04-25,4,5383.56
ORD0017885,CUST00503,PROD00010,STORE002,2026-04-25,1,21027.71
ORD0016908,CUST00409,PROD00036,STORE015,2026-04-25,1,9236.96
ORD0016541,CUST00384,PROD00235,STORE025,2026-04-25,1,24980.88
ORD0017689,CUST01078,PROD00300,STORE011,2026-04-19,4,17905.59
ORD0018492,CUST01487,PROD00157,STORE013,2026-04-25,6,18733.83
ORD0017522,CUST01491,PROD00198,STORE024,2026-04-25,2,15160.99
ORD0017800,CUST00303,PROD00295,STORE013,2026-04-25,5,11804.98
ORD0017610,CUST00004,PROD00238,STORE008,2026-04-25,5,17605.62
ORD0016764,CUST01292,PROD00152,STORE005,2026-04-25,3,16893.03
ORD0016837,CUST00741,PROD00122,STORE018,2026-04-25,1,2738.41
ORD0017572,CUST00053,PROD00049,STORE009,2026-04-25,4,3787.5
ORD0018066,CUST00366,PROD00271,STORE019,2026-04-25,1,16988.68
ORD0016567,CUST01385,PROD00159,STORE009,2026-04-25,4,20028.78
ORD0017932,CUST00061,PROD00255,STORE005,2026-04-25,2,3682.94
ORD0018296,CUST00875,PROD00294,STORE025,2026-04-25,4,24272.24
ORD0018150,CUST00977,PROD00200,STORE008,2026-04-25,4,4913.51
ORD0017375,CUST00957,PROD00246,STORE019,2026-04-21,2,14875.48
ORD0016857,CUST00768,PROD00217,STORE017,2026-04-25,1,9845.2
ORD0017001,CUST01255,PROD00273,STORE008,2026-04-17,6,22733.54
ORD0017405,CUST00317,PROD00141,STORE010,2026-04-25,1,21160.18
ORD0018451,CUST01401,PROD00269,STORE002,2026-04-25,1,4591.39
ORD0017164,CUST01222,PROD00091,STORE009,2026-04-25,4,1065.62
ORD0017783,CUST00103,PROD00161,STORE001,2026-04-25,6,18156.75
ORD0018282,CUST00851,PROD00003,STORE024,2026-04-25,5,4542.96
ORD0018266,CUST00453,PROD00206,STORE016,2026-04-25,1,16472.77
ORD0018372,CUST00893,PROD00138,STORE003,2026-04-25,2,9180.31
ORD0017724,CUST00884,PROD00258,STORE008,2026-04-25,1,6217.18
ORD0018403,CUST01261,PROD00187,STORE020,2026-04-25,5,12498.7
ORD0016832,CUST00507,PROD00160,STORE021,2026-04-25,1,22305.11
ORD0016619,CUST00277,PROD00125,STORE008,2026-04-25,1,11853.37
ORD0018477,CUST00234,PROD00255,STORE005,2026-04-25,5,13393.98
ORD0016887,CUST00482,PROD00205,STORE012,2026-04-25,6,7003.05
ORD0016717,CUST00760,PROD00181,STORE021,2026-04-25,4,9160.98
ORD0017994,CUST01105,PROD00007,STORE015,2026-04-25,3,1516.01
ORD0018094,CUST00188,PROD00112,STORE014,2026-04-25,3,10764.7
ORD0017812,CUST00069,PROD00029,STORE013,2026-04-25,2,10576.61
ORD0016762,CUST00432,PROD00299,STORE007,2026-04-25,5,5047.07
ORD0017876,CUST00443,PROD00300,STORE016,2026-04-25,6,3996.93
ORD0018030,CUST00824,PROD00119,STORE009,2026-04-25,5,22417.92
ORD0016574,CUST01491,PROD00094,STORE008,2026-04-25,3,17195.06
ORD0017692,CUST00573,PROD00281,STORE025,2026-04-25,2,17527.79
ORD0017322,CUST01051,PROD00149,STORE015,2026-04-20,2,191.25
ORD0016881,CUST00289,PROD00170,STORE024,2026-04-25,5,4492.42
ORD0017402,CUST00806,PROD00158,STORE001,2026-04-25,4,6504.76
ORD0017089,CUST00123,PROD00005,STORE025,2026-04-25,5,565.35
ORD0017505,CUST01201,PROD00295,STORE025,2026-04-25,1,17737.16
ORD0017125,CUST01226,PROD00118,STORE013,2026-04-25,3,2600.52
ORD0016633,CUST00527,PROD00190,STORE016,2026-04-25,1,4501.96
ORD0017133,CUST01419,PROD00124,STORE007,2026-04-20,6,12459.35
ORD0017573,CUST00769,PROD00210,STORE019,2026-04-25,1,24757.27
ORD0017661,CUST00177,PROD00091,STORE017,2026-04-25,4,5921.8
ORD0017544,CUST01061,PROD00013,STORE005,2026-04-25,1,12031.04
ORD0017873,CUST00527,PROD00233,STORE018,2026-04-25,3,18648.15
ORD0018064,CUST00358,PROD00218,STORE004,2026-04-16,6,1709.89
ORD0017135,CUST00052,PROD00162,STORE014,2026-04-25,6,18424.41
ORD0016780,CUST00344,PROD00134,STORE019,2026-04-25,6,11188.95
ORD0017412,CUST00250,PROD00166,STORE017,2026-04-25,5,3071.38
ORD0017693,CUST00106,PROD00170,STORE005,2026-04-25,6,4819.8
ORD0017470,CUST00364,PROD00060,STORE015,2026-04-25,6,3095.55
ORD0017806,CUST01041,PROD00024,STORE015,2026-04-25,2,20728.79
ORD0016586,CUST00256,PROD00047,STORE008,2026-04-25,5,abc
ORD0018449,CUST00067,PROD00294,STORE001,2026-04-25,6,1544.85
ORD0016684,CUST01236,,STORE021,2026-04-19,1,15376.89
ORD0017284,CUST01347,PROD00281,STORE023,2026-04-25,3,17146.82
ORD0017217,CUST00878,PROD00126,STORE001,2026-04-25,1,7395.2
ORD0018285,CUST01249,PROD00263,STORE005,2026-04-25,1,1730.28
ORD0018382,CUST00050,PROD00097,STORE023,2026-04-25,3,14678.89
ORD0018364,CUST01444,PROD00039,STORE007,2026-04-25,1,9178.78
ORD0017235,CUST00437,PROD00203,STORE005,2026-04-25,4,20026.49
ORD0017725,CUST01177,PROD00269,STORE015,2026-04-25,5,24010.68
ORD0017602,CUST01353,PROD00203,STORE010,2026-04-25,3,16072.1
ORD0018216,CUST00652,PROD00242,STORE014,2026-04-25,3,5953.34
ORD0018375,CUST01439,PROD00045,STORE019,2026-04-25,1,7234.44
ORD0018421,CUST01300,PROD00079,STORE017,2026-04-25,4,2176.72
ORD0017141,CUST01243,PROD00096,STORE024,2026-04-25,1,7040.72
ORD0017103,CUST00604,PROD00246,STORE004,2026-04-25,6,13467.62
ORD0017577,CUST00160,PROD00297,STORE020,2026-04-25,6,9945.26
ORD0016609,CUST00263,PROD00178,STORE009,2026-04-25,6,7639.17
ORD0017098,CUST00229,PROD00126,STORE024,2026-04-25,5,15816.52
ORD0017012,CUST00255,PROD00112,STORE015,2026-04-25,4,13705.68
ORD0017778,CUST00456,PROD00136,STORE002,2026-04-25,5,14248.83
ORD0017188,CUST00875,PROD00217,STORE003,2026-04-25,3,22016.85
ORD0017395,CUST00108,PROD00050,STORE016,2026-04-25,1,9139.33
ORD0016995,CUST00188,PROD00109,STORE013,2026-04-25,5,18494.99
ORD0016707,CUST00469,PROD00100,STORE012,2026-04-25,6,10475.01
ORD0018095,CUST00861,PROD00211,STORE001,2026-04-25,1,22680.67
ORD0017706,CUST01070,PROD00273,STORE010,2026-04-25,5,24513.02
ORD0016976,CUST00630,PROD00161,STORE006,2026-04-25,3,2792.24
ORD0016758,CUST00606,PROD00105,STORE010,2026-04-25,4,11857.61
ORD0017657,CUST00022,PROD00070,STORE018,2026-04-25,2,9022.15
ORD0017148,CUST01023,PROD00222,STORE008,not_a_date,3,6884.17
ORD0017167,CUST01011,PROD00072,STORE020,2026-04-25,4,2195.3
ORD0017166,CUST01325,PROD00154,STORE025,2026-04-15,4,23373.77
ORD0017362,CUST00622,PROD00124,STORE020,2026-04-25,5,24235.61
ORD0016814,CUST01207,PROD00226,STORE001,2026-04-25,2,5634.49
ORD0017295,CUST00285,PROD00290,STORE019,2026-04-25,2,19845.73
ORD0018127,CUST00305,PROD00274,STORE011,2026-04-19,5,12154.1
ORD0017329,CUST01160,PROD00276,STORE006,2026-04-25,5,14022.47
ORD0018175,CUST01111,PROD00140,STORE017,2026-04-25,4,3653.05
ORD0016525,CUST00787,PROD00104,STORE015,2026-04-25,2,1664.1
ORD0017606,CUST00362,PROD00107,STORE017,2026-04-19,6,3986.54
ORD0016938,CUST01465,PROD00112,STORE008,2026-04-25,5,7357.55
ORD0017999,CUST00657,PROD00233,STORE008,2026-04-25,1,4997.68
ORD0017142,CUST01085,PROD00093,STORE014,2026-04-25,4,4091.79
ORD0016585,CUST01463,PROD00027,STORE007,2026-04-25,5,166.7
ORD0017465,CUST00344,PROD00106,STORE003,2026-04-25,3,18716.03
ORD0017659,CUST00423,PROD00243,STORE025,2026-04-25,3,18856.31
ORD0016951,CUST00125,PROD00012,STORE005,2026-04-25,3,16866.04
ORD0017631,CUST01247,PROD00040,STORE006,2026-04-22,6,21146.51
ORD0017115,CUST00747,PROD00233,STORE024,2026-04-25,1,7285.5
ORD0016656,,PROD00249,STORE023,2026-04-25,6,10957.23
ORD0017511,CUST01175,PROD00289,STORE022,2026-04-25,6,21859.58
ORD0016744,CUST00019,PROD00296,STORE010,2026-04-25,3,3620.19
ORD0017378,CUST00075,PROD00084,STORE010,2026-04-22,5,24997.51
ORD0016704,CUST00664,PROD00160,STORE020,2026-04-25,4,940.25
ORD0017843,CUST01105,PROD00201,STORE003,2026-04-25,3,14878.51
ORD0018169,CUST01125,PROD00072,STORE021,2026-04-25,5,24357.52
ORD0016710,CUST00605,PROD00150,STORE008,2026-04-25,3,3972.38
ORD0017456,CUST00394,PROD00031,STORE003,2026-04-25,3,20497.95
ORD0017595,CUST00995,PROD00130,STORE022,2026-04-25,3,3381.35
ORD0017105,CUST00098,PROD00216,STORE006,2026-04-25,4,18441.33
ORD0016876,CUST00503,PROD00046,STORE012,2026-04-25,4,8579.97
ORD0017049,CUST00498,PROD00197,STORE014,2026-04-25,1,24153.69
ORD0018158,CUST00979,PROD00023,STORE010,2026-04-25,3,13824.18
ORD0017517,CUST00900,PROD00129,STORE016,2026-04-25,1,22817.71
ORD0018051,CUST00298,PROD00155,STORE013,2026-04-25,4,5473.63
ORD0016991,CUST00525,PROD00183,STORE007,2026-04-25,3,4125.11
ORD0016910,CUST00120,PROD00191,STORE002,2026-04-22,2,1625.32
ORD0017586,CUST01360,PROD00083,STORE016,2026-04-25,3,5738.57
ORD0016860,CUST00729,PROD00133,STORE005,2026-04-25,2,9963.92
ORD0017501,CUST01214,PROD00244,STORE022,2026-04-25,5,2514.95
ORD0018015,CUST00260,PROD00081,STORE021,2026-04-25,5,3220.42
ORD0017224,CUST00119,PROD00290,STORE002,2026-04-25,1,6236.61
ORD0016863,CUST00741,PROD00070,STORE021,2026-04-19,3,10274.48
ORD0016668,CUST00352,PROD00212,STORE012,2026-04-25,6,11515.04
ORD0018402,CUST00221,PROD00158,STORE007,2026-04-25,5,24826.63
ORD0016871,CUST00411,PROD00078,STORE010,2026-04-21,1,21630.23
ORD0017598,CUST00100,PROD00095,STORE023,2026-04-25,4,15494.95
ORD0018472,CUST01262,PROD00198,STORE003,2026-04-25,6,6385.62
ORD0017717,,PROD00061,STORE001,2026-04-25,3,1095.4
ORD0017795,CUST00164,PROD00284,STORE016,2026-04-25,6,6127.38
ORD0017467,CUST01031,PROD00136,STORE010,2026-04-25,3,23928.98
ORD0016838,CUST00887,PROD00229,STORE006,2026-04-25,1,1271.36
ORD0016912,CUST00204,PROD00121,STORE020,2026-04-25,4,20935.15
ORD0017948,CUST00311,PROD00178,STORE021,2026-04-25,4,3844.96
ORD0016733,CUST00434,PROD00060,STORE020,2026-04-25,5,9461.67
ORD0016747,CUST00765,PROD00152,STORE008,2026-04-25,2,7219.06
ORD0016614,CUST00178,PROD00129,STORE020,2026-04-25,1,15945.1
ORD0017176,CUST00662,PROD00228,STORE019,2026-04-25,5,16359.24
ORD0016677,CUST00862,PROD00053,STORE006,2026-04-25,6,10192.21
ORD0018425,CUST01101,PROD00104,STORE023,2026-04-25,3,16169.72
ORD0018320,CUST00455,PROD00189,STORE010,2026-04-25,6,9084.12
ORD0017228,CUST01069,PROD00130,STORE009,2026-04-25,6,9498.62
ORD0016997,CUST01208,PROD00049,STORE001,2026-04-25,3,21885.0
ORD0017856,CUST01323,PROD00218,STORE021,2026-04-25,6,17430.4
ORD0017076,CUST00273,PROD00281,STORE016,2026-04-25,-1,12715.61
ORD0017170,CUST00322,PROD00242,STORE021,2026-04-25,1,unknown
ORD0016504,CUST00555,PROD00149,STORE009,2026-04-25,1,16554.58
ORD0017588,CUST00799,PROD00295,STORE014,2026-04-25,6,15068.14
ORD0017027,CUST01403,PROD00070,STORE001,2026-04-25,6,22432.36
ORD0017535,CUST00054,PROD00137,STORE004,2026-04-25,1,14282.66
ORD0017310,CUST00428,PROD00144,STORE021,2026-04-25,3,4798.42
ORD0017889,CUST00971,PROD00162,STORE020,2026-04-25,1,5282.07
ORD0016848,CUST00515,PROD00144,STORE018,2026-04-25,6,15221.44
ORD0017593,CUST00552,PROD00065,STORE011,2026-04-25,4,24122.85
ORD0017859,CUST00355,PROD00103,STORE024,2026-04-17,6,4905.46
ORD0017178,CUST01474,PROD00098,STORE008,2026-04-25,3,5788.77
ORD0017924,CUST00257,PROD00013,STORE011,2026-04-25,5,17162.99
ORD0017136,CUST00395,PROD00076,STORE018,2026-04-15,2,19507.83
ORD0018043,CUST01452,PROD00170,STORE017,2026-04-25,4,13731.88
ORD0016897,CUST01453,PROD00125,STORE021,2026-04-25,1,20584.62
ORD0017019,CUST01343,PROD00155,STORE006,2026-04-25,1,9740.5
ORD0016550,CUST00185,PROD00267,STORE012,2026-04-25,1,4781.15
ORD0018265,CUST00863,PROD00112,STORE003,2026-04-25,3,12124.43
ORD0017813,CUST00792,PROD00028,STORE004,2026-04-25,2,514.05
ORD0017532,CUST00860,PROD00288,STORE010,2026-04-25,2,23171.06
ORD0016753,CUST00606,PROD00259,STORE007,2026-04-25,3,20300.54
ORD0016815,CUST00693,PROD00154,STORE002,2026-04-25,2,21949.84
ORD0017173,CUST00676,PROD00281,STORE023,2026-04-25,2,9662.53
ORD0017010,CUST01448,PROD00073,STORE018,2026-04-25,4,5712.79
ORD0017046,CUST01268,PROD00013,STORE001,2026-04-25,4,7689.26
ORD0018021,CUST01463,PROD00284,STORE021,2026-04-25,1,10057.85
ORD0017183,CUST00128,PROD00291,STORE017,2026-04-25,3,15866.28
ORD0017768,CUST00878,PROD00080,STORE024,2026-04-25,6,11491.11
ORD0018307,CUST01071,PROD00161,STORE021,2026-04-25,2,6853.83
ORD0017998,CUST01154,PROD00225,STORE002,2026-04-25,1,3558.69
ORD0017762,CUST00789,PROD00058,STORE005,2026-04-25,6,9383.87
ORD0018470,CUST00385,PROD00189,STORE003,2026-04-25,1,8991.38
ORD0017426,CUST00254,PROD00083,STORE011,2026-04-17,5,1919.6
ORD0018068,CUST00459,PROD00212,STORE023,2026-04-25,4,13590.49
ORD0017608,CUST00501,PROD00113,STORE010,2026-04-25,5,20147.11
ORD0018437,CUST00411,PROD00172,STORE012,2026-04-25,5,20012.01
ORD0017581,CUST00913,PROD00152,STORE010,2026-04-25,5,20767.28
ORD0017681,CUST01396,PROD00029,STORE009,2026-04-25,2,7085.65
ORD0017888,CUST01325,PROD00083,STORE019,2026-04-25,3,3431.16
ORD0017912,CUST01423,PROD00172,STORE015,2026-04-25,6,15054.8
ORD0018338,CUST01384,PROD00177,STORE011,2026-04-25,6,9029.74
ORD0018314,CUST00811,PROD00277,STORE009,2026-04-25,5,8777.88
ORD0018363,CUST00030,PROD00269,STORE024,2026-04-25,3,7400.41
ORD0017156,CUST00403,PROD00101,STORE015,2026-04-25,3,4894.29
ORD0017086,CUST01240,PROD00279,STORE020,2026-04-25,1,10672.5
ORD0017777,CUST00115,PROD00059,STORE010,2026-04-25,2,6979.92
ORD0018162,CUST00500,PROD00003,STORE007,2026-04-25,4,-5
ORD0017551,CUST01466,PROD00012,STORE020,2026-04-25,3,1701.71
ORD0016649,CUST00562,PROD00146,STORE014,2026-04-25,4,7318.16
ORD0017656,CUST00340,PROD00208,STORE020,2026-04-20,6,10747.68
ORD0016987,CUST00572,PROD00034,STORE024,2026-04-25,1,19952.84
ORD0017472,CUST00933,PROD00285,STORE014,2026-04-25,2,2828.77
ORD0017006,CUST00842,PROD00084,STORE014,2026-04-25,6,2075.38
ORD0017023,CUST01049,PROD00272,STORE022,2026-04-25,6,9039.3
ORD0017940,CUST00004,PROD00215,STORE017,2026-04-25,4,7154.24
ORD0017297,CUST00219,PROD00134,STORE002,2026-04-25,1,23062.45
ORD0017993,CUST00717,PROD00253,STORE013,2026-04-25,5,23089.68
ORD0017524,CUST00306,PROD00060,STORE025,2026-04-25,3,10210.36
ORD0017827,CUST01464,PROD00281,STORE002,2026-04-25,3,14335.51
ORD0017612,CUST00552,PROD00249,STORE023,2026-04-25,5,1997.74
ORD0018183,CUST00015,PROD00120,STORE007,2026-04-25,4,6427.57
ORD0016716,CUST00418,PROD00147,STORE003,2026-04-25,3,5257.21
ORD0017845,CUST00170,PROD00257,STORE024,2026-04-25,3,17644.55
ORD0017383,CUST01071,PROD00242,STORE002,2026-04-25,2,1237.96
ORD0018309,CUST01377,PROD00140,STORE017,2026-04-25,6,9945.04
ORD0016595,CUST00063,PROD00075,STORE024,2026-04-25,6,6881.44
ORD0016648,CUST01054,PROD00194,STORE025,2026-04-25,6,2356.51
ORD0017852,CUST00496,PROD00294,STORE002,2026-04-25,6,20169.45
ORD0016773,CUST00825,PROD00290,STORE007,2026-04-25,3,12176.86
ORD0018443,CUST00159,PROD00166,STORE011,2026-04-25,1,19887.28
ORD0018368,CUST00034,PROD00260,STORE016,2026-04-25,5,24755.56
ORD0017232,CUST00930,PROD00027,STORE008,2026-04-25,2,7281.42
ORD0018002,CUST00146,PROD00150,STORE025,2026-04-25,3,20430.64
ORD0017536,CUST00697,PROD00271,STORE001,2026-04-25,4,8205.57
ORD0018033,CUST01260,PROD00283,STORE025,2026-04-25,5,1970.9
ORD0017261,CUST00966,PROD00283,STORE004,2026-04-25,3,9491.01
ORD0017185,CUST00662,PROD00043,STORE002,2026-04-25,2,1963.07
ORD0017682,CUST01137,PROD00265,STORE006,2026-04-16,4,16570.63
ORD0017676,CUST00183,PROD00270,STORE004,2026-04-25,2,24254.06
ORD0016949,CUST00158,PROD00219,STORE024,2026-04-25,6,21672.66
ORD0017863,CUST00725,PROD00294,STORE007,2026-04-25,5,20238.01
ORD0018287,CUST00451,PROD00172,STORE022,2026-04-25,6,20699.02
ORD0017866,CUST01027,PROD00006,STORE008,2026-04-25,3,14610.24
ORD0016799,CUST00190,PROD00190,STORE002,2026-04-25,2,19900.1
ORD0018406,CUST00977,PROD00223,STORE005,2026-04-25,4,21055.15
ORD0017698,CUST01195,PROD00124,STORE015,2026-04-25,6,12150.23
ORD0016611,CUST00047,PROD00054,STORE009,2026-04-25,1,12737.8
ORD0016930,CUST00116,PROD00269,STORE025,2026-04-25,6,8583.35
ORD0017278,CUST00163,PROD00154,STORE014,2026-04-25,5,3708.93
ORD0016643,CUST01185,PROD00102,STORE015,2026-04-25,1,12056.37
ORD0017566,CUST00198,PROD00100,STORE021,2026-04-25,2,13083.62
ORD0018328,CUST00707,PROD00210,STORE013,2026-04-25,5,2423.22
ORD0018442,CUST01429,PROD00018,STORE013,2026-04-25,4,3988.73
ORD0017095,CUST00658,PROD00077,STORE009,2026-04-25,6,20834.95
ORD0018210,CUST00294,PROD00067,STORE012,2026-04-25,2,10957.77
ORD0018191,CUST00459,PROD00255,STORE025,2026-04-25,5,14936.14
ORD0018319,CUST01420,PROD00109,STORE024,2026-04-25,2,7434.1
ORD0017611,CUST01496,PROD00226,STORE003,2026-04-25,2,17414.01
ORD0016802,CUST01148,PROD00052,STORE012,2026-04-25,1,19368.14
ORD0018358,CUST00072,PROD00212,STORE018,2026-04-25,2,21411.49
ORD0018166,CUST01334,PROD00008,STORE010,2026-04-25,1,152.02
ORD0018497,CUST00718,PROD00267,STORE024,2026-04-25,1,22909.42
ORD0017848,CUST01233,PROD00145,STORE014,2026-04-19,5,23987.57
ORD0018177,CUST01098,PROD00218,STORE005,2026-04-22,6,2358.17
ORD0018331,CUST00137,PROD00012,STORE021,2026-04-25,1,16092.67
ORD0016909,CUST00887,PROD00155,STORE012,2026-04-25,4,11283.99
ORD0018055,CUST00697,PROD00158,STORE023,2026-04-22,2,6965.41
ORD0016868,CUST00021,PROD00070,STORE019,2026-04-25,6,20901.37
ORD0018464,CUST00959,PROD00032,STORE002,2026-04-25,3,21672.67
ORD0018259,CUST01475,PROD00186,STORE023,2026-04-25,4,9323.66
ORD0018213,CUST00015,PROD00023,STORE001,2026-04-25,3,14821.9
ORD0016757,CUST00676,PROD00233,STORE014,2026-04-25,5,20445.31
ORD0017601,CUST00629,PROD00271,STORE020,2026-04-25,3,7872.77
ORD0018286,CUST01169,PROD00218,STORE015,2026-04-25,5,377.84
ORD0016824,CUST01071,PROD00060,STORE022,2026-04-25,2,11097.6
ORD0016855,CUST00530,PROD00032,STORE015,2026-04-25,6,20770.91
ORD0017785,CUST00446,PROD00218,STORE009,2026-04-25,2,8221.04
ORD0017423,CUST01268,PROD00233,STORE019,2026-04-25,5,20862.36
ORD0016964,CUST01408,PROD00276,STORE017,2026-04-25,3,5907.72
ORD0016623,CUST01171,PROD00101,STORE022,2026-04-25,2,23824.32
ORD0016944,CUST00256,PROD00041,STORE020,2026-04-25,5,4081.14
ORD0016917,CUST00480,PROD00020,STORE014,2026-04-25,3,1790.85
ORD0018391,CUST00066,PROD00279,STORE013,2026-04-25,5,15234.55
ORD0017625,CUST00305,PROD00200,STORE021,2026-04-25,,23923.9
ORD0017369,CUST00886,PROD00167,STORE014,2026-04-25,3,18364.93
ORD0017582,CUST00521,PROD00064,STORE001,2026-04-25,4,9925.1
ORD0018471,CUST01015,PROD00141,STORE018,2026-04-25,6,17423.09
ORD0018063,CUST00986,PROD00140,STORE018,2026-04-21,3,6268.32
ORD0018048,CUST01071,PROD00047,STORE025,2026-04-25,4,18935.54
ORD0017590,CUST00774,PROD00194,STORE023,2026-04-25,1,12231.37
ORD0017268,CUST01287,PROD00031,STORE012,2026-04-25,2,20204.1
ORD0017560,CUST00937,PROD00110,STORE004,2026-04-25,2,11628.44
ORD0017140,CUST01181,PROD00161,STORE006,2026-04-25,1,3344.86
ORD0018173,CUST00344,PROD00060,STORE022,2026-04-25,5,325.09
ORD0018237,CUST00468,PROD00272,STORE019,not_a_date,2,17031.14
ORD0018091,CUST01283,PROD00166,STORE006,2026-04-25,6,24584.89
ORD0017600,CUST00729,PROD00024,STORE019,2026-04-25,6,7465.86
ORD0016967,CUST00299,PROD00080,STORE016,2026-04-25,6,990.84
ORD0017118,CUST00339,PROD00210,STORE022,2026-04-25,3,18931.62
ORD0016872,CUST00396,PROD00061,STORE011,2026-04-25,1,9241.87
ORD0017090,CUST00707,PROD00292,STORE015,2026-04-25,1,4476.21
ORD0018229,CUST00922,PROD00252,STORE018,2026-04-25,2,15160.1
ORD0017953,CUST00314,PROD00101,STORE006,2026-04-25,1,23807.38
ORD0017754,CUST00827,PROD00005,STORE016,2026-04-25,5,18100.78
ORD0016640,CUST01289,PROD00137,STORE011,2026-04-25,2,11870.28
ORD0017557,CUST00892,PROD00296,STORE022,2026-04-25,1,23589.2
ORD0017314,CUST01298,PROD00034,STORE025,2026-04-25,1,11247.97
ORD0017220,CUST00345,PROD00142,STORE003,2026-04-25,1,24989.8
ORD0016686,CUST01044,PROD00143,STORE004,2026-04-20,5,11750.51
ORD0017211,CUST00411,PROD00188,STORE016,2026-04-25,1,8219.28
ORD0016728,CUST00448,PROD00151,STORE015,2026-04-25,2,2468.95
ORD0017092,CUST01186,PROD00218,STORE007,2026-04-25,6,12413.91
ORD0018208,CUST00787,PROD00062,STORE003,2026-04-25,4,9181.71
ORD0017153,CUST00943,PROD00086,STORE005,2026-04-25,5,4507.48
ORD0016861,CUST00456,PROD00020,STORE010,2026-04-25,3,2469.0
ORD0017790,CUST00679,PROD00264,STORE009,2026-04-25,6,3658.63
ORD0018231,CUST00623,PROD00074,STORE005,2026-04-25,3,11095.26
ORD0016676,CUST01396,PROD00247,STORE008,2026-04-25,6,9769.57
ORD0017061,CUST00938,PROD00198,STORE001,2026-04-25,1,24595.84
ORD0017864,CUST00376,PROD00171,STORE001,2026-04-25,6,23428.28
ORD0017735,CUST00535,PROD00297,STORE014,2026-04-25,4,23027.09
ORD0017348,CUST01411,PROD00180,STORE020,2026-04-25,4,20252.79
ORD0017468,CUST00752,PROD00259,STORE006,2026-04-25,2,16684.06
ORD0017639,CUST01488,PROD00201,STORE014,2026-04-25,4,24846.34
ORD0017655,CUST00508,PROD00053,STORE008,2026-04-25,1,20787.29
ORD0016594,CUST00937,PROD00294,STORE009,2026-04-19,1,18839.5
ORD0016797,CUST01500,PROD00143,STORE010,2026-04-25,6,15613.8
ORD0016737,CUST00508,PROD00255,STORE012,2026-04-25,1,22364.73
ORD0018003,CUST00566,PROD00125,STORE008,2026-04-20,3,16471.89
ORD0018098,CUST00330,PROD00196,STORE005,2026-04-25,1,11859.64
ORD0017691,CUST00350,PROD00008,STORE016,2026-04-17,1,5182.62
ORD0017871,CUST01069,PROD00182,STORE017,2026-04-25,2,21688.5
ORD0018431,CUST00448,PROD00272,STORE010,2026-04-25,2,17158.93
ORD0018253,CUST00131,PROD00155,STORE021,2026-04-25,3,2676.68
ORD0016943,CUST00353,PROD00066,STORE016,2026-04-25,6,4196.29
ORD0017849,CUST00204,PROD00134,STORE002,2026-04-25,5,24007.98
ORD0017893,CUST00599,PROD00142,STORE025,2026-04-25,3,24809.23
ORD0017339,CUST00814,PROD00285,STORE017,2026-04-25,1,13069.83
ORD0018407,CUST00942,PROD00221,STORE017,2026-04-25,6,11068.36
ORD0016918,CUST00603,PROD00050,STORE003,2026-04-25,4,1394.19
ORD0016738,CUST01373,PROD00036,STORE002,2026-04-25,3,3568.86
ORD0017084,CUST00944,PROD00089,STORE018,2026-04-25,4,410.96
ORD0016935,CUST00825,PROD00298,STORE011,2026-04-25,4,5657.44
ORD0018277,CUST00529,PROD00137,STORE023,2026-04-25,4,18222.14
ORD0017239,CUST01173,PROD00160,STORE006,2026-04-25,1,11051.63
ORD0018389,CUST00615,PROD00190,STORE016,2026-04-25,2,24379.94
ORD0017851,CUST00355,PROD00119,STORE010,2026-04-25,2,13591.11
ORD0017316,CUST01271,PROD00208,STORE023,2026-04-25,5,15660.25
ORD0018216,CUST00652,PROD00242,STORE014,2026-04-25,3,5953.34
ORD0017796,CUST00673,PROD00005,STORE024,2026-04-25,2,6346.55
ORD0016573,CUST01017,PROD00246,STORE001,2026-04-21,1,12017.0
ORD0016520,CUST01149,,STORE007,2026-04-25,3,13212.73
ORD0017045,CUST01338,PROD00025,STORE023,2026-04-25,1,11597.48
ORD0017906,CUST01205,PROD00131,STORE014,2026-04-25,5,17299.76
ORD0017413,CUST00963,PROD00293,STORE013,2026-04-25,3,1687.8
ORD0016940,CUST00550,PROD00045,STORE013,2026-04-25,4,10795.41
ORD0017218,CUST00988,PROD00245,STORE023,2026-04-25,2,6827.18
ORD0017236,CUST00631,PROD00033,STORE006,2026-04-25,3,10899.3
ORD0016723,CUST00157,PROD00056,STORE018,2026-04-18,1,4427.55
ORD0018436,CUST01440,PROD00144,STORE020,2026-04-25,3,19520.36
ORD0017128,CUST01351,PROD00107,STORE012,2026-04-25,4,8120.78
ORD0017614,CUST00912,PROD00103,STORE005,2026-04-25,4,15525.65
ORD0017612,CUST00552,PROD00249,STORE023,2026-04-25,5,1997.74
ORD0016551,CUST00122,PROD00116,STORE002,2026-04-25,3,23846.34
ORD0017623,CUST01250,PROD00017,STORE020,2026-04-25,6,5960.88
ORD0017695,CUST00126,PROD00054,STORE020,2026-04-18,3,17192.85
ORD0018429,CUST00898,PROD00129,STORE009,2026-04-25,3,5840.09
ORD0016719,CUST01225,PROD00007,STORE017,2026-04-25,3,9566.28
ORD0018438,CUST00768,PROD00091,STORE019,2026-04-25,2,10603.16
ORD0017565,CUST00655,PROD00102,STORE010,2026-04-25,1,4430.43
ORD0017757,CUST00548,PROD00079,STORE018,2026-04-25,5,12476.9
ORD0017774,CUST00295,PROD00201,STORE008,2026-04-25,5,15918.71
ORD0017331,CUST00528,PROD00281,STORE025,2026-04-25,1,5120.34
ORD0018255,CUST01399,PROD00215,STORE025,2026-04-25,2,5679.27
ORD0016543,CUST00054,PROD00089,STORE023,2026-04-25,3,21584.1
ORD0017892,CUST00983,PROD00253,STORE008,2026-04-25,3,6109.45
ORD0016527,CUST00090,PROD00095,STORE020,2026-04-25,5,6529.41
ORD0018225,CUST00100,PROD00079,STORE025,2026-04-25,1,15113.25
ORD0018037,CUST00090,PROD00263,STORE005,2026-04-25,5,20899.91
ORD0017394,CUST00254,PROD00176,STORE011,2026-04-25,1,24087.83
ORD0017345,CUST01392,PROD00215,STORE009,2026-04-25,1,5871.49
ORD0016526,CUST00393,PROD00098,STORE016,2026-04-25,2,4973.53
ORD0017225,CUST00111,PROD00095,STORE016,2026-04-25,3,16047.74
ORD0018393,CUST00219,PROD00149,STORE006,2026-04-25,1,20115.74
ORD0016869,CUST00999,PROD00136,STORE008,2026-04-25,4,23507.1
ORD0017074,CUST00935,PROD00245,STORE005,2026-04-25,3,6067.91
ORD0017460,CUST01339,PROD00042,STORE019,2026-04-22,1,15236.68
ORD0017841,CUST01393,PROD00051,STORE007,2026-04-25,4,13052.58
ORD0017495,CUST01025,PROD00157,STORE005,2026-04-25,6,274.07
ORD0016889,CUST01303,PROD00227,STORE014,2026-04-25,5,13871.17
ORD0017399,CUST01028,PROD00001,STORE020,2026-04-25,5,7945.62
ORD0017029,CUST01158,PROD00246,STORE011,2026-04-25,3,1596.26
ORD0016926,CUST01225,PROD00263,STORE021,2026-04-25,4,23457.39
ORD0017372,CUST00225,PROD00180,STORE007,2026-04-25,4,8902.6
ORD0017744,CUST00855,PROD00225,STORE010,2026-04-25,1,21529.79
ORD0017414,CUST01112,PROD00178,STORE025,2026-04-25,6,4104.32
ORD0017887,CUST00900,PROD00058,STORE023,2026-04-25,5,17748.15
ORD0017001,CUST01255,PROD00273,STORE008,2026-04-17,6,22733.54
ORD0016570,CUST00869,PROD00177,STORE010,2026-04-25,4,5916.86
ORD0017884,CUST00131,PROD00200,STORE012,2026-13-40,5,4993.09
ORD0017444,CUST00196,PROD00144,STORE008,2026-04-25,6,9107.79
ORD0017324,CUST00778,PROD00124,STORE014,2026-04-25,5,16067.74
ORD0016891,CUST00219,PROD00012,STORE002,2026-04-25,3,4663.18
ORD0017371,CUST00788,PROD00212,STORE002,2026-04-25,4,16327.19
ORD0017424,CUST01400,PROD00192,STORE012,2026-04-25,2,3299.24
ORD0017995,CUST00570,PROD00212,STORE012,2026-04-25,6,3805.19
ORD0016947,CUST01245,PROD00185,STORE022,2026-04-25,3,23971.39
ORD0016591,CUST00397,PROD00018,STORE009,2026-04-25,6,14576.62
ORD0016835,CUST00302,PROD00182,STORE017,2026-04-25,1,2355.52
ORD0017934,CUST00767,PROD00117,STORE011,2026-04-25,2,16969.31
ORD0018028,CUST00769,PROD00065,STORE020,2026-04-19,2,12130.95
ORD0017458,,PROD00170,STORE016,2026-04-25,3,15736.87
ORD0017747,CUST00858,PROD00015,STORE003,2026-04-25,2,16733.73
ORD0017180,CUST00722,PROD00111,STORE007,2026-04-20,4,5173.97
ORD0017794,CUST00424,PROD00281,STORE012,2026-04-20,2,22808.67
ORD0018454,CUST01015,PROD00268,STORE002,2026-04-25,6,17342.86
ORD0018124,CUST00144,PROD00225,STORE015,2026-04-25,1,12112.52
ORD0017589,CUST01476,PROD00005,STORE001,2026-04-25,1,11796.48
ORD0017012,CUST00255,PROD00112,STORE015,2026-04-25,4,13705.68
ORD0017755,CUST01089,PROD00227,STORE007,2026-04-25,2,7669.64
ORD0018056,CUST00797,PROD00257,STORE005,2026-04-25,3,16165.55
ORD0017445,CUST00158,PROD00288,STORE005,2026-04-25,2,1714.38
ORD0018341,CUST01331,PROD00145,STORE021,2026-04-25,2,7080.05
ORD0016793,CUST00993,PROD00191,STORE010,2026-04-25,6,760.78
ORD0016652,CUST00683,PROD00197,STORE015,2026-04-25,1,16079.03
ORD0017446,CUST01024,PROD00092,STORE013,2026-04-25,2,23725.83
ORD0016680,CUST00271,PROD00224,STORE005,2026-04-21,4,1325.05
ORD0018486,CUST00159,PROD00013,STORE007,2026-04-25,4,14918.54
ORD0017266,CUST00449,PROD00273,STORE022,2026-04-25,2,14523.71
ORD0017933,,PROD00145,STORE023,2026-04-25,6,22060.09
ORD0018430,CUST00097,PROD00032,STORE011,2026-04-25,1,5602.01
ORD0018295,CUST00437,PROD00039,STORE023,2026-04-25,5,204.66
ORD0017704,CUST00917,PROD00157,STORE012,2026-04-25,4,12507.33
ORD0017124,CUST00536,PROD00177,STORE023,2026-04-15,1,19148.33
ORD0018257,CUST00412,PROD00241,STORE011,2026-04-25,6,15922.22
ORD0017191,CUST00793,PROD00297,STORE015,2026-04-25,5,22577.33
ORD0017062,CUST01487,PROD00038,STORE020,2026-04-25,5,3964.95
ORD0016752,CUST01059,PROD00137,STORE011,2026-04-25,2,12134.27
ORD0016888,CUST01262,PROD00299,STORE017,2026-04-25,3,8528.38
ORD0018294,CUST01500,PROD00255,STORE020,2026-04-25,6,24174.57
ORD0017021,CUST00421,PROD00047,STORE013,2026-04-25,3,21363.26
ORD0016501,CUST00199,PROD00257,STORE019,2026-04-25,1,23725.58
ORD0017558,CUST00508,PROD00200,STORE010,2026-04-25,3,8128.12
ORD0017723,CUST00195,PROD00194,STORE020,2026-04-25,4,10938.27
ORD0017402,CUST00806,PROD00158,STORE001,2026-04-25,4,6504.76
ORD0018312,CUST01295,PROD00151,STORE004,2026-04-25,3,8024.44
ORD0016581,CUST01485,PROD00049,STORE019,2026-04-25,5,21495.47
ORD0016696,CUST00889,PROD00092,STORE021,2026-04-25,4,1821.74
ORD0018330,CUST00386,PROD00286,STORE023,2026-04-25,1,7701.4
ORD0018248,CUST00787,PROD00017,STORE007,2026-04-25,1,22564.02
ORD0017816,CUST00522,PROD00261,STORE013,2026-04-25,4,19525.57
ORD0017150,CUST00321,PROD00160,STORE015,2026-04-25,4,13036.68
ORD0017647,CUST00603,PROD00280,STORE021,2026-04-25,5,9754.49
ORD0016519,CUST00148,PROD00170,STORE010,2026-04-25,4,5249.28
ORD0016934,,PROD00233,STORE006,2026-04-19,4,6882.02
ORD0018483,CUST00536,PROD00067,STORE003,2026-04-25,3,17408.3
ORD0018122,CUST01133,PROD00081,STORE012,2026-04-18,1,12136.27
ORD0017404,CUST00159,PROD00044,STORE008,2026-04-25,6,16461.24
ORD0018267,CUST00896,PROD00030,STORE006,2026-04-25,1,24814.19
ORD0016741,CUST01258,PROD00033,STORE004,2026-04-25,6,22963.59
ORD0017584,CUST01368,PROD00224,STORE014,2026-04-16,6,5791.89
ORD0017609,CUST01475,PROD00276,STORE017,2026-04-25,4,17729.95
ORD0017215,CUST01415,PROD00293,STORE001,2026-04-25,6,21061.76
ORD0017921,CUST00403,,STORE025,2026-04-25,2,24282.03
ORD0017457,CUST00455,PROD00205,STORE010,2026-04-25,4,10612.08
ORD0017789,CUST00975,PROD00264,STORE010,2026-04-25,6,9347.65
ORD0018167,CUST01372,PROD00042,STORE008,2026-04-25,6,8914.03
ORD0016606,CUST01360,PROD00293,STORE002,2026-04-25,6,9552.9
ORD0017878,CUST01459,PROD00192,STORE010,2026-04-25,6,17859.0
ORD0017879,CUST00540,PROD00056,STORE004,2026-04-25,4,12730.53
ORD0017256,,PROD00015,STORE020,2026-04-25,1,13590.29
ORD0017195,CUST00992,PROD00209,STORE009,2026-04-25,4,24692.22
ORD0017117,CUST00215,PROD00067,STORE001,2026-04-22,5,24398.72
ORD0017237,CUST00510,PROD00178,STORE018,2026-04-25,5,5279.05
ORD0017699,CUST01347,PROD00203,STORE014,2026-04-25,1,4444.52
ORD0018047,CUST01265,,STORE014,2026-04-25,4,13740.92
ORD0017675,CUST00441,PROD00217,STORE025,2026-04-21,5,7007.51
ORD0016844,CUST00838,PROD00070,STORE015,2026-04-25,3,17017.94
ORD0018052,CUST00476,PROD00121,STORE010,2026-04-25,3,24386.67
ORD0017265,CUST01331,PROD00043,STORE004,2026-04-20,4,4857.52
ORD0018206,CUST00976,PROD00017,STORE008,2026-04-25,4,7000.86
ORD0017190,CUST00929,PROD00222,STORE011,2026-04-25,4,12812.9
ORD0017629,CUST01089,PROD00007,STORE012,2026-04-25,4,13214.86
ORD0016638,CUST00903,PROD00262,STORE002,2026-04-25,3,$328.42
ORD0016580,CUST00084,PROD00140,STORE023,2026-04-25,3,17633.23
ORD0017032,CUST01316,PROD00121,STORE010,2026-04-25,2,2719.52
ORD0016962,CUST00530,PROD00180,STORE025,2026-04-25,5,18114.75
ORD0016754,CUST00637,PROD00001,STORE008,2026-04-15,5,11032.46
ORD0016547,CUST01395,PROD00091,STORE010,2026-04-25,3,7265.6
ORD0017619,CUST01050,PROD00002,STORE002,2026-04-25,1,6785.34
ORD0017633,CUST01304,PROD00270,STORE013,2026-04-25,1,9066.16
ORD0018049,CUST00081,PROD00009,STORE025,2026-04-25,5,2024.09
ORD0018373,CUST00574,PROD00112,STORE011,2026-04-25,6,18837.83
ORD0018148,CUST00746,PROD00070,STORE003,2026-04-25,1,8981.75
ORD0016729,CUST01086,PROD00139,STORE005,2026-04-25,1,6458.18
ORD0016885,CUST00052,PROD00106,STORE001,2026-04-25,5,8561.53
ORD0018160,CUST00581,PROD00166,STORE010,2026-04-25,4,6436.9
ORD0017459,CUST01303,PROD00092,STORE007,2026-04-25,6,5475.07
ORD0016783,CUST00583,PROD00121,STORE001,2026-04-25,1,7991.96
ORD0018025,CUST00116,PROD00074,STORE007,2026-04-25,6,24456.32
ORD0018399,CUST01115,PROD00178,STORE011,2026-04-25,6,11207.44
ORD0017392,CUST01421,PROD00007,STORE005,2026-04-25,2,6245.18
ORD0017958,CUST01216,PROD00298,STORE006,2026-04-25,6,18001.85
ORD0018136,CUST00683,PROD00165,STORE017,2026-04-25,4,12709.84
ORD0018378,CUST00459,PROD00176,STORE021,2026-04-25,4,19593.73
ORD0018264,CUST00716,PROD00065,STORE006,2026-04-18,2,21438.12
ORD0017051,,PROD00218,STORE023,2026-04-21,4,13965.54
ORD0018174,CUST00107,PROD00012,STORE023,2026-04-25,2,1476.51
ORD0017168,CUST01459,PROD00203,STORE021,2026-04-25,4,10606.84
ORD0016978,CUST01209,PROD00035,STORE023,2026-04-25,2,20396.09
ORD0017938,,PROD00037,STORE004,2026-04-25,6,11605.4
ORD0016679,CUST00913,PROD00238,STORE014,2026-04-25,2,24817.91
ORD0016522,CUST01375,PROD00056,STORE022,2026-04-25,6,3745.56
ORD0018392,CUST01381,PROD00098,STORE014,2026-04-25,5,8241.58
ORD0017671,CUST00348,PROD00070,STORE010,2026-04-22,2,24489.45
ORD0017775,CUST01340,PROD00044,STORE008,2026-04-25,4,1524.06
ORD0016671,CUST00820,PROD00029,STORE004,2026-04-25,5,23239.15
ORD0018276,CUST01255,PROD00014,STORE018,2026-04-25,3,10775.38
ORD0017317,CUST00862,PROD00084,STORE018,2026-04-25,4,21688.26
ORD0018164,CUST00475,PROD00073,STORE017,2026-04-25,3,23265.0
ORD0016809,CUST00153,PROD00123,STORE024,2026-04-25,2,1199.33
ORD0018395,CUST01387,PROD00283,STORE007,2026-04-25,5,18066.1
ORD0016914,CUST00252,PROD00149,STORE013,2026-04-25,5,5020.71
ORD0017360,CUST00155,PROD00182,STORE013,2026-04-25,5,10103.22
ORD0018195,CUST00931,PROD00243,STORE008,2026-04-25,2,4501.21
ORD0018335,CUST00626,PROD00234,STORE004,2026-04-25,4,14804.37
ORD0016776,CUST01176,PROD00059,STORE004,2026-04-25,2,21856.19
ORD0018450,CUST00415,PROD00280,STORE011,2026-04-25,4,13452.61
ORD0017512,CUST00249,PROD00296,STORE013,2026-04-25,4,22049.29
ORD0017320,CUST00267,PROD00094,STORE009,2026-04-25,2,15499.19
ORD0018412,CUST01450,PROD00292,STORE021,2026-04-25,6,23924.59
ORD0017701,CUST01103,PROD00185,STORE009,2026-04-25,3,14454.88
ORD0017108,CUST00407,PROD00068,STORE005,2026-04-25,5,15301.25
ORD0017877,CUST01210,PROD00032,STORE006,2026-04-25,4,340.97
ORD0016698,CUST00104,PROD00090,STORE006,2026-04-25,3,21730.58
ORD0016804,CUST00518,PROD00142,STORE010,2026-04-25,4,6379.59
ORD0017246,CUST01274,PROD00244,STORE022,2026-04-25,6,24581.56
ORD0018297,CUST00027,PROD00220,STORE015,2026-04-25,1,1849.08
ORD0017068,CUST00647,PROD00116,STORE009,2026-04-25,4,19603.16
ORD0017615,CUST00821,PROD00212,STORE022,2026-04-25,6,17237.1
ORD0017457,CUST00455,PROD00205,STORE010,2026-04-25,4,10612.08
ORD0017901,CUST00309,PROD00148,STORE020,2026-04-25,5,23588.62
ORD0016823,CUST01155,,STORE004,2026-04-25,5,21596.64
ORD0017060,CUST01438,PROD00165,STORE021,2026-04-25,3,21122.03
ORD0016513,CUST00698,PROD00233,STORE003,2026-04-25,3,16224.29
ORD0017826,CUST00131,PROD00030,STORE009,2026-04-25,3,12529.34
ORD0018388,CUST00346,PROD00194,STORE019,2026-04-25,3,8757.12
ORD0016827,CUST01093,PROD00162,STORE019,2026-04-25,3,14213.46
ORD0018340,CUST00127,PROD00150,STORE006,2026-04-25,6,6592.06
ORD0017147,CUST00233,PROD00258,STORE013,2026-04-25,5,18547.89
ORD0017481,CUST00736,PROD00015,STORE009,2026-04-25,3,19876.99
ORD0016768,CUST01086,PROD00192,STORE006,2026-04-25,2,5769.45
ORD0017352,CUST00335,PROD00103,STORE002,2026-04-25,6,9551.36
ORD0018230,CUST00603,PROD00118,STORE004,2026-04-25,3,17430.7
ORD0018350,CUST01005,PROD00182,STORE023,2026-04-25,1,10902.15
ORD0017579,CUST00125,PROD00157,STORE012,2026-04-25,3,22525.86
ORD0016730,CUST00073,PROD00251,STORE024,2026-04-16,2,8221.69
ORD0017734,CUST01495,PROD00113,STORE011,2026-04-25,2,23346.29
ORD0017483,CUST01078,PROD00152,STORE018,2026-04-25,1,14224.95
ORD0017576,CUST00705,PROD00070,STORE012,2026-04-25,2,1763.96
ORD0017244,CUST00182,PROD00129,STORE007,2026-04-25,6,18947.79
ORD0017962,CUST01287,PROD00024,STORE014,2026-04-25,1,21305.88
ORD0018214,CUST00060,PROD00162,STORE020,2026-04-25,6,10421.0
ORD0017951,CUST00776,PROD00065,STORE017,2026-04-25,4,11635.67
ORD0016682,CUST01299,,STORE023,2026-04-25,2,14226.53
ORD0016697,CUST01050,PROD00058,STORE011,2026-04-25,2,17708.2
ORD0018034,CUST01366,PROD00266,STORE003,2026-04-25,2,201.75
ORD0018204,CUST00817,PROD00006,STORE002,2026-04-25,3,1269.74
ORD0017251,CUST00369,PROD00220,STORE020,2026-04-25,3,11687.2
ORD0017875,CUST00875,PROD00191,STORE021,2026-04-25,1,19191.73
ORD0018137,CUST00051,PROD00117,STORE022,2026-04-25,6,4509.96
ORD0018217,CUST00919,PROD00202,STORE024,2026-04-25,3,20155.18
ORD0016939,CUST01277,PROD00204,STORE008,2026-04-25,6,5513.38
ORD0018446,CUST00651,PROD00003,STORE021,2026-04-25,3,255.59
ORD0017161,CUST01181,PROD00100,STORE001,2026-04-25,2,2431.77
ORD0018147,CUST01121,PROD00019,STORE003,2026-04-25,1,6803.94
ORD0017632,CUST00843,PROD00046,STORE017,2026-04-25,5,1654.36
ORD0017137,CUST00379,PROD00025,STORE022,2026-04-25,1,615.21
ORD0016515,CUST00417,PROD00177,STORE004,2026-04-25,4,6539.27
ORD0017418,CUST01204,PROD00101,STORE009,2026-04-25,2,20625.14
ORD0018084,CUST00678,PROD00262,STORE023,2026-04-25,6,21502.2
ORD0016669,CUST00341,PROD00024,STORE024,2026-04-17,4,22892.9
ORD0018273,CUST00151,PROD00134,STORE006,2026-04-25,5,3170.33
ORD0017338,CUST00691,PROD00283,STORE024,2026-04-25,1,16620.86
ORD0017116,CUST00223,PROD00037,STORE003,2026-04-25,5,11295.62
ORD0016711,CUST01329,,STORE013,2026-04-25,1,17419.96
ORD0018366,CUST00675,PROD00046,STORE003,2026-04-25,1,4919.72
ORD0017591,CUST01022,PROD00180,STORE010,2026-04-25,6,13847.54
ORD0017821,CUST01228,PROD00277,STORE021,2026-04-25,1,19753.74
ORD0017390,CUST00826,PROD00254,STORE007,2026-04-25,2,4494.77
ORD0017294,CUST01274,PROD00259,STORE017,2026-04-25,4,7817.47
ORD0017231,CUST01345,PROD00029,STORE010,2026-04-25,4,16474.44
ORD0017213,CUST01495,PROD00094,STORE019,2026-04-25,1,11529.83
ORD0018316,CUST00113,PROD00103,STORE001,2026-04-25,5,6801.45
ORD0017419,CUST00441,PROD00189,STORE012,2026-04-25,6,16897.33
ORD0017466,CUST00414,PROD00071,STORE018,2026-04-25,1,3429.2
ORD0017992,CUST01040,PROD00107,STORE009,2026-04-25,4,5734.36
ORD0017134,CUST00328,PROD00070,STORE011,2026-04-25,2,6078.59
ORD0017784,CUST00287,PROD00070,STORE008,2026-04-25,4,22890.35
ORD0017439,CUST00277,PROD00069,STORE021,2026-04-25,5,1260.08
ORD0017650,CUST01095,PROD00171,STORE012,2026-04-25,6,15851.79
ORD0017430,CUST01054,PROD00074,STORE009,2026-04-25,5,17852.47
ORD0016821,CUST01066,PROD00132,STORE024,2026-04-25,4,9462.85
ORD0017110,CUST00765,PROD00125,STORE011,2026-04-25,3,12565.61
ORD0017587,CUST00494,PROD00162,STORE012,2026-04-25,5,15477.23
ORD0016882,CUST00725,PROD00004,STORE007,2026-04-22,1,23846.47
ORD0017349,CUST00830,PROD00295,STORE003,2026-04-25,5,4526.53
ORD0017986,CUST01222,PROD00115,STORE019,2026-04-25,2,12974.54
ORD0017830,CUST01364,PROD00077,STORE016,2026-04-25,3,7501.47
ORD0018107,CUST00775,PROD00293,STORE005,2026-04-25,1,13342.21
ORD0018397,CUST01384,PROD00099,STORE007,2026-04-25,1,16037.71
ORD0017241,CUST01309,PROD00186,STORE024,2026-04-25,3,19320.41
ORD0016767,CUST01287,PROD00028,STORE015,2026-04-25,5,12907.25
ORD0017139,CUST01333,PROD00156,STORE018,2026-04-25,2,11798.63
ORD0016858,CUST00083,PROD00081,STORE021,2026-04-25,1,22978.3
ORD0017405,CUST00317,PROD00141,STORE010,2026-04-25,1,21160.18
ORD0017684,CUST00410,PROD00246,STORE009,2026-04-25,4,18775.63
ORD0016972,CUST00667,PROD00249,STORE016,2026-04-25,5,14585.58
ORD0017665,CUST01191,PROD00207,STORE019,2026-04-25,6,11428.01
ORD0016903,CUST00400,PROD00208,STORE004,2026-04-25,6,2124.24
ORD0017216,CUST01416,PROD00110,STORE006,2026-04-25,1,4636.04
ORD0017296,CUST01372,PROD00228,STORE007,2026-04-25,1,9788.96
ORD0017994,CUST01105,PROD00007,STORE015,2026-04-25,3,1516.01
ORD0017773,CUST00754,PROD00250,STORE018,2026-04-22,6,21711.34
ORD0016576,CUST01211,PROD00233,STORE006,2026-04-25,4,10023.07
ORD0016790,CUST01289,PROD00125,STORE009,2026-04-25,4,14982.55
ORD0016849,CUST00924,PROD00283,STORE012,2026-04-20,2,987.35
ORD0018262,CUST01028,PROD00004,STORE006,2026-04-25,5,3080.09
ORD0016582,CUST00145,PROD00186,STORE013,2026-04-25,3,6028.38
ORD0018109,CUST00740,PROD00122,STORE022,2026-04-25,3,18059.05
ORD0018377,CUST00534,PROD00246,STORE010,2026-04-25,3,12078.27
ORD0016626,CUST00185,PROD00230,STORE021,2026-04-25,5,435.64
ORD0017355,CUST00726,PROD00247,STORE008,2026-04-25,5,4140.27
ORD0017799,CUST00084,PROD00276,STORE003,2026-04-25,3,13685.98
ORD0017781,CUST00184,PROD00129,STORE016,2026-04-25,3,18083.4
ORD0017506,CUST00843,PROD00184,STORE008,2026-04-25,6,24976.43
ORD0016825,CUST01173,PROD00245,STORE024,2026-04-25,2,18314.88
ORD0018313,CUST01430,PROD00156,STORE025,2026-04-25,4,21161.27
ORD0017519,CUST00004,PROD00250,STORE016,2026-04-25,3,3354.39
ORD0017377,CUST00971,PROD00166,STORE013,2026-04-25,6,3994.4
ORD0017036,CUST00892,PROD00119,STORE019,2026-04-25,3,14792.66
ORD0017803,CUST01179,PROD00127,STORE014,2026-04-25,5,6097.64
ORD0017554,CUST00637,PROD00030,STORE024,2026-04-19,5,24937.16
ORD0017648,CUST01042,PROD00153,STORE002,2026-04-25,-1,713.02
ORD0017129,CUST00044,PROD00185,STORE006,2026-04-25,1,22364.56
ORD0016734,CUST00286,PROD00009,STORE012,2026-04-25,6,16736.27
ORD0017727,CUST00391,PROD00016,STORE003,2026-04-25,4,4559.87
ORD0016892,CUST00692,PROD00263,STORE012,2026-04-25,2,10388.52
ORD0017072,CUST00310,PROD00195,STORE016,2026-04-25,1,11101.6
ORD0016628,CUST01331,PROD00004,STORE013,2026-04-25,1,16222.12
ORD0018410,CUST00513,PROD00291,STORE024,2026-04-25,6,11313.2
ORD0017243,CUST01087,PROD00026,STORE024,2026-04-25,3,8349.78
ORD0017462,CUST00202,PROD00091,STORE018,2026-04-25,5,8439.95
ORD0017602,CUST01353,PROD00203,STORE010,2026-04-25,3,16072.1
ORD0017503,CUST01071,PROD00225,STORE006,2026-04-25,2,15650.36
ORD0016864,CUST00772,PROD00051,STORE023,2026-04-25,4,20082.64
ORD0017192,CUST00787,PROD00262,STORE016,2026-04-25,2,24788.12
ORD0017618,CUST00965,PROD00009,STORE005,2026-04-25,5,13673.01
ORD0016715,CUST01421,PROD00226,STORE006,2026-04-20,6,369.69
ORD0017233,CUST01392,PROD00144,STORE024,2026-04-25,5,12482.15
ORD0018380,CUST00277,PROD00069,STORE013,2026-04-25,6,18092.45
ORD0016994,CUST01117,PROD00107,STORE003,2026-04-25,6,20361.04
ORD0017728,CUST01252,PROD00141,STORE008,2026-04-25,3,15802.41
ORD0018274,CUST01352,PROD00123,STORE005,2026-04-25,3,7786.41
ORD0016579,CUST01095,PROD00157,STORE013,2026-04-25,2,19272.33
ORD0018104,CUST00255,PROD00123,STORE016,2026-04-25,6,12364.94
ORD0017272,CUST01376,PROD00064,STORE008,2026-04-25,3,7291.16
ORD0016749,CUST01196,PROD00085,STORE016,2026-04-25,5,$9818.2
ORD0018024,CUST00648,PROD00112,STORE006,2026-04-25,5,5276.57
ORD0016597,CUST00874,PROD00063,STORE014,00/00/0000,4,18727.26
ORD0018379,,PROD00154,STORE009,2026-04-25,5,6623.34
ORD0017668,CUST00055,PROD00065,STORE011,2026-04-25,2,14735.3
ORD0016511,CUST00471,PROD00211,STORE014,2026-04-25,6,4255.49
ORD0016712,CUST00361,PROD00250,STORE005,2026-04-25,4,23076.47
ORD0016627,CUST01002,PROD00237,STORE016,2026-04-25,6,11691.27
ORD0018344,CUST00658,PROD00130,STORE015,2026-04-25,3,15700.03
ORD0017485,CUST01154,PROD00072,STORE016,2026-04-25,4,23899.91
ORD0016743,CUST00231,PROD00128,STORE001,2026-04-25,5,6482.44
ORD0018246,CUST00618,PROD00113,STORE020,2026-04-25,1,3046.74
ORD0017922,CUST00235,PROD00235,STORE012,2026-04-25,1,6163.12
ORD0017328,CUST00617,PROD00296,STORE001,2026-04-25,3,5410.09
ORD0017077,CUST00978,PROD00126,STORE014,2026-04-25,5,13757.42
ORD0018269,CUST01220,PROD00174,STORE023,2026-04-25,5,7601.16
ORD0017831,CUST00151,PROD00207,STORE008,2026-04-25,2,8296.81
ORD0018466,CUST00199,PROD00149,STORE007,2026-04-25,5,4087.44
ORD0017832,CUST01289,PROD00197,STORE012,2026-04-25,1,2564.32
ORD0017003,,PROD00096,STORE021,2026-04-25,3,6975.11
ORD0017649,CUST00631,PROD00051,STORE025,2026-04-25,6,21990.34
ORD0016720,CUST01446,PROD00227,STORE011,2026-04-25,6,12825.32
ORD0016687,CUST01328,PROD00149,STORE025,2026-04-25,6,8430.99
ORD0017750,CUST01301,PROD00240,STORE016,2026-04-25,2,22674.87
ORD0016625,CUST00445,PROD00288,STORE007,2026-04-25,4,7761.29
ORD0017357,CUST01106,PROD00166,STORE018,2026-04-25,3,5687.43
ORD0017979,CUST00351,PROD00181,STORE011,2026-04-25,1,13039.99
ORD0017956,CUST00195,PROD00149,STORE008,2026-04-25,5,9373.02
ORD0017805,,PROD00029,STORE001,2026-04-20,5,19442.24
ORD0018115,CUST01403,PROD00156,STORE002,2026-04-25,3,18008.24
ORD0018218,CUST01306,PROD00036,STORE014,2026-04-25,2,19771.89
ORD0017660,CUST01462,PROD00117,STORE025,2026-04-25,3,2216.76
