order_id,customer_id,product_id,store_id,order_date,quantity,unit_price
ORD0006934,CUST00662,PROD00104,STORE022,2025-05-11,6,2144.49
ORD0004241,CUST01334,PROD00088,STORE008,2026-01-10,4,8476.09
ORD0000130,CUST01223,PROD00202,STORE018,2025-12-09,1,8769.65
ORD0000793,CUST00063,PROD00171,STORE012,2025-09-07,1,7803.98
ORD0010232,CUST00933,PROD00208,STORE025,2025-07-07,3,14463.83
ORD0003336,CUST01169,PROD00041,STORE003,2026-02-22,1,18429.97
ORD0004070,CUST00168,PROD00007,STORE022,2026-03-30,2,15559.59
ORD0010766,CUST01133,PROD00047,STORE003,2026-01-29,4,17008.44
ORD0007834,CUST00930,PROD00066,STORE008,2025-04-11,5,1641.71
ORD0008746,CUST00385,PROD00276,STORE021,2025-10-21,5,8081.93
ORD0008114,CUST00340,PROD00218,STORE009,2025-09-13,4,23942.07
ORD0009953,CUST00749,PROD00212,STORE006,2025-06-04,5,5521.73
ORD0005916,CUST01349,PROD00267,STORE017,2025-02-21,3,4789.53
ORD0007127,CUST00659,PROD00014,STORE010,2025-09-26,6,8969.14
ORD0010444,CUST01298,PROD00295,STORE021,2025-11-19,5,11113.48
ORD0000840,CUST01325,PROD00126,STORE016,2026-04-22,1,2621.58
ORD0003538,CUST00653,PROD00232,STORE009,2025-07-13,6,15783.52
ORD0007777,,PROD00080,STORE022,2026-02-04,6,19114.38
ORD0010772,CUST01406,PROD00198,STORE018,2026-02-03,2,15383.84
ORD0008782,CUST00699,PROD00228,STORE003,2025-04-01,5,11456.56
ORD0011584,CUST00646,PROD00270,STORE003,2025-08-25,6,19623.89
ORD0009010,CUST00035,PROD00150,STORE013,2025-09-30,2,7902.21
ORD0004400,CUST01006,PROD00127,STORE023,2025-10-22,3,10548.9
ORD0012283,CUST00134,PROD00274,STORE017,2025-12-09,5,466.47
ORD0002316,CUST00342,PROD00296,STORE004,2025-06-07,1,19460.21
ORD0005476,CUST00577,PROD00045,STORE017,2025-08-03,6,7638.84
ORD0004260,CUST00341,PROD00205,STORE024,2025-06-20,6,700.06
ORD0005076,CUST01039,PROD00060,STORE006,2026-01-07,4,18169.64
ORD0000084,CUST00970,PROD00280,STORE004,2025-11-10,1,9332.92
ORD0009098,CUST00111,,STORE007,2026-01-07,2,4086.81
ORD0005017,CUST00097,PROD00147,STORE022,2026-01-22,3,5719.6
ORD0009988,CUST00109,PROD00138,STORE022,2025-07-03,2,18472.39
ORD0009381,CUST00840,PROD00127,STORE018,2026-03-05,2,4652.02
ORD0009216,CUST00302,PROD00137,STORE010,2025-12-30,2,16180.74
ORD0001546,CUST00696,PROD00122,STORE016,2025-12-25,5,19174.86
ORD0008837,CUST00754,PROD00102,STORE015,2025-01-19,1,12384.72
ORD0000240,CUST00374,PROD00250,STORE001,2025-09-18,3,22350.17
ORD0001567,CUST00084,PROD00082,STORE019,2025-04-22,6,23901.3
ORD0006210,CUST00891,PROD00086,STORE006,2025-10-18,4,1505.78
ORD0000306,CUST00544,PROD00165,STORE001,2026-04-01,1,8389.81
ORD0007493,CUST00547,PROD00088,STORE010,2026-01-02,3,19029.26
ORD0001171,CUST00867,PROD00230,STORE021,2025-05-30,4,18026.12
ORD0011741,CUST00192,PROD00078,STORE016,2026-03-06,4,743.91
ORD0005632,CUST00251,PROD00179,STORE010,2025-06-16,5,2134.14
ORD0005361,CUST01369,PROD00202,STORE009,2026-02-20,5,8888.35
ORD0009640,CUST00090,PROD00237,STORE020,2025-05-24,6,10110.25
ORD0006360,CUST01286,PROD00041,STORE010,2025-11-19,1,8825.5
ORD0003212,CUST00410,PROD00049,STORE006,2025-07-07,5,11605.81
ORD0003656,CUST00532,PROD00172,STORE015,2025-03-10,5,3965.2
ORD0001504,CUST00135,PROD00025,STORE001,2025-12-13,4,7302.96
ORD0008635,CUST00384,PROD00283,STORE010,2025-02-08,1,9111.37
ORD0003135,CUST00220,PROD00127,STORE009,2026-01-28,2,11863.81
ORD0000194,CUST00064,PROD00106,STORE019,2025-12-17,4,11560.94
ORD0004945,CUST00351,PROD00084,STORE012,2025-02-21,5,8420.35
ORD0005716,CUST01108,PROD00174,STORE008,2026-02-02,2,unknown
ORD0010732,CUST00208,PROD00037,STORE008,2025-12-30,6,14703.73
ORD0009093,CUST00152,PROD00175,STORE021,2025-11-27,1,abc
ORD0011671,CUST00940,PROD00037,STORE020,2025-04-11,1,14836.87
ORD0008805,CUST01394,,STORE022,2025-10-21,2,11604.58
ORD0000821,CUST00191,PROD00250,STORE011,2025-03-13,2,1194.33
ORD0010569,CUST01466,PROD00210,STORE024,2025-05-18,5,9411.88
ORD0007453,CUST00770,PROD00036,STORE009,2025-01-01,1,13862.9
ORD0009103,CUST00288,PROD00112,STORE008,2026-02-18,5,23302.58
ORD0000627,CUST00956,PROD00231,STORE025,2025-03-26,5,21565.73
ORD0009689,CUST00005,PROD00279,STORE003,2025-01-12,1,19585.09
ORD0010747,CUST00623,PROD00248,STORE006,2025-03-06,2,abc
ORD0008508,CUST01171,PROD00269,STORE010,2025-04-28,2,590.85
ORD0002591,CUST01309,PROD00115,STORE019,2026-03-31,3,16969.24
ORD0012443,CUST00270,PROD00163,STORE024,2025-02-10,5,14893.67
ORD0006597,CUST00812,PROD00071,STORE004,2025-12-05,1,14151.57
ORD0005745,CUST00427,PROD00246,STORE010,2025-07-27,3,15032.06
ORD0006178,CUST00662,PROD00246,STORE020,2025-11-30,5,12486.02
ORD0008460,CUST00066,PROD00267,STORE014,2026-03-08,6,11072.47
ORD0008333,CUST01062,PROD00073,STORE011,2025-01-26,3,15967.37
ORD0003162,,PROD00193,STORE002,2025-03-23,1,13705.48
ORD0004109,CUST00678,PROD00151,STORE009,2026-03-29,3,12891.12
ORD0005302,CUST01332,PROD00185,STORE003,2025-11-15,5,23933.35
ORD0009555,CUST00607,PROD00285,STORE025,2025-11-21,4,13139.43
ORD0001496,CUST00363,PROD00001,STORE003,2025-08-13,6,3510.54
ORD0002701,CUST00136,PROD00130,STORE012,2026-01-14,3,9542.57
ORD0004516,CUST00613,PROD00165,STORE023,2025-08-17,6,20720.72
ORD0010944,CUST00929,PROD00064,STORE021,2025-01-12,6,4202.63
ORD0002355,CUST00095,PROD00059,STORE016,2025-03-21,1,23432.36
ORD0002350,CUST00966,PROD00258,STORE001,2025-11-25,4,15905.34
ORD0011872,CUST00818,PROD00179,STORE003,2025-06-13,2,24893.24
ORD0003524,CUST00635,PROD00085,STORE016,2025-11-11,6,7847.44
ORD0005953,CUST01393,PROD00248,STORE016,2026-04-08,4,5435.0
ORD0008836,CUST00958,PROD00246,STORE012,2026-01-29,5,11599.86
ORD0011207,CUST01308,PROD00017,STORE025,2025-09-10,6,21318.84
ORD0007727,CUST00084,PROD00054,STORE012,2026-02-04,1,19557.99
ORD0007627,CUST00158,PROD00177,STORE022,2025-01-09,2,700.66
ORD0011995,CUST00707,PROD00104,STORE020,2025-05-22,4,14252.16
ORD0003563,CUST00513,PROD00292,STORE002,2026-01-20,5,18025.06
ORD0008518,CUST01423,PROD00291,STORE015,2025-03-19,4,12349.21
ORD0010259,CUST01350,PROD00299,STORE001,2026-01-09,4,15002.61
ORD0008680,CUST00643,PROD00171,STORE008,2025-04-23,6,17171.76
ORD0004328,CUST00361,PROD00210,STORE012,2026-02-13,1,21332.69
ORD0008537,CUST01489,PROD00141,STORE019,2025-11-15,4,20439.27
ORD0000001,CUST01301,PROD00046,STORE017,2025-01-02,6,18773.73
ORD0000237,CUST01293,PROD00091,STORE011,2025-05-26,5,12159.5
ORD0004974,CUST00437,PROD00105,STORE010,2025-01-23,3,3373.28
ORD0011301,CUST01026,PROD00236,STORE010,2026-04-10,2,11041.89
ORD0010607,CUST01056,PROD00270,STORE011,2025-05-14,6,6758.05
ORD0006572,CUST00752,PROD00212,STORE007,2025-08-13,4,20308.28
ORD0007176,CUST01234,PROD00288,STORE014,2026-13-40,3,15834.39
ORD0000876,CUST00832,PROD00278,STORE004,2025-10-15,3,4096.35
ORD0004314,CUST00685,PROD00049,STORE006,2026-01-08,1,18811.46
ORD0011828,CUST00064,PROD00249,STORE007,2026-03-07,4,4191.46
ORD0008620,CUST00295,PROD00133,STORE009,2025-08-12,3,8994.66
ORD0005942,CUST01201,PROD00175,STORE004,2026-01-28,3,21695.96
ORD0001675,CUST01306,PROD00107,STORE021,2026-04-14,6,14355.9
ORD0003325,CUST00974,PROD00145,STORE001,2025-01-12,3,21822.17
ORD0001564,CUST00197,PROD00276,STORE008,2025-12-17,2,19232.44
ORD0011874,CUST01332,PROD00034,STORE010,2025-05-01,1,9178.53
ORD0000016,,PROD00275,STORE007,2025-11-11,6,2891.34
ORD0011981,CUST01245,PROD00185,STORE020,2025-12-03,4,5760.48
ORD0010335,CUST01003,PROD00119,STORE001,2025-06-21,5,15908.97
ORD0006573,CUST00166,PROD00077,STORE010,2025-04-16,1,5209.1
ORD0004825,CUST00921,PROD00104,STORE021,2025-07-05,3,24049.61
ORD0000671,CUST00415,PROD00076,STORE010,2025-07-20,2,18704.06
ORD0006355,CUST00645,PROD00134,STORE002,2025-02-13,6,9134.84
ORD0000986,CUST00799,PROD00081,STORE012,2026-03-20,3,18977.8
ORD0010786,CUST00493,PROD00234,STORE011,2026-02-01,6,6157.48
ORD0011564,CUST00970,PROD00296,STORE015,2025-02-08,3,16471.17
ORD0001612,CUST01141,PROD00144,STORE011,2026-02-22,2,5346.51
ORD0008279,CUST00712,PROD00012,STORE022,2026-03-07,6,6638.67
ORD0000589,CUST00049,PROD00213,STORE018,2025-10-29,1,1147.23
ORD0012068,CUST00629,PROD00083,STORE014,2025-08-19,6,10465.43
ORD0011717,CUST01324,PROD00288,STORE007,2026-03-02,5,9556.19
ORD0011885,CUST00034,PROD00230,STORE023,2026-04-05,5,500.68
ORD0003954,CUST01155,PROD00209,STORE015,2025-11-03,3,11206.2
ORD0009497,CUST00302,PROD00172,STORE024,2026-03-05,5,19490.23
ORD0010672,CUST00606,PROD00099,STORE014,2025-04-09,2,20165.38
ORD0001940,CUST00022,PROD00128,STORE018,2025-08-31,2,21342.86
ORD0010151,,PROD00287,STORE002,2026-01-08,2,6005.39
ORD0001331,CUST00396,PROD00149,STORE009,2025-08-02,1,19724.29
ORD0003303,CUST01060,PROD00148,STORE019,2025-07-28,2,19004.71
ORD0000291,CUST01038,PROD00297,STORE024,2026-01-23,5,3174.34
ORD0004670,CUST00694,PROD00022,STORE008,2025-03-05,1,23430.98
ORD0005702,CUST00875,PROD00041,STORE002,2026-02-01,4,18318.19
ORD0000665,CUST00894,PROD00286,STORE023,2025-02-14,4,1813.42
ORD0003727,CUST01263,PROD00241,STORE004,2026-03-16,3,17346.36
ORD0001736,CUST00471,PROD00012,STORE008,2025-08-28,2,abc
ORD0000744,CUST01482,PROD00092,STORE005,2025-05-06,5,23313.93
ORD0003801,CUST01348,PROD00074,STORE010,2025-10-14,6,$12232.12
ORD0009775,CUST00816,,STORE004,2026-01-30,4,18018.41
ORD0011923,CUST00088,PROD00069,STORE015,2025-08-17,2,15319.16
ORD0005171,CUST00146,PROD00187,STORE022,2025-08-26,3,2895.01
ORD0005338,CUST00887,PROD00240,STORE024,2025-03-11,5,10374.15
ORD0011372,CUST01086,PROD00130,STORE024,2026-01-26,1,4356.16
ORD0008723,CUST01218,PROD00017,STORE015,2026-01-06,1,19722.91
ORD0005921,CUST00947,PROD00170,STORE023,2025-10-28,6,17344.82
ORD0003831,CUST00152,PROD00227,STORE004,2025-08-05,5,17631.58
ORD0000792,CUST00117,PROD00224,STORE013,2025-08-31,4,3978.04
ORD0012106,CUST01444,PROD00200,STORE012,2025-10-13,6,16297.14
ORD0001555,CUST01075,PROD00057,STORE003,2025-07-04,4,24352.36
ORD0011675,CUST01439,PROD00231,STORE003,2025-06-24,two,23808.7
ORD0003606,CUST00051,PROD00105,STORE019,2025-05-13,1,15280.05
ORD0008396,CUST00573,PROD00078,STORE004,2025-06-03,1,384.19
ORD0001734,CUST01278,PROD00120,STORE001,2025-06-19,2,553.61
ORD0006108,CUST01212,PROD00281,STORE001,2026-03-23,3,17581.67
ORD0009085,CUST00058,PROD00294,STORE010,2025-01-28,4,13182.78
ORD0011178,CUST00860,PROD00201,STORE017,2025-07-24,2,11827.15
ORD0005997,CUST01140,PROD00252,STORE022,2026-04-05,1,21760.22
ORD0009173,CUST00655,PROD00009,STORE004,2025-10-05,6,5071.29
ORD0007136,CUST00526,PROD00165,STORE015,2025-02-12,4,24084.42
ORD0006826,CUST00777,PROD00096,STORE012,2025-08-14,6,8780.38
ORD0008413,CUST00474,PROD00166,STORE022,2026-04-04,5,5511.42
ORD0009398,CUST00053,PROD00277,STORE013,2025-09-13,3,5496.23
ORD0004480,CUST01473,PROD00277,STORE013,2025-04-08,4,345.77
ORD0003947,CUST01131,PROD00276,STORE006,2025-02-12,4,1153.36
ORD0009333,CUST01403,PROD00122,STORE001,2025-10-09,3,18824.19
ORD0002043,CUST00006,PROD00012,STORE019,2026-01-21,1,9704.4
ORD0004219,CUST00446,PROD00281,STORE019,2026-03-31,1,15516.76
ORD0005683,,PROD00076,STORE025,2025-01-31,6,19874.84
ORD0009610,CUST01277,PROD00011,STORE007,2026-02-24,3,20516.94
ORD0009731,CUST00264,PROD00090,STORE011,2026-01-03,5,6325.12
ORD0010626,CUST01137,PROD00051,STORE012,2025-10-06,1,7543.83
ORD0009508,CUST01044,PROD00061,STORE012,2025-05-16,1,17164.47
ORD0005666,CUST01048,PROD00194,STORE019,2025-05-09,4,23970.8
ORD0010881,CUST00251,PROD00192,STORE007,2026-03-30,5,20842.27
ORD0004805,,PROD00127,STORE023,2025-10-29,6,1979.86
ORD0004746,,PROD00019,STORE012,2025-08-11,4,2818.17
ORD0002939,CUST00404,PROD00209,STORE021,2026-03-11,2,16821.92
ORD0005821,CUST00092,PROD00105,STORE014,2025-12-22,5,682.85
ORD0002620,CUST01075,PROD00040,STORE018,2025-01-21,5,15664.23
ORD0006098,CUST01169,PROD00020,STORE021,2026-02-09,4,7857.7
ORD0002246,CUST01475,PROD00072,STORE004,2025-06-03,5,16050.2
ORD0008965,CUST00750,PROD00234,STORE003,2025-06-12,2,20817.8
ORD0004177,CUST00922,PROD00252,STORE006,2025-02-06,5,19208.62
ORD0001176,CUST00294,PROD00004,STORE021,2025-01-31,3,15658.09
ORD0012268,CUST00396,PROD00086,STORE001,2025-05-26,4,15020.53
ORD0007035,CUST00515,PROD00113,STORE014,2025-05-05,4,23297.51
ORD0005648,CUST00286,PROD00215,STORE021,2025-01-25,5,14400.11
ORD0004345,CUST00445,PROD00133,STORE005,2025-07-01,2,13389.84
ORD0011154,CUST01207,PROD00214,STORE001,2025-09-24,4,23053.97
ORD0004547,CUST00442,PROD00106,STORE007,2026-01-05,1,22671.81
ORD0010078,CUST00394,PROD00165,STORE018,2025-03-31,6,1504.27
ORD0004080,CUST01175,PROD00230,STORE013,2025-12-13,5,3013.03
ORD0004386,CUST01376,PROD00193,STORE008,,6,18611.19
ORD0010989,CUST00025,PROD00288,STORE002,2025-08-08,4,19101.27
ORD0004570,CUST01249,PROD00055,STORE011,2025-01-01,3,13213.39
ORD0009854,CUST00601,PROD00160,STORE005,2025-09-10,5,4508.86
ORD0000145,CUST00308,PROD00004,STORE011,2025-04-12,6,14815.3
ORD0006285,CUST00252,PROD00077,STORE022,2025-10-26,1,11589.7
ORD0009248,CUST01232,PROD00006,STORE014,2025-12-06,2,4832.32
ORD0011337,CUST00639,PROD00196,STORE010,2025-09-10,5,19742.46
ORD0003081,CUST00524,PROD00026,STORE024,2025-09-10,4,13637.34
ORD0011678,CUST00859,PROD00137,STORE002,2025-05-19,5,23921.38
ORD0007985,CUST00816,PROD00277,STORE005,2025-10-31,5,23672.81
ORD0010441,CUST00950,PROD00197,STORE012,2025-06-01,5,22700.39
ORD0005410,CUST00352,PROD00134,STORE011,2025-02-09,6,5034.76
ORD0010419,CUST00133,PROD00056,STORE025,2025-07-24,3,23346.63
ORD0004545,CUST00436,PROD00258,STORE014,2025-10-12,5,4251.07
ORD0012051,CUST01065,PROD00213,STORE024,2025-09-14,1,20640.65
ORD0005027,CUST00542,PROD00183,STORE023,2025-02-19,4,20417.43
ORD0000455,CUST00652,PROD00023,STORE019,2025-06-24,1,23722.45
ORD0011471,CUST01459,PROD00138,STORE002,2026-01-01,2,10927.43
ORD0009725,CUST00187,PROD00292,STORE009,2025-07-26,1,9424.27
ORD0008455,CUST01294,PROD00075,STORE016,2026-13-40,1,14224.67
ORD0007532,CUST00363,PROD00154,STORE001,2026-01-04,5,13011.38
ORD0008444,CUST00876,PROD00219,STORE002,2025-12-11,4,14453.14
ORD0011560,CUST00037,PROD00186,STORE002,2025-11-03,1,24716.74
ORD0000334,CUST01087,PROD00269,STORE002,2025-04-28,5,9162.01
ORD0001155,CUST01054,PROD00270,STORE018,2026-04-01,3,10144.51
ORD0007877,CUST01287,PROD00059,STORE022,2025-06-21,6,19236.15
ORD0006840,CUST00457,PROD00200,STORE011,2025-07-06,4,17245.13
ORD0012149,CUST00191,PROD00186,STORE012,2025-12-20,3,9735.51
ORD0004012,CUST00435,PROD00171,STORE014,2025-09-07,1,12568.1
ORD0009260,CUST00816,PROD00218,STORE015,2026-03-20,1,1716.15
ORD0004201,CUST00182,PROD00070,STORE021,2025-06-16,2,22620.3
ORD0012375,CUST01171,PROD00138,STORE021,2026-04-02,3,18279.24
ORD0005357,CUST00786,PROD00274,STORE001,2025-11-02,1,22162.0
ORD0012181,CUST00303,,STORE009,2025-08-31,1,2420.17
ORD0004254,CUST00077,PROD00063,STORE009,2025-01-03,3,12907.63
ORD0004510,CUST00139,PROD00239,STORE017,2025-04-06,6,13993.9
ORD0011409,CUST00280,PROD00150,STORE018,2026-04-12,3,20371.2
ORD0007527,CUST00667,PROD00006,STORE021,2026-03-24,3,23851.36
ORD0009993,CUST01358,PROD00041,STORE018,2025-05-25,6,20030.74
ORD0010238,CUST01203,PROD00212,STORE015,2025-05-09,6,14912.81
ORD0008536,CUST00461,PROD00074,STORE009,2026-03-20,6,1650.13
ORD0011023,CUST00615,PROD00223,STORE006,2025-01-06,6,21967.02
ORD0006889,CUST01006,PROD00081,STORE002,2025-07-06,6,18613.34
ORD0000480,CUST00964,PROD00056,STORE018,2026-04-09,6,11390.15
ORD0010065,CUST00752,PROD00280,STORE021,2025-02-17,1,1592.44
ORD0008977,CUST01371,PROD00265,STORE024,2026-02-24,2,18833.2
ORD0011601,CUST01032,PROD00234,STORE025,2025-09-24,3,1640.26
ORD0008160,CUST00531,PROD00188,STORE019,2025-10-26,6,19474.82
ORD0002829,CUST00066,PROD00001,STORE009,2026-01-20,1,1119.49
ORD0002545,CUST00876,PROD00018,STORE019,2025-06-11,6,15562.49
ORD0004879,CUST00009,PROD00251,STORE003,2025-06-01,4,6266.08
ORD0006111,CUST01179,PROD00193,STORE004,2025-10-17,6,11022.62
ORD0005173,CUST01123,PROD00119,STORE019,2025-07-25,1,22314.79
ORD0003494,CUST00722,PROD00188,STORE015,2025-05-11,5,8518.65
ORD0009860,CUST01248,PROD00281,STORE015,2025-04-03,1,17272.88
ORD0012315,CUST01416,PROD00263,STORE019,2025-04-23,2,6247.86
ORD0004733,CUST01064,PROD00033,STORE004,2025-04-04,6,24660.87
ORD0011107,CUST00692,PROD00140,STORE024,2025-07-17,1,4946.99
ORD0004063,CUST00928,PROD00078,STORE021,2025-12-09,3,10395.25
ORD0001443,CUST00945,PROD00185,STORE011,2025-03-02,5,7961.71
ORD0000746,CUST01026,PROD00259,STORE002,2025-01-25,4,3503.49
ORD0005333,CUST01457,PROD00231,STORE013,2025-12-02,2,9119.51
ORD0008911,CUST00541,PROD00058,STORE014,2025-10-31,1,16903.2
ORD0004375,CUST00506,PROD00073,STORE018,2025-11-12,5,9055.62
ORD0007518,CUST00851,PROD00008,STORE025,2026-13-40,4,11205.07
ORD0001667,CUST00307,PROD00158,STORE003,2026-01-20,2,14353.6
ORD0003586,CUST01431,PROD00196,STORE001,2025-07-20,3,2466.58
ORD0006358,CUST01323,PROD00256,STORE011,2025-12-14,5,18447.61
ORD0011293,CUST00162,,STORE016,2025-05-05,6,6538.03
ORD0000438,CUST00239,PROD00149,STORE001,2026-04-14,2,16540.92
ORD0008062,CUST00138,PROD00271,STORE013,2025-12-07,4,24786.33
ORD0010190,CUST00292,PROD00062,STORE023,2025-11-29,6,16125.78
ORD0004365,CUST00743,PROD00105,STORE009,2025-09-27,6,24044.6
ORD0010171,CUST00037,PROD00250,STORE014,2025-09-01,2,24580.61
ORD0001415,CUST00093,PROD00016,STORE017,2026-03-21,6,14982.13
ORD0000641,CUST00381,PROD00037,STORE003,2025-03-02,3,11397.09
ORD0002234,CUST00762,PROD00143,STORE006,2025-07-16,1,22674.4
ORD0005872,CUST01147,PROD00135,STORE019,2025-11-03,6,18150.86
ORD0002768,CUST01297,PROD00085,STORE013,2026-01-20,6,7518.96
ORD0000773,CUST01123,PROD00290,STORE017,2025-03-20,1,24966.32
ORD0005835,CUST00245,PROD00016,STORE015,2025-06-28,1,24823.65
ORD0001100,CUST00748,PROD00002,STORE013,2025-12-04,5,3719.19
ORD0010581,CUST01491,PROD00154,STORE005,2025-09-21,3,5536.79
ORD0011778,CUST01339,PROD00191,STORE011,2025-06-21,1,3191.48
ORD0003064,CUST01077,PROD00220,STORE002,2025-07-04,1,21844.98
ORD0008166,CUST00232,PROD00288,STORE017,2025-12-06,1,15802.54
ORD0001755,CUST01460,PROD00131,STORE017,2025-05-07,6,18526.52
ORD0001236,CUST00440,PROD00292,STORE020,2025-12-22,3,-5
ORD0006905,CUST01064,PROD00124,STORE021,2025-07-05,1,6809.55
ORD0001128,CUST00550,PROD00129,STORE006,2025-10-31,5,9920.36
ORD0002955,CUST01044,PROD00296,STORE021,2025-05-27,6,18422.15
ORD0010219,CUST01316,PROD00241,STORE020,2025-09-05,1,24634.64
ORD0001474,CUST01477,PROD00264,STORE005,2025-06-09,4,5174.29
ORD0001430,CUST01212,PROD00138,STORE025,2025-09-25,5,11815.43
ORD0001487,CUST00327,PROD00106,STORE019,2025-01-05,2,18270.29
ORD0000836,CUST01311,PROD00157,STORE025,2025-09-12,5,16633.36
ORD0003851,CUST00655,PROD00237,STORE020,2026-01-03,2,3093.29
ORD0009547,CUST00871,PROD00053,STORE009,2026-02-08,1,10889.41
ORD0008086,CUST01128,PROD00159,STORE016,2025-08-17,5,3658.93
ORD0007048,CUST00332,PROD00150,STORE001,2025-09-18,2,20875.77
ORD0000779,CUST00432,PROD00001,STORE003,2025-05-16,2,21492.19
ORD0000304,CUST01370,PROD00093,STORE012,2025-01-16,1,19695.94
ORD0010424,CUST00583,PROD00242,STORE008,2026-04-17,1,11393.98
ORD0001661,CUST00701,PROD00169,STORE014,2025-12-10,3,570.14
ORD0008267,CUST00418,PROD00226,STORE006,2025-08-20,3,11009.17
ORD0002359,CUST01231,PROD00213,STORE018,2026-01-30,2,16334.36
ORD0001231,CUST01144,PROD00203,STORE021,2025-06-22,5,3644.19
ORD0001177,CUST00773,PROD00005,STORE003,2025-05-15,5,$6232.0
ORD0012070,CUST00414,PROD00175,STORE022,2025-11-11,2,12222.07
ORD0001071,CUST00287,PROD00207,STORE025,2025-11-02,4,16834.13
ORD0011144,CUST00517,PROD00175,STORE009,2025-08-21,3,6155.54
ORD0009847,CUST00745,PROD00023,STORE019,2025-10-25,5,1477.12
ORD0010918,CUST01213,PROD00127,STORE019,2026-02-22,2,16710.34
ORD0003632,CUST01115,PROD00204,STORE001,,6,4633.59
ORD0000697,CUST00286,PROD00152,STORE007,2025-12-31,6,17196.59
ORD0008465,CUST01259,PROD00236,STORE010,2025-05-03,5,6262.53
ORD0011037,CUST00543,PROD00221,STORE016,2025-08-23,2,5798.73
ORD0010187,CUST01077,PROD00276,STORE020,2026-04-22,6,22308.82
ORD0006167,CUST01420,PROD00188,STORE007,2025-05-22,1,2892.16
ORD0009332,CUST00880,PROD00060,STORE012,2026-03-23,2,23152.37
ORD0009347,CUST01329,PROD00240,STORE016,2025-04-30,6,947.91
ORD0008487,CUST00179,PROD00014,STORE014,2026-02-28,3,19446.91
ORD0006342,CUST00760,PROD00265,STORE005,2026-02-17,1,11998.93
ORD0005544,CUST00796,PROD00003,STORE014,2025-01-07,2,4468.35
ORD0005636,CUST01362,PROD00287,STORE018,2025-01-18,5,3499.13
ORD0011397,CUST01183,PROD00198,STORE002,2025-08-27,5,14414.86
ORD0001017,CUST01425,PROD00151,STORE005,2026-01-18,5,13472.21
ORD0011891,CUST00854,PROD00089,STORE005,2025-06-20,3,8507.66
ORD0000409,CUST00411,PROD00117,STORE012,2025-06-23,6,15880.23
ORD0007300,CUST00342,PROD00290,STORE021,2025-05-14,1,21576.01
ORD0009331,CUST00975,PROD00085,STORE010,2025-03-08,5,6370.5
ORD0005373,CUST00472,PROD00157,STORE015,2025-08-14,5,21868.29
ORD0010139,CUST01299,PROD00246,STORE011,2025-09-21,3,673.18
ORD0006901,CUST00985,PROD00143,STORE007,2025-10-29,2,15184.55
ORD0005485,CUST01426,PROD00129,STORE007,2026-01-05,3,19322.22
ORD0011524,CUST00716,PROD00259,STORE006,2025-09-12,6,10792.5
ORD0005348,CUST00514,PROD00224,STORE015,2026-01-11,5,12379.62
ORD0009442,CUST01428,PROD00260,STORE008,2025-04-01,3,21275.81
ORD0002660,CUST00280,PROD00290,STORE003,2026-04-17,3,14046.38
ORD0012361,CUST00913,PROD00091,STORE017,2026-02-01,1,23635.74
ORD0008543,CUST00252,PROD00092,STORE003,2025-04-10,5,14829.69
ORD0004339,CUST00781,PROD00117,STORE011,2025-06-25,1,10902.11
ORD0010842,CUST00574,PROD00257,STORE023,2025-03-25,5,9097.2
ORD0002012,CUST00270,PROD00095,STORE012,2025-07-23,2,2457.15
ORD0012195,CUST01268,PROD00042,STORE010,2025-04-09,3,3438.8
ORD0008296,CUST01216,PROD00080,STORE015,2025-08-13,3,4401.3
ORD0011921,CUST00151,PROD00141,STORE025,2025-05-21,5,693.59
ORD0002674,CUST01152,PROD00105,STORE023,2025-05-28,4,20299.9
ORD0010764,CUST01433,PROD00043,STORE022,2025-07-24,3,23513.28
ORD0005559,CUST00806,PROD00118,STORE013,2025-11-12,6,18043.04
ORD0006245,CUST00865,PROD00133,STORE001,2025-02-02,1,1731.74
ORD0003295,CUST00838,PROD00210,STORE023,2025-04-28,5,19806.05
ORD0002357,CUST00064,PROD00263,STORE021,2025-11-24,5,931.42
ORD0003694,CUST00559,PROD00230,STORE010,2025-10-03,-1,4074.18
ORD0004958,CUST00630,PROD00227,STORE024,2025-06-13,6,21312.49
ORD0012009,CUST00199,PROD00058,STORE001,2026-03-30,5,17935.99
ORD0002273,CUST00137,PROD00245,STORE010,2026-01-03,6,1127.55
ORD0007591,CUST00199,PROD00208,STORE001,2025-01-13,5,17181.19
ORD0008689,CUST00409,PROD00040,STORE022,2025-02-28,2,8735.87
ORD0001174,CUST01077,PROD00112,STORE006,2026-02-22,6,13652.61
ORD0005729,CUST00514,PROD00204,STORE005,2025-09-16,2,14094.67
ORD0011027,CUST00328,PROD00092,STORE017,2025-08-08,3,8249.43
ORD0001000,CUST00494,PROD00047,STORE021,2025-04-21,6,5070.06
ORD0004486,CUST00661,PROD00076,STORE009,2025-06-24,2,24031.45
ORD0010251,CUST01423,PROD00161,STORE004,2025-06-13,4,19443.58
ORD0002361,CUST01353,PROD00010,STORE015,2025-12-04,2,12981.05
ORD0005030,CUST00943,PROD00139,STORE007,2025-07-01,6,21095.47
ORD0012037,CUST00794,PROD00089,STORE021,2025-11-25,5,24539.12
ORD0008447,CUST00709,PROD00108,STORE005,2025-05-11,4,19116.61
ORD0006345,CUST00500,PROD00076,STORE012,2025-08-06,3,1656.4
ORD0011021,CUST01391,PROD00068,STORE013,2025-09-26,3,22475.06
ORD0006643,CUST01146,PROD00160,STORE007,2025-02-10,4,16347.81
ORD0010226,CUST00847,PROD00167,STORE003,2025-07-04,4,17518.1
ORD0002169,CUST00924,PROD00096,STORE018,2025-01-24,5,20872.55
ORD0004854,CUST00667,PROD00247,STORE023,2025-09-05,6,12449.47
ORD0009396,CUST00226,PROD00030,STORE019,2025-07-12,1,11124.07
ORD0003025,CUST01486,PROD00102,STORE008,2026-03-09,3,22480.22
ORD0008745,CUST00532,PROD00105,STORE012,2025-11-12,,15289.03
ORD0012216,CUST01198,PROD00165,STORE006,2025-03-19,6,22482.35
ORD0003983,CUST00879,PROD00187,STORE017,2026-01-23,3,11343.42
ORD0000588,CUST01373,PROD00203,STORE001,2025-09-10,5,19173.59
ORD0003483,CUST00654,PROD00299,STORE002,2025-06-16,4,615.74
ORD0007881,CUST01167,PROD00193,STORE016,2025-06-02,4,18706.45
ORD0010523,CUST01483,PROD00037,STORE013,2026-04-12,4,2444.94
ORD0002459,CUST01401,PROD00082,STORE005,2025-11-04,1,7941.46
ORD0011590,CUST00501,PROD00009,STORE016,2026-02-27,2,13194.33
ORD0000387,CUST00793,PROD00134,STORE023,2025-05-15,-1,20115.14
ORD0005031,CUST00781,PROD00241,STORE010,2026-02-11,1,24316.75
ORD0010545,CUST00679,PROD00033,STORE001,2025-03-19,5,13195.87
ORD0009643,CUST00922,PROD00126,STORE015,2025-09-01,2,1501.02
ORD0001979,CUST00921,PROD00008,STORE009,2025-01-05,1,5928.82
ORD0010549,CUST00023,PROD00287,STORE024,2026-02-27,4,17059.39
ORD0005425,,PROD00136,STORE024,2025-06-01,6,15484.92
ORD0004910,CUST00202,PROD00098,STORE002,2025-03-12,5,7968.94
ORD0008357,CUST00564,PROD00031,STORE007,2025-01-15,6,897.2
ORD0001339,CUST01103,PROD00128,STORE023,2025-11-13,5,9986.32
ORD0007857,CUST00125,PROD00244,STORE015,2025-06-08,6,1523.45
ORD0001429,CUST00664,PROD00052,STORE013,2026-04-15,5,20475.93
ORD0005411,CUST00053,PROD00258,STORE003,2025-06-03,2,6387.2
ORD0000127,CUST00968,PROD00193,STORE015,2026-04-15,6,6182.14
ORD0003099,CUST00466,PROD00251,STORE005,2025-11-22,5,7971.1
ORD0007924,CUST00579,PROD00025,STORE017,2026-02-15,2,18367.01
ORD0007147,CUST00435,PROD00174,STORE021,2025-06-25,3,20664.95
ORD0005316,CUST01125,PROD00219,STORE016,2025-02-27,2,1018.86
ORD0006142,CUST00019,PROD00295,STORE022,2025-03-09,3,-5
ORD0009361,CUST01404,,STORE018,2025-09-09,6,10745.75
ORD0008414,CUST01427,PROD00263,STORE022,2025-01-29,5,2233.05
ORD0009981,CUST01400,PROD00142,STORE008,2025-03-01,1,13980.64
ORD0000742,CUST01235,PROD00040,STORE003,2026-02-05,1,6835.75
ORD0003971,CUST01260,PROD00263,STORE013,2025-10-07,5,16351.23
ORD0000664,CUST00755,PROD00279,STORE004,2025-05-23,4,11920.4
ORD0012202,CUST01372,PROD00250,STORE017,2025-11-23,2,24594.13
ORD0004122,CUST01302,PROD00154,STORE008,2026-03-05,2,1463.51
ORD0005959,CUST01222,PROD00019,STORE016,2025-07-21,3,24911.75
ORD0002070,CUST00588,PROD00204,STORE004,2025-11-05,1,1661.68
ORD0001082,CUST01119,PROD00294,STORE012,2025-04-22,4,3163.42
ORD0011227,CUST00690,PROD00120,STORE021,2025-02-25,4,7973.7
ORD0001904,CUST01402,PROD00033,STORE011,2025-12-21,2,3187.34
ORD0011352,,PROD00234,STORE014,2026-04-11,3,13519.73
ORD0012073,CUST00291,PROD00249,STORE013,2025-09-28,4,6596.38
ORD0012136,CUST00851,PROD00217,STORE017,2025-06-12,1,unknown
ORD0004025,CUST00397,PROD00122,STORE025,2025-10-29,6,20474.75
ORD0002106,CUST00187,PROD00083,STORE012,2026-01-19,3,5022.42
ORD0005429,CUST00280,PROD00132,STORE013,2025-04-25,1,16094.72
ORD0001741,CUST00759,PROD00108,STORE002,2025-03-30,1,23547.82
ORD0003017,CUST01062,PROD00073,STORE010,2025-05-16,4,13537.34
ORD0006183,CUST00802,PROD00286,STORE022,2025-01-22,2,2975.71
ORD0006173,CUST00290,PROD00211,STORE021,2025-06-09,2,20272.02
ORD0004223,CUST00057,PROD00253,STORE003,2025-09-01,3,22374.99
ORD0001732,CUST00575,PROD00217,STORE013,2026-01-20,3,4652.17
ORD0005599,CUST00801,PROD00231,STORE007,2025-07-20,5,6213.12
ORD0011666,CUST00894,PROD00239,STORE008,2026-02-08,4,8666.72
ORD0005742,CUST01463,PROD00006,STORE001,2025-07-02,2,17794.13
ORD0004842,,PROD00097,STORE007,2025-01-20,3,6088.54
ORD0009589,CUST00222,PROD00164,STORE022,2025-08-12,3,10052.34
ORD0009436,CUST01129,PROD00066,STORE007,2026-03-11,2,16205.88
ORD0000348,CUST00256,PROD00278,STORE024,2025-02-06,5,11441.03
ORD0002823,CUST00557,PROD00052,STORE016,2025-01-04,2,13477.02
ORD0008385,CUST00885,PROD00150,STORE005,2026-02-11,5,5635.42
ORD0011357,CUST00453,,STORE024,2026-01-27,1,8865.29
ORD0010240,CUST01437,PROD00220,STORE014,2025-04-29,5,1231.57
ORD0010912,CUST01280,PROD00196,STORE001,2025-10-12,3,1485.94
ORD0002923,CUST00012,PROD00212,STORE019,2025-08-03,2,24271.76
ORD0000399,CUST01428,PROD00156,STORE011,2026-03-25,2,14310.96
ORD0009696,CUST00757,PROD00136,STORE022,2025-05-26,6,8847.88
ORD0002546,CUST00643,PROD00008,STORE010,2025-12-05,5,17599.68
ORD0000074,CUST00293,PROD00224,STORE018,2026-02-08,4,12328.82
ORD0006338,CUST01404,PROD00030,STORE008,2025-02-09,4,12398.43
ORD0009157,CUST01358,PROD00278,STORE023,2025-08-07,2,5696.6
ORD0012235,CUST00155,PROD00005,STORE012,2025-01-19,3,13143.67
ORD0010596,CUST00641,PROD00182,STORE014,2025-04-28,2,20564.73
ORD0003192,CUST00852,PROD00135,STORE016,2025-07-18,1,21066.72
ORD0006339,CUST00956,PROD00005,STORE025,2025-11-20,2,12218.29
ORD0004535,CUST00450,PROD00264,STORE005,2025-10-26,4,22590.1
ORD0003446,CUST00686,,STORE009,2026-02-08,5,10245.54
ORD0008632,CUST00298,PROD00036,STORE009,2025-08-14,3,3438.54
ORD0006664,CUST01376,PROD00212,STORE011,2025-12-11,2,22952.7
ORD0007883,CUST00743,PROD00062,STORE023,2025-11-05,4,7978.88
ORD0007771,CUST00498,PROD00198,STORE003,2025-01-02,4,21984.23
ORD0009871,CUST01168,PROD00251,STORE008,2025-05-06,6,859.04
ORD0009251,CUST00636,PROD00233,STORE001,2026-04-01,6,13716.93
ORD0009591,CUST01171,PROD00236,STORE005,2026-02-01,2,19624.92
ORD0005005,CUST01077,PROD00276,STORE019,2026-04-05,2,16161.96
ORD0006303,CUST00456,PROD00267,STORE024,2025-12-15,6,2623.69
ORD0009669,CUST00834,PROD00132,STORE009,2025-03-03,3,14727.13
ORD0002209,CUST01154,PROD00220,STORE002,2026-01-03,2,20786.56
ORD0010673,CUST00166,PROD00109,STORE003,2025-02-08,6,4014.88
ORD0009170,CUST01413,PROD00109,STORE004,2025-04-25,5,23235.03
ORD0004428,CUST00343,PROD00174,STORE016,2025-01-06,2,19776.99
ORD0003771,CUST01293,PROD00235,STORE008,2025-03-11,5,$12823.55
ORD0008121,CUST00686,PROD00090,STORE004,2026-02-21,2,19183.94
ORD0002893,CUST00723,PROD00101,STORE022,2025-02-23,5,17527.6
ORD0007525,CUST00525,,STORE025,2025-05-15,3,15465.97
ORD0005790,CUST01010,PROD00064,STORE014,2025-05-11,5,abc
ORD0006364,CUST00077,PROD00012,STORE010,2026-03-11,6,10396.74
ORD0006848,CUST01336,PROD00104,STORE020,2025-02-08,5,6685.38
ORD0003589,CUST00237,PROD00286,STORE015,2026-03-20,4,11519.0
ORD0004645,CUST00547,PROD00134,STORE009,2025-12-04,1,13838.02
ORD0003352,CUST00519,PROD00029,STORE012,2025-02-15,1,5524.59
ORD0008667,CUST01132,PROD00202,STORE014,2025-12-04,5,996.7
ORD0002652,CUST01050,PROD00150,STORE009,2025-10-22,4,24411.72
ORD0004138,CUST01382,PROD00086,STORE020,00/00/0000,5,13953.87
ORD0011879,CUST01342,PROD00060,STORE006,2026-03-02,2,22203.22
ORD0011180,CUST00189,PROD00145,STORE019,2025-08-14,4,20291.44
ORD0004225,CUST01441,PROD00079,STORE012,2025-08-24,6,21512.63
ORD0002152,CUST01005,PROD00259,STORE019,2025-03-04,4,21409.74
ORD0000470,CUST00459,PROD00074,STORE010,2025-07-18,6,18314.82
ORD0006890,CUST00100,PROD00293,STORE018,2026-03-08,1,10932.54
ORD0001287,CUST00914,PROD00008,STORE003,2025-05-16,6,20590.27
ORD0005095,CUST00139,PROD00132,STORE007,2025-12-23,6,15722.01
ORD0012172,CUST00377,PROD00260,STORE013,2025-10-26,6,5244.58
ORD0000020,CUST01097,PROD00102,STORE006,2026-01-03,5,9978.83
ORD0004373,CUST00826,PROD00235,STORE008,2025-08-30,3,12431.18
ORD0009820,CUST00590,PROD00068,STORE003,2025-02-20,2,23911.78
ORD0006522,CUST00745,PROD00249,STORE018,2026-03-01,2,5027.53
ORD0006565,CUST00261,PROD00012,STORE023,2025-11-20,1,12391.44
ORD0007610,CUST00959,PROD00157,STORE015,2025-02-23,4,18880.78
ORD0012007,CUST00989,PROD00134,STORE020,2025-10-18,6,22698.47
ORD0009882,CUST00259,PROD00234,STORE001,2026-03-28,1,18271.42
ORD0005147,CUST01189,PROD00277,STORE024,2025-06-20,1,21905.22
ORD0006639,CUST01075,PROD00200,STORE005,2026-03-28,2,9050.07
ORD0009390,CUST00853,PROD00167,STORE013,2025-11-05,5,13592.21
ORD0006684,CUST01168,PROD00127,STORE003,2025-03-09,4,15955.96
ORD0000683,CUST00982,PROD00261,STORE014,2025-11-22,6,21816.0
ORD0007983,CUST00341,PROD00166,STORE010,2025-07-30,1,12196.4
ORD0006954,CUST01084,PROD00019,STORE025,2026-03-15,3,4764.06
ORD0004040,CUST00702,PROD00091,STORE012,2025-10-09,4,$5555.35
ORD0007712,CUST01486,PROD00065,STORE012,2025-01-22,5,5024.99
ORD0007051,CUST00020,PROD00263,STORE024,2026-03-16,4,8072.78
ORD0011061,,PROD00198,STORE025,2025-09-07,3,21106.68
ORD0003265,CUST01110,PROD00099,STORE020,2025-11-15,6,553.63
ORD0010170,CUST00715,PROD00298,STORE021,2025-07-10,5,3881.5
ORD0003915,CUST00519,PROD00036,STORE014,2025-09-08,6,17954.28
ORD0006910,CUST00288,PROD00110,STORE006,2025-06-28,1,2508.82
ORD0001846,CUST00721,PROD00293,STORE010,2025-09-18,4,7003.62
ORD0003603,CUST00594,PROD00180,STORE014,2025-09-20,3,11614.17
ORD0009998,CUST00554,PROD00108,STORE013,2026-03-10,1,2905.5
ORD0007085,CUST00224,PROD00027,STORE010,2025-09-06,1,6018.16
ORD0005319,CUST01179,PROD00008,STORE001,2025-02-23,6,291.72
ORD0006266,CUST00466,PROD00008,STORE009,2025-06-15,1,17433.16
ORD0010463,CUST00108,PROD00010,STORE025,2025-06-27,4,23182.24
ORD0002925,CUST01377,PROD00028,STORE014,2026-03-25,2,18804.74
ORD0012013,CUST00928,PROD00238,STORE014,2025-08-30,2,15260.12
ORD0002801,CUST00490,PROD00284,STORE003,2025-09-13,1,22961.57
ORD0010578,CUST00417,PROD00137,STORE016,2025-07-25,4,23397.49
ORD0000558,CUST00469,PROD00122,STORE008,2026-04-01,4,-5
ORD0001946,CUST01088,PROD00255,STORE007,2025-03-13,4,18974.52
ORD0007855,CUST01297,PROD00181,STORE011,2025-08-22,6,11038.92
ORD0007699,CUST00197,PROD00034,STORE012,2025-04-06,3,13019.67
ORD0001559,CUST01020,PROD00184,STORE005,2025-05-05,6,21913.89
ORD0006217,CUST01173,PROD00186,STORE001,2026-04-04,5,1979.03
ORD0005032,CUST01411,PROD00170,STORE007,2025-02-16,4,$3581.1
ORD0000799,CUST00005,PROD00242,STORE006,2026-03-08,1,3467.06
ORD0003452,CUST00671,PROD00295,STORE016,2025-03-30,6,16036.64
ORD0011349,CUST00321,PROD00081,STORE013,2025-12-04,1,23674.76
ORD0006945,CUST00348,PROD00170,STORE002,2025-06-30,5,6647.86
ORD0003554,CUST01237,PROD00192,STORE001,2025-09-05,4,10613.53
ORD0010794,CUST00074,PROD00138,STORE025,2025-03-27,4,3782.14
ORD0005341,CUST00033,PROD00088,STORE006,2025-06-03,1,15427.57
ORD0001638,CUST01036,PROD00082,STORE007,2025-01-08,4,1108.57
ORD0003571,CUST00008,PROD00072,STORE006,2026-01-12,1,10672.57
ORD0008356,CUST00625,PROD00149,STORE014,2025-11-18,6,7738.05
ORD0009722,CUST01154,PROD00052,STORE018,2025-02-04,3,20356.84
ORD0002604,CUST00739,PROD00281,STORE013,2025-05-24,6,15624.36
ORD0002470,CUST00443,PROD00199,STORE017,2026-04-21,4,1353.2
ORD0007784,CUST00846,PROD00289,STORE010,2025-12-26,5,2337.84
ORD0012010,CUST01434,PROD00232,STORE001,2026-03-31,6,20099.82
ORD0001111,CUST01226,PROD00129,STORE017,2025-06-02,3,16262.01
ORD0005804,CUST00727,PROD00029,STORE014,2025-08-24,6,20193.62
ORD0001676,CUST01431,PROD00159,STORE007,2025-11-19,1,15125.05
ORD0003791,CUST01130,PROD00145,STORE010,2025-03-16,3,4009.03
ORD0001911,CUST01204,PROD00295,STORE009,2025-08-09,4,15783.26
ORD0008133,CUST01420,PROD00023,STORE003,2025-12-08,5,2381.9
ORD0005347,CUST01003,PROD00229,STORE002,2025-09-16,2,19574.48
ORD0000877,CUST00508,PROD00042,STORE011,2026-04-16,2,4750.46
ORD0010459,CUST00806,PROD00178,STORE006,2025-04-13,5,8391.0
ORD0002330,CUST00645,PROD00166,STORE001,2025-10-20,6,15974.5
ORD0005562,CUST00021,PROD00099,STORE007,2025-01-26,6,12359.69
ORD0008559,CUST00229,PROD00114,STORE005,2025-08-24,2,4456.61
ORD0009941,CUST01222,PROD00200,STORE016,2026-03-13,4,4868.76
ORD0010527,CUST00423,PROD00096,STORE001,2025-12-30,5,2303.4
ORD0007132,CUST00547,PROD00075,STORE015,2026-03-09,4,13004.15
ORD0011289,CUST00362,PROD00026,STORE017,2025-01-23,3,17236.62
ORD0008888,CUST00952,PROD00079,STORE005,2025-04-15,2,1285.89
ORD0004649,CUST00111,PROD00064,STORE024,2026-03-03,3,4100.0
ORD0001104,CUST00543,PROD00208,STORE019,2025-09-25,2,18352.37
ORD0000946,CUST00232,PROD00287,STORE016,2025-10-25,4,22746.92
ORD0009529,CUST01364,PROD00180,STORE019,2025-03-14,1,18308.46
ORD0000386,CUST01063,PROD00298,STORE013,2026-04-07,6,14450.1
ORD0006806,CUST00371,PROD00186,STORE003,2025-02-12,5,14378.83
ORD0001717,CUST01175,PROD00112,STORE003,2025-10-10,3,17689.53
ORD0003110,CUST00542,PROD00077,STORE018,2025-07-14,4,21036.25
ORD0012189,CUST00880,PROD00100,STORE011,2025-03-14,-1,7479.17
ORD0010628,CUST01240,PROD00206,STORE011,2025-05-09,4,343.5
ORD0008992,CUST00780,PROD00069,STORE014,2025-08-01,5,22748.29
ORD0002038,CUST00736,PROD00169,STORE001,00/00/0000,2,19069.86
ORD0006120,CUST00927,PROD00203,STORE006,2026-03-30,2,19697.81
ORD0003858,CUST00203,PROD00277,STORE013,2025-10-26,4,23851.05
ORD0000751,CUST01084,PROD00251,STORE022,2026-01-07,4,13825.35
ORD0005748,CUST00963,PROD00135,STORE004,2025-02-24,2,316.0
ORD0007190,CUST01279,PROD00001,STORE004,2026-01-23,1,4644.73
ORD0005209,CUST00641,PROD00066,STORE001,2025-12-05,2,13569.66
ORD0002981,CUST00367,PROD00246,STORE025,2025-10-14,4,10835.44
ORD0002569,CUST00833,PROD00143,STORE011,2025-09-25,4,16687.92
ORD0003810,CUST00406,PROD00054,STORE009,2025-07-19,3,19108.75
ORD0011164,CUST01434,PROD00018,STORE015,2025-08-13,4,6982.98
ORD0012294,CUST00744,PROD00214,STORE005,2025-04-16,2,6036.61
ORD0003260,CUST01263,PROD00137,STORE006,2025-03-31,-1,14510.99
ORD0001049,CUST01332,PROD00125,STORE017,2025-10-15,2,16482.89
ORD0006093,CUST00704,PROD00188,STORE021,2025-02-15,4,24234.79
ORD0003174,CUST01092,PROD00165,STORE004,2025-01-04,2,5534.79
ORD0007572,CUST01197,PROD00022,STORE015,2025-03-02,4,2441.47
ORD0009147,CUST00697,PROD00008,STORE013,2025-08-26,2,3297.1
ORD0009597,CUST01435,PROD00257,STORE002,2025-05-23,2,13994.55
ORD0008909,CUST00904,PROD00050,STORE019,2026-03-31,2,14323.97
ORD0011833,CUST01138,PROD00267,STORE005,2025-04-17,2,24733.18
ORD0002315,CUST00069,PROD00031,STORE005,2025-12-23,4,11963.14
ORD0000109,CUST01349,PROD00096,STORE016,2025-06-15,2,11761.08
ORD0001705,CUST01070,PROD00299,STORE009,2025-02-23,1,6342.05
ORD0004616,CUST00229,PROD00172,STORE020,2025-12-29,2,19596.61
ORD0004799,CUST00435,PROD00290,STORE024,2025-11-25,4,2449.48
ORD0004812,CUST01337,PROD00094,STORE015,2026-02-24,1,14587.02
ORD0006715,CUST00340,PROD00247,STORE010,2025-10-06,4,21328.73
ORD0007609,CUST00127,PROD00263,STORE011,2026-02-03,4,8585.35
ORD0010148,CUST00260,PROD00247,STORE002,2025-05-03,3,15298.43
ORD0001046,CUST00937,PROD00214,STORE001,2026-01-19,6,11133.44
ORD0006065,CUST01209,PROD00284,STORE015,2025-09-17,6,1002.33
ORD0009420,CUST00225,PROD00216,STORE012,2026-02-27,2,13858.66
ORD0009670,CUST01118,PROD00180,STORE003,2025-05-15,1,2778.9
ORD0002663,CUST00764,PROD00036,STORE018,2025-05-11,3,15726.7
ORD0008735,,PROD00098,STORE025,2025-02-19,3,21110.2
ORD0010940,CUST00224,PROD00245,STORE010,2026-02-20,6,22805.58
ORD0006357,CUST00020,PROD00289,STORE006,2025-07-21,1,3058.53
ORD0007454,CUST01315,PROD00239,STORE002,2025-05-06,5,1485.78
ORD0011735,CUST01149,PROD00066,STORE005,2025-05-08,4,1762.13
ORD0001569,CUST01109,PROD00142,STORE003,2025-03-25,5,9769.42
ORD0008323,CUST00011,PROD00196,STORE015,2026-04-07,4,15457.5
ORD0011929,CUST01199,PROD00131,STORE014,2025-02-05,1,11733.63
ORD0004358,CUST01408,PROD00059,STORE016,2025-07-17,4,14348.47
ORD0009776,CUST00569,PROD00210,STORE002,2025-07-25,4,24389.94
ORD0002520,CUST00284,PROD00109,STORE010,2025-11-06,4,16547.1
ORD0002474,CUST00017,PROD00280,STORE019,2025-04-21,,422.08
ORD0011158,CUST00590,PROD00274,STORE022,2025-07-22,6,17872.2
ORD0009053,CUST00840,PROD00277,STORE017,2025-08-13,5,16796.44
ORD0011464,CUST01259,PROD00229,STORE003,2025-03-02,5,9302.63
ORD0007405,CUST00476,PROD00152,STORE009,2025-12-15,2,5309.55
ORD0001536,CUST01221,PROD00065,STORE001,2026-02-15,4,2996.18
ORD0002117,CUST00105,PROD00260,STORE009,2025-05-26,1,14608.59
ORD0006719,CUST01014,PROD00169,STORE013,2025-08-05,1,-5
ORD0009079,CUST01051,PROD00006,STORE017,2025-09-22,3,9842.56
ORD0012101,CUST00873,PROD00026,STORE002,2025-03-12,6,4550.22
ORD0008839,CUST00016,PROD00103,STORE006,2025-10-22,3,23784.02
ORD0005079,CUST00272,PROD00075,STORE022,2025-03-24,3,22570.54
ORD0000174,CUST01382,PROD00240,STORE001,2025-03-27,2,15677.84
ORD0005840,CUST00355,PROD00163,STORE018,2026-03-24,4,14978.04
ORD0002250,CUST01117,PROD00121,STORE023,2025-12-12,3,15762.82
ORD0006456,CUST01449,PROD00250,STORE019,2026-03-27,2,18384.98
ORD0004947,CUST00138,PROD00180,STORE010,2025-04-17,1,14608.6
ORD0008600,CUST00727,PROD00269,STORE025,2025-11-15,1,821.36
ORD0001105,CUST01334,PROD00090,STORE003,2025-10-18,5,3597.79
ORD0004784,CUST00115,PROD00227,STORE019,2026-03-17,3,4830.38
ORD0006019,CUST01022,PROD00126,STORE010,2025-03-26,3,1399.43
ORD0004521,CUST00527,PROD00135,STORE008,2025-03-04,1,15943.92
ORD0005444,CUST00805,PROD00009,STORE016,2026-02-13,3,21154.72
ORD0001323,CUST01277,PROD00033,STORE003,2026-03-01,3,1985.25
ORD0001106,CUST00815,PROD00234,STORE025,2025-10-13,5,23879.05
ORD0011132,CUST00937,PROD00209,STORE018,2025-04-02,4,14286.36
ORD0012085,CUST00987,PROD00287,STORE009,2026-04-17,4,23612.02
ORD0000772,CUST00999,PROD00222,STORE025,2026-02-04,5,1048.47
ORD0007643,CUST00967,PROD00144,STORE003,2025-02-17,3,19147.35
ORD0003609,CUST01332,PROD00209,STORE003,2026-04-22,2,13057.16
ORD0001589,CUST00484,PROD00116,STORE008,2026-02-22,3,23738.49
ORD0002812,CUST01168,PROD00114,STORE002,2025-10-30,1,9325.72
ORD0004874,CUST00387,PROD00154,STORE015,2025-11-26,3,9981.2
ORD0011257,CUST00218,PROD00053,STORE004,2026-04-17,3,7017.5
ORD0004882,CUST01356,PROD00026,STORE014,2025-05-08,1,19933.24
ORD0011208,CUST01192,PROD00266,STORE020,2025-10-18,1,17907.24
ORD0005656,CUST01439,PROD00031,STORE006,2025-08-08,4,8102.95
ORD0003763,CUST00492,PROD00241,STORE023,2025-05-04,4,12130.46
ORD0011514,CUST01037,PROD00100,STORE015,2026-04-07,6,10675.27
ORD0001233,CUST01222,PROD00147,STORE013,2026-02-26,2,575.31
ORD0012241,CUST01163,PROD00160,STORE014,2026-04-07,3,17430.28
ORD0003361,CUST01018,PROD00246,STORE010,2025-04-15,1,5214.11
ORD0006979,CUST00447,PROD00039,STORE017,2025-02-08,3,4940.54
ORD0003478,CUST01410,PROD00142,STORE010,2025-11-06,1,19867.62
ORD0000674,CUST00281,PROD00164,STORE008,2025-04-07,4,20060.45
ORD0009091,CUST00504,PROD00291,STORE002,2025-12-17,5,12964.47
ORD0003187,CUST00781,PROD00091,STORE016,2025-04-22,4,5239.12
ORD0005910,CUST00808,PROD00010,STORE003,2025-08-29,6,13724.49
ORD0000056,CUST00651,PROD00214,STORE006,2025-01-03,2,11841.76
ORD0008792,CUST01397,PROD00236,STORE009,2025-05-01,4,3075.09
ORD0003714,CUST00636,PROD00052,STORE006,2025-09-01,2,7434.04
ORD0003863,CUST00145,PROD00300,STORE015,2026-02-08,2,14111.93
ORD0005620,CUST00030,PROD00296,STORE010,2025-05-25,2,16596.51
ORD0002532,CUST00776,PROD00018,STORE011,00/00/0000,5,7932.82
ORD0009805,CUST00778,PROD00144,STORE018,2025-12-22,6,18457.9
ORD0001442,CUST00012,PROD00293,STORE012,2026-02-06,2,23527.52
ORD0000176,CUST00048,PROD00146,STORE018,2025-05-01,6,12345.31
ORD0005972,CUST00220,PROD00294,STORE013,2026-04-15,2,21536.74
ORD0003769,CUST00606,PROD00017,STORE017,2025-12-07,6,18040.04
ORD0001982,CUST01117,PROD00066,STORE013,2026-02-08,2,8814.72
ORD0001980,CUST01240,PROD00007,STORE020,2025-06-28,1,23560.68
ORD0004433,CUST00389,PROD00206,STORE021,2026-03-26,6,9435.88
ORD0004344,CUST01230,PROD00107,STORE007,2025-04-29,2,12390.29
ORD0002215,CUST00745,PROD00212,STORE001,2025-01-06,2,1258.18
ORD0002135,CUST00816,PROD00242,STORE001,2025-12-16,4,20051.05
ORD0000937,CUST00323,PROD00109,STORE003,2025-08-11,2,10464.06
ORD0011112,CUST00146,PROD00133,STORE003,2026-01-13,2,18846.6
ORD0009015,CUST01025,PROD00146,STORE008,2026-01-18,2,20902.24
ORD0005647,CUST01389,PROD00266,STORE018,2025-06-15,2,24579.99
ORD0001438,CUST01167,PROD00233,STORE013,2025-05-02,1,17376.35
ORD0007897,CUST00587,PROD00269,STORE001,2025-11-19,4,16376.71
ORD0005619,CUST01194,PROD00022,STORE007,2026-03-17,3,15088.92
ORD0005858,CUST01232,PROD00128,STORE001,2026-03-13,6,503.0
ORD0009410,CUST00202,PROD00186,STORE004,2025-09-15,5,882.4
ORD0006433,CUST00095,PROD00011,STORE017,2026-01-22,1,5037.41
ORD0009644,CUST01489,PROD00012,STORE003,2025-11-23,1,11238.27
ORD0003854,CUST00539,PROD00202,STORE010,2025-10-31,4,5334.35
ORD0002790,CUST00153,PROD00218,STORE002,2025-12-10,6,12029.68
ORD0007363,CUST00873,PROD00197,STORE009,2025-03-27,5,12002.29
ORD0011868,CUST00253,PROD00027,STORE013,2025-10-01,2,1910.2
ORD0002876,CUST01402,PROD00124,STORE019,2025-07-15,2,22511.2
ORD0008856,CUST01017,PROD00001,STORE022,2025-08-10,4,7460.87
ORD0002228,CUST01101,PROD00014,STORE012,2025-10-03,5,18703.53
ORD0010981,CUST00282,PROD00225,STORE018,2025-01-28,6,-5
ORD0000595,CUST00670,PROD00134,STORE013,2025-08-20,1,16314.0
ORD0012455,CUST00674,PROD00235,STORE019,2025-10-08,5,12267.93
ORD0007318,CUST00681,PROD00276,STORE025,2025-03-27,2,7762.83
ORD0011650,CUST00066,PROD00291,STORE001,2026-02-19,3,22530.67
ORD0002564,CUST01162,PROD00199,STORE007,2025-01-02,6,13608.18
ORD0003215,CUST01000,PROD00288,STORE017,2026-03-06,1,2353.7
ORD0007290,CUST01340,PROD00052,STORE010,2026-03-19,6,19430.51
ORD0001715,CUST00803,PROD00098,STORE011,2025-12-13,5,8533.94
ORD0002672,CUST00203,PROD00117,STORE025,2025-12-08,3,20968.76
ORD0009457,CUST00212,PROD00053,STORE016,2025-01-23,1,18782.49
ORD0000219,CUST00778,PROD00008,STORE022,2025-06-08,1,8657.82
ORD0006351,CUST00658,PROD00006,STORE018,2026-01-21,1,14274.0
ORD0007661,CUST00758,PROD00129,STORE011,2025-01-08,6,20649.78
ORD0003784,CUST01155,PROD00023,STORE009,2026-03-12,1,23087.24
ORD0011896,CUST00780,PROD00041,STORE014,2025-05-06,5,5572.91
ORD0003290,CUST01337,PROD00174,STORE003,2025-08-05,5,18240.09
ORD0004923,CUST00042,PROD00124,STORE007,2026-02-10,6,1039.52
ORD0001064,CUST00053,PROD00025,STORE003,2025-11-10,4,13266.14
ORD0008234,CUST00402,PROD00017,STORE001,2025-12-15,5,16183.54
ORD0008161,CUST00225,PROD00172,STORE025,2025-05-14,4,5256.55
ORD0010824,CUST00440,PROD00094,STORE019,2025-06-02,3,18713.97
ORD0008975,CUST01287,PROD00263,STORE021,2026-03-07,3,13457.49
ORD0000011,CUST01002,PROD00211,STORE022,2025-05-18,2,869.72
ORD0002839,CUST00259,PROD00262,STORE025,2025-05-15,1,23256.4
ORD0005310,CUST00324,PROD00082,STORE001,2025-02-19,1,9731.06
ORD0002679,CUST00384,PROD00060,STORE018,2025-08-20,2,10478.06
ORD0001152,CUST00364,PROD00234,STORE013,2025-03-04,5,13300.92
ORD0012456,CUST00621,PROD00113,STORE003,2025-09-06,3,4409.34
ORD0009684,CUST00125,PROD00196,STORE018,2025-11-28,2,6600.15
ORD0005059,CUST00278,PROD00200,STORE010,2026-01-15,5,10944.6
ORD0009255,CUST00866,PROD00192,STORE024,2025-05-09,1,24252.57
ORD0011182,CUST01031,PROD00065,STORE015,2026-04-07,1,16221.24
ORD0009474,CUST00043,PROD00103,STORE018,2025-08-30,5,9054.18
ORD0007266,CUST00619,PROD00268,STORE016,2025-11-23,1,15160.27
ORD0006162,CUST00620,PROD00022,STORE007,2025-04-24,5,17062.62
ORD0004018,CUST00377,PROD00077,STORE002,2025-06-22,5,11186.45
ORD0004481,CUST00632,PROD00268,STORE005,2025-07-24,3,20226.66
ORD0010556,CUST00864,PROD00298,STORE025,2025-10-14,2,2386.84
ORD0007539,CUST00278,PROD00095,STORE017,2026-04-06,5,11269.49
ORD0002608,CUST01396,PROD00045,STORE012,2025-09-29,1,24545.89
ORD0007551,CUST01297,PROD00184,STORE003,2026-03-30,6,17411.19
ORD0009517,CUST00183,PROD00065,STORE021,2026-04-10,2,3623.86
ORD0012140,CUST01433,PROD00149,STORE010,2026-02-14,2,22002.39
ORD0007764,CUST00410,PROD00279,STORE002,2025-04-20,2,12034.71
ORD0011294,CUST01241,PROD00177,STORE002,2025-06-01,3,24713.13
ORD0001378,CUST00477,PROD00258,STORE011,2026-01-21,3,9146.43
ORD0002235,CUST00374,PROD00138,STORE021,2026-04-07,1,14223.98
ORD0012173,CUST01336,PROD00120,STORE009,2025-02-02,6,2137.76
ORD0001953,CUST00711,PROD00060,STORE004,2025-07-21,4,7360.91
ORD0010877,CUST01341,PROD00215,STORE011,2026-03-16,1,7892.01
ORD0004816,CUST00452,PROD00224,STORE001,2025-10-29,5,16286.42
ORD0010308,CUST01065,PROD00035,STORE001,2025-04-19,3,4338.5
ORD0008551,CUST01223,PROD00045,STORE022,2025-11-27,5,10453.09
ORD0005985,CUST01059,PROD00300,STORE023,2025-04-04,1,11933.95
ORD0007177,CUST01394,PROD00268,STORE010,2025-11-22,4,18933.42
ORD0009927,CUST00016,PROD00099,STORE008,2026-03-24,5,6481.69
ORD0005503,CUST01472,PROD00154,STORE020,2025-07-16,3,23799.71
ORD0002975,CUST01185,PROD00261,STORE006,2025-07-24,3,4106.68
ORD0006607,CUST00085,PROD00286,STORE002,2025-10-14,5,5421.38
ORD0004840,CUST00873,PROD00296,STORE004,2025-09-09,2,9630.86
ORD0009511,CUST00805,PROD00083,STORE022,2025-04-01,4,21907.3
ORD0012479,CUST01296,PROD00264,STORE004,2025-08-07,3,11524.31
ORD0002704,CUST01205,PROD00235,STORE017,2026-02-26,5,11743.93
ORD0012230,CUST01177,PROD00234,STORE007,2025-01-16,6,2632.62
ORD0001513,CUST01183,PROD00007,STORE021,2025-08-08,1,10034.92
ORD0006124,CUST00475,PROD00113,STORE003,2025-02-18,3,19384.06
ORD0002800,CUST01006,PROD00195,STORE010,2025-02-06,4,4809.93
ORD0008879,CUST00779,PROD00196,STORE003,2025-11-11,6,23400.48
ORD0006923,CUST00606,PROD00173,STORE007,2025-07-06,1,21611.17
ORD0006928,CUST00521,PROD00105,STORE014,2026-02-06,6,2456.98
ORD0011070,CUST01150,PROD00228,STORE015,2026-03-04,2,3915.33
ORD0009851,CUST00671,PROD00267,STORE022,2025-06-29,3,4013.99
ORD0002060,CUST01319,PROD00009,STORE005,2026-04-12,6,19284.28
ORD0009431,CUST01244,PROD00118,STORE012,2025-01-01,2,22605.99
ORD0006309,CUST00213,PROD00088,STORE007,2025-03-06,2,20595.98
ORD0011151,CUST01459,PROD00180,STORE016,2025-01-23,1,1371.04
ORD0002334,CUST00126,PROD00036,STORE013,2025-12-13,2,14510.33
ORD0000103,CUST00728,PROD00297,STORE012,2025-09-25,3,19343.41
ORD0008985,CUST00087,PROD00174,STORE014,2025-03-17,3,18434.18
ORD0012411,CUST01088,PROD00174,STORE019,2025-05-25,6,12668.89
ORD0008189,CUST00828,PROD00090,STORE003,2025-08-20,1,9726.58
ORD0007626,CUST00462,PROD00094,STORE022,2025-04-25,5,17785.42
ORD0003393,CUST00275,PROD00064,STORE013,2026-02-27,5,3663.67
ORD0007931,CUST01350,PROD00009,STORE009,2025-11-13,4,21862.05
ORD0001455,CUST00102,PROD00033,STORE021,2025-12-27,4,5606.0
ORD0011167,CUST00061,PROD00057,STORE023,2025-04-16,6,20570.73
ORD0003861,CUST00798,PROD00028,STORE001,2026-02-06,1,16720.21
ORD0008183,CUST01385,PROD00142,STORE007,2026-04-01,3,1017.67
ORD0002424,CUST01057,PROD00248,STORE007,2025-04-08,2,11571.6
ORD0002744,CUST00615,PROD00054,STORE009,2025-07-09,4,19601.49
ORD0011048,CUST00238,PROD00207,STORE024,2025-07-16,4,4620.12
ORD0010395,CUST01359,PROD00123,STORE007,2025-01-16,4,3268.79
ORD0002732,CUST00440,PROD00082,STORE008,2025-06-21,6,15002.97
ORD0004438,CUST01224,PROD00105,STORE023,2026-03-12,2,18817.66
ORD0001723,CUST00833,PROD00107,STORE021,2025-04-29,1,615.11
ORD0008797,CUST00970,PROD00018,STORE005,2025-10-31,5,19413.2
ORD0009590,CUST01243,PROD00068,STORE001,2025-03-31,4,19411.33
ORD0003895,CUST00845,PROD00092,STORE024,2025-01-12,4,9972.45
ORD0012103,CUST01010,PROD00081,STORE014,2025-04-28,4,3490.25
ORD0007312,CUST00126,PROD00278,STORE003,2025-03-29,4,14341.92
ORD0011665,,PROD00230,STORE005,2025-01-14,3,540.49
ORD0003080,CUST01224,PROD00189,STORE014,2025-09-11,6,19457.77
ORD0004646,CUST01173,PROD00162,STORE024,2025-04-13,5,5507.96
ORD0005238,CUST00915,PROD00243,STORE007,2026-03-03,2,17665.67
ORD0009441,CUST00477,PROD00058,STORE025,2025-06-01,1,8602.03
ORD0007319,CUST01441,PROD00200,STORE007,2026-04-04,5,14628.25
ORD0010215,CUST00928,PROD00185,STORE012,2025-11-30,1,6532.31
ORD0006067,CUST00646,PROD00103,STORE023,2025-07-06,5,20189.39
ORD0004558,CUST00717,PROD00186,STORE024,2025-12-30,5,20191.29
ORD0000492,CUST00208,PROD00288,STORE006,2025-03-02,2,4206.93
ORD0007046,CUST01204,PROD00285,STORE018,2026-01-24,1,22841.49
ORD0004234,CUST01466,PROD00071,STORE025,2025-08-25,two,5572.27
ORD0007452,CUST01221,,STORE015,2025-04-21,5,23358.42
ORD0012026,CUST00416,PROD00216,STORE017,2025-05-01,2,5599.33
ORD0006333,CUST00034,PROD00196,STORE014,2025-09-10,4,17074.42
ORD0005704,CUST00798,PROD00004,STORE010,2025-11-23,4,14839.77
ORD0001593,CUST01155,PROD00138,STORE016,2025-07-25,3,19932.24
ORD0011028,CUST01187,PROD00098,STORE003,2025-07-01,3,14157.7
ORD0011551,CUST00157,PROD00106,STORE016,2025-07-20,3,13927.83
ORD0008177,CUST01151,PROD00051,STORE014,2025-09-01,3,14715.31
ORD0005201,CUST00289,PROD00168,STORE022,2025-12-21,4,22613.35
ORD0006648,CUST00889,PROD00039,STORE010,2025-10-18,5,19612.23
ORD0011368,CUST01078,PROD00179,STORE007,2025-02-15,5,23400.05
ORD0010412,CUST01356,PROD00049,STORE023,2026-01-27,4,13865.45
ORD0009340,CUST01495,PROD00081,STORE016,2026-03-10,5,3397.98
ORD0009668,,PROD00195,STORE023,2026-01-19,5,23732.1
ORD0007948,CUST00992,PROD00092,STORE006,2025-06-11,2,2682.43
ORD0002769,CUST00831,PROD00106,STORE007,2025-03-13,5,2855.79
ORD0000464,CUST00781,PROD00002,STORE019,2026-01-29,1,20370.6
ORD0004385,CUST00033,PROD00075,STORE024,2025-07-14,4,23509.36
ORD0011773,CUST00298,PROD00216,STORE009,2025-12-22,3,23459.93
ORD0008229,CUST01316,PROD00002,STORE014,2025-12-03,3,4864.04
ORD0000340,CUST01451,PROD00285,STORE022,2026-01-11,3,5337.56
ORD0011648,CUST00248,PROD00211,STORE022,2025-03-11,1,12471.06
ORD0008743,CUST00591,PROD00089,STORE014,2025-03-07,1,1197.39
ORD0011928,CUST00431,PROD00047,STORE025,2025-06-04,2,24768.8
ORD0007803,CUST01284,PROD00163,STORE005,2025-04-12,2,2536.3
ORD0008812,CUST00011,PROD00263,STORE004,2025-05-20,5,1256.07
ORD0006879,CUST00849,PROD00112,STORE001,2025-06-26,3,3041.26
ORD0010625,CUST00187,PROD00079,STORE013,2025-07-11,1,15220.93
ORD0009876,CUST00943,PROD00161,STORE001,2025-02-20,3,9986.33
ORD0002855,CUST00295,PROD00228,STORE014,2025-08-03,1,23172.12
ORD0006629,CUST00603,PROD00209,STORE013,2025-11-11,2,3053.58
ORD0011510,CUST00888,PROD00265,STORE011,2025-01-29,5,1105.49
ORD0003543,CUST00693,PROD00074,STORE002,2025-11-28,2,13882.53
ORD0005016,CUST00029,PROD00119,STORE008,2026-02-02,2,8258.55
ORD0002686,CUST01000,PROD00184,STORE020,2025-08-31,6,551.21
ORD0007019,CUST01216,PROD00163,STORE008,2026-01-09,4,14813.0
ORD0011438,CUST00352,PROD00190,STORE017,2025-10-25,2,23617.14
ORD0003991,CUST00321,PROD00077,STORE007,2025-09-14,2,17930.09
ORD0004917,CUST00869,PROD00226,STORE002,2025-01-16,4,11931.06
ORD0002605,CUST00340,PROD00236,STORE014,2025-09-22,4,7419.51
ORD0012270,CUST00727,PROD00067,STORE011,2025-02-03,6,5869.06
ORD0012021,CUST01385,PROD00188,STORE017,2025-02-19,6,11555.82
ORD0010927,CUST01242,PROD00212,STORE010,2025-05-26,3,24280.58
ORD0004617,CUST01179,PROD00146,STORE003,2025-01-11,1,21946.58
ORD0001180,CUST00179,PROD00234,STORE006,2025-09-03,2,22511.31
ORD0004603,CUST00056,PROD00122,STORE015,2026-03-20,3,7099.49
ORD0008101,CUST01469,PROD00178,STORE018,2025-07-08,2,16028.81
ORD0009704,CUST00269,PROD00163,STORE024,2026-03-06,5,21441.25
ORD0006610,CUST01175,PROD00023,STORE009,2025-05-11,5,6280.09
ORD0004403,CUST01458,PROD00167,STORE005,2025-01-16,5,23593.11
ORD0010752,CUST00028,PROD00140,STORE025,2026-03-25,2,622.36
ORD0000592,CUST00337,PROD00204,STORE007,2026-04-14,2,13475.32
ORD0008928,CUST01044,PROD00084,STORE017,2026-02-06,5,516.44
ORD0004653,CUST00502,PROD00016,STORE015,2025-03-02,5,16120.28
ORD0004465,CUST00484,PROD00140,STORE014,2025-05-24,5,8243.23
ORD0002288,CUST00566,PROD00148,STORE004,2025-04-02,6,5036.19
ORD0010363,CUST01439,PROD00209,STORE020,2025-03-27,3,16707.01
ORD0007153,CUST00650,PROD00010,STORE012,2026-03-29,6,21941.89
ORD0011085,CUST00787,PROD00074,STORE012,2025-10-18,6,23014.72
ORD0000052,CUST01155,PROD00085,STORE005,2025-04-15,3,13152.79
ORD0002277,CUST00456,PROD00196,STORE001,,6,1312.41
ORD0007118,CUST00840,PROD00067,STORE010,2025-09-22,6,20508.7
ORD0006119,CUST00864,PROD00056,STORE005,2025-09-14,4,10150.5
ORD0001948,CUST01228,PROD00206,STORE019,2025-05-04,2,5343.3
ORD0007403,CUST01299,PROD00018,STORE005,2025-01-23,5,18628.71
ORD0008095,CUST00918,PROD00168,STORE012,2025-04-20,1,4020.68
ORD0008495,CUST00503,PROD00172,STORE024,2026-01-12,5,4701.94
ORD0006920,CUST00466,PROD00197,STORE022,2025-09-07,3,5802.94
ORD0008281,CUST01123,PROD00014,STORE017,2025-09-27,5,6137.89
ORD0005434,CUST00437,PROD00251,STORE023,2025-10-31,5,12670.5
ORD0003837,CUST00469,PROD00291,STORE004,2025-01-14,4,19437.45
ORD0003126,CUST00689,PROD00038,STORE014,2025-01-31,6,12427.68
ORD0003331,CUST01037,PROD00077,STORE008,2025-05-15,6,7369.04
ORD0000295,CUST00034,PROD00004,STORE013,2026-03-16,4,10097.66
ORD0007368,CUST01284,PROD00261,STORE010,2025-05-27,3,11459.77
ORD0001884,CUST00140,PROD00242,STORE008,2025-08-26,6,3708.18
ORD0002593,CUST00886,PROD00001,STORE006,2025-05-19,6,15482.23
ORD0011472,CUST00094,PROD00263,STORE008,2026-04-05,3,16593.06
ORD0006459,CUST00984,PROD00132,STORE016,2025-11-12,5,9681.21
ORD0002848,CUST00662,PROD00177,STORE016,2025-06-06,3,14870.06
ORD0007603,CUST00513,PROD00295,STORE007,2025-08-19,2,16766.58
ORD0010485,CUST00756,PROD00193,STORE014,2025-11-04,4,2370.06
ORD0002299,CUST00339,PROD00184,STORE010,2025-04-26,5,abc
ORD0004114,CUST01191,PROD00107,STORE009,2025-09-22,4,22410.94
ORD0011886,CUST00788,PROD00221,STORE001,2025-10-30,1,8515.6
ORD0006237,CUST01398,PROD00210,STORE013,2026-04-09,5,8131.23
ORD0004371,CUST01403,PROD00016,STORE005,2025-08-12,3,440.33
ORD0001602,CUST00619,PROD00229,STORE006,2025-05-03,1,21358.2
ORD0008158,CUST00870,PROD00064,STORE001,2025-04-26,1,4367.28
ORD0003588,CUST00657,PROD00107,STORE008,2025-05-13,4,9721.84
ORD0003024,CUST01335,PROD00104,STORE024,2025-12-23,1,21995.84
ORD0006553,CUST00009,PROD00025,STORE011,2026-04-05,6,-5
ORD0011747,,PROD00085,STORE018,2025-04-19,6,15810.54
ORD0000373,CUST00784,PROD00104,STORE009,2025-06-22,6,12213.2
ORD0005732,CUST01213,PROD00137,STORE005,2025-07-02,6,14119.24
ORD0008241,CUST00229,PROD00292,STORE017,2026-01-27,6,4602.13
ORD0009878,CUST00089,PROD00253,STORE010,2025-03-04,5,15695.89
ORD0012414,CUST00617,PROD00069,STORE006,2026-13-40,4,5092.89
ORD0008327,CUST00781,PROD00132,STORE025,2026-04-15,2,22815.78
ORD0006090,CUST00034,PROD00147,STORE003,2025-08-28,3,1622.79
ORD0009855,CUST00699,PROD00012,STORE003,2026-02-16,5,5373.16
ORD0005118,CUST01435,PROD00249,STORE011,2025-06-23,3,17116.88
ORD0006363,CUST00528,PROD00003,STORE002,2025-05-31,1,1148.98
ORD0008028,CUST01263,PROD00154,STORE008,2025-10-17,1,7908.96
ORD0002218,CUST01270,PROD00017,STORE009,2026-04-13,3,13624.02
ORD0005057,CUST00070,PROD00157,STORE014,2025-01-25,3,20197.3
ORD0008676,CUST00234,PROD00152,STORE009,2026-03-31,4,10247.62
ORD0007552,CUST00449,PROD00098,STORE024,2025-08-21,1,24835.13
ORD0011192,CUST00390,PROD00218,STORE015,2025-03-16,5,2712.87
ORD0004194,CUST00743,PROD00124,STORE006,2026-02-07,6,23439.22
ORD0005131,CUST00155,PROD00045,STORE002,2025-08-12,4,16193.89
ORD0001291,CUST00057,PROD00133,STORE004,2026-02-14,5,unknown
ORD0010582,CUST00387,PROD00204,STORE019,2025-11-17,2,285.3
ORD0002887,CUST00755,PROD00182,STORE020,2025-08-19,3,211.07
ORD0012494,CUST00500,PROD00260,STORE004,2025-08-31,3,19198.54
ORD0011535,CUST00084,PROD00245,STORE002,2025-06-03,2,18161.27
ORD0006270,CUST00071,PROD00049,STORE022,2025-07-04,4,12623.78
ORD0011728,CUST01051,PROD00094,STORE009,2025-12-16,4,20675.34
ORD0005401,CUST00836,PROD00140,STORE025,2025-03-30,4,16095.78
ORD0006078,CUST00762,PROD00272,STORE007,2025-05-14,1,10288.73
ORD0007424,CUST00899,PROD00153,STORE017,2025-01-22,4,14559.24
ORD0001588,CUST00944,PROD00096,STORE012,2025-09-30,6,1581.44
ORD0009024,CUST01488,PROD00018,STORE005,2025-08-21,5,792.16
ORD0003397,CUST01084,PROD00100,STORE021,2026-02-14,3,12489.75
ORD0010036,CUST00889,,STORE024,2025-07-27,2,23616.0
ORD0002513,CUST00274,PROD00165,STORE008,2026-02-16,2,20414.61
ORD0007717,CUST00240,PROD00016,STORE022,2025-04-10,4,23281.9
ORD0002774,CUST00053,PROD00211,STORE022,2025-06-18,5,abc
ORD0009476,CUST01085,PROD00118,STORE019,2025-01-05,2,18484.86
ORD0009578,CUST01366,PROD00035,STORE009,2025-02-15,1,1472.67
ORD0006866,CUST00459,PROD00038,STORE023,2026-04-18,5,2036.69
ORD0004676,CUST00591,PROD00209,STORE023,2026-04-15,3,1170.62
ORD0006389,,PROD00159,STORE013,2026-03-19,3,21290.78
ORD0010552,CUST00891,PROD00275,STORE008,2025-05-21,3,4868.42
ORD0010399,CUST00749,PROD00035,STORE006,2025-06-09,5,unknown
ORD0007393,CUST00767,PROD00290,STORE004,2025-09-22,6,4388.66
ORD0006478,CUST00012,PROD00051,STORE022,2025-07-31,3,14207.17
ORD0010391,CUST00374,PROD00014,STORE011,2026-02-10,3,2904.54
ORD0012278,CUST00879,PROD00239,STORE009,2025-07-16,2,$23999.04
ORD0010938,CUST00060,PROD00136,STORE012,2025-02-16,3,15353.74
ORD0005655,CUST00430,PROD00035,STORE019,2025-06-15,2,6590.55
ORD0008437,CUST01384,PROD00231,STORE024,2025-05-29,4,11801.6
ORD0009038,CUST00568,PROD00060,STORE025,2025-03-21,3,12707.96
ORD0005611,CUST00528,PROD00201,STORE015,2025-06-08,6,5910.04
ORD0004911,CUST00446,PROD00053,STORE012,2025-10-01,4,20746.21
ORD0000335,CUST01421,PROD00272,STORE006,2025-12-15,3,4094.93
ORD0005003,CUST00579,PROD00019,STORE015,2025-12-13,5,17748.93
ORD0010166,CUST01356,PROD00097,STORE020,2025-03-11,4,10439.91
ORD0002450,CUST00615,PROD00135,STORE001,2026-04-06,5,22710.89
ORD0002502,CUST01317,PROD00269,STORE021,2025-08-11,5,13358.2
ORD0005613,CUST01173,PROD00119,STORE019,2025-10-11,6,24240.01
ORD0010586,CUST01423,PROD00015,STORE012,2025-06-24,4,15734.01
ORD0004062,CUST01123,PROD00297,STORE012,2025-07-14,6,11149.47
ORD0009510,CUST01300,PROD00209,STORE006,2025-12-28,1,11816.56
ORD0000552,CUST01253,PROD00063,STORE020,2025-06-24,2,13311.47
ORD0009732,CUST00241,PROD00081,STORE025,2025-03-28,2,23975.43
ORD0001263,CUST00821,PROD00090,STORE004,2025-01-09,6,5034.36
ORD0002588,CUST00554,PROD00270,STORE001,2025-01-22,3,8046.66
ORD0010203,CUST01078,PROD00245,STORE015,2025-12-11,2,8309.71
ORD0009914,CUST00889,PROD00249,STORE005,2025-10-30,3,4544.46
ORD0011307,CUST00689,PROD00289,STORE025,2025-03-26,2,8791.33
ORD0001172,CUST01318,PROD00212,STORE005,2025-07-07,6,308.18
ORD0011606,CUST00251,PROD00131,STORE013,2026-02-11,6,13521.16
ORD0008144,CUST00834,,STORE009,2025-08-27,5,1045.6
ORD0000702,CUST00992,PROD00139,STORE019,2025-03-16,4,13504.6
ORD0007255,CUST01043,PROD00045,STORE011,2025-07-29,6,17435.43
ORD0004914,CUST00516,PROD00203,STORE006,2025-02-11,4,11993.85
ORD0004624,CUST00047,PROD00177,STORE022,2025-07-29,6,17203.51
ORD0004957,CUST01078,PROD00292,STORE025,2026-03-17,2,8929.62
ORD0005486,CUST00228,PROD00056,STORE002,2025-04-15,2,9638.19
ORD0011617,CUST00965,PROD00012,STORE015,2025-08-07,4,9117.01
ORD0005455,CUST01129,PROD00149,STORE014,2026-03-09,4,19858.77
ORD0002453,CUST01466,PROD00061,STORE020,2025-10-04,6,15436.07
ORD0010491,CUST00975,PROD00018,STORE023,2026-01-09,3,16520.76
ORD0011676,CUST01411,PROD00029,STORE015,2025-10-21,3,13589.86
ORD0012198,CUST00522,PROD00222,STORE009,2025-07-09,2,4007.22
ORD0006020,CUST00237,PROD00149,STORE001,2025-01-02,3,22720.85
ORD0009184,CUST01036,PROD00223,STORE020,2025-07-04,4,415.53
ORD0007537,CUST01252,PROD00259,STORE004,2026-03-18,2,20890.74
ORD0003525,CUST00465,PROD00222,STORE013,2025-06-10,6,23083.67
ORD0011304,CUST00623,PROD00227,STORE018,2025-12-30,6,16898.32
ORD0007810,CUST00219,PROD00149,STORE012,2025-07-10,4,3559.07
ORD0002575,CUST00316,PROD00090,STORE009,2026-01-30,3,6611.3
ORD0005371,CUST00990,PROD00239,STORE025,2025-03-20,1,3354.07
ORD0001822,CUST01131,PROD00157,STORE025,2025-02-08,1,abc
ORD0009480,CUST00645,PROD00160,STORE007,2025-11-02,5,8909.82
ORD0003140,,PROD00044,STORE002,2025-03-22,6,16381.37
ORD0003984,CUST00457,PROD00255,STORE011,2026-02-13,4,16699.93
ORD0012471,CUST00893,PROD00175,STORE017,2025-09-10,2,15813.89
ORD0007874,CUST01174,PROD00176,STORE013,2025-11-15,6,21010.56
ORD0007929,CUST00489,PROD00027,STORE001,2025-03-15,1,4782.43
ORD0002765,CUST00242,PROD00068,STORE004,2025-04-11,3,10046.06
ORD0005977,CUST00242,PROD00028,STORE012,2025-05-13,6,2068.93
ORD0004043,CUST01242,PROD00140,STORE014,2025-08-23,3,12042.0
ORD0005577,CUST00793,PROD00056,STORE019,2025-05-18,6,8295.57
ORD0002891,CUST00679,PROD00193,STORE010,2026-03-05,4,18387.83
ORD0001484,CUST00832,PROD00071,STORE018,2025-01-28,1,8371.58
ORD0000783,CUST00678,PROD00168,STORE017,2026-03-04,2,16743.63
ORD0004811,CUST00026,PROD00241,STORE018,2025-03-17,6,8110.4
ORD0002162,CUST00126,PROD00257,STORE015,2026-02-17,1,9137.1
ORD0010950,CUST00955,PROD00089,STORE008,2026-02-09,3,14944.5
ORD0007606,CUST00841,PROD00044,STORE021,2025-04-25,3,abc
ORD0000819,CUST01449,PROD00217,STORE022,2026-01-20,3,23957.92
ORD0001526,CUST01387,PROD00024,STORE012,2026-01-27,2,289.62
ORD0002319,CUST00844,PROD00220,STORE002,2025-04-27,3,22500.72
ORD0000539,CUST00946,PROD00167,STORE013,2025-08-26,4,21736.76
ORD0002349,CUST01421,PROD00039,STORE015,2025-08-01,6,13538.61
ORD0009374,CUST00238,PROD00058,STORE023,2025-11-14,5,19032.21
ORD0004834,CUST01489,PROD00255,STORE009,2025-05-25,5,11314.47
ORD0011713,CUST01107,PROD00130,STORE016,2025-12-18,2,24782.85
ORD0000583,CUST00318,PROD00281,STORE003,2025-03-01,2,11295.18
ORD0003172,CUST00104,PROD00243,STORE001,2025-05-04,4,2986.38
ORD0006139,CUST00667,PROD00181,STORE011,2025-04-12,4,2294.89
ORD0002409,CUST00476,PROD00016,STORE019,2025-08-08,4,24834.16
ORD0012325,CUST00014,PROD00013,STORE022,2025-02-02,5,6479.7
ORD0009393,CUST01434,PROD00122,STORE023,2025-01-02,1,11256.84
ORD0002386,CUST00764,PROD00298,STORE010,2026-04-12,5,20442.43
ORD0006721,CUST00231,PROD00011,STORE001,2025-09-28,1,4412.52
ORD0006427,CUST01006,PROD00055,STORE014,2025-02-03,3,14171.64
ORD0007343,CUST00550,PROD00218,STORE020,2025-02-23,6,479.58
ORD0003177,CUST00861,PROD00242,STORE005,2025-06-23,5,9976.38
ORD0005232,CUST00877,PROD00055,STORE011,2025-04-22,,6289.52
ORD0008520,CUST00140,PROD00144,STORE024,2025-03-03,2,24680.51
ORD0003911,CUST01075,PROD00104,STORE003,2025-04-28,2,15971.42
ORD0000413,CUST00057,PROD00291,STORE019,2025-03-30,3,21505.06
ORD0009006,CUST01077,PROD00237,STORE002,2026-03-06,4,23035.83
ORD0003937,CUST01340,PROD00209,STORE020,2025-08-01,5,24458.89
ORD0006996,CUST01117,PROD00235,STORE007,2025-02-10,4,20887.29
ORD0003417,CUST00854,PROD00066,STORE005,2025-02-15,5,722.3
ORD0005951,CUST01337,PROD00112,STORE009,2025-05-01,2,19007.88
ORD0007364,CUST01348,PROD00206,STORE010,2025-04-25,5,11903.42
ORD0003208,CUST00572,PROD00280,STORE014,2025-07-02,3,24697.94
ORD0009961,CUST00420,PROD00261,STORE019,2025-03-26,2,9384.92
ORD0001337,CUST00215,PROD00116,STORE011,2025-07-21,5,4739.99
ORD0005258,CUST00982,PROD00085,STORE018,2025-08-25,6,7830.29
ORD0004841,CUST00230,PROD00296,STORE003,2025-10-27,5,10592.68
ORD0001665,CUST00520,PROD00087,STORE014,2025-02-06,2,16716.59
ORD0010757,CUST01064,PROD00040,STORE011,2025-12-22,4,22720.92
ORD0007219,CUST00542,PROD00109,STORE001,2025-10-06,3,15354.96
ORD0003059,CUST00051,PROD00163,STORE001,2025-05-29,1,22973.63
ORD0005525,CUST00748,PROD00213,STORE022,2025-08-04,4,2161.63
ORD0007077,CUST01155,PROD00124,STORE015,2025-03-26,5,1554.6
ORD0007496,CUST00612,PROD00031,STORE023,2026-03-07,6,22656.24
ORD0005576,CUST00710,PROD00071,STORE017,2025-12-27,2,23976.35
ORD0007324,CUST00820,PROD00111,STORE021,2025-02-19,5,20428.62
ORD0000258,CUST01351,PROD00200,STORE023,2025-05-24,6,12252.98
ORD0007060,CUST00007,PROD00175,STORE013,2025-06-22,1,21805.5
ORD0005631,CUST00783,PROD00125,STORE017,2025-08-30,2,21954.82
ORD0010862,CUST01104,PROD00111,STORE025,2025-10-05,3,2417.27
ORD0009197,CUST00717,PROD00274,STORE002,2025-10-10,6,17615.61
ORD0003540,CUST00574,PROD00147,STORE003,2026-02-13,1,13091.18
ORD0001809,CUST00450,PROD00222,STORE014,2025-12-19,4,670.28
ORD0002362,CUST01187,PROD00174,STORE019,2025-08-28,2,16093.41
ORD0002180,CUST00172,PROD00168,STORE020,2025-05-12,4,10812.25
ORD0005993,CUST01078,PROD00137,STORE006,2025-07-11,6,15691.29
ORD0010650,CUST00603,PROD00286,STORE025,2025-08-07,4,18305.79
ORD0000262,CUST00848,PROD00078,STORE005,2025-04-13,5,7576.56
ORD0008701,CUST00789,PROD00064,STORE017,2025-05-15,2,18558.24
ORD0002554,CUST00623,PROD00255,STORE010,2026-04-21,2,20693.77
ORD0012180,CUST00505,PROD00127,STORE002,2025-11-21,1,14594.87
ORD0010027,CUST00266,PROD00067,STORE020,2025-02-04,2,22216.67
ORD0003247,CUST00379,PROD00121,STORE014,2025-01-08,3,7817.25
ORD0002834,CUST00016,PROD00224,STORE010,2025-12-07,1,16042.98
ORD0007582,CUST00508,PROD00287,STORE013,2025-10-26,1,22693.73
ORD0007652,CUST00126,PROD00080,STORE011,2026-02-09,4,16963.58
ORD0003332,CUST00704,PROD00126,STORE017,2025-08-05,3,16419.15
ORD0000692,CUST00702,PROD00273,STORE017,2025-05-09,5,15839.44
ORD0010385,CUST00939,PROD00178,STORE013,2025-05-31,1,18125.41
ORD0006290,CUST00879,PROD00064,STORE014,2025-12-25,2,17273.31
ORD0009735,CUST00928,PROD00296,STORE011,2025-05-09,5,3442.93
ORD0008340,CUST00423,PROD00067,STORE001,2025-09-26,2,2780.79
ORD0002143,CUST01103,PROD00114,STORE019,2026-03-14,2,7320.68
ORD0007497,,PROD00245,STORE003,2026-03-08,3,3861.52
ORD0001996,CUST00884,PROD00051,STORE023,2025-09-01,4,5495.54
ORD0009507,CUST01090,PROD00165,STORE011,2025-07-20,1,9176.68
ORD0002819,CUST01340,PROD00141,STORE004,2026-02-24,2,276.58
ORD0007326,CUST01137,PROD00250,STORE012,2025-11-22,2,610.99
ORD0005572,CUST01482,PROD00259,STORE008,2025-03-28,5,12644.21
ORD0009268,CUST01448,PROD00132,STORE003,2025-06-26,3,10281.48
ORD0010504,CUST00522,PROD00135,STORE001,2025-08-10,6,18596.43
ORD0010026,CUST00965,PROD00178,STORE020,2025-11-04,1,2158.06
ORD0002028,CUST00049,PROD00262,STORE024,2025-12-03,2,11042.3
ORD0008270,CUST00025,PROD00143,STORE012,2026-01-23,3,23501.29
ORD0010406,CUST01311,PROD00258,STORE003,2025-11-17,3,24862.36
ORD0006965,CUST00239,PROD00163,STORE024,2025-08-06,3,10416.82
ORD0000105,,PROD00108,STORE023,2026-02-20,4,8771.0
ORD0007894,CUST00424,PROD00017,STORE021,2025-10-25,3,4427.29
ORD0004449,CUST01213,PROD00190,STORE003,2025-12-11,4,8052.32
ORD0008255,CUST00796,PROD00117,STORE002,2025-10-31,2,2812.8
ORD0010019,CUST01131,PROD00059,STORE007,2025-12-04,5,3702.55
ORD0008901,CUST01283,PROD00064,STORE019,2025-03-14,5,17620.31
ORD0007236,CUST00926,PROD00004,STORE013,2025-11-27,5,10348.45
ORD0006169,CUST00737,PROD00249,STORE008,2026-03-17,3,20256.62
ORD0012385,,PROD00209,STORE022,2025-03-25,5,3197.93
ORD0012419,CUST00908,PROD00217,STORE007,2025-08-22,2,15943.72
ORD0003242,CUST00394,PROD00220,STORE015,2025-03-11,1,12033.74
ORD0011983,CUST00801,PROD00280,STORE004,2025-03-30,5,10521.05
ORD0004300,CUST01008,PROD00294,STORE018,2025-01-25,1,16539.69
ORD0005260,CUST01307,PROD00111,STORE008,2026-02-24,2,17836.69
ORD0011341,CUST00267,PROD00276,STORE025,2025-03-15,4,10207.78
ORD0005635,CUST00832,PROD00232,STORE016,2025-12-27,1,14883.95
ORD0012449,CUST01124,PROD00098,STORE011,2025-09-10,5,2727.35
ORD0007167,CUST01453,PROD00189,STORE023,2026-01-07,3,23492.84
ORD0008179,CUST01275,PROD00009,STORE001,2025-11-20,6,19576.24
ORD0008066,CUST00983,PROD00004,STORE025,2026-03-07,6,3639.8
ORD0003627,CUST00503,PROD00055,STORE004,2026-01-27,5,15849.02
ORD0004330,CUST00875,PROD00242,STORE013,00/00/0000,3,16973.0
ORD0000393,CUST00109,PROD00236,STORE020,2025-08-12,4,12503.75
ORD0006373,CUST00123,PROD00286,STORE022,2025-06-18,1,9298.17
ORD0012483,CUST01438,PROD00236,STORE024,2025-08-15,1,16824.31
ORD0010796,CUST01185,PROD00227,STORE019,2025-10-15,4,217.21
ORD0012461,CUST01335,PROD00084,STORE007,2025-03-11,2,1403.71
ORD0007965,CUST00405,PROD00194,STORE009,2025-10-21,3,14366.7
ORD0009595,CUST00096,PROD00282,STORE006,2025-01-11,5,22355.28
ORD0003703,CUST00511,PROD00167,STORE011,2025-01-27,3,16517.67
ORD0007162,CUST01498,PROD00108,STORE004,2026-04-19,5,8969.78
ORD0010325,CUST00296,PROD00230,STORE019,2025-04-25,6,2733.34
ORD0004858,CUST00677,PROD00254,STORE012,2025-03-14,1,21447.66
ORD0012356,CUST01259,PROD00228,STORE008,2025-11-17,6,5261.72
ORD0010801,CUST00073,PROD00019,STORE019,2025-06-24,2,24974.97
ORD0010865,CUST00763,PROD00058,STORE007,2025-01-20,4,24431.31
ORD0003122,CUST00356,PROD00218,STORE001,2025-03-02,5,6549.83
ORD0002945,CUST00341,PROD00277,STORE020,2026-01-14,4,12544.32
ORD0000760,CUST00034,PROD00117,STORE015,2025-08-27,3,12246.38
ORD0010848,CUST01224,PROD00240,STORE011,2025-08-03,4,11595.47
ORD0009206,CUST00926,PROD00049,STORE004,2025-01-23,1,5763.8
ORD0005453,CUST00996,PROD00130,STORE018,2025-06-30,6,20002.73
ORD0002287,CUST00614,PROD00071,STORE007,2025-06-28,6,2613.67
ORD0003647,CUST01021,PROD00071,STORE022,2026-03-21,6,1843.55
ORD0005060,CUST01376,PROD00235,STORE012,2025-09-12,3,-5
ORD0003041,,PROD00230,STORE020,2025-03-13,5,7361.87
ORD0010206,CUST00844,PROD00268,STORE011,2025-05-31,1,1065.43
ORD0001147,CUST00220,PROD00111,STORE024,2026-03-30,2,9247.84
ORD0004727,CUST00527,PROD00197,STORE020,not_a_date,2,24571.54
ORD0008933,CUST01297,PROD00285,STORE018,2025-09-20,3,21789.92
ORD0002254,CUST00428,PROD00121,STORE025,2025-10-13,2,14784.46
ORD0011962,CUST01242,PROD00075,STORE006,2026-02-13,5,6773.24
ORD0010662,CUST00537,PROD00252,STORE022,not_a_date,1,3243.31
ORD0006386,CUST01455,PROD00081,STORE025,2026-01-03,5,11520.33
ORD0006758,CUST00607,PROD00085,STORE018,2025-09-09,5,151.74
ORD0005950,CUST01201,PROD00238,STORE005,2025-04-03,6,8397.4
ORD0004281,CUST01454,PROD00064,STORE010,2025-07-01,2,14908.86
ORD0002197,CUST00923,PROD00238,STORE025,2026-02-17,1,23051.54
ORD0005839,CUST01380,PROD00299,STORE023,2025-12-02,5,14794.77
ORD0001869,CUST00876,PROD00191,STORE023,2025-05-19,1,1333.0
ORD0002249,CUST00767,PROD00129,STORE005,2025-09-14,2,24273.08
ORD0009541,CUST01030,PROD00145,STORE019,2025-10-24,5,5102.67
ORD0011988,CUST01108,PROD00116,STORE007,2025-07-30,4,13231.83
ORD0006370,CUST00395,PROD00272,STORE002,2025-06-19,6,11842.24
ORD0004751,CUST01171,PROD00271,STORE012,2025-01-12,6,23609.8
ORD0000275,CUST01176,PROD00240,STORE020,2026-01-20,6,24824.8
ORD0011545,CUST00595,PROD00124,STORE014,2026-03-25,5,4180.51
ORD0001230,CUST00578,PROD00091,STORE004,2026-02-09,1,7218.59
ORD0009460,CUST01268,PROD00089,STORE007,2025-03-08,1,1325.6
ORD0002586,CUST01180,PROD00250,STORE005,2025-03-20,3,8515.39
ORD0004076,CUST00171,PROD00208,STORE010,2026-01-04,1,8828.16
ORD0000018,CUST00044,PROD00195,STORE003,2025-06-30,6,8432.21
ORD0010245,CUST00280,PROD00128,STORE011,2025-01-16,two,4639.83
ORD0007954,CUST00666,PROD00055,STORE008,2025-08-07,2,14589.38
ORD0008477,CUST00519,PROD00276,STORE005,2026-04-01,1,12954.76
ORD0008506,CUST01330,PROD00105,STORE005,2025-07-23,4,16814.65
ORD0004056,CUST00817,PROD00010,STORE003,2025-11-12,5,15157.67
ORD0002870,CUST00170,PROD00165,STORE021,2025-03-13,5,23052.32
ORD0001955,CUST00492,PROD00242,STORE016,2026-03-14,2,11504.85
ORD0004754,CUST00539,PROD00097,STORE006,2025-09-14,2,17782.88
ORD0004839,CUST00165,PROD00103,STORE002,2025-05-11,6,9592.16
ORD0007463,CUST00457,PROD00101,STORE017,2025-04-11,6,19691.25
ORD0008297,CUST00217,PROD00011,STORE001,2026-02-12,6,3800.35
ORD0000878,,PROD00054,STORE021,2026-01-09,1,11837.34
ORD0002773,CUST00943,PROD00046,STORE020,2025-12-11,4,11369.72
ORD0000798,CUST01009,PROD00048,STORE023,2025-01-27,6,3924.41
ORD0000446,CUST00457,PROD00037,STORE021,2026-04-07,1,3014.67
ORD0006867,CUST01033,PROD00029,STORE010,2025-06-02,2,12885.05
ORD0003708,CUST01401,PROD00295,STORE013,2025-06-13,5,627.73
ORD0002307,,PROD00219,STORE002,2025-11-28,3,12294.91
ORD0001973,CUST00253,PROD00233,STORE009,,2,678.63
ORD0003225,CUST01057,PROD00171,STORE017,2025-08-04,2,8642.4
ORD0004961,CUST00145,PROD00045,STORE010,2025-04-16,5,21055.38
ORD0002833,CUST00908,PROD00075,STORE006,2025-03-09,6,13335.72
ORD0010644,CUST01019,PROD00264,STORE019,2026-03-20,3,5340.27
ORD0011104,CUST00466,PROD00240,STORE024,2026-01-15,4,9282.33
ORD0006834,CUST00196,PROD00147,STORE015,2026-01-23,4,23133.1
ORD0011811,CUST00175,PROD00011,STORE022,2025-03-17,5,22677.68
ORD0001348,CUST00258,PROD00052,STORE017,2025-07-10,5,6608.65
ORD0009282,CUST00036,PROD00136,STORE007,2025-02-08,3,18411.56
ORD0008203,CUST01202,PROD00001,STORE009,2026-03-23,4,8240.23
ORD0007187,CUST00390,PROD00086,STORE002,2026-02-11,2,7552.12
ORD0001280,CUST01309,PROD00115,STORE021,2025-10-30,1,5086.79
ORD0000988,CUST00697,PROD00279,STORE022,2026-03-20,2,7451.75
ORD0003354,CUST00924,PROD00125,STORE007,2025-02-16,5,14830.9
ORD0005111,CUST00155,PROD00168,STORE020,2025-08-26,5,12974.95
ORD0010579,CUST00614,PROD00190,STORE023,2025-06-06,3,23266.33
ORD0001173,CUST01056,PROD00086,STORE012,2025-02-05,3,5347.4
ORD0003317,CUST00915,PROD00155,STORE009,2026-03-30,3,11605.45
ORD0003462,CUST00707,PROD00126,STORE019,2025-01-21,2,22328.53
ORD0005721,CUST01040,PROD00282,STORE003,2025-04-03,3,19685.54
ORD0008194,CUST00239,PROD00126,STORE024,2026-03-14,3,1239.11
ORD0010780,CUST00377,PROD00217,STORE005,2025-03-19,5,24038.22
ORD0011658,CUST00992,PROD00132,STORE018,2025-09-19,5,5656.81
ORD0003193,CUST00642,PROD00194,STORE018,2025-09-19,5,9779.35
ORD0004838,CUST00255,PROD00091,STORE012,2026-03-08,2,19359.58
ORD0009301,CUST00306,PROD00122,STORE008,2025-03-04,6,8257.83
ORD0003649,CUST01332,PROD00010,STORE025,2025-07-27,1,8984.47
ORD0005639,CUST00381,PROD00122,STORE022,2025-01-07,1,5348.97
ORD0000594,CUST00328,PROD00104,STORE025,2025-04-11,5,6518.51
ORD0001507,CUST00440,PROD00220,STORE002,2026-01-25,5,15347.63
ORD0005021,CUST01309,PROD00030,STORE009,2025-02-21,2,12908.65
ORD0000926,CUST00678,PROD00052,STORE003,2026-04-19,5,14634.55
ORD0001137,CUST00704,PROD00272,STORE020,2025-04-25,6,9345.79
ORD0012345,CUST00744,PROD00227,STORE010,2025-06-24,5,883.68
ORD0001066,CUST00659,PROD00028,STORE015,2026-03-18,4,19375.31
ORD0012282,CUST00888,PROD00021,STORE023,2025-08-26,5,7444.34
ORD0003204,CUST00821,PROD00028,STORE016,2025-09-27,3,16977.06
ORD0008452,CUST00138,PROD00283,STORE022,2026-04-07,6,4011.23
ORD0001108,CUST01277,PROD00278,STORE010,2025-03-23,5,21721.73
ORD0001274,CUST00077,PROD00011,STORE024,2025-05-01,6,6677.95
ORD0010701,CUST00440,PROD00047,STORE015,2025-02-05,4,18889.86
ORD0011282,CUST00580,PROD00243,STORE002,2025-08-11,3,16643.99
ORD0003205,CUST01256,PROD00267,STORE021,2025-09-02,3,20840.87
ORD0010867,CUST00090,PROD00288,STORE011,2025-04-08,5,8134.7
ORD0010807,CUST00708,PROD00013,STORE018,2025-11-23,2,23122.76
ORD0002200,CUST00379,PROD00212,STORE015,2025-05-24,2,6457.06
ORD0011371,CUST01393,PROD00299,STORE017,2025-07-04,6,17832.51
ORD0011378,CUST00271,PROD00203,STORE003,2026-02-11,3,17548.46
ORD0003200,CUST00542,PROD00026,STORE013,2025-03-16,6,23425.54
ORD0008573,CUST01474,PROD00205,STORE017,2025-03-18,5,19804.45
ORD0008242,CUST00334,PROD00144,STORE010,2025-04-01,6,15643.64
ORD0008491,CUST00998,PROD00233,STORE009,2025-01-18,3,21195.36
ORD0004663,CUST00419,PROD00270,STORE024,2026-01-02,2,6881.75
ORD0006380,CUST00205,PROD00212,STORE017,2025-05-23,3,23027.66
ORD0010683,CUST00409,PROD00118,STORE009,2025-09-22,4,24082.02
ORD0007224,CUST00289,PROD00104,STORE002,2025-06-28,2,21090.78
ORD0006335,CUST00142,PROD00221,STORE023,2025-10-30,,24972.66
ORD0007950,CUST00804,PROD00297,STORE007,2026-04-10,2,14232.45
ORD0007893,CUST01030,PROD00265,STORE002,2026-02-17,1,2730.2
ORD0009903,CUST00212,PROD00121,STORE012,2025-01-11,6,21186.45
ORD0009452,CUST01116,PROD00280,STORE007,2025-01-08,6,4996.52
ORD0001993,CUST01016,PROD00153,STORE005,2025-05-16,2,7346.87
ORD0007824,CUST00218,PROD00145,STORE016,2026-02-04,3,1335.93
ORD0007988,CUST00856,PROD00294,STORE022,2025-12-06,1,18949.71
ORD0010168,CUST01216,PROD00001,STORE017,2025-08-18,2,19222.87
ORD0009893,CUST00416,PROD00154,STORE017,2026-02-26,5,$14157.68
ORD0008210,CUST00487,PROD00051,STORE008,2025-11-13,4,17617.19
ORD0011925,CUST01250,PROD00021,STORE012,2026-01-09,5,12628.44
ORD0002000,CUST00739,PROD00101,STORE014,not_a_date,5,14647.3
ORD0005035,CUST00056,PROD00071,STORE001,2025-02-22,4,437.77
ORD0005469,CUST00046,PROD00204,STORE008,2025-07-28,2,6697.01
ORD0012359,CUST01435,PROD00205,STORE025,2025-04-30,4,22010.48
ORD0006199,CUST00878,PROD00111,STORE013,2026-03-04,4,24676.7
ORD0000196,CUST01314,PROD00057,STORE020,2026-04-11,3,21821.32
ORD0000719,CUST00452,PROD00144,STORE004,2025-06-07,1,6083.45
ORD0011033,CUST00200,PROD00005,STORE006,2025-04-09,3,17305.21
ORD0006579,CUST00754,PROD00017,STORE025,2025-02-25,5,14653.93
ORD0007213,CUST01499,PROD00116,STORE013,2026-01-08,6,11610.03
ORD0003967,CUST01218,PROD00065,STORE015,2026-04-21,1,15890.02
ORD0007733,CUST00411,PROD00061,STORE009,2025-08-02,2,22953.7
ORD0007912,CUST00732,PROD00045,STORE003,2026-04-12,5,14890.1
ORD0002684,CUST00551,PROD00279,STORE002,2025-04-17,1,22506.16
ORD0012294,CUST00744,PROD00214,STORE005,2025-04-16,2,6036.61
ORD0004526,CUST00466,PROD00125,STORE009,2025-03-26,5,23331.0
ORD0011275,CUST00125,PROD00070,STORE023,2025-06-26,two,13646.4
ORD0003509,CUST00086,PROD00266,STORE023,2025-05-26,2,12557.95
ORD0001645,CUST00035,PROD00055,STORE025,2025-03-20,5,7407.12
ORD0002926,CUST00856,PROD00253,STORE006,2026-01-14,5,23624.75
ORD0009678,CUST00546,PROD00114,STORE010,2025-07-16,1,18246.69
ORD0006654,CUST00009,PROD00162,STORE006,2025-12-07,6,3393.76
ORD0011233,CUST01095,PROD00009,STORE002,2025-01-06,4,13505.17
ORD0000867,CUST00379,PROD00048,STORE005,2026-03-13,5,15132.22
ORD0010838,CUST00451,PROD00136,STORE005,2025-08-02,3,12313.24
ORD0003859,,PROD00186,STORE011,2026-03-13,2,15167.77
ORD0008940,CUST01047,PROD00089,STORE010,2025-02-17,6,22166.1
ORD0009951,CUST00989,PROD00141,STORE020,2026-02-16,1,11531.88
ORD0012132,CUST00224,PROD00257,STORE012,2025-07-16,3,18382.63
ORD0003845,CUST00402,PROD00287,STORE012,2025-06-18,5,9496.48
ORD0002278,CUST01084,PROD00074,STORE015,2025-06-14,4,16528.03
ORD0001853,CUST00336,PROD00205,STORE005,2025-07-24,4,1121.25
ORD0007581,CUST00271,PROD00091,STORE020,2025-10-03,3,1453.06
ORD0003877,CUST00239,PROD00224,STORE020,2025-04-07,2,10675.48
ORD0002304,CUST00641,PROD00247,STORE024,2025-07-20,3,4483.37
ORD0006136,CUST01444,PROD00249,STORE010,2025-06-09,6,16945.46
ORD0002077,CUST00880,PROD00223,STORE025,2026-02-22,3,5726.05
ORD0012448,CUST00959,PROD00057,STORE013,2026-01-23,5,1722.29
ORD0010639,CUST00174,PROD00281,STORE021,2026-01-08,3,11661.1
ORD0006294,CUST00208,PROD00159,STORE024,2025-05-10,2,444.86
ORD0007163,CUST00098,PROD00242,STORE018,2026-03-27,4,6186.97
ORD0012217,CUST00654,PROD00103,STORE024,2025-06-01,4,11962.75
ORD0003913,CUST00377,PROD00002,STORE016,2025-11-12,2,313.6
ORD0007373,CUST00903,PROD00187,STORE021,2025-10-16,5,8804.16
ORD0007846,CUST00107,PROD00147,STORE010,2026-02-07,5,18931.2
ORD0007494,CUST00320,PROD00013,STORE014,2026-01-07,3,6875.76
ORD0005086,CUST00269,PROD00273,STORE023,2025-09-02,5,4174.09
ORD0001899,CUST00863,PROD00043,STORE003,2026-02-27,6,5145.83
ORD0002997,CUST00717,PROD00205,STORE013,2025-01-21,4,10256.98
ORD0009487,CUST01391,PROD00139,STORE021,2025-05-23,5,19988.28
ORD0007291,CUST00456,PROD00291,STORE021,2025-02-10,6,17060.76
ORD0010029,CUST00972,PROD00137,STORE023,2026-04-01,1,16602.22
ORD0006221,CUST00741,PROD00094,STORE009,2025-01-15,1,6109.23
ORD0009144,CUST01290,PROD00258,STORE012,2026-02-03,4,17966.72
ORD0001865,CUST00393,PROD00225,STORE018,2025-05-31,6,21140.07
ORD0009453,CUST01335,PROD00040,STORE016,2025-10-31,5,17876.51
ORD0002930,CUST00302,PROD00101,STORE010,2026-03-15,4,11617.51
ORD0010163,CUST01291,PROD00282,STORE004,2026-03-26,3,2997.25
ORD0001343,CUST01227,PROD00093,STORE002,2025-07-04,6,19558.99
ORD0006847,CUST01389,PROD00193,STORE002,2025-10-31,6,10898.19
ORD0008790,CUST00446,PROD00269,STORE004,2025-03-05,5,24955.01
ORD0005272,CUST00983,PROD00189,STORE024,2025-03-08,2,11411.0
ORD0008348,CUST00144,PROD00022,STORE009,2025-08-01,6,12394.98
ORD0012165,CUST00918,PROD00019,STORE007,2025-05-25,3,5194.83
ORD0007757,CUST00481,PROD00263,STORE021,2025-07-22,5,1978.8
ORD0004082,CUST00182,PROD00235,STORE010,2026-02-14,5,16483.89
ORD0004765,CUST00751,PROD00064,STORE008,2025-01-06,1,10788.45
ORD0006736,CUST01177,PROD00197,STORE006,2025-04-14,6,6678.11
ORD0011636,CUST00420,PROD00054,STORE004,2026-04-12,2,20577.06
ORD0007274,CUST00265,PROD00156,STORE013,2026-02-13,5,10117.69
ORD0001258,CUST00220,PROD00076,STORE019,2025-02-25,1,21730.55
ORD0009569,CUST01139,PROD00176,STORE014,2025-02-21,2,17144.15
ORD0003156,CUST00927,PROD00204,STORE002,2025-01-25,2,16267.06
ORD0010433,CUST00766,PROD00239,STORE019,2026-01-13,3,24963.89
ORD0008725,CUST01358,PROD00004,STORE013,2025-07-03,6,214.12
ORD0003169,CUST00955,PROD00262,STORE019,2025-09-06,6,7760.48
ORD0008450,CUST00401,PROD00292,STORE014,2026-03-09,5,7195.81
ORD0010521,CUST01102,PROD00037,STORE003,2026-04-14,6,11022.26
ORD0001580,CUST00182,PROD00152,STORE005,2025-07-30,3,5528.59
ORD0004220,CUST01037,PROD00246,STORE010,2026-03-20,1,8128.33
ORD0000682,CUST00801,PROD00231,STORE020,2025-03-07,2,18752.92
ORD0007112,CUST00807,PROD00232,STORE020,2025-06-05,4,17336.59
ORD0012044,CUST01118,PROD00089,STORE014,2025-10-25,6,17285.38
ORD0003196,CUST01399,PROD00117,STORE013,2026-03-08,6,5791.28
ORD0002286,CUST01265,PROD00133,STORE010,2025-08-11,two,2464.86
ORD0006791,CUST00191,PROD00038,STORE020,2026-02-09,6,4139.28
ORD0010684,CUST01232,PROD00267,STORE009,2025-09-21,4,16461.91
ORD0009049,CUST01363,PROD00249,STORE015,2025-07-28,3,11206.9
ORD0005022,CUST00951,PROD00227,STORE020,2025-09-14,5,21977.01
ORD0000206,CUST00542,PROD00050,STORE011,2025-08-23,6,17388.84
ORD0006194,CUST01374,PROD00128,STORE018,2026-04-03,6,23775.52
ORD0007407,CUST00769,PROD00107,STORE008,2025-05-23,6,9261.01
ORD0000689,CUST00963,PROD00262,STORE016,2026-03-06,4,18971.83
ORD0006493,CUST01025,PROD00213,STORE025,2026-01-25,1,19541.96
ORD0006711,CUST01391,PROD00280,STORE022,2026-04-14,2,24547.74
ORD0002868,CUST00490,PROD00110,STORE008,2026-02-11,6,3738.31
ORD0007434,CUST00038,PROD00032,STORE013,2025-10-21,2,17301.48
ORD0001018,CUST00088,,STORE021,2025-06-22,1,19483.76
ORD0007406,CUST00851,PROD00002,STORE006,2026-03-30,6,24994.06
ORD0004600,CUST00907,PROD00254,STORE006,2025-10-14,5,16239.22
ORD0002901,CUST00905,PROD00013,STORE013,2025-11-20,6,20673.75
ORD0008225,CUST00125,PROD00286,STORE017,2025-10-16,3,19165.73
ORD0000832,CUST00615,PROD00020,STORE008,2025-05-11,6,22623.85
ORD0002907,CUST00045,PROD00021,STORE001,2026-03-02,6,6234.3
ORD0005812,CUST00668,PROD00005,STORE014,2025-12-23,3,4584.43
ORD0009844,CUST00605,,STORE018,2025-02-01,3,17423.97
ORD0007543,CUST01321,PROD00089,STORE016,2025-12-30,2,13383.78
ORD0001115,CUST00188,PROD00183,STORE006,2025-07-25,2,22395.62
ORD0001933,CUST01345,PROD00294,STORE021,2025-08-16,2,20859.85
ORD0005087,CUST01331,PROD00150,STORE022,2025-07-02,6,8561.97
ORD0008628,CUST00884,PROD00107,STORE014,2025-02-02,1,16322.13
ORD0009925,CUST00453,PROD00173,STORE001,2025-04-04,2,23934.33
ORD0003745,CUST01221,PROD00024,STORE012,2025-10-30,6,1024.34
ORD0007103,CUST00685,PROD00130,STORE015,2025-09-01,6,4203.27
ORD0003165,CUST00404,PROD00040,STORE025,2025-03-04,6,9760.38
ORD0009521,CUST01460,PROD00120,STORE001,2025-12-01,5,17579.84
ORD0008156,CUST00796,PROD00289,STORE022,2025-11-03,6,22295.11
ORD0001850,CUST01197,PROD00274,STORE001,2025-01-06,3,7356.89
ORD0012185,CUST01189,PROD00082,STORE014,2025-05-02,6,15098.39
ORD0001198,CUST01021,PROD00060,STORE006,2026-03-11,4,15149.64
ORD0006460,CUST00171,PROD00027,STORE010,2025-12-27,1,11161.37
ORD0007449,CUST00842,PROD00095,STORE019,2025-12-23,3,22372.64
ORD0002723,CUST00646,PROD00039,STORE009,2025-10-17,3,18502.6
ORD0012360,CUST01259,PROD00031,STORE007,2025-10-19,1,18915.85
ORD0005646,CUST00728,PROD00228,STORE024,2025-06-02,3,24318.16
ORD0005498,CUST00110,PROD00224,STORE019,2026-04-16,3,20652.56
ORD0008029,CUST01444,PROD00061,STORE009,2025-07-02,2,22780.25
ORD0000486,CUST00268,PROD00250,STORE011,2025-11-10,5,23335.55
ORD0000835,CUST00561,PROD00275,STORE018,2026-03-21,4,556.13
ORD0012167,CUST00478,PROD00176,STORE016,2026-03-28,6,1163.51
ORD0008211,CUST01023,PROD00175,STORE009,2025-04-20,5,5586.9
ORD0011847,CUST01436,PROD00219,STORE004,2026-02-15,2,7116.21
ORD0011903,CUST00956,PROD00155,STORE021,2025-12-20,1,15807.85
ORD0000599,CUST01413,PROD00110,STORE019,2025-01-28,3,9119.32
ORD0000004,CUST01293,PROD00299,STORE008,2025-09-29,6,8815.29
ORD0003181,CUST00872,PROD00124,STORE019,2025-03-10,3,10109.68
ORD0006232,CUST00650,PROD00059,STORE003,2026-01-06,1,6562.75
ORD0007338,CUST00047,PROD00183,STORE015,2026-04-08,1,2146.29
ORD0009445,CUST01153,PROD00078,STORE004,2025-12-27,3,3880.29
ORD0007470,CUST01447,PROD00117,STORE023,2025-05-24,6,8809.05
ORD0008379,CUST01288,PROD00097,STORE018,2025-09-27,1,20880.19
ORD0002161,CUST00734,PROD00034,STORE015,2025-04-15,1,828.81
ORD0005590,CUST00279,PROD00001,STORE022,2026-03-16,2,872.33
ORD0000822,CUST00492,PROD00263,STORE020,2026-04-10,4,-5
ORD0007295,CUST00151,PROD00070,STORE015,2026-04-14,4,17478.09
ORD0009047,CUST01128,PROD00240,STORE016,2025-05-13,5,9923.65
ORD0009964,CUST00327,PROD00025,STORE017,2026-01-11,2,2238.52
ORD0002272,CUST00702,PROD00027,STORE019,2025-04-05,3,10843.17
ORD0007541,CUST00527,PROD00077,STORE012,2025-06-02,3,15952.68
ORD0012094,CUST00204,PROD00162,STORE025,2025-11-26,6,24256.13
ORD0011752,CUST00306,PROD00257,STORE008,2025-06-06,6,6237.52
ORD0004499,CUST00404,PROD00239,STORE016,2025-03-19,5,19087.17
ORD0005700,CUST00930,PROD00194,STORE005,2025-06-30,2,22392.35
ORD0001720,CUST00760,PROD00025,STORE007,2025-04-08,3,22272.68
ORD0012496,CUST01228,PROD00183,STORE011,2025-05-02,4,8942.34
ORD0005553,CUST01055,PROD00078,STORE001,2025-10-04,2,20894.89
ORD0006829,CUST00949,PROD00112,STORE013,2025-07-08,1,13160.88
ORD0008678,CUST00008,PROD00209,STORE012,2026-04-12,4,21108.87
ORD0001248,CUST00067,PROD00128,STORE002,2025-07-05,1,568.97
ORD0002191,CUST00550,PROD00283,STORE013,2025-01-17,5,13903.46
ORD0001649,CUST00433,PROD00191,STORE021,2025-05-05,1,22520.42
ORD0009585,CUST00052,PROD00256,STORE002,2025-09-22,5,4633.97
ORD0010104,CUST00204,PROD00131,STORE014,2025-01-23,1,15791.21
ORD0001153,CUST01426,PROD00269,STORE016,2026-01-11,5,1644.54
ORD0007093,CUST01083,PROD00071,STORE013,2025-10-20,5,11254.77
ORD0000816,CUST00393,PROD00177,STORE003,2026-03-13,1,929.78
ORD0005467,CUST00583,PROD00214,STORE003,2025-08-11,3,3401.4
ORD0000923,CUST00244,,STORE009,2025-11-19,5,13491.74
ORD0002941,CUST00311,PROD00014,STORE002,2025-05-30,6,16945.84
ORD0010892,CUST00763,PROD00113,STORE020,2025-02-01,2,10727.65
ORD0003891,CUST01422,PROD00029,STORE025,2025-12-24,6,22759.68
ORD0000131,CUST01202,PROD00014,STORE008,2025-05-01,5,4577.28
ORD0005937,CUST01011,PROD00238,STORE019,2025-10-11,1,17743.8
ORD0005019,CUST01351,PROD00217,STORE025,2025-11-11,5,14222.42
ORD0004425,CUST00441,PROD00111,STORE012,2025-08-01,2,21150.55
ORD0003030,CUST00635,PROD00273,STORE002,2025-04-29,2,13239.17
ORD0006118,CUST00900,PROD00119,STORE004,2025-04-23,2,21672.12
ORD0004222,CUST00047,PROD00128,STORE009,2025-08-09,3,14871.98
ORD0005659,CUST01107,PROD00296,STORE005,2026-03-30,2,7621.23
ORD0005687,CUST01103,PROD00090,STORE007,2026-03-12,1,14479.0
ORD0006625,CUST01116,PROD00082,STORE015,2025-01-20,2,18101.93
ORD0003125,CUST00884,PROD00124,STORE001,2025-11-03,2,23085.24
ORD0007296,CUST00659,PROD00198,STORE021,2025-04-10,5,24890.61
ORD0005807,CUST00042,PROD00132,STORE002,2026-02-11,2,8852.33
ORD0002853,CUST00796,PROD00170,STORE014,2025-08-20,4,6128.73
ORD0008315,CUST00759,PROD00204,STORE013,2025-10-06,6,21683.75
ORD0005537,CUST00460,PROD00030,STORE012,2025-01-27,2,12442.32
ORD0005393,CUST00747,,STORE002,2025-07-06,3,7007.06
ORD0005762,CUST00386,PROD00093,STORE020,not_a_date,5,20941.56
ORD0003485,CUST00627,PROD00114,STORE025,2025-12-03,4,13495.53
ORD0007214,CUST00656,PROD00144,STORE025,2025-02-12,4,23301.9
ORD0003519,CUST00492,PROD00189,STORE022,2025-11-01,3,17625.29
ORD0011449,CUST01400,PROD00253,STORE018,2026-03-10,6,10451.4
ORD0004659,CUST00788,PROD00265,STORE005,2026-03-24,1,7628.77
ORD0008521,CUST00706,PROD00102,STORE022,2025-12-17,5,15729.24
ORD0005346,CUST01028,PROD00164,STORE006,2026-04-21,5,7386.65
ORD0000814,CUST01369,PROD00283,STORE024,2025-12-30,5,7668.27
ORD0004064,CUST00110,PROD00168,STORE003,2026-03-01,1,1019.45
ORD0011465,CUST00550,PROD00227,STORE015,2025-07-16,4,20884.34
ORD0005765,CUST00558,PROD00251,STORE007,2025-08-19,6,21755.29
ORD0003786,CUST00690,PROD00036,STORE014,2025-12-30,4,10869.21
ORD0000009,CUST00238,PROD00091,STORE015,2025-06-27,3,16566.23
ORD0011942,CUST01172,PROD00042,STORE009,2026-03-03,5,11361.34
ORD0007189,CUST00208,PROD00294,STORE016,2025-12-01,1,22736.8
ORD0001406,CUST01493,PROD00277,STORE024,2025-03-31,4,17805.24
ORD0008550,CUST00861,PROD00147,STORE014,2025-06-07,3,20862.34
ORD0009920,CUST00525,PROD00086,STORE011,2025-06-27,4,21903.15
ORD0011387,CUST00497,PROD00139,STORE007,2025-08-08,1,24879.45
ORD0002641,CUST00088,PROD00163,STORE015,2025-07-03,6,22640.95
ORD0011829,CUST01347,PROD00162,STORE016,2025-09-29,3,13699.44
ORD0003418,CUST00201,PROD00100,STORE018,2025-05-24,4,376.67
ORD0005657,CUST00106,PROD00128,STORE021,2026-04-06,3,18701.87
ORD0012086,CUST00374,PROD00146,STORE002,2025-09-22,4,22539.04
ORD0010236,CUST00615,PROD00240,STORE005,2025-03-10,1,18855.01
ORD0006668,CUST00722,PROD00099,STORE023,2025-09-13,5,13506.49
ORD0003497,CUST01329,PROD00192,STORE015,2025-06-10,2,15546.43
ORD0004690,CUST00453,,STORE001,2025-08-09,2,19446.6
ORD0005326,CUST00274,PROD00248,STORE005,2026-04-09,5,24188.95
ORD0008370,CUST00142,PROD00182,STORE008,2025-10-08,5,6942.17
ORD0009068,CUST01232,PROD00185,STORE023,2026-02-11,4,14096.7
ORD0004090,CUST00239,PROD00047,STORE023,2025-09-23,1,22789.44
ORD0006494,CUST01008,PROD00173,STORE009,2025-03-23,1,18507.44
ORD0002537,CUST00283,PROD00191,STORE019,2025-08-09,1,21070.16
ORD0008021,CUST00946,PROD00060,STORE014,2025-11-23,3,21551.18
ORD0002408,CUST01330,PROD00078,STORE002,2025-06-22,5,4688.89
ORD0008596,CUST00542,PROD00240,STORE013,2025-06-28,2,15045.55
ORD0000283,CUST01465,PROD00296,STORE005,2025-04-16,2,19358.85
ORD0006785,CUST00242,PROD00033,STORE012,2025-02-08,1,12889.54
ORD0010470,CUST01356,PROD00286,STORE004,2025-03-14,4,15323.37
ORD0009496,CUST00721,PROD00166,STORE009,2025-11-23,3,18533.75
ORD0012469,CUST01355,PROD00193,STORE010,2025-03-06,,2610.63
ORD0004336,CUST00797,PROD00131,STORE012,2025-07-10,2,23832.8
ORD0002799,CUST01245,PROD00110,STORE014,2025-07-08,4,21250.96
ORD0006916,CUST01056,PROD00146,STORE007,2025-08-09,6,15161.78
ORD0006220,CUST01225,PROD00189,STORE003,2025-05-03,4,20024.4
ORD0006146,CUST00028,PROD00225,STORE006,2025-07-20,4,1934.75
ORD0006623,CUST00693,PROD00199,STORE005,2025-11-05,3,12089.77
ORD0001439,CUST00260,PROD00012,STORE003,2025-12-26,2,10875.58
ORD0008282,CUST01472,PROD00190,STORE012,2025-04-25,5,16175.58
ORD0007115,CUST01498,PROD00226,STORE024,2025-07-26,5,10367.38
ORD0002195,CUST00546,PROD00095,STORE022,2026-03-01,4,6825.64
ORD0000887,CUST00263,PROD00296,STORE006,2025-12-10,6,14568.07
ORD0003678,CUST00771,PROD00186,STORE016,2025-07-27,1,8538.33
ORD0010860,CUST00661,PROD00044,STORE018,2025-06-30,2,12109.67
ORD0003052,CUST00917,PROD00204,STORE003,2025-06-16,4,24739.34
ORD0011184,CUST00348,PROD00276,STORE018,2025-12-24,2,11752.12
ORD0004787,CUST01287,PROD00170,STORE024,2025-03-15,1,14402.4
ORD0006651,CUST00510,PROD00020,STORE002,2025-09-23,1,11943.07
ORD0000884,CUST00843,PROD00297,STORE010,2026-03-15,3,6338.41
ORD0012475,CUST01065,PROD00009,STORE016,2025-09-15,3,3645.28
ORD0003842,CUST00979,PROD00234,STORE008,2025-04-21,1,24862.07
ORD0006717,CUST00396,PROD00105,STORE003,2026-02-01,6,11232.37
ORD0004479,CUST00174,PROD00062,STORE025,2026-01-29,4,9765.61
ORD0005450,CUST00323,PROD00142,STORE021,2025-08-21,2,11845.14
ORD0002857,CUST00120,PROD00072,STORE012,2025-09-20,2,15930.2
ORD0010620,CUST00934,PROD00189,STORE003,2025-05-03,3,6014.78
ORD0010132,CUST00423,PROD00058,STORE009,2025-03-15,6,23140.83
ORD0004183,CUST00908,PROD00059,STORE010,2026-04-01,5,9209.06
ORD0008611,CUST00023,PROD00070,STORE015,2026-03-15,3,18592.45
ORD0004893,CUST00203,PROD00192,STORE024,2025-10-17,4,13787.79
ORD0006218,CUST01454,PROD00006,STORE001,2025-08-14,3,10414.77
ORD0011131,CUST00926,PROD00249,STORE022,2025-01-19,5,10975.58
ORD0011663,CUST00967,PROD00294,STORE012,2025-06-10,6,20294.13
ORD0011520,CUST01023,PROD00224,STORE008,2025-10-31,1,3808.72
ORD0004795,CUST00540,PROD00120,STORE015,2025-11-28,4,970.17
ORD0006786,CUST01453,PROD00124,STORE013,2025-01-14,5,20112.73
ORD0006384,CUST00181,PROD00124,STORE015,2026-01-17,6,3305.83
ORD0009535,CUST01055,PROD00090,STORE006,2026-01-08,1,unknown
ORD0001628,CUST00719,PROD00079,STORE017,2026-01-05,4,4523.85
ORD0010218,CUST00650,PROD00077,STORE018,2026-02-20,6,3406.75
ORD0004161,CUST00801,,STORE013,2025-05-23,5,402.46
ORD0010657,CUST01447,PROD00093,STORE020,2025-09-05,4,8697.97
ORD0010038,CUST00848,PROD00040,STORE020,2026-04-01,3,22147.66
ORD0004155,CUST00640,PROD00084,STORE009,2025-03-20,1,19118.06
ORD0000579,CUST00131,PROD00035,STORE005,2025-03-25,2,2690.99
ORD0007688,CUST01354,PROD00204,STORE020,2026-01-06,6,13706.68
ORD0006833,CUST00921,PROD00013,STORE025,2026-01-28,2,20913.29
ORD0004215,CUST01374,PROD00112,STORE007,2025-10-15,3,9904.99
ORD0011745,CUST00165,PROD00284,STORE016,2026-02-12,3,22288.66
ORD0007180,CUST00008,PROD00108,STORE006,2025-10-01,4,2620.24
ORD0005336,CUST00441,PROD00086,STORE013,2025-02-21,4,17038.89
ORD0011382,CUST00401,PROD00225,STORE020,2026-03-27,5,10970.75
ORD0009891,CUST01428,PROD00243,STORE008,2025-08-20,2,8601.25
ORD0006517,CUST01085,PROD00220,STORE016,2025-08-10,4,20008.8
ORD0010126,CUST00408,PROD00078,STORE001,2025-02-11,3,9312.19
ORD0004340,CUST00301,PROD00077,STORE009,2025-09-03,4,10082.84
ORD0000533,CUST00881,,STORE022,2026-01-17,6,11231.41
ORD0004790,CUST00648,PROD00051,STORE002,2025-05-26,5,5650.74
ORD0008130,CUST01169,PROD00035,STORE014,2025-06-28,5,8784.08
ORD0006179,CUST00037,PROD00203,STORE005,2025-09-26,6,15435.94
ORD0001038,CUST01315,PROD00234,STORE003,2025-10-02,5,7494.36
ORD0010117,CUST00093,PROD00095,STORE005,2026-01-18,5,11902.73
ORD0002927,CUST00655,PROD00012,STORE020,2025-04-21,4,14670.02
ORD0011115,CUST00438,PROD00006,STORE012,2026-04-04,4,2623.56
ORD0004999,CUST00935,PROD00005,STORE005,2025-11-22,1,18511.21
ORD0003536,CUST00222,PROD00300,STORE016,2026-02-17,6,13731.87
ORD0002725,CUST00422,PROD00266,STORE005,2025-03-11,2,3521.73
ORD0007713,CUST00138,PROD00137,STORE007,2025-07-18,3,7769.41
ORD0009102,CUST00449,PROD00040,STORE025,2025-04-17,1,20453.45
ORD0001451,CUST00271,PROD00054,STORE018,2025-07-10,3,17073.23
ORD0003823,CUST00812,PROD00020,STORE013,2025-05-24,3,679.76
ORD0012095,CUST00758,PROD00009,STORE015,2025-08-01,3,12373.02
ORD0002283,CUST00410,PROD00139,STORE014,2025-08-06,1,11200.62
ORD0000795,CUST00482,PROD00147,STORE008,2025-06-22,5,20142.56
ORD0004210,CUST00189,PROD00149,STORE019,2025-03-25,3,14078.01
ORD0001301,CUST00858,PROD00243,STORE011,2026-03-01,4,16714.61
ORD0001150,,PROD00137,STORE005,2026-02-15,6,21626.83
ORD0010555,CUST01066,PROD00292,STORE016,2025-05-26,3,19555.98
ORD0002086,CUST00928,PROD00002,STORE017,2025-12-27,4,21205.5
ORD0007036,CUST01384,PROD00127,STORE016,2025-07-10,6,20882.4
ORD0000448,CUST00526,PROD00204,STORE010,2026-03-15,5,7268.01
ORD0010300,CUST01469,PROD00152,STORE018,2026-02-03,4,20407.22
ORD0003779,CUST00205,PROD00268,STORE020,2025-06-22,4,4045.54
ORD0002369,CUST00575,PROD00138,STORE007,2025-07-15,3,20106.26
ORD0005706,CUST01047,PROD00055,STORE024,2025-03-10,4,22296.52
ORD0010177,CUST00102,PROD00091,STORE013,2025-09-12,3,17246.65
ORD0002992,CUST00290,PROD00143,STORE005,,2,7485.8
ORD0000859,CUST00950,PROD00044,STORE005,2025-10-15,1,14927.02
ORD0011329,CUST00910,PROD00230,STORE021,2026-01-13,3,1869.75
ORD0003340,CUST01399,PROD00163,STORE017,2025-08-18,,18759.56
ORD0000320,CUST00071,PROD00198,STORE021,2025-04-04,1,19885.74
ORD0001319,CUST01030,PROD00294,STORE025,2025-07-24,2,6758.07
ORD0001650,CUST01302,PROD00246,STORE008,2025-02-28,1,21398.83
ORD0007282,CUST01365,PROD00128,STORE004,2025-01-24,2,11485.01
ORD0011721,CUST00904,PROD00119,STORE003,2025-10-02,4,13956.07
ORD0002931,CUST01413,PROD00004,STORE010,2026-01-06,3,24315.77
ORD0011407,CUST00557,PROD00066,STORE002,2026-01-04,4,3773.2
ORD0000568,CUST00867,PROD00006,STORE010,2025-06-01,3,5225.36
ORD0003906,CUST00329,PROD00106,STORE007,2025-10-06,1,19942.59
ORD0012300,CUST00752,PROD00076,STORE020,2025-04-12,1,15925.12
ORD0004098,CUST01358,PROD00069,STORE001,2025-06-01,3,21311.32
ORD0010496,CUST00180,PROD00288,STORE012,2025-06-29,5,1676.2
ORD0000316,CUST00828,PROD00145,STORE020,2025-05-09,1,6357.0
ORD0003689,CUST00681,PROD00076,STORE015,2025-12-30,2,2852.02
ORD0004953,CUST00276,PROD00215,STORE023,2026-02-07,4,21105.46
ORD0006409,CUST00114,PROD00070,STORE012,2025-02-13,6,604.05
ORD0009247,CUST01499,PROD00299,STORE024,2025-12-11,1,20838.5
ORD0003996,CUST00643,PROD00170,STORE004,2025-03-21,,15633.26
ORD0004983,CUST00930,PROD00252,STORE014,2026-04-15,4,unknown
ORD0004530,CUST00729,PROD00283,STORE023,2026-01-11,4,15728.44
ORD0011517,CUST00834,PROD00081,STORE020,2025-10-29,2,10163.2
ORD0004177,CUST00922,PROD00252,STORE006,2025-02-06,5,19208.62
ORD0003562,CUST01403,PROD00119,STORE020,2026-02-06,6,657.76
ORD0009712,CUST01109,PROD00095,STORE017,2026-04-04,3,847.35
ORD0001760,CUST00152,PROD00233,STORE002,2025-01-19,4,7390.0
ORD0009925,CUST00453,PROD00173,STORE001,2025-04-04,2,23934.33
ORD0003314,CUST00215,PROD00276,STORE003,2025-04-11,6,24080.65
ORD0004789,CUST00133,PROD00166,STORE023,2025-01-17,3,13677.67
ORD0003699,CUST01493,PROD00121,STORE013,2026-01-04,3,413.35
ORD0004520,CUST00196,PROD00018,STORE016,2025-02-12,3,17840.03
ORD0005134,CUST00650,PROD00111,STORE015,2025-03-23,4,1451.76
ORD0004283,CUST00675,PROD00151,STORE005,2026-01-20,1,24527.14
ORD0012232,CUST00294,PROD00224,STORE011,2025-02-18,2,16377.42
ORD0008662,CUST00511,PROD00004,STORE020,2025-05-15,5,6197.66
ORD0009986,CUST00820,PROD00117,STORE004,2025-09-20,6,8473.42
ORD0001651,CUST01089,PROD00029,STORE009,2025-09-09,4,17139.3
ORD0002984,CUST00760,PROD00154,STORE014,2025-01-03,1,24211.78
ORD0001643,CUST00411,PROD00167,STORE015,2025-04-18,3,3405.95
ORD0003066,CUST01218,PROD00093,STORE017,2026-04-01,4,14095.28
ORD0004845,CUST01483,PROD00245,STORE012,2026-03-08,2,6000.23
ORD0001412,CUST00435,PROD00086,STORE005,2025-03-01,1,1262.84
ORD0008325,CUST00163,PROD00042,STORE025,2025-04-02,4,5849.9
ORD0009360,CUST00552,PROD00118,STORE023,2026-04-22,2,24647.57
ORD0004280,CUST00998,PROD00293,STORE011,2025-06-21,6,16570.05
ORD0004967,CUST00092,PROD00067,STORE003,2025-02-08,5,3953.69
ORD0001243,CUST01014,PROD00143,STORE002,2025-02-01,2,15036.81
ORD0000048,CUST00897,PROD00059,STORE002,2025-11-17,4,12455.34
ORD0006665,CUST01405,PROD00183,STORE002,2025-05-26,3,24332.9
ORD0012081,CUST00747,PROD00001,STORE007,2025-04-22,6,10071.73
ORD0004488,CUST01068,PROD00165,STORE024,2025-06-08,5,20966.49
ORD0008793,CUST01351,PROD00043,STORE020,2025-01-19,6,16604.2
ORD0010129,CUST00449,PROD00129,STORE020,2025-07-05,3,13948.1
ORD0003409,CUST00616,PROD00245,STORE009,2025-07-24,4,23872.29
ORD0005978,CUST00116,PROD00229,STORE017,2026-02-19,4,21772.66
ORD0007811,CUST00466,PROD00032,STORE007,2025-05-24,1,22110.21
ORD0002683,CUST00066,PROD00069,STORE005,2025-04-23,2,17049.23
ORD0002122,CUST00909,PROD00268,STORE024,2026-02-04,1,11871.1
ORD0002878,CUST00727,PROD00017,STORE007,2025-10-28,1,20999.19
ORD0001151,CUST00224,PROD00146,STORE025,2025-07-01,1,1024.53
ORD0006799,CUST00024,PROD00131,STORE020,2025-12-31,6,12068.55
ORD0010725,CUST00985,PROD00132,STORE019,2025-10-18,4,21305.57
ORD0006062,CUST01024,PROD00062,STORE003,2025-04-15,4,11135.61
ORD0001322,CUST01080,PROD00228,STORE020,not_a_date,5,1843.52
ORD0009131,CUST00548,PROD00113,STORE024,2025-05-03,6,24876.51
ORD0008587,CUST00093,PROD00184,STORE021,2026-04-10,5,11030.52
ORD0006053,CUST00507,PROD00224,STORE013,2025-09-13,4,826.55
ORD0004919,CUST01354,PROD00275,STORE016,2026-04-06,6,17696.07
ORD0006038,CUST01218,PROD00021,STORE021,2025-06-15,1,22965.9
ORD0008428,CUST00257,PROD00051,STORE017,2025-12-21,1,9920.53
ORD0007392,CUST00689,PROD00189,STORE018,2025-06-14,4,10672.96
ORD0005158,CUST00782,PROD00123,STORE017,2025-04-06,6,11542.03
ORD0011958,CUST01285,PROD00220,STORE004,2025-10-30,1,13565.89
ORD0002499,CUST01454,PROD00193,STORE009,2025-04-20,6,18671.64
ORD0006994,CUST01466,PROD00095,STORE018,2025-08-10,5,19576.45
ORD0011851,CUST01308,PROD00021,STORE006,2025-08-31,5,23854.76
ORD0009742,CUST00562,,STORE001,2025-05-27,2,10089.12
ORD0001109,CUST00260,PROD00020,STORE011,2025-12-21,1,23792.29
ORD0011852,CUST00932,PROD00153,STORE014,2025-05-23,5,24384.01
ORD0005788,CUST00570,PROD00110,STORE015,2025-09-29,4,5199.57
ORD0002936,CUST01498,PROD00080,STORE023,2025-12-24,1,23172.65
ORD0003236,CUST01355,PROD00173,STORE025,2025-10-28,5,1296.62
ORD0008054,CUST00101,PROD00208,STORE022,2026-01-14,3,16587.8
ORD0006189,CUST00669,PROD00230,STORE020,2026-03-08,5,17949.24
ORD0003213,CUST00722,PROD00230,STORE006,2025-08-01,6,21688.34
ORD0005196,CUST00928,PROD00293,STORE018,2025-08-22,2,16306.65
ORD0004843,CUST00436,PROD00040,STORE008,2025-04-21,5,12038.0
ORD0001470,CUST01432,PROD00151,STORE008,2025-10-18,6,3650.1
ORD0008129,CUST01295,PROD00117,STORE011,2025-05-31,5,21612.88
ORD0005048,CUST00400,PROD00178,STORE018,2026-02-27,3,14890.07
ORD0009264,CUST01057,PROD00282,STORE022,2025-02-10,1,3873.75
ORD0005352,CUST00016,PROD00044,STORE016,2025-08-21,2,11130.37
ORD0009630,CUST01128,PROD00127,STORE001,2025-09-07,6,23780.09
ORD0000230,CUST00500,PROD00300,STORE025,2025-02-20,5,12010.47
ORD0010917,CUST00666,PROD00023,STORE013,2025-04-21,5,12998.45
ORD0007031,CUST00926,PROD00236,STORE014,2026-01-24,1,17631.91
ORD0001721,CUST00835,PROD00081,STORE022,2026-03-16,6,3522.94
ORD0005958,CUST01045,PROD00016,STORE014,2025-10-23,1,23518.21
ORD0000395,CUST00118,PROD00178,STORE016,2025-12-16,6,3824.82
ORD0011532,CUST00102,PROD00191,STORE011,2025-01-14,3,20173.93
ORD0003338,CUST00160,PROD00041,STORE020,2025-09-14,6,19169.77
ORD0009367,CUST00097,PROD00119,STORE012,2026-02-22,2,5590.82
ORD0000652,CUST00925,PROD00111,STORE020,2025-12-17,4,2509.6
ORD0009241,CUST00278,PROD00035,STORE008,2025-06-20,2,225.34
ORD0003508,CUST00255,PROD00285,STORE012,2025-06-24,6,8085.64
ORD0011396,CUST01198,PROD00029,STORE016,2025-12-11,1,523.08
ORD0008038,CUST00725,PROD00051,STORE020,2025-03-28,3,724.38
ORD0002096,CUST01305,PROD00222,STORE009,2025-07-02,5,18495.63
ORD0005817,CUST00505,PROD00037,STORE013,2025-04-29,6,24602.87
ORD0002866,CUST00059,PROD00197,STORE006,not_a_date,4,14143.02
ORD0009348,CUST00986,PROD00274,STORE004,2025-06-27,4,2779.16
ORD0002653,CUST00601,PROD00013,STORE025,2025-08-05,2,20512.16
ORD0011054,CUST01240,PROD00123,STORE005,2025-12-10,1,15643.79
ORD0009185,CUST00787,PROD00207,STORE004,2026-03-17,1,20523.51
ORD0001608,CUST01161,PROD00212,STORE008,2025-04-26,6,19292.45
ORD0007044,CUST00374,PROD00180,STORE013,2025-03-21,4,16064.73
ORD0006472,CUST00449,PROD00245,STORE002,2025-12-24,6,1301.09
ORD0005802,CUST01489,PROD00125,STORE022,2026-04-12,4,22758.19
ORD0012199,CUST01164,PROD00072,STORE005,2025-11-16,4,1988.93
ORD0011843,CUST00510,PROD00052,STORE014,2025-07-19,5,10386.02
ORD0000122,CUST00811,PROD00085,STORE015,2025-04-13,1,16516.42
ORD0010969,CUST00137,PROD00273,STORE021,2025-10-07,5,10253.02
ORD0010731,CUST01346,PROD00283,STORE006,2025-07-10,2,3831.38
ORD0003770,CUST01155,PROD00282,STORE007,2025-07-25,5,21188.9
ORD0011091,CUST00134,PROD00294,STORE012,2025-02-04,6,12758.09
ORD0003600,CUST00932,PROD00299,STORE012,2025-06-03,5,17995.26
ORD0002924,CUST00670,PROD00197,STORE018,2025-03-15,3,21489.89
ORD0007278,CUST01316,PROD00233,STORE001,2025-06-17,6,15710.56
ORD0002154,CUST00228,PROD00071,STORE018,2026-04-10,1,22659.95
ORD0003075,CUST01021,PROD00101,STORE001,2026-02-07,2,20337.8
ORD0006674,CUST01236,PROD00254,STORE015,2025-11-26,6,7089.38
ORD0003047,CUST00444,PROD00210,STORE008,2026-04-09,4,13686.96
ORD0001282,CUST00600,PROD00053,STORE014,2025-03-18,4,23892.98
ORD0009389,CUST01075,PROD00024,STORE020,2025-01-03,1,981.46
ORD0006946,CUST00119,PROD00040,STORE021,2026-03-01,3,6308.16
ORD0004181,CUST00760,PROD00189,STORE001,2025-11-29,3,8206.62
ORD0009786,CUST00421,,STORE024,2026-03-11,4,10069.79
ORD0002320,CUST01446,PROD00127,STORE015,2025-10-31,3,22883.94
ORD0004147,CUST00455,PROD00137,STORE021,2026-03-22,6,8771.92
ORD0000179,CUST01169,PROD00149,STORE006,2026-01-12,two,19206.83
ORD0010722,CUST00349,PROD00280,STORE012,2025-01-31,6,4023.05
ORD0007968,CUST01244,PROD00054,STORE014,2025-03-03,2,10831.16
ORD0007411,CUST00467,PROD00180,STORE004,2025-04-12,4,3398.06
ORD0009343,CUST00279,PROD00185,STORE015,2025-10-20,5,24398.47
ORD0011610,CUST00855,PROD00095,STORE010,2025-11-13,4,15410.62
ORD0004097,CUST01345,PROD00215,STORE009,2025-09-11,2,8752.21
ORD0011139,CUST00076,PROD00047,STORE010,2025-10-23,4,9763.62
ORD0001561,CUST00688,PROD00025,STORE014,2025-01-02,3,9987.44
ORD0006824,CUST01072,PROD00023,STORE010,2026-04-02,5,4391.67
ORD0005884,CUST00382,PROD00212,STORE004,2025-10-19,2,16787.11
ORD0006853,CUST00118,PROD00126,STORE014,2025-01-07,6,4887.67
ORD0011964,CUST00842,PROD00064,STORE004,2025-01-19,5,9397.97
ORD0000141,CUST00823,PROD00217,STORE025,2025-05-13,1,7678.42
ORD0012460,CUST00053,,STORE018,2025-06-27,6,10217.33
ORD0000311,CUST01100,PROD00226,STORE005,2025-01-01,5,20264.21
ORD0003821,CUST00075,PROD00042,STORE001,2025-11-26,5,15123.63
ORD0004711,CUST01252,PROD00098,STORE022,2025-12-29,6,18379.16
ORD0011674,CUST00492,PROD00239,STORE013,2025-11-29,1,10610.71
ORD0001790,CUST01443,,STORE003,2026-03-12,6,2230.14
ORD0002124,CUST00217,PROD00219,STORE001,2025-02-26,5,17302.95
ORD0010958,CUST00750,PROD00121,STORE015,2025-08-08,1,21119.29
ORD0002395,CUST00924,PROD00096,STORE012,2025-03-04,4,457.08
ORD0009752,CUST00539,PROD00118,STORE011,2025-09-07,6,17495.39
ORD0011247,CUST01468,PROD00277,STORE011,2025-05-25,5,22366.51
ORD0008421,CUST01347,PROD00226,STORE005,2025-08-14,1,17371.05
ORD0010587,CUST00917,PROD00085,STORE022,2025-12-08,2,13492.39
ORD0011239,CUST00081,PROD00197,STORE004,2025-06-12,1,12867.53
ORD0011042,CUST00949,PROD00024,STORE009,2025-12-21,2,9308.36
ORD0005085,CUST00033,PROD00180,STORE001,2026-02-16,2,17727.63
ORD0010502,CUST00725,PROD00298,STORE020,2025-03-23,6,17828.96
ORD0004895,CUST00366,PROD00088,STORE003,2025-11-26,5,21590.26
ORD0009029,CUST00384,PROD00012,STORE006,2025-10-04,1,11357.39
ORD0004004,CUST00328,PROD00056,STORE018,2025-12-06,5,6344.65
ORD0007133,CUST00191,PROD00090,STORE016,2026-01-08,4,20382.19
ORD0010358,CUST01461,PROD00085,STORE020,2025-05-07,2,16284.09
ORD0009141,CUST00954,PROD00181,STORE019,2026-01-29,5,18066.85
ORD0004209,CUST01426,PROD00105,STORE017,2025-01-21,1,24849.21
ORD0012435,CUST00799,PROD00291,STORE017,2025-01-20,6,1989.79
ORD0007445,CUST00351,PROD00279,STORE022,2025-12-06,6,4153.73
ORD0007129,CUST01232,PROD00087,STORE007,2026-04-09,2,2373.43
ORD0009598,CUST00004,PROD00079,STORE015,2025-12-21,5,5124.1
ORD0006812,CUST01103,PROD00094,STORE003,2025-01-03,2,13136.3
ORD0000324,CUST00929,PROD00135,STORE018,2025-05-24,4,3077.81
ORD0002581,CUST00316,PROD00109,STORE017,2025-03-30,6,10368.62
ORD0000252,CUST00725,PROD00072,STORE015,2025-12-27,3,634.07
ORD0001839,CUST00704,PROD00167,STORE008,2025-08-11,5,6929.79
ORD0003121,CUST00867,PROD00086,STORE025,2025-02-21,4,6544.6
ORD0007165,CUST00557,PROD00108,STORE006,2026-03-27,6,15625.47
ORD0001480,CUST00560,PROD00280,STORE014,2025-08-18,1,18671.5
ORD0009277,CUST01334,PROD00223,STORE020,2025-11-17,4,21127.74
ORD0010013,CUST00409,PROD00231,STORE024,2025-04-22,5,362.49
ORD0000286,CUST00646,PROD00118,STORE022,2025-03-25,2,5162.28
ORD0003407,CUST00819,PROD00009,STORE013,2025-01-15,1,7307.7
ORD0010602,CUST00318,PROD00233,STORE003,2026-04-06,5,588.4
ORD0007040,CUST01035,PROD00120,STORE014,2025-12-15,1,13462.72
ORD0007702,CUST00054,PROD00223,STORE015,2025-12-08,4,16381.0
ORD0009707,CUST00158,PROD00091,STORE003,2025-04-22,2,22472.3
ORD0003396,CUST00781,PROD00292,STORE025,2025-01-16,4,23871.9
ORD0009288,CUST00053,PROD00288,STORE004,2025-11-28,5,20050.85
ORD0001226,CUST00897,PROD00128,STORE007,2025-04-20,5,18707.31
ORD0008083,CUST01484,PROD00170,STORE024,2025-01-01,2,826.39
ORD0000259,CUST01243,,STORE002,2025-06-25,1,1544.45
ORD0007114,CUST00988,PROD00035,STORE017,2025-07-28,4,4655.21
ORD0006246,CUST01364,PROD00163,STORE010,2026-01-06,2,19561.49
ORD0011376,CUST01109,PROD00012,STORE011,2026-02-20,6,11025.67
ORD0009183,CUST00857,PROD00001,STORE014,2025-03-01,6,697.58
ORD0012242,CUST01154,PROD00074,STORE001,2025-10-13,3,7619.76
ORD0000545,CUST00406,PROD00012,STORE016,2026-03-01,4,4084.16
ORD0000678,CUST00140,PROD00245,STORE017,2025-05-07,1,14219.01
ORD0006154,CUST00603,PROD00299,STORE022,2025-05-29,2,24394.43
ORD0012201,CUST00217,PROD00151,STORE022,2025-11-08,,9714.3
ORD0011121,CUST00157,PROD00054,STORE017,2025-10-21,5,894.61
ORD0007984,CUST01116,PROD00293,STORE005,2025-01-17,6,16899.96
ORD0000519,CUST01293,PROD00170,STORE022,2025-01-29,1,15372.24
ORD0006473,CUST01467,PROD00034,STORE022,2025-10-18,6,11610.16
ORD0008207,CUST01047,PROD00274,STORE022,2025-06-12,4,7555.08
ORD0008449,CUST00370,PROD00140,STORE001,2025-05-14,6,18851.08
ORD0001476,CUST00529,PROD00171,STORE002,2025-10-15,2,8892.11
ORD0002105,CUST00038,PROD00178,STORE004,2025-04-04,1,24825.14
ORD0005966,CUST00778,PROD00251,STORE007,2025-08-31,3,18272.98
ORD0004567,CUST00610,PROD00092,STORE014,2025-04-09,4,21395.89
ORD0009070,CUST00012,PROD00093,STORE006,2025-02-12,4,17957.53
ORD0005574,CUST00905,PROD00255,STORE014,2025-05-06,3,14422.45
ORD0005979,CUST01459,PROD00029,STORE010,2025-04-15,5,2836.14
ORD0008657,CUST00934,PROD00217,STORE009,2026-01-27,4,1920.47
ORD0003930,CUST00521,PROD00192,STORE009,2025-01-10,3,1747.3
ORD0009810,CUST01343,PROD00009,STORE003,2025-11-04,2,1799.64
ORD0006419,CUST01040,PROD00285,STORE016,2025-10-12,1,23676.91
ORD0010567,CUST01156,PROD00287,STORE007,2025-04-17,2,18188.03
ORD0004528,CUST00094,PROD00106,STORE021,2025-06-04,3,5773.22
ORD0006267,CUST01299,PROD00143,STORE021,2026-03-05,3,12288.08
ORD0009321,CUST00659,PROD00094,STORE025,2025-10-24,-1,5540.64
ORD0004970,CUST01127,PROD00241,STORE018,2025-11-20,4,16092.01
ORD0005473,CUST00588,PROD00053,STORE023,2025-02-13,5,1789.02
ORD0005306,CUST00810,PROD00297,STORE024,2025-08-04,2,6806.2
ORD0009651,CUST00587,PROD00295,STORE005,2026-01-09,2,16911.58
ORD0005857,CUST00245,PROD00070,STORE013,2026-01-22,5,2882.65
ORD0001570,CUST00309,PROD00291,STORE003,2025-08-03,2,23481.32
ORD0009921,CUST00553,PROD00095,STORE008,2025-06-22,4,24588.95
ORD0007033,CUST01142,PROD00292,STORE019,2026-01-31,1,10752.09
ORD0005001,CUST00381,PROD00029,STORE022,2025-11-29,3,9072.18
ORD0006795,CUST00874,PROD00200,STORE004,2025-08-27,1,12001.15
ORD0004418,CUST00435,PROD00245,STORE013,2025-08-24,3,11116.21
ORD0008572,CUST01080,PROD00229,STORE014,2025-10-10,5,12882.36
ORD0004589,CUST01407,PROD00282,STORE014,2026-01-23,1,1018.09
ORD0009380,CUST01161,PROD00280,STORE002,2025-01-03,1,20670.55
ORD0010723,CUST00599,PROD00229,STORE021,2025-06-06,6,5898.64
ORD0004396,CUST00188,PROD00248,STORE014,2025-11-12,1,19704.27
ORD0005293,CUST00502,PROD00156,STORE023,2026-02-24,4,23057.03
ORD0003194,CUST00990,PROD00012,STORE007,2026-02-04,4,13847.48
ORD0008969,CUST00244,PROD00072,STORE002,2025-09-25,4,596.03
ORD0009588,CUST00635,PROD00237,STORE002,2026-03-26,2,9746.35
ORD0000117,CUST00615,PROD00021,STORE008,2025-08-07,5,2830.2
ORD0005701,CUST00156,PROD00054,STORE021,2025-09-27,1,12859.54
ORD0005554,CUST00007,PROD00220,STORE022,2025-06-18,6,18038.87
ORD0006967,CUST00773,PROD00093,STORE024,2026-01-02,4,5780.53
ORD0006546,CUST00642,PROD00213,STORE001,2025-12-23,6,13412.0
ORD0006240,CUST00186,PROD00253,STORE013,2025-07-18,1,11618.43
ORD0009494,CUST01096,PROD00067,STORE015,2025-12-06,4,19676.29
ORD0010893,,PROD00246,STORE010,2025-04-14,5,2859.21
ORD0007619,CUST00864,PROD00185,STORE018,2025-04-22,2,18923.2
ORD0010526,CUST00332,PROD00050,STORE001,2025-10-09,5,5280.98
ORD0010776,CUST01500,PROD00139,STORE021,2025-09-23,1,4477.55
ORD0002353,CUST00518,PROD00298,STORE024,2026-03-12,6,3676.63
ORD0011882,CUST00266,PROD00020,STORE021,2025-05-07,4,946.69
ORD0006447,CUST01385,PROD00147,STORE006,2025-07-17,5,12597.59
ORD0010714,CUST00177,PROD00104,STORE014,2025-02-05,4,2901.29
ORD0005897,CUST01149,PROD00017,STORE006,2025-01-10,2,22366.32
ORD0001941,,PROD00069,STORE021,2025-05-05,3,8836.61
ORD0002795,CUST00034,PROD00070,STORE010,2025-01-03,4,16774.82
ORD0004504,CUST00637,PROD00084,STORE014,2025-09-23,3,24835.48
ORD0012462,CUST00046,PROD00148,STORE006,2025-08-27,2,22158.36
ORD0003253,CUST01347,PROD00034,STORE011,2025-01-05,4,24743.88
ORD0011213,CUST00392,PROD00042,STORE020,2025-03-18,3,19787.43
ORD0001162,CUST00244,PROD00043,STORE023,,4,24636.84
ORD0003914,CUST00920,PROD00012,STORE018,2025-08-29,3,3572.51
ORD0002858,CUST00575,PROD00100,STORE016,2025-11-11,6,10051.94
ORD0008847,CUST00781,PROD00176,STORE007,2025-09-12,6,9572.2
ORD0000920,CUST00448,PROD00190,STORE004,2026-04-16,1,6522.94
ORD0011775,CUST00726,PROD00245,STORE004,2025-11-15,4,2476.14
ORD0001731,CUST00751,PROD00025,STORE006,2025-11-09,2,20404.41
ORD0007749,CUST00885,PROD00089,STORE010,2025-10-15,6,24718.04
ORD0011831,CUST00067,PROD00053,STORE007,2025-10-07,5,15423.14
ORD0003944,CUST01386,PROD00102,STORE020,2025-02-24,3,1311.06
ORD0004637,CUST00904,PROD00272,STORE024,2025-04-11,3,12880.41
ORD0002034,CUST00896,PROD00139,STORE015,2025-03-02,1,12678.62
ORD0001743,CUST00482,PROD00015,STORE007,2026-02-10,3,17960.96
ORD0005224,CUST00051,PROD00072,STORE009,2026-04-21,3,247.15
ORD0000266,CUST01457,PROD00161,STORE012,2025-04-20,4,18719.74
ORD0008443,CUST00383,PROD00173,STORE001,2025-07-15,4,18018.86
ORD0007578,CUST00761,PROD00012,STORE023,2025-05-23,6,19786.75
ORD0004187,CUST01085,PROD00257,STORE006,2025-06-10,1,9949.79
ORD0012043,CUST00778,PROD00251,STORE004,2026-02-12,3,1743.21
ORD0008367,CUST00160,PROD00188,STORE022,2025-01-05,4,12123.26
ORD0007871,CUST01407,PROD00055,STORE024,2025-08-03,3,12911.67
ORD0009462,CUST00188,PROD00207,STORE013,2025-04-22,3,5815.6
ORD0007111,,PROD00111,STORE020,2025-06-15,6,4457.57
ORD0010424,CUST00583,PROD00242,STORE008,2026-04-17,1,11393.98
ORD0004946,CUST00402,PROD00097,STORE023,2025-11-10,1,18601.03
ORD0010001,CUST00766,PROD00155,STORE017,2026-01-14,4,24102.9
ORD0003147,CUST00321,PROD00051,STORE019,2025-10-18,5,6267.71
ORD0000496,CUST00969,PROD00195,STORE016,2025-10-28,2,19213.38
ORD0006164,CUST01492,PROD00050,STORE017,2025-07-26,1,2769.19
ORD0002241,CUST00291,,STORE020,2026-02-19,4,3143.57
ORD0002724,CUST00291,PROD00010,STORE004,2025-05-08,4,10696.71
ORD0009463,CUST01356,PROD00099,STORE024,2025-02-13,6,8986.52
ORD0000457,CUST00116,PROD00201,STORE013,2025-09-16,2,23678.51
ORD0000902,CUST00565,PROD00245,STORE013,2025-04-23,3,4137.39
ORD0005817,CUST00505,PROD00037,STORE013,2025-04-29,6,24602.87
ORD0004026,CUST01301,PROD00038,STORE024,2026-04-16,5,4065.15
ORD0009758,CUST00687,PROD00259,STORE011,2025-10-30,2,22209.65
ORD0009785,CUST00044,PROD00078,STORE018,2025-01-11,1,152.99
ORD0011137,CUST00298,PROD00296,STORE002,2025-05-11,4,22694.64
ORD0012276,CUST01026,PROD00108,STORE021,2025-04-11,4,5324.28
ORD0000661,CUST01462,PROD00228,STORE023,2025-03-13,1,2673.21
ORD0006574,CUST01249,PROD00153,STORE020,2025-06-10,1,3552.05
ORD0003695,CUST01306,PROD00125,STORE025,2025-11-12,6,19085.05
ORD0003256,CUST00958,PROD00020,STORE011,2025-03-10,3,20795.83
ORD0002990,CUST00985,PROD00259,STORE013,2025-11-05,2,177.25
ORD0010633,CUST01429,PROD00168,STORE005,2026-03-28,2,15367.39
ORD0007342,CUST01304,PROD00216,STORE017,2025-10-08,1,17599.73
ORD0009601,CUST00938,PROD00029,STORE009,2025-02-11,3,11474.0
ORD0003660,CUST00886,PROD00255,STORE020,2025-01-15,4,16782.34
ORD0007421,CUST00462,PROD00113,STORE011,2025-07-25,3,23758.06
ORD0006234,CUST00639,PROD00187,STORE010,2025-02-08,4,11074.07
ORD0010141,CUST01144,PROD00050,STORE013,2025-08-23,1,5939.85
ORD0002585,CUST00888,PROD00034,STORE020,2026-03-21,4,14969.96
ORD0006087,CUST00656,PROD00167,STORE017,not_a_date,4,3908.53
ORD0005622,CUST01208,PROD00019,STORE024,2026-01-31,-1,5822.49
ORD0009267,CUST01299,PROD00047,STORE016,2025-09-05,2,7489.79
ORD0009300,CUST00175,PROD00049,STORE016,2026-04-14,2,15381.55
ORD0003353,CUST01090,PROD00199,STORE013,2025-06-07,1,7811.93
ORD0002647,CUST00661,PROD00026,STORE007,2025-08-16,4,13463.49
ORD0003160,CUST00092,PROD00039,STORE008,2025-08-17,5,16676.02
ORD0003680,CUST00089,PROD00081,STORE020,2026-02-17,5,1314.85
ORD0004214,CUST01385,PROD00295,STORE019,2025-02-05,1,12901.45
ORD0003731,CUST00247,PROD00211,STORE005,2026-03-23,1,16833.07
ORD0001126,CUST01166,,STORE001,2025-05-24,6,3251.91
ORD0010643,CUST00800,PROD00036,STORE017,2025-10-23,4,11738.84
ORD0003646,CUST00610,PROD00188,STORE009,2025-09-29,1,10048.97
ORD0005018,CUST00060,PROD00238,STORE008,2025-07-12,2,7802.75
ORD0010724,CUST00627,PROD00200,STORE007,2025-05-14,6,7469.5
ORD0012386,CUST00016,PROD00019,STORE012,2025-12-18,4,21017.99
ORD0012148,CUST00101,PROD00255,STORE015,2026-04-19,6,8298.55
ORD0009285,CUST00419,PROD00075,STORE015,2025-06-03,1,1371.76
ORD0007790,CUST00494,PROD00158,STORE010,2025-03-31,4,22289.58
ORD0003346,CUST00764,PROD00069,STORE012,2025-11-04,4,8675.87
ORD0007860,CUST00214,PROD00078,STORE016,2025-10-28,2,24044.23
ORD0010800,CUST00440,PROD00207,STORE016,2026-02-23,6,21356.87
ORD0004529,CUST01229,PROD00255,STORE012,2025-12-25,6,17829.27
ORD0001371,CUST00028,PROD00140,STORE015,2025-07-29,2,24856.27
ORD0007511,CUST00112,PROD00032,STORE015,2025-12-19,2,17511.01
ORD0008295,CUST00988,PROD00037,STORE021,2025-11-12,6,16116.38
ORD0000505,CUST00342,PROD00027,STORE021,2025-05-15,2,17557.79
ORD0011548,CUST00105,PROD00069,STORE020,2025-09-18,4,22793.61
ORD0004771,CUST00089,PROD00090,STORE008,2026-04-09,2,10132.4
ORD0008273,CUST00922,PROD00273,STORE002,2025-09-04,4,6904.58
ORD0001398,CUST01235,PROD00112,STORE015,2025-02-24,6,19639.31
ORD0005234,CUST00105,PROD00072,STORE003,2025-11-25,3,1612.9
ORD0010174,CUST00808,PROD00125,STORE002,2026-03-19,4,1642.13
ORD0011628,CUST00486,PROD00135,STORE009,2025-03-28,4,18670.56
ORD0000726,CUST01432,PROD00194,STORE006,2025-06-10,4,5297.2
ORD0000961,CUST00535,PROD00082,STORE003,2025-11-04,5,20347.23
ORD0009385,CUST01340,PROD00170,STORE011,2025-11-03,1,24772.62
ORD0001936,CUST00766,PROD00046,STORE021,2025-09-16,6,7930.06
ORD0006774,CUST00520,PROD00258,STORE006,2026-03-23,6,5973.15
ORD0002768,CUST01297,PROD00085,STORE013,2026-01-20,6,7518.96
ORD0006617,CUST01440,PROD00109,STORE015,2025-11-25,5,4448.5
ORD0009230,CUST00608,PROD00276,STORE024,2025-11-02,4,9373.25
ORD0005195,CUST00710,PROD00233,STORE023,2025-02-07,5,5396.36
ORD0011560,CUST00037,PROD00186,STORE002,2025-11-03,1,24716.74
ORD0000282,CUST00938,PROD00103,STORE025,2026-04-03,5,23145.11
ORD0011854,CUST00642,PROD00240,STORE013,2026-02-20,2,7466.84
ORD0010410,CUST01248,PROD00094,STORE017,2025-09-17,1,6544.1
ORD0002550,CUST01093,PROD00039,STORE022,2025-05-28,1,8339.18
ORD0003310,CUST00973,PROD00025,STORE007,2025-03-17,4,8289.57
ORD0008528,CUST00419,PROD00154,STORE021,2025-05-30,2,7886.34
ORD0007517,CUST01070,PROD00263,STORE015,2025-07-18,5,8014.96
ORD0006986,CUST00132,PROD00051,STORE025,2025-06-17,4,12869.62
ORD0003989,CUST01406,PROD00099,STORE011,2025-11-17,6,784.68
ORD0006506,CUST00842,PROD00289,STORE022,2025-03-18,5,3042.49
ORD0002971,CUST00086,PROD00165,STORE001,2025-10-02,3,24245.72
ORD0009235,CUST00509,PROD00244,STORE008,2025-05-23,2,14213.41
ORD0008122,,PROD00288,STORE001,2025-12-11,2,14584.14
ORD0009096,CUST00795,PROD00170,STORE006,not_a_date,2,12290.59
ORD0002055,CUST01362,PROD00007,STORE003,2026-01-26,3,5205.81
ORD0004446,CUST01468,PROD00230,STORE009,2025-07-24,5,321.59
ORD0011412,CUST00640,PROD00127,STORE021,2025-06-27,4,12464.72
ORD0003495,CUST00213,PROD00115,STORE011,2026-01-10,3,16256.72
ORD0007154,CUST00284,PROD00134,STORE002,2025-06-11,3,16839.76
ORD0011855,CUST00927,PROD00286,STORE006,2025-04-09,1,abc
ORD0011174,CUST00172,PROD00024,STORE015,2025-09-24,6,23927.3
ORD0000096,CUST00186,PROD00094,STORE024,2025-10-30,1,4763.62
ORD0007100,CUST00597,PROD00134,STORE015,2025-01-28,3,4778.5
ORD0006914,CUST00970,PROD00182,STORE001,2026-03-30,3,10120.86
ORD0006349,CUST01492,PROD00018,STORE020,2026-02-21,3,11995.65
ORD0007647,CUST00618,PROD00280,STORE011,2025-03-24,1,11173.83
ORD0001753,CUST00369,PROD00080,STORE011,2025-10-27,5,1146.57
ORD0011555,CUST00500,PROD00058,STORE018,2025-06-03,1,7469.01
ORD0007785,CUST01305,PROD00031,STORE001,2025-12-30,1,1747.37
ORD0002123,CUST00959,PROD00029,STORE023,2025-08-01,2,11778.51
ORD0002688,CUST00827,PROD00062,STORE009,2025-03-26,3,818.51
ORD0010674,CUST01472,PROD00024,STORE018,2025-01-21,1,3070.93
ORD0006041,CUST00067,PROD00166,STORE024,2025-04-25,5,1818.86
ORD0002133,CUST00382,PROD00084,STORE004,2026-02-09,4,14689.24
ORD0005011,CUST00195,PROD00012,STORE023,2025-07-29,3,13866.0
ORD0004591,CUST01026,PROD00194,STORE016,2025-04-19,5,7439.57
ORD0004412,CUST00339,PROD00136,STORE008,2025-04-29,3,19397.03
ORD0001367,CUST01310,PROD00199,STORE002,2025-10-02,1,19048.25
ORD0011138,CUST00297,PROD00079,STORE021,2025-10-10,3,13927.42
ORD0002458,CUST01344,PROD00207,STORE002,2026-02-13,3,24855.75
ORD0001373,CUST00228,PROD00085,STORE002,2025-04-28,2,13289.73
ORD0012224,CUST00128,PROD00113,STORE009,2025-05-10,4,11561.66
ORD0000220,CUST00423,PROD00115,STORE005,2026-01-09,3,15274.73
ORD0002577,CUST00414,PROD00104,STORE017,2025-08-07,4,22816.91
ORD0000327,CUST01369,PROD00176,STORE025,2026-02-05,5,6682.15
ORD0005670,CUST01424,PROD00095,STORE014,2026-03-21,5,2535.17
ORD0004802,CUST01011,PROD00122,STORE023,2026-01-26,5,6088.65
ORD0005699,CUST00627,PROD00038,STORE010,2025-06-19,1,13405.53
ORD0003243,CUST00248,PROD00246,STORE022,2025-01-06,2,17709.32
ORD0008338,CUST01031,PROD00227,STORE016,2025-04-10,1,21120.03
ORD0000442,CUST01283,PROD00159,STORE007,2025-05-20,6,18455.34
ORD0010010,CUST00045,PROD00127,STORE018,2025-02-27,6,18533.43
ORD0004249,CUST00529,PROD00121,STORE014,2025-09-23,3,11058.55
ORD0008358,CUST00319,PROD00052,STORE010,2025-06-17,2,9710.95
ORD0001868,CUST00849,PROD00018,STORE001,2025-04-15,1,15830.93
ORD0003045,CUST00995,PROD00219,STORE016,2025-09-18,6,21689.33
ORD0012190,CUST00462,PROD00005,STORE022,2025-07-13,4,21719.67
ORD0011204,CUST01171,PROD00208,STORE023,2025-07-19,4,22858.8
ORD0008789,CUST01015,PROD00292,STORE013,2025-10-17,5,14350.11
ORD0005108,CUST00321,PROD00063,STORE017,2025-05-23,5,21154.95
ORD0003968,CUST00673,PROD00202,STORE002,2025-12-13,2,5399.41
ORD0003544,CUST01318,PROD00277,STORE004,2025-08-16,6,14888.83
ORD0004296,CUST00185,PROD00148,STORE006,2025-11-23,6,17684.51
ORD0008423,CUST01401,PROD00066,STORE024,2026-03-14,5,7946.17
ORD0011611,CUST00115,PROD00182,STORE006,2026-01-10,2,17117.41
ORD0010753,CUST00955,PROD00204,STORE023,2025-10-30,1,17447.06
ORD0011087,CUST01385,PROD00123,STORE001,2025-02-11,3,13981.71
ORD0008109,CUST00663,PROD00255,STORE016,2025-03-02,6,261.22
ORD0008993,CUST00163,PROD00212,STORE023,2025-08-16,2,9812.98
ORD0010278,CUST00584,PROD00225,STORE021,2025-06-11,3,10009.97
ORD0010191,CUST00918,PROD00179,STORE019,2025-06-02,3,20311.77
ORD0009743,CUST01300,PROD00183,STORE010,2026-01-03,3,780.66
ORD0001495,CUST00479,PROD00162,STORE009,2025-12-16,6,23521.34
ORD0005354,CUST01157,PROD00014,STORE004,2025-05-01,6,13746.52
ORD0005454,CUST01490,PROD00080,STORE011,2025-06-19,1,4386.01
ORD0006479,CUST00321,PROD00040,STORE018,2026-04-16,5,21343.08
ORD0011165,CUST00514,PROD00111,STORE007,2025-10-18,3,23337.1
ORD0001191,CUST00875,PROD00168,STORE022,2025-06-05,5,2022.77
ORD0002071,CUST00355,PROD00113,STORE002,2025-01-13,3,10747.79
ORD0009567,CUST01005,PROD00234,STORE009,2025-05-04,1,10920.61
ORD0001563,CUST00902,PROD00234,STORE015,2025-10-27,3,10037.41
ORD0001183,CUST01170,PROD00017,STORE011,2025-09-19,2,15522.5
ORD0006316,CUST01135,PROD00096,STORE005,2025-09-22,4,16290.13
ORD0009369,CUST00368,PROD00104,STORE009,2026-01-21,1,23947.98
ORD0005566,CUST00703,PROD00065,STORE023,,4,23828.43
ORD0003264,CUST00192,PROD00292,STORE009,2025-11-17,1,20893.89
ORD0004185,CUST01413,PROD00161,STORE005,2026-04-05,6,21353.02
ORD0007191,CUST00402,PROD00204,STORE016,2025-11-29,2,15319.04
ORD0010727,CUST00763,PROD00066,STORE006,2026-03-19,6,1989.36
ORD0006577,CUST00717,PROD00100,STORE003,2026-01-14,6,7759.9
ORD0011487,CUST00527,PROD00142,STORE023,2025-03-25,5,20700.68
ORD0008867,CUST00986,PROD00222,STORE016,2025-09-03,6,7748.58
ORD0002366,CUST01142,PROD00017,STORE017,2025-05-03,2,21040.7
ORD0006467,,PROD00187,STORE015,2025-05-30,5,23090.59
ORD0001669,CUST01326,PROD00233,STORE013,2025-09-25,1,14224.91
ORD0003688,CUST00174,PROD00138,STORE021,2025-12-14,1,22822.41
ORD0001197,CUST01170,PROD00171,STORE009,2026-02-01,3,14503.58
ORD0005948,CUST00868,PROD00179,STORE023,2025-06-02,6,3343.44
ORD0001021,CUST00874,PROD00010,STORE002,2025-01-29,2,21889.5
ORD0011730,CUST01486,PROD00139,STORE013,2025-01-10,4,1284.65
ORD0009532,CUST00885,PROD00133,STORE013,2025-08-27,4,14599.93
ORD0005847,CUST00685,PROD00272,STORE021,2025-11-16,1,16775.59
ORD0002328,CUST00850,PROD00105,STORE010,2025-12-23,6,20358.18
ORD0010458,CUST00720,PROD00022,STORE001,2025-12-14,4,16051.71
ORD0006112,CUST01187,PROD00258,STORE015,2026-02-27,2,1976.88
ORD0008182,CUST01339,PROD00115,STORE021,2025-09-10,1,6078.18
ORD0011443,CUST01494,PROD00132,STORE013,2025-05-24,1,13812.11
ORD0010379,CUST00361,PROD00276,STORE022,2026-01-30,4,16064.77
ORD0010700,CUST00545,PROD00072,STORE012,2026-01-17,2,12367.67
ORD0012191,CUST00921,PROD00155,STORE011,2026-01-05,2,11717.72
ORD0011118,CUST00862,PROD00241,STORE023,2025-09-19,6,15568.47
ORD0008996,CUST01169,PROD00154,STORE022,2025-11-15,2,17270.08
ORD0005424,CUST00274,PROD00058,STORE006,2026-03-31,1,13921.48
ORD0011411,CUST00457,PROD00300,STORE006,2026-03-26,1,20361.01
ORD0010529,,PROD00035,STORE011,2025-12-13,2,24733.5
ORD0007804,CUST00263,PROD00283,STORE010,2025-09-26,2,6722.55
ORD0000949,,PROD00038,STORE008,2025-06-23,5,13874.09
ORD0010713,CUST00589,PROD00243,STORE018,2025-12-10,6,14148.57
ORD0004681,CUST00676,PROD00154,STORE015,2025-09-10,4,15745.5
ORD0000907,CUST01162,PROD00055,STORE008,2025-05-06,3,6414.65
ORD0000416,CUST00903,PROD00091,STORE017,2025-08-16,2,20386.88
ORD0008454,CUST01130,PROD00063,STORE019,2025-10-25,2,17816.47
ORD0003426,CUST00735,PROD00048,STORE024,2025-11-24,4,11934.67
ORD0004759,CUST00310,PROD00065,STORE020,2025-06-28,1,13289.31
ORD0005644,CUST00977,PROD00133,STORE023,2026-01-17,3,2504.41
ORD0010100,CUST00767,PROD00098,STORE018,2025-09-11,6,7533.16
ORD0005955,CUST00661,PROD00025,STORE007,2025-06-03,6,1879.53
ORD0007201,CUST01127,PROD00194,STORE001,2026-03-15,3,3836.93
ORD0005475,CUST01388,PROD00119,STORE002,2025-05-30,5,20407.77
ORD0008448,CUST01017,PROD00139,STORE004,2025-02-02,6,17772.09
ORD0008995,CUST00652,PROD00095,STORE020,2025-12-15,4,17939.03
ORD0001631,CUST00722,PROD00110,STORE008,2025-11-24,2,4349.05
ORD0009271,CUST00618,PROD00045,STORE012,2025-04-10,6,10354.98
ORD0002082,CUST01282,PROD00105,STORE024,2025-03-18,3,12371.68
ORD0000672,CUST00023,PROD00191,STORE002,2025-02-27,5,19733.96
ORD0007486,CUST00682,PROD00067,STORE022,2026-02-15,6,9319.22
ORD0007212,CUST00931,PROD00187,STORE015,2025-04-26,5,679.01
ORD0004208,CUST00309,PROD00014,STORE025,2026-03-29,2,15538.26
ORD0004271,CUST01335,PROD00228,STORE024,2025-09-29,2,9855.88
ORD0009563,CUST00827,PROD00121,STORE008,2025-12-21,1,19550.33
ORD0005329,CUST00580,PROD00291,STORE021,2025-04-15,1,4591.22
ORD0009110,CUST01027,PROD00257,STORE020,2025-11-12,5,5006.91
ORD0008392,CUST00689,PROD00069,STORE017,2026-02-26,5,12185.41
ORD0002390,CUST00930,PROD00292,STORE019,2026-04-02,4,4546.48
ORD0011090,CUST00131,PROD00018,STORE014,2025-12-26,6,22798.12
ORD0007392,CUST00689,PROD00189,STORE018,2025-06-14,4,10672.96
ORD0007592,CUST01182,PROD00238,STORE012,2025-10-01,4,17651.71
ORD0007835,CUST01014,PROD00061,STORE011,2026-04-18,6,9318.37
ORD0004992,CUST00639,PROD00021,STORE008,2025-02-24,6,15896.99
ORD0012203,CUST01033,PROD00147,STORE011,2026-01-23,2,13091.23
ORD0004565,CUST00183,PROD00249,STORE009,2025-06-27,5,1963.4
ORD0007450,CUST01064,PROD00141,STORE014,2025-07-12,6,12281.58
ORD0010396,CUST00820,PROD00191,STORE025,2025-02-06,2,16889.16
ORD0008198,CUST01216,PROD00132,STORE012,2026-01-05,3,16764.75
ORD0011743,CUST00277,PROD00276,STORE008,2025-03-05,5,4335.31
ORD0002673,CUST00983,PROD00198,STORE023,2025-05-11,1,17675.05
ORD0010584,CUST01108,PROD00251,STORE006,2025-10-18,1,16322.45
ORD0004997,CUST00375,PROD00230,STORE003,2025-05-09,6,14153.99
ORD0008807,CUST00678,PROD00281,STORE013,2025-04-07,5,11366.42
ORD0010024,CUST00095,PROD00048,STORE006,2026-01-31,2,5141.97
ORD0000862,CUST01307,PROD00163,STORE008,2025-08-06,3,13496.48
ORD0004788,CUST01477,PROD00018,STORE010,2025-12-01,1,21426.42
ORD0002009,CUST00230,PROD00254,STORE004,2026-02-18,5,4304.52
ORD0011772,CUST00402,PROD00040,STORE004,2025-02-28,4,8347.99
ORD0006505,CUST01265,PROD00228,STORE002,2025-02-02,3,3703.04
ORD0007876,CUST01492,PROD00178,STORE002,2025-07-18,4,22355.61
ORD0011654,CUST00169,PROD00128,STORE025,2026-01-22,4,24260.46
ORD0003252,CUST00719,PROD00047,STORE004,2025-08-07,6,18435.59
ORD0010324,CUST00280,PROD00181,STORE008,2025-12-28,5,7793.36
ORD0010559,CUST01011,PROD00025,STORE021,2025-06-24,3,22610.37
ORD0011419,CUST01062,PROD00086,STORE012,2025-05-25,6,11356.32
ORD0006468,CUST01271,PROD00203,STORE008,2025-02-10,3,8048.58
ORD0003848,CUST00161,PROD00124,STORE009,2025-03-05,5,5138.84
ORD0006466,CUST00511,PROD00128,STORE015,2025-04-03,1,24711.21
ORD0005963,CUST01025,PROD00126,STORE024,2025-06-28,1,5567.89
ORD0008002,CUST00909,PROD00283,STORE021,2025-12-20,4,7941.01
ORD0006907,CUST00759,PROD00185,STORE017,2026-01-03,6,16936.65
ORD0004304,CUST01069,PROD00143,STORE003,2025-09-07,6,23409.82
ORD0010199,CUST01490,PROD00285,STORE019,2025-09-09,1,11926.14
ORD0001394,,PROD00243,STORE017,2025-02-04,3,12927.59
ORD0001590,CUST00072,PROD00124,STORE003,2025-07-07,1,17704.18
ORD0000633,CUST00686,PROD00251,STORE004,2026-02-13,3,18336.59
ORD0002083,CUST00532,PROD00121,STORE012,2025-02-12,5,24033.4
ORD0006756,CUST00201,PROD00193,STORE011,2026-04-05,2,21266.64
ORD0010797,CUST00902,PROD00244,STORE002,2025-03-28,1,8002.73
ORD0002016,CUST00914,PROD00243,STORE006,2025-04-17,4,15483.05
ORD0002108,CUST00243,PROD00206,STORE002,2025-09-28,3,15340.82
ORD0010818,CUST01442,,STORE018,2025-07-29,1,2665.56
ORD0008336,CUST00284,PROD00215,STORE007,2025-04-02,2,24126.6
ORD0002171,CUST01337,PROD00194,STORE022,2025-02-04,2,3723.85
ORD0006052,CUST00934,PROD00113,STORE019,00/00/0000,6,20351.92
ORD0001897,CUST01236,PROD00105,STORE002,2025-09-19,3,5899.5
ORD0010053,CUST00974,PROD00256,STORE002,2025-03-08,2,5496.34
ORD0012477,CUST00955,PROD00245,STORE012,2025-06-28,3,11368.22
ORD0002495,CUST01301,PROD00047,STORE014,2025-06-11,4,20252.74
ORD0003378,CUST01483,PROD00206,STORE003,2025-06-20,2,6349.05
ORD0006300,CUST00746,PROD00184,STORE023,2025-09-09,6,17144.28
ORD0008835,CUST01089,PROD00200,STORE002,2025-05-01,3,22468.3
ORD0006000,CUST00295,PROD00279,STORE015,2025-02-23,5,15369.79
ORD0000640,CUST00392,PROD00013,STORE001,2025-04-17,1,7500.23
ORD0004609,CUST00563,PROD00045,STORE012,2025-07-17,1,18084.51
ORD0008228,CUST00246,PROD00255,STORE023,2025-03-11,5,5993.43
ORD0009530,CUST00186,PROD00112,STORE012,2025-01-27,3,22928.01
ORD0001967,CUST00433,PROD00012,STORE019,2025-01-23,4,14442.05
ORD0009738,CUST00655,PROD00042,STORE014,2025-07-25,2,13655.32
ORD0001020,CUST00095,PROD00266,STORE023,2025-03-07,1,3045.34
ORD0006590,CUST01024,PROD00079,STORE013,2025-08-26,1,18494.82
ORD0001756,CUST00995,PROD00128,STORE021,2026-01-29,2,11366.53
ORD0003511,CUST01247,PROD00199,STORE004,2025-06-28,1,2084.15
ORD0007676,CUST00532,PROD00275,STORE025,2025-08-06,1,7643.35
ORD0008538,CUST00860,,STORE003,2025-03-29,5,10000.41
ORD0006292,CUST01018,PROD00254,STORE007,2025-11-30,2,5158.52
ORD0005697,CUST00201,PROD00199,STORE014,2025-08-09,2,19249.8
ORD0010445,CUST00705,PROD00059,STORE003,2025-04-22,4,8004.24
ORD0000221,CUST00245,PROD00101,STORE012,2026-04-13,4,11564.14
ORD0000891,CUST00227,PROD00008,STORE014,2025-08-17,1,8632.72
ORD0011348,CUST01420,PROD00241,STORE021,2025-01-15,1,10504.35
ORD0001847,CUST00397,PROD00259,STORE010,2025-05-05,1,10362.19
ORD0011748,CUST00343,PROD00115,STORE022,2026-01-08,4,9703.53
ORD0007339,CUST01020,PROD00147,STORE007,2025-06-14,6,16659.97
ORD0000118,CUST00552,PROD00296,STORE013,2025-09-20,5,859.6
ORD0001090,CUST00331,PROD00048,STORE016,2025-04-04,5,13475.66
ORD0010330,CUST00230,PROD00046,STORE024,2025-05-20,3,7631.9
ORD0011930,CUST01474,PROD00262,STORE006,2026-04-04,5,8539.47
ORD0003643,CUST00085,PROD00092,STORE017,2025-12-17,4,7908.65
ORD0006528,CUST01090,PROD00111,STORE014,2026-03-17,1,18613.26
ORD0005020,CUST00989,PROD00132,STORE020,2025-04-20,6,1637.07
ORD0009123,CUST00390,PROD00096,STORE023,2026-03-06,4,8846.82
ORD0000508,CUST00268,PROD00006,STORE024,2025-07-14,5,627.42
ORD0004189,CUST00614,PROD00192,STORE016,2025-06-13,3,17806.73
ORD0008418,CUST00001,PROD00073,STORE018,2025-12-05,4,16574.29
ORD0009508,CUST01044,PROD00061,STORE012,2025-05-16,1,17164.47
ORD0003822,CUST00681,PROD00152,STORE014,2025-04-26,1,4268.73
ORD0009132,CUST00708,PROD00212,STORE005,2026-02-08,2,14591.6
ORD0008830,CUST01246,PROD00240,STORE019,2025-08-11,6,unknown
ORD0011844,CUST00885,PROD00265,STORE001,2025-07-20,2,20674.44
ORD0012107,,PROD00053,STORE010,2025-12-03,4,15381.78
ORD0005915,CUST00742,PROD00229,STORE022,2025-02-24,3,1340.35
ORD0011731,CUST00866,PROD00055,STORE025,2025-10-04,4,15108.54
ORD0005415,CUST00862,PROD00200,STORE004,2026-02-19,6,808.15
ORD0009080,CUST01019,PROD00106,STORE005,2025-08-21,5,24515.33
ORD0003611,CUST00907,PROD00226,STORE015,2025-08-28,4,14964.16
ORD0009046,CUST00376,PROD00267,STORE016,2025-02-14,2,8257.0
ORD0000467,CUST00791,PROD00145,STORE022,2026-04-12,5,9761.16
ORD0012308,CUST01360,PROD00063,STORE023,2026-02-05,2,4842.08
ORD0000812,CUST00306,PROD00038,STORE010,2025-10-24,3,17239.99
ORD0006403,CUST01017,PROD00008,STORE017,2026-03-15,3,10598.44
ORD0002872,CUST00287,PROD00223,STORE013,2025-12-20,2,22634.8
ORD0010279,CUST00997,PROD00113,STORE006,2025-12-29,6,8020.05
ORD0007467,CUST00613,PROD00039,STORE006,2025-03-24,3,8559.09
ORD0008227,CUST00251,PROD00052,STORE020,2025-10-15,5,6866.18
ORD0005080,CUST00437,PROD00107,STORE013,2025-09-01,6,22868.52
ORD0005064,CUST00519,PROD00182,STORE024,2025-01-23,2,15135.85
ORD0007284,CUST00587,PROD00277,STORE006,2026-02-05,6,22945.15
ORD0009968,CUST01090,PROD00045,STORE004,2025-05-09,4,15485.93
ORD0004320,CUST01370,PROD00272,STORE005,2025-01-01,1,19248.12
ORD0003089,CUST00614,PROD00266,STORE011,2026-03-17,2,3983.3
ORD0006695,CUST01344,PROD00138,STORE011,2025-08-30,5,660.66
ORD0009690,CUST00066,PROD00247,STORE023,2026-03-26,4,13579.63
ORD0009653,CUST01093,PROD00246,STORE004,2026-02-09,3,17715.42
ORD0002102,CUST00691,PROD00148,STORE017,2026-01-06,5,20186.35
ORD0003467,CUST00838,PROD00228,STORE024,2025-03-20,6,23148.35
ORD0011009,CUST01334,PROD00032,STORE024,2025-04-30,2,20255.49
ORD0005908,CUST00163,PROD00032,STORE010,2025-09-18,1,13849.91
ORD0000784,CUST01468,PROD00267,STORE022,2026-02-03,3,20183.8
ORD0010076,CUST00679,PROD00065,STORE013,2026-03-23,2,4152.44
ORD0003564,CUST00997,PROD00008,STORE008,2026-02-21,3,3397.61
ORD0010337,CUST01011,PROD00089,STORE002,2025-11-22,3,1137.15
ORD0006233,CUST00539,PROD00060,STORE006,2025-09-14,3,17587.71
ORD0002081,CUST00682,PROD00122,STORE001,2026-01-16,3,12555.63
ORD0007817,CUST00260,PROD00219,STORE002,2025-08-27,6,7748.53
ORD0005799,CUST01222,PROD00246,STORE023,2025-07-28,2,20339.33
ORD0002900,CUST00234,PROD00201,STORE016,2026-04-20,6,13745.3
ORD0007901,CUST00751,PROD00167,STORE021,2025-10-27,3,3375.45
ORD0006587,CUST00315,PROD00254,STORE001,2026-02-03,3,293.33
ORD0010921,CUST00225,PROD00071,STORE019,2025-12-24,3,11835.89
ORD0000890,CUST00567,PROD00058,STORE019,2026-01-03,1,16348.55
ORD0007477,CUST00708,PROD00031,STORE017,2025-06-26,6,24783.79
ORD0007310,CUST01073,PROD00246,STORE021,2025-12-02,2,19681.52
ORD0000500,CUST01388,PROD00202,STORE005,2026-02-09,1,unknown
ORD0005199,CUST01112,PROD00295,STORE012,2025-10-03,6,22147.86
ORD0002648,CUST00234,PROD00167,STORE021,2026-02-02,4,20505.52
ORD0008202,CUST00221,PROD00230,STORE012,2025-05-12,4,5888.67
ORD0000546,CUST01126,PROD00143,STORE008,2026-01-06,2,12240.39
ORD0001881,CUST00168,PROD00071,STORE010,2025-04-22,3,18257.06
ORD0001892,CUST00744,PROD00158,STORE020,2025-08-21,1,6569.41
ORD0003862,CUST00228,PROD00029,STORE003,2025-08-01,3,10689.69
ORD0012292,CUST01228,PROD00034,STORE014,2025-01-18,6,3752.95
ORD0007905,CUST00104,PROD00077,STORE020,2025-11-29,4,16600.6
ORD0003953,CUST01222,PROD00093,STORE002,2025-06-30,3,18450.84
ORD0000771,CUST00105,PROD00265,STORE019,2026-01-24,1,22105.8
ORD0011290,CUST01317,PROD00186,STORE013,2025-09-26,3,8549.84
ORD0011291,CUST00020,PROD00097,STORE009,2025-10-03,3,1437.2
ORD0010760,CUST00881,PROD00221,STORE016,2025-03-02,5,13443.81
ORD0010734,CUST00587,PROD00186,STORE015,2025-08-29,1,5344.48
ORD0009222,CUST00244,PROD00095,STORE023,2025-01-08,6,15282.95
ORD0004710,CUST00355,PROD00023,STORE006,2025-01-17,4,7233.13
ORD0004599,CUST01308,PROD00067,STORE009,2025-05-04,1,19400.12
ORD0008937,CUST01468,PROD00131,STORE016,2025-11-18,2,24785.66
ORD0004606,CUST01189,PROD00097,STORE006,2025-05-07,6,15237.99
ORD0001543,CUST01128,PROD00042,STORE024,2025-10-19,5,22036.01
ORD0008172,CUST00853,PROD00123,STORE008,2026-01-24,6,12820.78
ORD0011871,CUST00288,PROD00017,STORE022,2025-02-02,6,10632.78
ORD0001548,CUST00317,PROD00261,STORE019,2026-02-16,4,22495.48
ORD0004323,CUST01066,,STORE017,2026-01-11,6,12876.08
ORD0005902,CUST00438,PROD00143,STORE004,2025-05-07,6,7154.58
ORD0000088,CUST00398,PROD00009,STORE011,2025-06-12,6,21228.52
ORD0012227,CUST01092,PROD00107,STORE005,2025-02-11,6,20926.62
ORD0009411,CUST00545,PROD00160,STORE005,2025-08-11,3,9817.46
ORD0009287,CUST00574,PROD00121,STORE017,2025-12-31,3,18945.16
ORD0006940,CUST01252,PROD00208,STORE020,2025-01-14,6,22609.56
ORD0008903,CUST00021,PROD00003,STORE017,2025-11-28,3,6054.76
ORD0009469,,PROD00060,STORE024,2026-01-24,1,12541.78
ORD0009586,CUST01319,PROD00186,STORE015,2025-07-29,3,18346.51
ORD0006297,CUST01265,PROD00148,STORE005,2026-03-17,3,1402.8
ORD0010770,CUST01426,PROD00195,STORE019,,3,7367.03
ORD0006631,CUST00703,PROD00065,STORE011,2025-06-03,3,16650.12
ORD0008523,CUST00743,PROD00126,STORE003,2026-04-13,2,21773.05
ORD0004315,CUST01137,PROD00016,STORE018,2025-07-27,2,18910.55
ORD0010589,CUST00880,PROD00036,STORE019,2025-05-05,1,22123.85
ORD0005237,CUST01106,PROD00170,STORE017,2026-02-20,2,22307.22
ORD0002574,CUST00147,PROD00213,STORE013,2025-02-24,3,6495.55
ORD0007457,CUST00864,PROD00036,STORE016,2026-02-04,6,abc
ORD0008036,CUST01350,PROD00227,STORE019,2025-02-09,5,12289.27
ORD0006452,CUST00325,PROD00184,STORE002,2025-03-22,3,8909.63
ORD0005105,CUST01427,PROD00014,STORE017,2026-01-02,2,10387.58
ORD0006718,CUST00467,PROD00037,STORE022,2026-02-23,2,16082.49
ORD0009915,CUST00394,PROD00146,STORE009,2025-03-04,3,8869.36
ORD0009215,CUST01144,PROD00040,STORE019,2025-09-09,2,11731.86
ORD0007258,CUST01070,PROD00111,STORE009,2025-10-18,2,6961.67
ORD0010686,CUST00998,PROD00092,STORE012,2025-02-16,6,13003.49
ORD0009384,CUST01345,PROD00257,STORE004,2025-09-14,6,14544.98
ORD0011978,CUST01065,PROD00014,STORE015,2025-02-13,4,21714.21
ORD0000391,CUST00643,PROD00054,STORE020,2026-01-03,2,18044.64
ORD0000851,CUST01070,PROD00274,STORE007,2026-01-23,4,24779.17
ORD0007299,CUST00005,PROD00099,STORE001,2025-03-23,5,14938.27
ORD0008112,CUST00204,PROD00192,STORE019,2025-11-12,6,280.35
ORD0010779,CUST00106,PROD00141,STORE001,2025-12-24,5,9993.78
ORD0000600,CUST01327,PROD00118,STORE019,2025-01-13,3,5537.63
ORD0008567,CUST00101,PROD00074,STORE009,,3,13211.61
ORD0004427,CUST00643,PROD00162,STORE024,2025-01-14,1,19195.54
ORD0009503,CUST01228,PROD00045,STORE025,2025-10-26,6,19611.63
ORD0011428,CUST01209,PROD00283,STORE012,2026-01-26,4,11368.18
ORD0002137,CUST00504,PROD00296,STORE012,2026-03-26,6,18751.91
ORD0001257,CUST00027,PROD00265,STORE004,2025-08-18,6,16804.33
ORD0000794,CUST01008,PROD00203,STORE019,2026-03-11,2,10222.14
ORD0001704,CUST01482,PROD00112,STORE019,2026-13-40,6,20466.67
ORD0010577,CUST00737,PROD00112,STORE020,2025-01-10,2,13095.68
ORD0007371,CUST01236,PROD00172,STORE021,2025-09-25,1,21340.84
ORD0010635,CUST00882,PROD00085,STORE019,2025-03-29,6,20287.19
ORD0011210,CUST01024,PROD00296,STORE017,2025-12-25,2,23672.08
ORD0011881,CUST00317,PROD00003,STORE007,2025-01-29,4,24432.93
ORD0011534,CUST00605,PROD00058,STORE007,2025-11-14,4,24666.04
ORD0007549,CUST01040,PROD00035,STORE001,2025-12-20,4,225.66
ORD0011000,CUST00672,PROD00090,STORE016,2026-03-11,2,13489.29
ORD0000063,CUST00159,PROD00079,STORE004,2025-04-02,6,5528.57
ORD0007957,CUST00981,PROD00034,STORE022,2025-04-19,1,12874.1
ORD0000121,CUST00186,PROD00159,STORE025,2025-08-23,2,20067.02
ORD0000653,CUST00263,PROD00015,STORE017,2025-04-03,4,1867.13
ORD0003903,CUST00934,PROD00007,STORE007,2025-03-17,6,13263.5
ORD0003238,CUST01290,PROD00143,STORE024,2026-01-19,1,14125.72
ORD0003282,CUST00435,PROD00141,STORE010,2025-11-27,6,18283.69
ORD0000639,CUST00496,PROD00208,STORE010,2025-02-19,-1,13617.88
ORD0004061,CUST00966,PROD00147,STORE002,2025-08-06,3,5768.31
ORD0001025,CUST00698,PROD00183,STORE002,2025-04-04,4,12800.53
ORD0009233,CUST01284,PROD00260,STORE001,2025-06-12,1,22575.87
ORD0004270,CUST00771,PROD00242,STORE009,2025-02-20,6,3273.84
ORD0005836,CUST01364,PROD00188,STORE016,2025-03-22,1,9199.63
ORD0010156,CUST00546,PROD00297,STORE002,2025-12-03,5,14394.3
ORD0000693,CUST01289,PROD00138,STORE009,2025-04-27,3,14921.68
ORD0003461,CUST00709,PROD00168,STORE009,2025-01-09,3,10508.2
ORD0009490,CUST00636,PROD00155,STORE011,2025-04-01,1,17536.25
ORD0007273,CUST00517,PROD00134,STORE015,2025-04-04,4,8625.74
ORD0009561,CUST00935,PROD00299,STORE002,2025-10-11,6,1717.19
ORD0008090,CUST00673,PROD00028,STORE005,2026-01-19,3,19467.71
ORD0009111,CUST00345,PROD00106,STORE001,2025-05-17,4,13654.89
ORD0001119,CUST01014,PROD00273,STORE016,2026-03-15,4,13618.12
ORD0011632,CUST01261,PROD00156,STORE003,2026-04-07,3,22912.38
ORD0010080,CUST00031,PROD00015,STORE005,2025-06-12,2,20660.49
ORD0007058,CUST00618,PROD00267,STORE013,2025-10-12,2,15919.85
ORD0008504,CUST00138,PROD00028,STORE013,2025-04-01,5,17755.58
ORD0002214,CUST01119,PROD00223,STORE010,2025-09-11,1,10554.59
ORD0007955,CUST01478,PROD00003,STORE024,2025-06-15,3,20724.33
ORD0004397,CUST01374,PROD00012,STORE020,2026-04-16,2,12466.87
ORD0001262,CUST00740,PROD00272,STORE009,2026-02-15,4,7610.88
ORD0003566,CUST00253,PROD00283,STORE003,2025-10-14,6,21604.9
ORD0010211,CUST00272,PROD00292,STORE013,2025-07-16,5,24767.33
ORD0010707,CUST00947,PROD00193,STORE001,2026-03-27,4,24043.57
ORD0000493,CUST01091,,STORE006,2025-08-29,5,13875.18
ORD0000817,CUST00517,PROD00200,STORE006,2025-07-23,4,11668.07
ORD0004388,CUST00381,PROD00088,STORE024,2025-09-16,2,7234.26
ORD0002194,CUST00847,PROD00292,STORE018,2026-04-01,1,2527.04
ORD0003029,CUST01133,PROD00228,STORE017,2026-02-19,1,18218.89
ORD0004557,CUST00195,PROD00043,STORE023,2025-10-24,4,18206.29
ORD0006821,CUST01180,PROD00222,STORE011,2025-01-04,4,4269.65
ORD0006017,CUST01029,PROD00059,STORE020,2025-04-03,1,8721.46
ORD0006314,CUST00724,PROD00288,STORE015,2025-11-13,5,5246.78
ORD0009806,CUST00788,PROD00271,STORE022,2026-04-16,5,14058.8
ORD0004781,CUST00385,PROD00295,STORE008,2025-01-09,6,22988.23
ORD0001352,CUST01398,PROD00141,STORE024,2025-08-09,5,15392.75
ORD0001202,CUST00231,PROD00110,STORE016,2025-06-17,6,22400.26
ORD0009636,CUST00506,PROD00274,STORE024,2025-05-30,6,14864.14
ORD0001214,CUST00192,PROD00012,STORE025,2025-03-27,2,16126.35
ORD0007838,CUST01044,PROD00276,STORE024,2026-01-15,3,17824.83
ORD0008570,CUST00980,PROD00126,STORE022,2026-02-12,6,5712.47
ORD0007120,CUST00751,PROD00142,STORE019,2026-02-03,4,11394.83
ORD0000914,CUST01280,PROD00101,STORE008,2025-06-22,3,1288.22
ORD0010558,CUST00796,PROD00148,STORE020,2025-01-10,1,17875.44
ORD0003874,CUST00168,PROD00270,STORE024,2025-03-04,4,20575.39
ORD0007137,CUST00849,PROD00090,STORE019,2025-01-28,6,19317.55
ORD0005859,CUST00038,PROD00166,STORE017,2025-11-08,5,20189.75
ORD0011591,CUST01150,PROD00032,STORE003,2025-02-14,6,3673.02
ORD0011692,CUST01462,PROD00274,STORE014,2025-04-12,2,6637.56
ORD0002074,CUST00360,PROD00103,STORE005,2026-04-19,5,18414.95
ORD0008786,CUST00880,PROD00146,STORE001,2025-01-08,6,14644.49
ORD0008081,CUST01418,PROD00154,STORE019,2025-11-12,4,9871.57
ORD0001518,CUST00768,PROD00116,STORE001,2025-08-23,1,9906.87
ORD0006855,CUST00851,PROD00091,STORE011,2025-10-25,6,1008.87
ORD0005387,CUST00639,PROD00002,STORE013,2026-03-13,6,4077.23
ORD0007209,CUST01092,PROD00024,STORE024,2025-08-22,1,16434.26
ORD0008302,CUST00639,PROD00209,STORE009,2025-09-04,1,15601.19
ORD0011159,CUST01475,PROD00034,STORE018,2025-06-15,1,12469.23
ORD0010745,CUST00899,PROD00075,STORE018,2025-02-09,4,6376.24
ORD0005940,CUST00365,PROD00259,STORE014,2025-01-30,6,10492.99
ORD0009543,CUST00833,PROD00199,STORE017,,5,13281.27
ORD0010608,CUST01318,PROD00198,STORE009,2025-11-09,3,12724.02
ORD0011254,CUST00506,PROD00166,STORE004,2025-11-28,6,16366.71
ORD0011804,CUST01082,PROD00259,STORE025,2025-12-04,5,7755.25
ORD0000915,CUST00731,PROD00242,STORE025,2025-09-10,2,13382.28
ORD0011917,CUST00865,PROD00070,STORE017,2025-03-31,6,15797.21
ORD0009657,CUST00310,PROD00293,STORE012,2026-02-01,6,866.63
ORD0000755,CUST00075,PROD00106,STORE003,2026-03-08,5,24868.66
ORD0009182,CUST00795,PROD00085,STORE021,2025-06-10,6,$12090.33
ORD0001610,CUST00250,PROD00254,STORE017,2025-03-14,3,23005.85
ORD0003234,CUST00516,PROD00163,STORE008,2025-04-22,1,7951.69
ORD0006596,CUST00104,PROD00239,STORE012,2026-04-18,1,13162.41
ORD0001058,CUST00247,PROD00129,STORE007,2025-03-18,3,10056.96
ORD0001682,CUST00003,PROD00072,STORE014,2025-06-06,5,11687.04
ORD0005952,CUST00671,PROD00119,STORE014,2025-08-18,4,9422.49
ORD0008665,CUST00371,PROD00264,STORE015,2026-02-16,,15881.89
ORD0007050,CUST01281,PROD00081,STORE014,2025-10-09,5,22314.57
ORD0000290,CUST00422,PROD00195,STORE019,2025-03-31,1,2457.37
ORD0002376,CUST01443,PROD00031,STORE008,2026-01-25,5,9511.55
ORD0004613,CUST00414,PROD00150,STORE013,2025-08-07,4,7136.15
ORD0006964,CUST00889,PROD00242,STORE007,2025-05-06,5,16141.38
ORD0012466,CUST00289,PROD00028,STORE001,2026-01-15,5,8033.24
ORD0006387,CUST00665,PROD00295,STORE003,2026-04-14,6,21501.02
ORD0008910,CUST01332,PROD00004,STORE005,2025-11-29,6,13074.07
ORD0007089,CUST00864,PROD00242,STORE011,2025-10-26,3,19519.68
ORD0006997,CUST00537,PROD00289,STORE007,2025-02-13,6,2478.17
ORD0011474,CUST00768,PROD00157,STORE002,2026-02-01,5,19885.45
ORD0001575,CUST00621,PROD00298,STORE010,2025-01-19,3,7617.5
ORD0009649,CUST00255,PROD00205,STORE016,2026-04-04,6,12367.85
ORD0010224,CUST01149,PROD00014,STORE005,2025-04-02,2,22659.14
ORD0006104,CUST00716,PROD00034,STORE025,2025-12-08,3,21798.77
ORD0007849,CUST01321,PROD00113,STORE010,2025-10-29,4,11671.72
ORD0009363,CUST01500,PROD00291,STORE023,2026-04-18,3,16878.0
ORD0002270,CUST01439,PROD00214,STORE013,2025-08-16,2,20812.16
ORD0000460,CUST01233,PROD00271,STORE010,2025-10-08,5,4153.29
ORD0005307,CUST01200,PROD00035,STORE005,2026-04-16,6,20839.58
ORD0002609,CUST00185,PROD00240,STORE018,2026-02-03,5,3867.1
ORD0004993,CUST00713,PROD00249,STORE011,2025-04-09,5,8386.57
ORD0000160,CUST00500,PROD00026,STORE012,2026-01-25,,11902.02
ORD0005717,CUST00250,PROD00256,STORE025,2025-10-22,1,6479.9
ORD0005778,CUST00144,PROD00061,STORE002,2025-06-19,3,13520.01
ORD0000601,CUST00635,PROD00007,STORE007,2025-04-16,2,21529.9
ORD0005691,CUST00034,PROD00284,STORE010,2025-08-29,4,1190.73
ORD0002389,CUST01155,PROD00066,STORE001,2025-02-07,4,10511.28
ORD0001113,CUST00136,PROD00044,STORE010,2025-10-07,3,11378.81
ORD0002112,CUST01128,PROD00026,STORE003,2025-01-17,1,20218.56
ORD0010437,CUST00172,PROD00097,STORE021,2026-02-09,1,3259.17
ORD0000046,CUST00167,PROD00054,STORE014,2025-03-07,6,2075.99
ORD0010903,CUST01378,PROD00271,STORE011,2025-05-08,4,24460.34
ORD0003514,CUST01177,PROD00018,STORE016,2025-11-02,5,10897.03
ORD0008461,CUST00655,PROD00065,STORE005,2025-11-02,4,3409.51
ORD0009581,CUST01407,PROD00244,STORE019,2025-10-29,4,2547.39
ORD0002950,CUST00385,PROD00075,STORE009,2026-03-20,5,9334.34
ORD0009486,CUST00324,PROD00075,STORE006,2025-05-17,2,16126.39
ORD0000747,CUST00961,PROD00080,STORE005,2026-03-04,2,21562.95
ORD0006305,CUST00213,PROD00053,STORE022,00/00/0000,6,1980.26
ORD0002553,CUST00335,PROD00071,STORE007,2025-12-27,5,24308.4
ORD0011715,CUST01113,PROD00048,STORE016,2025-02-16,4,2892.74
ORD0010755,CUST00675,PROD00295,STORE023,2025-02-23,1,5770.06
ORD0006949,CUST00017,PROD00074,STORE017,2026-01-27,3,15771.78
ORD0004199,CUST00338,PROD00182,STORE016,2025-10-18,5,8027.06
ORD0009780,CUST01340,PROD00046,STORE009,2025-03-21,5,6337.57
ORD0006449,CUST01127,PROD00167,STORE002,2026-02-22,6,6204.46
ORD0004081,CUST00772,PROD00003,STORE017,2026-01-28,3,8686.1
ORD0010656,CUST00591,,STORE009,2025-06-14,3,317.68
ORD0002486,CUST01085,PROD00109,STORE010,not_a_date,3,19087.91
ORD0010557,CUST01419,PROD00046,STORE023,2025-02-07,3,16995.28
ORD0010750,CUST00202,PROD00281,STORE022,2025-05-18,1,19578.53
ORD0010490,CUST01447,PROD00003,STORE018,2025-12-09,4,3878.48
ORD0008219,CUST00331,PROD00121,STORE020,2025-11-18,5,13992.59
ORD0008148,CUST00917,PROD00239,STORE001,2025-10-24,4,20735.72
ORD0005876,CUST00246,PROD00215,STORE013,2026-03-17,3,12350.57
ORD0009824,CUST00711,PROD00170,STORE023,2025-09-22,4,23534.05
ORD0010271,CUST00063,PROD00130,STORE003,2026-02-21,3,16742.28
ORD0008771,CUST00203,PROD00135,STORE005,2025-04-29,2,10320.71
ORD0007677,CUST01056,PROD00269,STORE013,2025-11-18,6,18141.69
ORD0005502,CUST01087,PROD00287,STORE020,2026-04-01,1,14854.76
ORD0005666,CUST01048,PROD00194,STORE019,2025-05-09,4,23970.8
ORD0007853,CUST01065,PROD00054,STORE011,2026-03-14,4,12463.37
ORD0003377,CUST00968,PROD00099,STORE010,2025-06-01,1,24755.13
ORD0010573,CUST00970,PROD00247,STORE006,2026-04-19,,7804.26
ORD0004017,CUST00292,PROD00218,STORE019,2025-12-18,1,4715.98
ORD0004455,CUST00278,PROD00031,STORE014,2026-02-09,2,5645.87
ORD0000509,CUST00409,PROD00241,STORE013,2025-12-11,4,1044.18
ORD0007335,CUST00088,PROD00023,STORE019,2025-10-10,2,10609.07
ORD0007961,CUST01189,PROD00261,STORE011,2025-08-23,1,24253.01
ORD0002836,CUST01074,PROD00124,STORE001,2025-01-09,2,23176.86
ORD0003464,CUST00826,PROD00071,STORE016,2025-06-20,2,1344.73
ORD0006317,CUST00014,PROD00108,STORE015,2025-11-16,1,9403.55
ORD0010405,CUST00647,PROD00292,STORE006,2025-10-24,-1,6636.74
ORD0011945,CUST00996,PROD00032,STORE025,2025-11-03,4,15979.97
ORD0007910,CUST00383,PROD00141,STORE013,2025-06-16,6,6822.77
ORD0012381,CUST00879,PROD00241,STORE009,2025-02-03,3,485.95
ORD0001196,CUST01010,PROD00113,STORE006,2025-01-11,4,7352.59
ORD0003503,CUST00397,PROD00211,STORE006,2026-01-12,2,5453.11
ORD0001684,CUST01173,PROD00230,STORE019,2026-03-30,4,23095.43
ORD0002073,CUST00939,PROD00045,STORE001,2026-01-17,1,18126.65
ORD0010840,CUST00262,PROD00162,STORE023,2026-01-24,4,19989.52
ORD0001482,CUST00614,PROD00278,STORE017,2025-04-01,2,13746.99
ORD0002957,CUST00131,PROD00179,STORE013,2025-06-24,4,22356.58
ORD0009305,CUST01298,PROD00012,STORE025,2026-04-12,3,18010.79
ORD0012309,CUST00241,PROD00216,STORE001,2026-01-01,2,1429.88
ORD0009272,CUST00049,PROD00101,STORE013,2025-07-30,2,5932.47
ORD0007809,CUST01005,PROD00265,STORE025,2025-05-06,1,24690.31
ORD0007623,CUST00407,PROD00130,STORE013,2025-01-12,4,15126.43
ORD0002781,CUST01154,PROD00280,STORE023,2025-02-01,3,2351.98
ORD0000626,CUST01234,PROD00130,STORE005,2025-11-27,3,23129.27
ORD0005678,CUST00476,PROD00178,STORE013,2026-04-09,2,845.55
ORD0002972,CUST00425,PROD00192,STORE007,2025-10-04,3,9009.95
ORD0003925,CUST00563,PROD00102,STORE015,2025-10-22,3,20200.93
ORD0010911,CUST01047,PROD00062,STORE025,2025-07-08,3,22125.0
ORD0006310,CUST00372,PROD00117,STORE006,2026-02-07,1,14009.24
ORD0003676,CUST00627,PROD00102,STORE021,2025-11-15,3,21519.21
ORD0004977,CUST00409,PROD00063,STORE008,2026-01-17,3,9254.71
ORD0012045,CUST01010,PROD00022,STORE002,2025-03-24,4,5497.88
ORD0003633,CUST01479,PROD00067,STORE006,2025-02-08,1,$6340.29
ORD0011769,CUST01092,PROD00110,STORE007,2025-07-10,4,16884.41
ORD0001256,CUST00185,PROD00251,STORE006,2025-10-06,4,12979.56
ORD0002761,CUST00048,PROD00255,STORE007,2025-01-31,4,3400.35
ORD0009253,CUST01441,PROD00226,STORE025,2025-09-28,2,7434.67
ORD0007096,CUST01195,PROD00201,STORE020,2025-09-03,1,13056.15
ORD0004959,CUST00285,PROD00062,STORE003,2025-06-12,2,11114.71
ORD0000934,CUST00614,PROD00222,STORE005,2026-04-07,6,1722.21
ORD0005869,CUST00529,PROD00074,STORE017,2025-12-17,1,3853.46
ORD0009083,CUST00613,PROD00201,STORE020,00/00/0000,5,7023.8
ORD0004756,CUST01004,PROD00025,STORE025,2025-04-15,3,3352.09
ORD0002815,CUST00299,PROD00095,STORE015,2025-08-22,6,18151.61
ORD0008458,CUST00681,PROD00002,STORE004,2025-08-27,5,23884.19
ORD0006218,CUST01454,PROD00006,STORE001,2025-08-14,3,10414.77
ORD0005103,CUST00564,PROD00044,STORE024,2025-01-27,3,13002.28
ORD0011695,CUST01417,PROD00005,STORE013,2025-08-05,5,6608.35
ORD0001489,CUST00220,PROD00022,STORE016,2026-01-10,6,17540.95
ORD0009546,CUST00401,PROD00017,STORE011,2026-01-18,2,16557.02
ORD0001264,CUST01158,PROD00223,STORE006,2025-09-28,3,13362.54
ORD0002293,CUST00205,PROD00262,STORE018,2025-02-14,4,641.35
ORD0003585,,PROD00030,STORE019,2025-05-10,3,1981.79
ORD0010528,CUST00464,PROD00063,STORE019,2026-03-02,2,13467.47
ORD0007008,CUST00181,PROD00103,STORE013,2025-01-27,4,1726.97
ORD0004068,CUST00592,PROD00290,STORE016,2026-04-22,2,17199.03
ORD0011637,CUST01379,PROD00253,STORE017,2025-10-04,4,1827.36
ORD0001578,CUST01326,PROD00193,STORE006,2026-03-10,4,4865.85
ORD0010119,CUST01322,PROD00250,STORE023,2026-03-22,5,18104.31
ORD0008139,CUST01329,PROD00138,STORE002,2025-07-05,1,21195.37
ORD0012378,CUST00911,PROD00100,STORE013,2025-07-29,4,4588.79
ORD0000936,,PROD00090,STORE022,2026-01-27,4,2846.83
ORD0005794,CUST00640,PROD00021,STORE015,2025-10-27,5,12233.74
ORD0000382,CUST00054,,STORE008,2025-05-06,6,24584.07
ORD0007758,CUST00820,PROD00255,STORE015,2026-03-21,6,809.9
ORD0006753,CUST01488,PROD00078,STORE008,2026-02-06,2,abc
ORD0010290,CUST01313,PROD00297,STORE005,2025-04-14,2,15391.29
ORD0011936,CUST01093,PROD00262,STORE022,2026-03-18,2,2092.28
ORD0002742,CUST00548,PROD00250,STORE025,2025-07-09,4,24016.96
ORD0003781,CUST00009,PROD00085,STORE005,2025-04-25,2,1078.27
ORD0004071,CUST00964,,STORE020,2025-11-28,5,11913.27
ORD0007746,CUST00007,PROD00299,STORE014,2025-07-10,1,23656.13
ORD0007352,CUST01406,PROD00273,STORE007,2025-12-09,3,11070.81
ORD0004261,CUST00700,PROD00174,STORE023,2025-06-29,6,6849.89
ORD0009778,CUST00993,PROD00172,STORE011,2025-04-18,6,20538.0
ORD0002904,CUST00147,PROD00071,STORE013,2025-05-26,6,12992.9
ORD0006514,CUST00937,PROD00179,STORE025,2025-10-02,1,17802.42
ORD0003447,CUST00652,PROD00037,STORE025,2025-08-12,3,19499.45
ORD0001819,CUST00418,PROD00110,STORE016,2025-02-12,4,22518.19
ORD0005727,CUST01231,PROD00152,STORE008,2025-12-19,1,6289.56
ORD0011763,CUST01206,PROD00251,STORE025,2025-01-19,3,15502.78
ORD0002238,CUST00763,PROD00119,STORE024,2025-08-05,4,3333.5
ORD0008440,CUST00359,PROD00188,STORE008,2025-04-11,2,17688.89
ORD0003246,CUST01479,PROD00118,STORE002,2025-05-06,4,16891.68
ORD0004861,CUST01319,PROD00181,STORE014,2025-05-12,2,22069.2
ORD0005749,CUST01113,PROD00001,STORE007,2025-04-18,4,12991.44
ORD0006451,CUST00163,PROD00233,STORE019,2025-07-25,2,20378.43
ORD0000812,CUST00306,PROD00038,STORE010,2025-10-24,3,17239.99
ORD0003914,CUST00920,PROD00012,STORE018,2025-08-29,3,3572.51
ORD0004409,CUST00654,PROD00110,STORE017,2026-01-18,1,9967.52
ORD0003159,CUST01099,PROD00075,STORE008,2025-02-19,4,13611.33
ORD0004079,CUST01255,PROD00118,STORE015,2025-07-22,4,19936.1
ORD0001467,CUST00947,PROD00037,STORE014,2025-01-08,5,7950.67
ORD0009223,CUST01047,PROD00115,STORE008,2026-03-08,5,22216.86
ORD0003905,CUST00212,PROD00083,STORE012,2026-03-12,5,7397.84
ORD0009709,CUST00069,PROD00089,STORE013,2025-06-16,2,4386.17
ORD0007939,CUST01498,PROD00294,STORE017,2025-06-08,2,3661.54
ORD0008462,CUST00178,PROD00171,STORE005,2025-04-26,6,13030.53
ORD0003384,CUST00641,PROD00164,STORE015,2025-12-29,4,18574.35
ORD0004157,CUST01237,PROD00115,STORE019,2025-08-23,4,22325.47
ORD0007444,CUST00198,PROD00098,STORE005,not_a_date,4,13231.7
ORD0000439,CUST00678,PROD00091,STORE013,2026-03-05,2,9388.83
ORD0011552,CUST01024,PROD00286,STORE005,2026-04-09,4,20940.23
ORD0005283,CUST01103,PROD00109,STORE022,2025-09-13,6,7457.34
ORD0000339,,PROD00070,STORE024,2025-05-09,3,158.79
ORD0004518,CUST00148,PROD00111,STORE023,2025-11-06,4,13952.82
ORD0000669,CUST01142,PROD00135,STORE016,2025-12-03,1,24276.0
ORD0008849,CUST01446,PROD00101,STORE011,2025-06-04,1,18710.19
ORD0004419,CUST00882,PROD00299,STORE004,2025-02-11,6,18580.69
ORD0007895,,PROD00107,STORE017,2025-03-26,2,9198.13
ORD0010778,CUST00416,PROD00276,STORE004,2025-07-20,3,18302.31
ORD0011152,CUST00787,PROD00060,STORE004,2025-04-01,3,21740.42
ORD0009397,CUST00757,PROD00051,STORE001,2026-03-01,3,15191.93
ORD0012153,CUST01499,PROD00004,STORE019,2026-01-07,3,3134.47
ORD0011702,CUST00659,PROD00181,STORE016,2025-03-11,6,20493.49
ORD0004818,CUST00101,PROD00026,STORE007,2025-07-27,2,12564.91
ORD0006912,CUST00033,PROD00058,STORE016,2025-06-25,3,953.74
ORD0001520,CUST01297,PROD00179,STORE001,2025-07-14,1,12406.77
ORD0008113,CUST00282,PROD00170,STORE014,2025-06-08,5,11490.75
ORD0001683,CUST00634,PROD00279,STORE022,2025-06-02,4,12485.83
ORD0011375,CUST01371,PROD00145,STORE025,2025-06-22,3,17203.89
ORD0012481,CUST00855,PROD00287,STORE001,2025-01-10,1,4513.44
ORD0003154,CUST01137,PROD00018,STORE007,2025-11-23,6,23512.28
ORD0008040,CUST00557,PROD00061,STORE023,2025-01-26,6,1704.23
ORD0006284,CUST01344,PROD00028,STORE013,2025-02-15,5,20006.63
ORD0009432,CUST00174,PROD00237,STORE021,2025-08-02,4,4459.0
ORD0001600,CUST00628,PROD00261,STORE003,2025-07-24,3,4756.31
ORD0009174,CUST00180,PROD00126,STORE017,2026-04-09,3,17915.51
ORD0011800,CUST00846,PROD00171,STORE020,2025-08-01,2,4918.11
ORD0009339,CUST01391,PROD00133,STORE016,2025-01-26,5,2187.69
ORD0003940,CUST00273,PROD00283,STORE002,2025-10-08,3,12654.88
ORD0006247,CUST00118,PROD00225,STORE018,2025-02-08,2,21317.24
ORD0012285,CUST00565,PROD00084,STORE019,2025-04-13,4,11283.91
ORD0006543,CUST00010,PROD00224,STORE013,2025-09-21,3,13566.83
ORD0003626,CUST01139,PROD00173,STORE010,2025-06-24,5,12050.08
ORD0003659,CUST00015,PROD00049,STORE012,2025-10-17,1,18100.82
ORD0010670,CUST00111,PROD00192,STORE024,2025-04-08,3,12400.44
ORD0006697,CUST00207,PROD00037,STORE006,2025-03-19,4,7817.9
ORD0000571,CUST01138,PROD00081,STORE020,2025-02-25,4,18997.77
ORD0003079,CUST01414,PROD00048,STORE021,2025-12-06,3,7731.13
ORD0005531,CUST00761,PROD00039,STORE017,2025-11-07,2,9423.84
ORD0011483,CUST00587,PROD00288,STORE019,2025-03-16,1,19233.12
ORD0002906,CUST00172,PROD00043,STORE010,2025-04-09,2,15215.91
ORD0006377,CUST01355,PROD00199,STORE007,2025-12-20,1,15702.21
ORD0010093,CUST00881,PROD00065,STORE020,2026-03-06,2,9112.75
ORD0006296,CUST00535,PROD00058,STORE012,2025-02-03,6,12778.4
ORD0000142,CUST01299,PROD00060,STORE020,2026-02-04,4,12626.23
ORD0012326,CUST01419,PROD00066,STORE009,2025-07-12,3,9079.65
ORD0006962,CUST00628,PROD00179,STORE023,2025-08-12,3,758.8
ORD0007315,CUST01428,,STORE019,2025-01-02,5,1628.8
ORD0002426,CUST00587,PROD00282,STORE020,2025-09-10,1,19526.31
ORD0009073,CUST00521,PROD00227,STORE022,2025-06-20,3,20416.2
ORD0005890,CUST00723,PROD00290,STORE018,2025-03-30,5,3255.86
ORD0003482,CUST00975,PROD00140,STORE015,2025-07-14,4,10944.17
ORD0011968,CUST00237,PROD00173,STORE011,2025-01-22,4,4253.49
ORD0003765,CUST00986,PROD00056,STORE019,2025-02-25,2,21015.28
ORD0009553,CUST00097,PROD00135,STORE017,2025-06-28,3,14704.6
ORD0008095,CUST00918,PROD00168,STORE012,2025-04-20,1,4020.68
ORD0009350,CUST00028,PROD00260,STORE017,2025-07-09,5,19935.55
ORD0001664,CUST00379,PROD00031,STORE016,2025-01-10,1,20308.41
ORD0009923,CUST01069,PROD00215,STORE017,2026-03-06,5,-5
ORD0008791,CUST01286,PROD00291,STORE010,2026-04-12,5,24255.31
ORD0010845,CUST00447,PROD00247,STORE003,2025-02-16,5,1194.45
ORD0004057,CUST01140,PROD00134,STORE018,2025-01-02,1,13129.14
ORD0000261,CUST00967,PROD00069,STORE024,2026-02-01,1,8214.96
ORD0002066,CUST00456,PROD00177,STORE015,2025-02-14,1,359.27
ORD0000673,CUST01075,PROD00137,STORE019,2026-03-27,5,370.11
ORD0009783,CUST00807,PROD00220,STORE014,2025-09-13,3,5309.88
ORD0010955,CUST00584,PROD00070,STORE006,2026-01-09,1,8136.83
ORD0001873,CUST00774,PROD00073,STORE025,2026-04-12,2,3053.2
ORD0008364,CUST01239,PROD00077,STORE022,2025-04-24,1,24333.88
ORD0003520,CUST00835,PROD00024,STORE016,2025-03-10,1,11443.2
ORD0007240,CUST00956,PROD00150,STORE006,not_a_date,3,4434.0
ORD0012059,CUST01221,PROD00260,STORE008,2025-10-16,2,17994.33
ORD0004005,CUST01223,PROD00048,STORE021,2026-01-10,2,12018.59
ORD0010868,CUST00205,PROD00075,STORE025,2025-07-04,6,20933.75
ORD0000538,CUST00350,PROD00022,STORE023,2026-03-27,3,10331.85
ORD0002669,CUST01249,PROD00059,STORE014,2025-06-22,1,11132.54
ORD0011930,CUST01474,PROD00262,STORE006,2026-04-04,5,8539.47
ORD0002468,CUST00283,PROD00197,STORE003,2025-01-09,6,13435.32
ORD0007290,CUST01340,PROD00052,STORE010,2026-03-19,6,19430.51
ORD0012143,CUST01260,PROD00127,STORE019,2026-02-06,6,8264.22
ORD0010705,CUST00152,PROD00031,STORE001,2025-03-28,1,23116.66
ORD0007253,CUST00472,PROD00259,STORE025,2025-03-06,3,2426.91
ORD0012182,CUST00243,PROD00189,STORE012,2025-09-09,6,4921.51
ORD0010795,CUST01419,PROD00272,STORE018,2025-04-20,5,17803.78
ORD0002040,CUST00598,PROD00207,STORE015,2025-11-10,2,$14904.53
ORD0001544,CUST00950,PROD00241,STORE006,2025-07-15,6,17314.69
ORD0000636,CUST00218,PROD00116,STORE021,2026-03-04,6,11423.3
ORD0000055,CUST00278,PROD00085,STORE017,2025-01-06,6,20760.79
ORD0004817,CUST00571,PROD00293,STORE001,2025-08-28,5,1820.99
ORD0011051,CUST00121,PROD00136,STORE006,2026-01-14,4,13622.85
ORD0011032,CUST00084,PROD00122,STORE015,2025-02-15,4,11364.98
ORD0001745,CUST01191,PROD00009,STORE003,2025-03-25,4,17984.83
ORD0002067,CUST00327,PROD00049,STORE025,2025-10-10,5,23767.88
ORD0009117,CUST01421,PROD00213,STORE017,2025-12-11,4,5390.62
ORD0000246,CUST00664,PROD00081,STORE007,2026-03-13,4,19677.41
ORD0004890,CUST00891,PROD00201,STORE012,2025-03-13,6,20119.93
ORD0002271,CUST00082,PROD00069,STORE014,2026-04-16,4,156.13
ORD0001142,CUST01287,PROD00062,STORE022,2025-02-08,5,20634.57
ORD0007649,CUST00416,PROD00031,STORE025,2026-03-22,4,1847.63
ORD0008706,CUST00137,PROD00219,STORE025,2025-01-25,1,16820.42
ORD0008258,CUST01360,PROD00267,STORE002,2026-01-22,6,21781.72
ORD0004880,CUST00470,PROD00142,STORE013,2026-04-16,4,22839.78
ORD0005351,CUST00083,PROD00174,STORE017,2026-01-03,2,8149.98
ORD0003065,CUST00090,PROD00003,STORE023,2025-05-19,5,4713.35
ORD0006252,CUST00299,PROD00065,STORE008,2026-04-04,1,16158.89
ORD0005769,CUST00478,PROD00198,STORE004,2026-01-31,1,16633.59
ORD0006306,CUST00425,,STORE004,2025-04-07,1,11964.29
ORD0006761,CUST01330,PROD00194,STORE004,2025-09-03,3,21711.24
ORD0001271,CUST00826,PROD00213,STORE014,2025-06-19,1,7868.44
ORD0007593,CUST00725,PROD00059,STORE013,2025-01-10,4,2246.54
ORD0002489,CUST01433,PROD00209,STORE013,2026-02-20,1,5983.13
ORD0006488,CUST00391,PROD00141,STORE025,2025-11-07,4,24917.74
ORD0006524,CUST01181,PROD00053,STORE006,2025-06-26,6,19293.44
ORD0001441,CUST00383,PROD00195,STORE001,2025-10-11,3,24447.78
ORD0006277,CUST01346,PROD00182,STORE002,2026-04-17,5,8850.0
ORD0003316,CUST01463,PROD00025,STORE015,2026-03-30,2,20979.23
ORD0012040,CUST00862,PROD00199,STORE003,not_a_date,5,17647.42
ORD0003455,CUST00782,PROD00211,STORE018,2025-09-24,1,14257.98
ORD0004514,CUST00813,PROD00243,STORE014,2025-12-29,4,22889.78
ORD0009782,CUST00338,PROD00257,STORE021,2026-02-18,2,18671.77
ORD0011696,CUST00894,PROD00183,STORE014,2025-01-17,3,13612.11
ORD0002448,CUST00424,PROD00105,STORE024,2025-08-02,2,8662.26
ORD0007175,CUST01062,PROD00102,STORE001,2025-10-15,6,21370.39
ORD0005015,CUST00236,PROD00009,STORE004,2026-02-03,5,11660.17
ORD0008042,CUST00294,PROD00163,STORE003,2025-01-15,6,5383.61
ORD0005912,CUST00579,PROD00073,STORE005,2025-04-26,3,5411.82
ORD0007755,CUST01377,PROD00149,STORE004,2025-10-17,1,22804.75
ORD0002695,CUST00539,PROD00048,STORE010,2025-04-21,5,1267.78
ORD0000643,CUST00615,PROD00176,STORE013,2025-08-08,3,5329.94
ORD0008658,CUST00632,PROD00096,STORE009,2025-03-28,6,16360.03
ORD0007926,CUST00231,PROD00181,STORE021,2025-07-19,5,4685.3
ORD0010237,CUST00888,PROD00138,STORE013,2025-03-14,6,8285.48
ORD0010044,CUST01462,PROD00268,STORE019,2025-03-17,two,16159.6
ORD0005148,CUST01006,PROD00276,STORE007,2025-01-24,4,16386.08
ORD0004131,CUST00608,PROD00041,STORE017,2026-03-14,1,4256.4
ORD0010937,CUST00350,PROD00227,STORE004,2026-03-10,6,20194.42
ORD0010906,CUST00506,PROD00105,STORE018,2025-06-07,5,11553.33
ORD0005669,CUST01335,PROD00143,STORE016,2026-01-21,5,18972.0
ORD0002099,CUST00254,PROD00052,STORE022,2026-02-01,6,15369.61
ORD0008331,CUST01219,PROD00200,STORE011,2025-03-22,3,1045.44
ORD0000338,CUST00608,PROD00200,STORE017,2025-08-28,4,22359.55
ORD0001212,CUST00795,PROD00042,STORE019,2025-08-24,5,8120.24
ORD0006691,CUST00457,PROD00147,STORE007,2026-01-02,3,6989.54
ORD0006893,CUST00667,PROD00035,STORE002,2025-10-23,3,21100.61
ORD0012024,CUST00836,PROD00149,STORE010,2025-03-25,2,3128.86
ORD0011660,CUST00294,PROD00018,STORE005,2026-04-06,6,24496.99
ORD0010407,CUST01048,PROD00127,STORE006,2026-02-28,2,23680.44
ORD0000165,CUST01301,PROD00163,STORE004,2025-12-30,2,5736.9
ORD0006763,CUST00112,PROD00113,STORE014,2025-10-23,4,1583.34
ORD0010701,CUST00440,PROD00047,STORE015,2025-02-05,4,18889.86
ORD0006219,CUST00477,PROD00184,STORE006,2025-07-06,4,24943.95
ORD0009273,CUST01465,PROD00158,STORE017,2025-01-28,4,8419.43
ORD0010198,CUST01087,PROD00089,STORE007,2026-01-30,6,5521.16
ORD0008599,CUST01448,PROD00154,STORE008,2025-12-22,5,16261.15
ORD0005588,CUST00785,PROD00055,STORE018,2025-07-29,3,16833.17
ORD0006354,CUST00163,PROD00229,STORE009,2025-01-18,3,24901.92
ORD0010761,CUST01499,PROD00218,STORE018,2025-10-13,2,724.54
ORD0010060,CUST00323,PROD00217,STORE018,2025-02-03,3,7148.09
ORD0007061,CUST00645,PROD00246,STORE007,2026-01-26,5,17969.3
ORD0002281,CUST00577,PROD00112,STORE023,2025-07-01,5,17873.72
ORD0004847,CUST01226,PROD00142,STORE025,2025-05-10,5,23909.2
ORD0009571,CUST00233,PROD00049,STORE013,2026-13-40,5,9320.99
ORD0002560,CUST00158,PROD00103,STORE023,2025-11-25,6,6497.13
ORD0001267,CUST00684,PROD00102,STORE022,2025-03-22,2,15233.02
ORD0006408,CUST00557,PROD00018,STORE012,2025-08-28,4,21169.88
ORD0008616,CUST00145,PROD00080,STORE025,2026-03-23,1,12524.28
ORD0001970,CUST00570,PROD00261,STORE015,2026-01-22,3,21798.54
ORD0006134,CUST00394,PROD00228,STORE008,2025-06-16,5,9895.6
ORD0002138,CUST00291,PROD00046,STORE011,2026-03-06,1,18434.63
ORD0008049,CUST01115,PROD00145,STORE010,2025-04-29,2,20643.64
ORD0000925,CUST01347,PROD00004,STORE016,2026-03-31,2,19923.7
ORD0001886,CUST01499,PROD00127,STORE020,2025-12-31,3,13958.77
ORD0000577,,PROD00145,STORE011,2025-01-21,5,18948.81
ORD0011135,CUST01478,PROD00196,STORE009,2025-12-20,5,6942.61
ORD0003960,CUST00224,PROD00179,STORE022,2026-02-02,2,4661.12
ORD0011133,CUST00573,PROD00146,STORE014,2026-04-21,3,6943.42
ORD0011075,CUST00139,PROD00150,STORE023,2025-08-12,4,8851.2
ORD0010296,CUST00253,PROD00071,STORE019,2025-11-11,3,20682.7
ORD0005419,CUST00546,PROD00225,STORE003,2025-02-22,3,14595.51
ORD0007030,CUST00872,PROD00036,STORE016,2025-03-08,2,20104.16
ORD0006442,CUST00715,PROD00050,STORE003,2026-02-19,6,3755.37
ORD0005711,CUST00400,PROD00178,STORE009,2026-03-04,6,6467.96
ORD0006013,CUST01299,PROD00152,STORE013,2025-04-23,3,6169.59
ORD0001747,CUST00900,PROD00212,STORE009,2025-08-25,6,22094.98
ORD0010962,CUST01330,PROD00062,STORE013,2026-03-25,4,3287.59
ORD0001497,CUST00643,PROD00290,STORE012,2026-03-17,1,412.81
ORD0008950,CUST00549,PROD00212,STORE010,2026-04-12,6,13530.93
ORD0006616,CUST01312,PROD00013,STORE017,2025-01-05,4,18161.26
ORD0000047,CUST00028,PROD00083,STORE017,2025-04-12,6,3168.72
ORD0009009,CUST00358,PROD00280,STORE022,2025-06-09,1,23399.88
ORD0008617,CUST00014,PROD00028,STORE001,,4,15354.84
ORD0010888,CUST00686,PROD00117,STORE019,2025-05-13,3,23865.79
ORD0002720,CUST01416,PROD00172,STORE023,2026-04-14,1,16930.71
ORD0012209,CUST00542,PROD00239,STORE025,2025-01-22,3,6585.88
ORD0002813,CUST01288,PROD00175,STORE014,2025-12-06,4,8794.52
ORD0007731,CUST00636,PROD00016,STORE001,2025-12-23,3,17101.5
ORD0004363,CUST00062,,STORE007,2026-02-26,6,3764.92
ORD0008998,CUST00947,PROD00277,STORE018,2025-11-22,6,2335.05
ORD0001178,CUST01003,PROD00082,STORE007,2025-06-26,6,13885.74
ORD0004794,CUST00006,PROD00296,STORE018,2026-01-30,3,3120.02
ORD0004476,CUST00821,PROD00064,STORE016,2025-07-12,3,16856.56
ORD0001081,CUST00488,PROD00263,STORE022,2025-09-11,3,3439.05
ORD0008479,CUST00261,PROD00169,STORE011,2025-09-08,5,13651.03
ORD0012316,CUST00565,PROD00192,STORE009,2026-01-24,2,16589.02
ORD0002069,CUST00143,PROD00091,STORE021,2025-01-10,3,8746.9
ORD0006965,CUST00239,PROD00163,STORE024,2025-08-06,3,10416.82
ORD0005459,CUST00672,PROD00083,STORE007,2025-05-11,5,10025.6
ORD0007377,CUST00012,PROD00056,STORE023,2025-12-23,6,9529.09
ORD0010594,CUST01050,PROD00271,STORE010,2025-05-31,5,11580.51
ORD0005492,CUST00284,PROD00217,STORE001,2026-01-03,4,11084.41
ORD0002654,CUST01487,PROD00219,STORE010,2025-04-22,1,1799.88
ORD0002492,CUST00316,PROD00216,STORE013,2025-06-30,1,3407.38
ORD0004041,CUST00954,PROD00129,STORE016,2025-10-02,4,13754.26
ORD0003168,CUST01437,PROD00246,STORE008,2025-01-07,6,9602.33
ORD0010719,CUST00705,PROD00002,STORE019,2026-01-27,4,6095.39
ORD0001729,CUST00586,PROD00033,STORE015,2025-01-20,3,4829.84
ORD0008747,CUST00616,PROD00189,STORE018,2025-06-16,5,4305.52
ORD0003001,CUST00747,PROD00101,STORE025,2025-12-22,4,15659.95
ORD0010785,CUST01192,PROD00008,STORE012,2025-01-09,5,12519.49
ORD0008694,CUST00835,PROD00286,STORE006,2025-10-07,2,8754.17
ORD0004577,CUST00460,PROD00272,STORE022,2025-11-10,1,9628.3
ORD0003506,CUST01298,PROD00050,STORE009,2025-12-09,6,24479.95
ORD0006416,CUST00055,PROD00290,STORE011,2025-12-18,2,19541.62
ORD0007928,CUST01111,PROD00012,STORE016,2025-06-21,5,9325.12
ORD0008571,CUST01256,PROD00104,STORE008,2025-04-11,5,5012.94
ORD0007942,CUST00155,PROD00257,STORE001,2026-02-24,5,20015.77
ORD0010830,CUST00633,PROD00137,STORE013,2025-08-15,2,580.7
ORD0004042,CUST00535,PROD00008,STORE015,2025-12-24,1,20290.02
ORD0009933,CUST01312,PROD00108,STORE018,2026-01-29,3,9417.44
ORD0009594,CUST00567,PROD00180,STORE008,2025-07-04,5,11070.75
ORD0008618,CUST01266,PROD00042,STORE012,2026-04-20,3,13314.1
ORD0003288,CUST01073,PROD00134,STORE023,2025-07-20,4,2700.33
ORD0010099,CUST00122,PROD00081,STORE005,2025-01-10,1,abc
ORD0001494,CUST01299,PROD00013,STORE013,2026-04-16,6,15581.42
ORD0008050,CUST00401,PROD00108,STORE008,2026-04-02,6,14018.86
ORD0010344,CUST00786,PROD00151,STORE013,2026-02-22,5,24180.98
ORD0007501,CUST00382,PROD00084,STORE012,2026-01-30,2,18480.05
ORD0005096,CUST01069,PROD00198,STORE019,2026-02-09,6,19714.34
ORD0000667,CUST00282,PROD00062,STORE001,2025-04-06,2,2296.48
ORD0002290,CUST00861,PROD00017,STORE014,2025-05-09,6,5329.44
ORD0006512,CUST00516,PROD00063,STORE015,2025-01-15,1,8162.78
ORD0010679,CUST01044,PROD00260,STORE010,2025-02-15,2,20597.52
ORD0010571,CUST00450,PROD00180,STORE012,2025-09-12,1,10548.08
ORD0002475,CUST01202,PROD00023,STORE019,2025-01-31,1,24712.65
ORD0003921,CUST00355,PROD00107,STORE023,2025-08-03,1,469.69
ORD0005428,CUST00127,PROD00035,STORE010,2025-05-19,1,7064.87
ORD0002780,CUST00421,PROD00141,STORE018,2026-02-27,1,7143.95
ORD0003382,CUST01459,PROD00052,STORE002,2026-01-15,5,24995.44
ORD0006798,CUST01063,PROD00177,STORE018,2025-12-14,2,7111.24
ORD0006562,CUST00708,PROD00007,STORE024,2026-03-20,3,3183.81
ORD0012347,CUST00655,PROD00172,STORE014,2025-12-20,3,-5
ORD0006569,CUST01196,PROD00136,STORE015,2026-03-05,2,12846.57
ORD0001571,CUST00998,PROD00008,STORE017,2025-10-13,1,9267.28
ORD0006842,CUST00681,PROD00059,STORE006,2025-07-16,6,8293.14
ORD0003245,CUST00350,PROD00139,STORE004,2026-03-27,6,15475.72
ORD0001175,CUST00217,PROD00069,STORE007,2025-11-07,1,3288.44
ORD0011251,CUST00291,PROD00048,STORE001,2025-09-15,3,15325.53
ORD0010816,CUST00308,PROD00139,STORE012,2025-08-10,1,2222.79
ORD0011433,,PROD00005,STORE024,2026-04-05,3,5544.88
ORD0008286,CUST00332,PROD00298,STORE021,2026-03-11,1,18320.76
ORD0006783,CUST01360,PROD00111,STORE022,2025-10-19,1,9436.45
ORD0006900,CUST00787,PROD00116,STORE022,2025-07-05,5,23905.06
ORD0001836,CUST00818,PROD00274,STORE013,2025-07-01,2,15349.14
ORD0010123,CUST00149,PROD00199,STORE024,2025-12-30,2,23509.76
ORD0011732,CUST00544,PROD00252,STORE008,2026-01-25,5,1962.52
ORD0000809,CUST00822,PROD00215,STORE008,2025-04-18,3,16706.45
ORD0007734,CUST00002,PROD00184,STORE016,2025-02-22,3,5021.34
ORD0005718,CUST00649,PROD00183,STORE009,2025-03-29,-1,20287.9
ORD0006817,CUST01033,PROD00111,STORE020,2025-08-25,4,6169.0
ORD0001983,CUST00342,PROD00021,STORE009,2025-03-29,1,16431.94
ORD0000629,CUST01107,PROD00082,STORE019,2026-02-10,2,24434.21
ORD0006818,CUST00655,PROD00086,STORE011,2026-01-03,2,17083.48
ORD0007507,CUST00076,PROD00056,STORE005,2025-05-29,3,24988.63
ORD0003635,CUST00668,PROD00287,STORE013,2025-10-31,4,23074.22
ORD0005077,CUST00224,PROD00253,STORE023,2026-03-18,3,17074.19
ORD0005844,CUST01423,PROD00186,STORE003,2026-03-26,5,5138.79
ORD0011840,CUST00255,PROD00249,STORE009,2025-03-05,2,$7649.57
ORD0008077,CUST00697,PROD00121,STORE019,2026-03-26,6,19587.75
ORD0000758,CUST00442,PROD00223,STORE025,2025-08-19,6,18796.14
ORD0008608,CUST01240,PROD00228,STORE015,2025-03-14,2,3865.05
ORD0008640,CUST01130,PROD00035,STORE018,2025-01-08,3,6917.65
ORD0006727,CUST00350,PROD00285,STORE015,2026-02-28,6,14452.31
ORD0007139,CUST01095,PROD00158,STORE003,2026-03-26,6,16317.5
ORD0007535,CUST01193,PROD00295,STORE008,2025-10-30,1,20853.79
ORD0010618,CUST00856,PROD00122,STORE015,2025-11-20,1,12415.76
ORD0001120,CUST01278,PROD00295,STORE014,2026-03-09,5,12506.07
ORD0005782,CUST01202,PROD00061,STORE006,2025-11-16,4,18989.78
ORD0003411,CUST00171,PROD00258,STORE024,2025-08-12,5,12700.73
ORD0011237,CUST01496,PROD00272,STORE005,2026-03-29,6,3329.24
ORD0007531,CUST00066,PROD00280,STORE021,2026-01-06,3,8123.89
ORD0010481,CUST00545,PROD00204,STORE001,2025-10-13,6,24609.23
ORD0007417,CUST00158,PROD00060,STORE008,2025-05-17,5,572.56
ORD0001241,CUST00320,PROD00014,STORE005,2025-08-05,4,23265.1
ORD0004360,CUST01446,PROD00183,STORE010,2025-12-20,3,18238.47
ORD0007690,CUST00156,PROD00258,STORE005,2025-10-19,2,7903.71
ORD0000515,CUST00220,PROD00125,STORE003,2025-03-20,2,9428.7
ORD0000764,CUST01339,PROD00222,STORE003,2026-02-25,5,7454.68
ORD0004798,CUST01442,PROD00087,STORE018,2025-04-25,6,20891.65
ORD0002026,CUST01053,PROD00216,STORE005,2025-01-31,2,11670.68
ORD0005887,CUST01033,PROD00103,STORE019,2025-01-19,2,7910.46
ORD0003927,CUST00062,PROD00058,STORE014,2025-03-05,6,10000.42
ORD0006989,CUST01238,PROD00138,STORE008,2025-03-05,5,4979.46
ORD0011370,CUST01151,PROD00004,STORE011,2025-05-15,6,12040.08
ORD0009000,CUST00336,PROD00228,STORE025,2025-01-20,4,1030.86
ORD0007443,CUST00474,PROD00068,STORE025,2025-01-14,6,1534.78
ORD0001825,CUST01498,PROD00115,STORE012,2025-11-04,2,11608.0
ORD0010402,CUST00696,PROD00021,STORE002,2026-02-08,3,20717.25
ORD0002257,CUST00888,PROD00141,STORE002,2025-09-15,5,8438.56
ORD0004936,CUST00145,PROD00042,STORE024,2025-10-31,4,17090.05
ORD0007277,CUST01346,PROD00074,STORE021,2025-05-14,5,7532.24
ORD0000731,CUST01006,PROD00224,STORE024,2025-02-15,4,22743.32
ORD0007710,CUST00734,PROD00293,STORE025,,4,11859.97
ORD0009400,CUST01092,PROD00101,STORE020,2025-07-06,2,2264.59
ORD0009386,CUST00231,PROD00178,STORE010,2025-10-13,2,10107.54
ORD0009568,CUST00911,PROD00144,STORE014,2025-08-14,6,9470.6
ORD0002785,CUST01344,PROD00083,STORE002,2026-03-02,2,13311.48
ORD0002325,CUST01259,PROD00009,STORE025,2025-11-28,5,11385.23
ORD0001783,CUST01362,PROD00298,STORE013,2025-08-26,2,10981.91
ORD0006766,CUST00213,PROD00295,STORE010,2025-10-18,4,11162.63
ORD0001860,CUST00485,PROD00008,STORE005,2026-04-14,4,19739.32
ORD0003367,CUST01270,PROD00030,STORE019,2026-03-30,5,7694.18
ORD0009918,CUST00394,PROD00008,STORE014,2025-06-01,2,18136.19
ORD0010570,CUST00403,PROD00069,STORE008,2025-10-18,2,7005.1
ORD0007545,CUST00171,PROD00020,STORE011,2025-03-29,1,23812.03
ORD0002687,CUST00927,,STORE011,2025-05-22,2,15946.27
ORD0004352,CUST00023,PROD00137,STORE007,2026-01-25,2,5945.56
ORD0012113,CUST00466,PROD00027,STORE009,2025-09-17,1,13565.14
ORD0005349,CUST00015,PROD00287,STORE021,2025-01-13,6,5796.46
ORD0006161,CUST00220,PROD00248,STORE015,2025-05-05,5,518.12
ORD0011036,CUST00606,PROD00295,STORE009,2025-09-11,1,16658.22
ORD0003449,CUST00875,PROD00122,STORE024,2025-01-26,1,22850.85
ORD0004986,CUST01176,PROD00115,STORE020,2026-02-14,4,16134.09
ORD0007997,CUST00768,PROD00123,STORE003,2026-02-09,2,2834.23
ORD0005903,CUST01273,PROD00038,STORE001,2025-05-03,6,5541.51
ORD0011505,CUST00421,PROD00239,STORE017,2025-11-28,3,1567.21
ORD0002136,CUST01399,PROD00183,STORE003,2025-03-02,4,15550.63
ORD0010765,CUST01054,PROD00300,STORE018,2025-10-06,3,2372.65
ORD0010387,CUST00294,PROD00166,STORE017,2025-05-17,4,12657.31
ORD0004019,CUST01386,PROD00012,STORE013,2025-11-07,1,11529.1
ORD0004954,CUST00955,PROD00021,STORE023,2026-02-27,2,22105.46
ORD0012387,CUST00649,PROD00178,STORE008,2025-05-10,1,18777.8
ORD0010159,CUST00607,PROD00020,STORE014,2026-01-05,2,22106.48
ORD0001356,CUST00923,,STORE025,2025-04-09,3,24124.23
ORD0004720,CUST00891,PROD00150,STORE016,2026-02-22,3,3850.15
ORD0008727,CUST00172,PROD00263,STORE016,2025-01-15,2,5393.42
ORD0011926,CUST01031,PROD00150,STORE003,2025-07-20,5,24953.75
ORD0003386,CUST00622,,STORE018,2025-11-02,6,24347.77
ORD0011259,CUST00161,PROD00150,STORE004,2025-06-04,1,23485.27
ORD0011240,CUST01345,PROD00249,STORE002,2025-04-07,3,3161.69
ORD0005546,CUST00723,PROD00252,STORE015,2026-01-10,3,abc
ORD0001432,CUST00860,PROD00281,STORE007,2025-07-13,3,13915.93
ORD0010494,CUST00809,PROD00241,STORE006,2025-11-04,5,21518.33
ORD0001952,CUST00770,PROD00123,STORE019,2025-07-02,4,14267.28
ORD0005637,CUST00467,PROD00031,STORE005,2025-08-16,5,24257.57
ORD0001508,CUST00583,PROD00033,STORE003,2025-11-11,5,7602.31
ORD0011362,CUST00746,PROD00214,STORE024,2025-01-22,5,2298.48
ORD0007264,CUST01265,PROD00209,STORE010,2025-11-05,4,7640.32
ORD0011317,CUST01414,PROD00259,STORE007,2025-11-12,6,17034.3
ORD0003145,CUST00229,PROD00219,STORE005,2026-01-16,6,15417.43
ORD0005886,CUST00243,PROD00259,STORE024,2026-03-14,1,17242.56
ORD0009528,CUST00672,PROD00151,STORE019,2025-07-07,6,10326.25
ORD0002484,CUST01053,PROD00047,STORE004,2025-10-15,5,554.81
ORD0005741,CUST01417,PROD00037,STORE016,2025-05-09,1,12187.96
ORD0004550,CUST01113,PROD00181,STORE008,2025-05-10,1,4665.34
ORD0010289,CUST01369,PROD00053,STORE011,2025-10-10,1,22784.78
ORD0001712,CUST01482,PROD00115,STORE019,2025-03-14,1,20600.57
ORD0010833,CUST00577,PROD00076,STORE021,2025-02-16,1,6468.07
ORD0011651,CUST00399,PROD00029,STORE004,2025-06-18,6,14834.61
ORD0011380,CUST00754,PROD00206,STORE014,2025-01-25,2,10948.77
ORD0002700,CUST01173,PROD00001,STORE010,2025-04-30,4,$18912.45
ORD0006880,CUST00267,PROD00233,STORE006,2026-03-31,4,2372.36
ORD0008337,,PROD00060,STORE022,2025-05-28,4,15789.52
ORD0000565,CUST01239,PROD00275,STORE007,2026-04-18,6,4826.65
ORD0004167,,PROD00143,STORE006,2025-09-07,4,6973.48
ORD0010250,CUST01166,PROD00207,STORE011,2025-06-18,3,8801.37
ORD0007848,CUST00139,PROD00270,STORE006,2025-08-14,6,12321.03
ORD0001540,CUST00255,PROD00268,STORE019,2025-12-18,4,18111.32
ORD0001798,CUST00643,PROD00267,STORE011,2025-11-23,6,24000.1
ORD0006857,CUST01121,PROD00271,STORE018,2026-02-11,5,14623.49
ORD0007448,CUST00332,PROD00166,STORE013,2025-09-06,1,15960.01
ORD0007485,CUST00280,PROD00072,STORE015,2025-03-30,6,166.79
ORD0011238,CUST00614,PROD00137,STORE022,2025-04-23,6,14872.96
ORD0006614,CUST01490,PROD00213,STORE010,2025-11-24,1,8106.38
ORD0005973,CUST00904,PROD00171,STORE013,2025-04-25,6,7558.11
ORD0006548,CUST01400,PROD00126,STORE016,2025-01-03,3,15651.9
ORD0008712,CUST01061,PROD00139,STORE001,2025-04-14,6,$15534.44
ORD0011607,CUST00248,PROD00254,STORE011,2025-10-17,4,1745.71
ORD0006582,CUST00842,PROD00117,STORE008,not_a_date,6,19027.42
ORD0004626,CUST01082,PROD00241,STORE011,2025-01-31,4,18942.0
ORD0011114,CUST00223,PROD00121,STORE007,2025-12-01,6,4865.89
ORD0003803,CUST00537,PROD00041,STORE009,2025-02-05,1,5070.4
ORD0000954,CUST00165,PROD00165,STORE015,2026-03-10,2,17081.27
ORD0007900,CUST01461,PROD00087,STORE014,2026-01-16,1,9991.01
ORD0011508,CUST00039,PROD00133,STORE016,2026-02-08,6,19645.76
ORD0007385,CUST00941,PROD00197,STORE010,,6,8012.29
ORD0008178,CUST00229,PROD00018,STORE010,2025-06-24,2,16765.11
ORD0002643,CUST00456,PROD00265,STORE009,2025-05-15,6,20580.87
ORD0008831,CUST01381,PROD00127,STORE012,2025-12-18,1,20800.8
ORD0011434,CUST00842,PROD00119,STORE009,2025-11-19,4,19783.93
ORD0000879,CUST01451,PROD00065,STORE006,2026-13-40,6,23938.7
ORD0005832,CUST00460,PROD00096,STORE004,2026-02-17,2,9547.37
ORD0007610,CUST00959,PROD00157,STORE015,2025-02-23,4,18880.78
ORD0012125,CUST00070,PROD00080,STORE013,2025-06-21,1,21557.01
ORD0009987,CUST00147,PROD00005,STORE018,2026-03-07,4,11020.72
ORD0009686,CUST00875,PROD00149,STORE025,2025-11-11,4,19747.61
ORD0010720,CUST00433,PROD00101,STORE002,2025-09-02,5,23069.82
ORD0010916,CUST00318,PROD00138,STORE024,2025-04-29,3,23251.68
ORD0004450,CUST00192,PROD00087,STORE004,2025-01-25,1,abc
ORD0002640,CUST00350,PROD00112,STORE004,2025-11-20,3,8332.35
ORD0002089,CUST00838,PROD00280,STORE015,2025-05-19,5,21428.04
ORD0007413,CUST01350,PROD00160,STORE018,2025-01-27,3,4361.38
ORD0002088,CUST00267,PROD00142,STORE003,2026-03-29,5,22001.13
ORD0010771,CUST00394,PROD00049,STORE007,2025-04-05,6,7287.61
ORD0007238,CUST00596,PROD00243,STORE008,2026-03-07,3,21890.43
ORD0007179,CUST00323,PROD00164,STORE022,2025-08-28,6,9523.15
ORD0002912,CUST01097,PROD00133,STORE004,2025-04-14,4,16528.91
ORD0000666,CUST00539,PROD00184,STORE016,2025-05-05,4,12751.77
ORD0003297,CUST00542,PROD00092,STORE018,2026-03-02,4,1941.71
ORD0002741,CUST00786,PROD00207,STORE012,2025-02-03,3,14133.61
ORD0010157,CUST00574,PROD00255,STORE003,2026-04-11,5,21706.97
ORD0008164,CUST01049,PROD00138,STORE019,2026-01-10,6,2262.81
ORD0000788,CUST00458,PROD00113,STORE008,2026-04-20,4,22643.59
ORD0001835,CUST00035,PROD00078,STORE023,2025-12-23,4,9515.23
ORD0000765,CUST01050,PROD00283,STORE016,2026-03-21,1,23359.33
ORD0003262,CUST00887,PROD00299,STORE022,00/00/0000,4,15058.72
ORD0005643,CUST00132,PROD00097,STORE013,2025-08-01,3,14468.26
ORD0002603,CUST00502,PROD00113,STORE006,2025-11-26,4,923.53
ORD0011635,CUST01239,PROD00211,STORE004,2025-02-11,4,729.68
ORD0004238,CUST00512,PROD00094,STORE007,2025-01-16,3,5504.99
ORD0003838,CUST00433,PROD00120,STORE012,2026-03-25,2,22685.76
ORD0012077,CUST01438,PROD00254,STORE005,2025-03-02,5,7696.86
ORD0010057,CUST00492,PROD00159,STORE003,2026-03-19,1,16787.28
ORD0009519,CUST00419,PROD00041,STORE005,2026-13-40,1,23997.06
ORD0000642,CUST00865,PROD00184,STORE022,2025-11-02,4,412.63
ORD0006628,CUST00822,PROD00130,STORE001,2025-08-18,1,8401.52
ORD0003813,CUST00112,PROD00233,STORE024,2025-04-20,3,828.94
ORD0011481,CUST00418,PROD00097,STORE006,2026-03-06,4,16520.75
ORD0003685,CUST00979,PROD00213,STORE005,2025-07-27,3,21992.68
ORD0009450,CUST00320,PROD00043,STORE023,2025-05-15,3,8505.0
ORD0007143,CUST01350,PROD00032,STORE008,2025-07-30,5,7119.1
ORD0008216,CUST00282,PROD00093,STORE008,2025-01-23,4,22856.81
ORD0004143,CUST00966,PROD00074,STORE017,2025-01-15,4,18508.71
ORD0002342,CUST00179,PROD00122,STORE011,2025-11-24,3,17224.13
ORD0004810,CUST00783,PROD00189,STORE001,2025-04-03,5,6634.85
ORD0011302,CUST01229,PROD00211,STORE024,2025-05-23,2,237.28
ORD0001088,CUST00964,PROD00274,STORE004,2026-01-15,2,22640.31
ORD0009715,CUST01108,PROD00081,STORE017,2025-05-30,6,3074.89
ORD0007546,CUST01159,PROD00070,STORE023,2025-05-19,4,3838.08
ORD0001089,CUST01024,PROD00263,STORE006,2026-03-03,2,2018.19
ORD0003846,CUST01355,PROD00125,STORE020,2025-12-04,,21664.06
ORD0010058,CUST00313,PROD00155,STORE005,2025-11-07,3,1294.74
ORD0004932,CUST01284,PROD00086,STORE025,2025-08-07,4,13799.62
ORD0003675,CUST00945,PROD00246,STORE006,2025-11-22,3,7532.11
ORD0007761,CUST00535,PROD00097,STORE020,2025-01-08,3,3738.44
ORD0009022,CUST00082,PROD00111,STORE023,2025-03-25,3,10188.6
ORD0011876,CUST00056,PROD00004,STORE019,2026-04-13,5,8626.31
ORD0001603,CUST00028,PROD00233,STORE009,2026-02-02,2,6103.99
ORD0011550,CUST01248,PROD00242,STORE001,2025-01-18,4,16638.0
ORD0009245,CUST01024,PROD00204,STORE020,2025-09-25,2,1520.72
ORD0010233,CUST00918,PROD00228,STORE010,2026-03-06,2,11189.35
ORD0010153,CUST01327,PROD00144,STORE024,2026-02-23,5,18284.76
ORD0001347,CUST00863,PROD00161,STORE008,2025-11-28,4,24400.23
ORD0006382,CUST01035,,STORE009,2025-12-07,6,7811.52
ORD0005331,CUST00768,PROD00110,STORE006,2025-10-07,3,17492.67
ORD0012253,CUST01355,PROD00248,STORE007,2025-06-29,3,1469.92
ORD0002472,CUST00889,PROD00005,STORE012,2025-09-29,1,3362.25
ORD0004186,CUST00752,PROD00074,STORE002,2026-02-01,4,22371.37
ORD0011420,CUST00545,PROD00173,STORE025,2025-10-13,3,6454.91
ORD0010288,CUST00373,PROD00197,STORE007,2026-04-13,6,17791.03
ORD0002729,CUST00095,PROD00039,STORE004,2025-06-07,2,6512.25
ORD0007820,CUST01328,PROD00157,STORE003,2025-01-08,1,5410.52
ORD0006999,CUST01066,PROD00004,STORE010,2025-04-28,3,317.87
ORD0012289,CUST00934,PROD00281,STORE023,2025-08-22,1,4419.09
ORD0007164,CUST00701,PROD00097,STORE019,2025-05-03,1,21250.94
ORD0006239,CUST00011,PROD00099,STORE009,2025-11-29,1,22335.6
ORD0007769,CUST00046,PROD00179,STORE023,2025-05-21,6,3072.17
ORD0010194,CUST01498,PROD00199,STORE019,2025-12-23,4,15015.39
ORD0008693,CUST01271,PROD00057,STORE016,2025-12-24,4,2042.15
ORD0003465,CUST00423,PROD00203,STORE023,2025-02-02,3,15657.66
ORD0001369,CUST00986,PROD00254,STORE018,2025-02-10,2,5017.71
ORD0000284,CUST00632,PROD00093,STORE004,2026-03-09,1,13405.54
ORD0009799,CUST01146,PROD00193,STORE009,2026-01-16,5,3059.52
ORD0003578,CUST00773,PROD00294,STORE007,2025-03-04,6,17694.56
ORD0006550,CUST00645,PROD00284,STORE008,2025-01-08,1,6680.7
ORD0005364,CUST01353,PROD00013,STORE010,2025-12-17,-1,7549.4
ORD0005986,CUST01421,PROD00197,STORE020,2025-06-16,5,23271.63
ORD0003335,CUST01400,PROD00007,STORE002,2026-03-14,3,11740.41
ORD0009036,CUST00749,PROD00216,STORE016,2025-05-19,4,15341.67
ORD0012488,CUST00035,PROD00267,STORE021,2025-10-28,3,14004.65
ORD0012449,CUST01124,PROD00098,STORE011,2025-09-10,5,2727.35
ORD0010398,CUST01413,PROD00071,STORE007,2025-04-26,3,7471.41
ORD0007308,CUST01432,PROD00127,STORE001,2025-04-10,1,abc
ORD0001259,CUST00702,PROD00032,STORE015,2025-01-22,1,unknown
ORD0009165,CUST00618,PROD00261,STORE022,2025-01-29,5,2268.26
ORD0004235,CUST00122,PROD00015,STORE016,2025-06-12,1,18593.41
ORD0009207,CUST00358,PROD00028,STORE016,2025-09-13,2,11003.33
ORD0007297,CUST01233,PROD00003,STORE019,2025-05-25,1,17076.54
ORD0008402,CUST00495,PROD00005,STORE002,not_a_date,6,16841.09
ORD0010392,CUST00264,PROD00258,STORE001,2025-08-04,6,12164.99
ORD0003604,CUST01158,PROD00234,STORE005,2025-10-23,2,9776.92
ORD0009438,CUST01401,PROD00115,STORE002,2026-03-22,3,20775.67
ORD0006410,CUST00738,PROD00189,STORE010,2025-01-19,3,15499.9
ORD0005674,CUST00803,PROD00095,STORE012,2025-05-09,2,17177.3
ORD0010547,CUST01072,PROD00232,STORE009,2025-02-11,5,8228.82
ORD0007508,CUST01073,PROD00005,STORE012,2025-06-02,4,15209.13
ORD0010430,CUST01119,PROD00275,STORE009,2025-08-05,2,20105.6
ORD0001509,CUST00193,PROD00114,STORE021,2025-11-12,3,22030.43
ORD0005083,CUST00570,PROD00200,STORE011,2025-02-11,6,9259.59
ORD0004610,CUST00448,PROD00091,STORE023,2025-06-10,3,20985.01
ORD0005809,CUST00838,PROD00204,STORE016,2025-09-03,4,8900.25
ORD0004505,CUST01263,PROD00223,STORE007,2025-09-16,6,8412.53
ORD0002256,CUST00340,PROD00175,STORE015,2025-05-29,6,13641.11
ORD0008204,CUST00581,PROD00155,STORE009,2026-02-15,-1,10603.02
ORD0002343,CUST01232,PROD00010,STORE004,2025-10-17,3,9065.99
ORD0006362,CUST00148,PROD00131,STORE009,2025-09-23,4,9079.86
ORD0002308,CUST01301,PROD00211,STORE024,2025-08-22,1,7445.96
ORD0006453,CUST00870,PROD00228,STORE020,2026-03-18,5,3770.39
ORD0011356,CUST00418,PROD00266,STORE021,2025-01-07,1,12354.01
ORD0002851,CUST01413,PROD00153,STORE012,2026-02-15,2,13067.57
ORD0008285,CUST00990,PROD00134,STORE005,2026-04-18,3,18381.22
ORD0004739,CUST00617,PROD00267,STORE011,2025-01-27,4,12610.86
ORD0010522,CUST00176,PROD00117,STORE016,2025-08-09,1,4649.6
ORD0002255,CUST00881,PROD00182,STORE004,2025-01-30,3,21834.29
ORD0002444,CUST01053,PROD00191,STORE018,2025-05-23,5,10073.6
ORD0006006,CUST01402,PROD00026,STORE017,2025-10-04,5,1370.57
ORD0009329,CUST00384,PROD00014,STORE010,2025-08-18,2,16535.55
ORD0010032,CUST00276,PROD00101,STORE014,2025-06-09,5,10649.96
ORD0005142,CUST01017,PROD00061,STORE005,2025-09-05,3,9826.4
ORD0010471,CUST00255,PROD00042,STORE014,2025-05-01,4,2850.94
ORD0011990,CUST00728,PROD00187,STORE015,not_a_date,3,22325.23
ORD0000745,CUST00018,PROD00167,STORE006,2025-01-11,3,12904.16
ORD0010986,CUST00421,PROD00135,STORE011,2025-10-09,1,20813.86
ORD0008733,CUST00337,PROD00215,STORE025,2025-05-14,6,22785.28
ORD0002831,CUST00764,PROD00053,STORE023,2025-06-27,1,23409.91
ORD0005548,CUST00133,PROD00001,STORE010,2025-12-30,1,20976.68
ORD0004517,CUST00162,PROD00067,STORE002,2025-04-17,6,11895.06
ORD0003652,CUST00700,PROD00150,STORE024,2026-02-17,5,23310.31
ORD0002258,CUST00736,PROD00270,STORE017,2025-10-05,2,20764.13
ORD0006036,CUST01153,PROD00266,STORE016,2025-10-31,3,9426.82
ORD0003283,CUST00824,PROD00194,STORE017,2025-10-29,4,10828.03
ORD0011256,CUST01101,PROD00045,STORE016,2025-12-07,4,$6152.63
ORD0000358,CUST01159,PROD00193,STORE020,2025-12-08,5,21779.28
ORD0000139,CUST00829,PROD00007,STORE006,2025-09-17,3,3349.18
ORD0007317,CUST00342,PROD00158,STORE005,2025-04-21,6,14031.36
ORD0010638,CUST00384,PROD00013,STORE017,2026-03-19,2,7533.35
ORD0004022,CUST00425,PROD00300,STORE007,2025-01-17,3,7837.07
ORD0002007,CUST01342,PROD00200,STORE016,2025-01-13,2,4763.1
ORD0005449,CUST00715,PROD00120,STORE011,2025-06-22,4,9431.5
ORD0010305,CUST00784,PROD00201,STORE016,2025-06-22,6,13906.13
ORD0003398,CUST01451,PROD00045,STORE024,2025-10-19,1,426.39
ORD0002542,CUST00214,PROD00268,STORE007,2025-10-20,5,17519.72
ORD0007435,,PROD00020,STORE014,2026-03-10,5,11812.91
ORD0000529,CUST00608,PROD00212,STORE017,2025-08-07,6,7242.26
ORD0000631,CUST01115,PROD00022,STORE017,2025-05-11,1,14450.3
ORD0010225,CUST01392,PROD00155,STORE010,2025-12-23,4,10913.14
ORD0009825,CUST00786,PROD00073,STORE006,2026-01-18,2,15490.67
ORD0008233,CUST01158,PROD00111,STORE006,2026-02-01,3,3835.67
ORD0010479,CUST01170,PROD00196,STORE008,2025-09-06,5,14404.54
ORD0000537,CUST01002,PROD00161,STORE018,2025-10-28,6,4878.58
ORD0001405,CUST00282,PROD00130,STORE013,2025-02-15,2,1055.27
ORD0011907,CUST00063,PROD00080,STORE023,2025-03-26,5,13344.82
ORD0011030,CUST01009,PROD00103,STORE005,,4,10492.32
ORD0003531,CUST00702,PROD00093,STORE022,2026-01-09,4,6046.52
ORD0001627,CUST00072,PROD00102,STORE004,2025-06-27,2,9545.37
ORD0004826,CUST00800,PROD00289,STORE022,2026-02-23,1,24763.66
ORD0002543,CUST01392,PROD00249,STORE024,2025-12-29,5,20990.27
ORD0008897,CUST00836,PROD00169,STORE004,2025-05-14,3,6504.94
ORD0011793,CUST00594,PROD00257,STORE024,2025-12-18,4,4899.27
ORD0011248,CUST00383,PROD00254,STORE008,2025-03-12,3,1050.13
ORD0007580,CUST00216,PROD00171,STORE015,2025-12-07,3,16168.91
ORD0008659,CUST00166,PROD00052,STORE003,2025-03-08,6,14585.05
ORD0011948,CUST01045,PROD00011,STORE003,2025-01-18,4,13585.94
ORD0006129,CUST01398,PROD00257,STORE024,2026-04-08,6,3714.34
ORD0007624,CUST01072,PROD00062,STORE009,2025-07-20,3,15237.91
ORD0006465,,PROD00036,STORE005,2025-05-24,5,19423.46
ORD0002205,CUST01262,PROD00282,STORE011,2025-04-23,1,17517.19
ORD0012415,CUST00851,PROD00123,STORE013,2025-05-23,3,11660.75
ORD0005033,CUST01330,PROD00080,STORE007,2025-06-22,1,1965.03
ORD0001144,CUST01069,PROD00171,STORE019,2025-01-20,2,6837.97
ORD0006476,CUST01435,PROD00228,STORE007,2026-03-03,4,5444.9
ORD0005297,CUST00724,PROD00052,STORE010,2025-07-17,5,18262.36
ORD0011079,CUST01035,PROD00124,STORE023,2025-08-31,6,18703.5
ORD0003345,CUST01334,PROD00197,STORE018,2025-01-09,2,17748.02
ORD0011504,CUST00245,PROD00271,STORE021,2025-11-05,4,3604.3
ORD0010479,CUST01170,PROD00196,STORE008,2025-09-06,5,14404.54
ORD0005187,CUST00626,PROD00213,STORE014,2025-05-06,2,14666.28
ORD0002497,CUST00765,PROD00067,STORE006,2025-04-18,3,7660.22
ORD0011946,CUST01284,PROD00279,STORE007,2025-03-17,2,18805.9
ORD0006770,CUST01109,PROD00265,STORE010,2026-03-11,6,11806.92
ORD0005606,CUST01042,PROD00025,STORE022,2025-09-22,1,14154.23
ORD0000351,CUST01454,PROD00250,STORE025,2025-02-22,3,5732.14
ORD0010220,CUST01314,PROD00298,STORE022,2025-10-02,5,18199.28
ORD0009837,CUST00703,PROD00110,STORE018,2026-01-09,2,11582.17
ORD0002084,CUST01006,PROD00210,STORE018,2025-06-12,2,4205.07
ORD0000615,CUST01019,PROD00222,STORE015,2025-01-07,4,4499.32
ORD0001939,CUST00249,PROD00063,STORE019,2025-02-10,2,19713.53
ORD0009883,CUST00850,PROD00260,STORE007,2026-01-24,6,3054.37
ORD0010083,CUST00758,PROD00243,STORE002,2026-03-24,5,23478.47
ORD0004709,CUST00404,PROD00041,STORE003,2025-04-15,1,9330.19
ORD0004892,CUST01427,PROD00164,STORE018,2025-11-10,1,11065.23
ORD0010858,CUST01029,PROD00052,STORE025,2025-04-09,5,23922.1
ORD0008034,CUST01415,PROD00239,STORE001,2026-04-17,two,9299.28
ORD0004604,CUST00067,PROD00247,STORE017,2025-09-30,1,9458.75
ORD0004317,CUST00832,PROD00211,STORE024,2025-08-09,1,3837.8
ORD0001318,CUST01291,PROD00209,STORE009,2025-01-01,5,13735.79
ORD0002313,CUST01134,PROD00035,STORE012,2025-12-22,6,7528.83
ORD0008060,CUST00205,PROD00273,STORE006,2025-12-10,1,20050.89
ORD0008675,CUST00235,PROD00178,STORE022,2026-03-07,6,24567.48
ORD0000447,CUST01001,PROD00035,STORE006,2026-01-14,5,8285.36
ORD0012028,CUST00882,PROD00002,STORE017,2026-04-18,3,9746.34
ORD0000360,CUST01317,PROD00051,STORE019,2026-01-27,1,3069.21
ORD0008553,CUST00397,PROD00092,STORE001,2025-03-14,2,18084.21
ORD0009071,CUST00439,PROD00042,STORE017,2025-02-12,1,1637.62
ORD0007681,CUST00229,PROD00180,STORE015,2025-09-03,5,11484.18
ORD0009187,CUST01447,PROD00009,STORE016,2025-06-05,3,12641.17
ORD0008283,CUST00875,PROD00134,STORE011,2025-08-18,3,15896.15
ORD0008406,CUST00735,PROD00081,STORE010,2026-03-07,3,13341.25
ORD0006576,CUST01185,PROD00148,STORE007,2025-08-07,4,7542.39
ORD0010307,CUST00233,PROD00067,STORE020,2025-12-17,2,15852.47
ORD0009115,CUST00704,PROD00154,STORE024,2025-11-05,4,8248.11
ORD0002498,CUST00503,PROD00168,STORE010,2025-01-29,4,14244.12
ORD0001328,CUST00194,PROD00206,STORE011,2025-03-26,6,694.98
ORD0004642,CUST00926,PROD00284,STORE017,2026-02-07,2,19827.74
ORD0008266,CUST00462,PROD00182,STORE024,2026-04-22,3,4090.12
ORD0003163,CUST00305,PROD00002,STORE004,2025-10-08,2,13455.12
ORD0010267,CUST01109,PROD00256,STORE011,2025-09-17,1,18015.25
ORD0000367,CUST00722,PROD00128,STORE009,2025-06-16,4,19625.19
ORD0010897,CUST01359,PROD00180,STORE013,2025-06-22,3,13452.04
ORD0010977,CUST00875,PROD00137,STORE022,2025-12-21,3,1401.37
ORD0009794,CUST00321,PROD00247,STORE003,2025-07-22,5,11680.32
ORD0006746,CUST00020,PROD00048,STORE024,2025-05-19,3,1506.62
ORD0007966,CUST00712,PROD00054,STORE010,2025-01-03,2,11340.26
ORD0007216,CUST01282,PROD00112,STORE024,2025-10-04,4,13301.95
ORD0009124,CUST00384,PROD00252,STORE021,2025-07-19,1,15207.62
ORD0006646,CUST00065,PROD00027,STORE024,2025-08-08,1,3843.85
ORD0001077,CUST00644,PROD00184,STORE023,2026-04-14,2,5185.07
ORD0003701,CUST01441,PROD00029,STORE014,2025-07-28,3,21084.31
ORD0000180,CUST00822,PROD00282,STORE014,2025-08-03,3,18819.33
ORD0003304,CUST01146,PROD00027,STORE022,2025-09-20,4,abc
ORD0003401,CUST00101,PROD00104,STORE006,2025-11-27,2,908.06
ORD0010654,CUST00100,PROD00052,STORE011,2025-09-28,3,23934.78
ORD0004350,CUST00109,PROD00004,STORE018,2025-03-14,6,14664.07
ORD0004077,CUST00433,PROD00226,STORE010,2026-02-07,1,23537.77
ORD0006913,CUST00246,PROD00297,STORE006,2025-08-25,4,20396.66
ORD0003309,CUST01451,PROD00251,STORE015,2026-01-24,3,13175.89
ORD0011423,CUST00479,PROD00279,STORE002,2025-12-18,3,19437.22
ORD0000953,CUST00303,PROD00227,STORE003,2025-10-07,4,18064.86
ORD0001890,CUST00672,PROD00251,STORE012,2025-02-04,5,2238.23
ORD0001622,CUST00075,PROD00013,STORE005,2025-04-02,4,21429.92
ORD0005468,CUST00344,PROD00012,STORE009,2025-03-14,1,12851.38
ORD0007012,CUST00967,PROD00082,STORE014,2025-09-29,6,17189.88
ORD0002360,CUST00607,PROD00154,STORE017,2025-01-16,3,18843.81
ORD0005166,CUST00330,PROD00070,STORE007,2026-03-22,6,5587.25
ORD0004876,CUST00619,PROD00172,STORE011,2025-03-25,3,10493.21
ORD0004474,CUST01239,PROD00044,STORE020,2025-02-19,3,5001.99
ORD0007689,CUST01183,PROD00221,STORE016,2026-01-13,4,4431.47
ORD0004952,CUST01007,PROD00122,STORE016,2025-05-14,2,3645.57
ORD0004324,CUST00854,PROD00223,STORE025,2025-01-19,5,5736.19
ORD0010372,CUST01473,PROD00014,STORE015,2026-04-06,2,7743.57
ORD0006507,CUST00012,PROD00228,STORE013,2025-08-13,6,13543.49
ORD0003138,CUST00585,PROD00133,STORE007,2025-12-29,1,13105.23
ORD0006570,CUST01253,PROD00104,STORE002,2025-12-12,5,23401.48
ORD0001299,CUST00478,PROD00293,STORE015,2025-01-06,5,9438.91
ORD0002170,CUST00919,PROD00214,STORE014,2025-08-17,3,3532.25
ORD0003595,CUST01486,PROD00232,STORE011,2025-05-16,4,22419.0
ORD0012298,CUST01356,PROD00300,STORE022,2025-11-10,3,3109.69
ORD0011640,CUST00924,PROD00242,STORE005,2025-01-25,3,13922.33
ORD0011647,CUST00539,PROD00059,STORE019,2025-05-18,1,4457.94
ORD0002944,CUST01384,PROD00296,STORE013,2025-09-18,1,23682.87
ORD0012376,CUST00143,PROD00190,STORE008,2025-11-12,6,201.84
ORD0000725,CUST00421,PROD00191,STORE005,2026-03-05,6,2072.32
ORD0010473,CUST00814,PROD00187,STORE020,2026-01-18,5,13553.66
ORD0011858,CUST00541,PROD00089,STORE025,2025-08-03,1,23720.42
ORD0006527,CUST00339,PROD00176,STORE025,2025-02-01,4,19970.29
ORD0010077,CUST01070,PROD00131,STORE010,2025-12-14,1,5938.35
ORD0012237,CUST00838,PROD00211,STORE011,2025-02-09,5,23877.42
ORD0011046,CUST01122,PROD00241,STORE007,2025-04-18,4,21002.67
ORD0004485,CUST01019,PROD00068,STORE007,2025-03-17,1,17962.44
ORD0008744,CUST01106,PROD00295,STORE022,2025-09-24,2,4306.27
ORD0000748,CUST00753,PROD00294,STORE009,2025-03-31,4,6257.85
ORD0008722,CUST00960,PROD00087,STORE007,2026-02-26,6,22151.57
ORD0008020,CUST00863,PROD00208,STORE006,2025-02-09,5,12508.5
ORD0006475,CUST01024,PROD00120,STORE001,2025-12-28,2,23601.44
ORD0008108,CUST01020,PROD00224,STORE014,2025-12-06,5,9048.83
ORD0003946,CUST01038,PROD00223,STORE006,2025-10-06,4,11216.24
ORD0005918,CUST01457,PROD00194,STORE007,2026-02-28,5,5872.78
ORD0007169,CUST00788,PROD00177,STORE024,2025-04-23,4,13727.18
ORD0001614,CUST01036,PROD00236,STORE009,2025-11-30,3,21126.92
ORD0005159,CUST00163,PROD00184,STORE016,2025-06-04,6,12321.35
ORD0001479,CUST00496,PROD00173,STORE005,2025-07-27,4,13319.0
ORD0006797,CUST00839,PROD00241,STORE002,2025-06-25,5,24231.41
ORD0001726,CUST01334,PROD00161,STORE023,2025-10-19,6,22445.08
ORD0009516,CUST00536,PROD00165,STORE011,2025-01-02,3,8441.04
ORD0004467,CUST00681,PROD00257,STORE002,2025-12-21,4,20718.24
ORD0004661,CUST00710,PROD00153,STORE017,2025-04-22,3,17764.09
ORD0000604,CUST01367,PROD00128,STORE003,2025-01-01,5,2815.45
ORD0006656,CUST01406,PROD00102,STORE002,2025-04-12,4,19377.17
ORD0001286,CUST01211,PROD00149,STORE019,2025-11-09,5,22812.45
ORD0004407,CUST01106,PROD00258,STORE008,2026-02-22,4,6944.96
ORD0010257,CUST00208,PROD00154,STORE008,2025-07-07,2,12828.45
ORD0011779,CUST01129,PROD00157,STORE004,2025-05-05,1,17718.88
ORD0009122,CUST01392,PROD00177,STORE017,2025-07-13,6,11984.38
ORD0008761,CUST00394,PROD00175,STORE023,2025-06-23,2,23309.41
ORD0008578,CUST01294,PROD00185,STORE005,2025-09-25,1,14557.14
ORD0002132,CUST00601,PROD00100,STORE025,2025-07-22,2,5450.19
ORD0000432,CUST00099,PROD00274,STORE001,2025-07-17,1,24174.19
ORD0008827,CUST01123,PROD00282,STORE004,2026-02-06,2,3937.46
ORD0002582,CUST00093,PROD00171,STORE024,2026-01-12,1,13582.85
ORD0002693,CUST00731,PROD00196,STORE020,2025-10-26,6,8471.15
ORD0000034,CUST01093,PROD00260,STORE008,2025-09-12,4,577.73
ORD0012450,CUST01039,PROD00049,STORE001,2025-11-26,3,3961.47
ORD0008408,CUST00240,PROD00033,STORE015,2025-05-02,3,3179.76
ORD0009972,,PROD00237,STORE009,2025-05-20,1,8865.92
ORD0009912,CUST00331,PROD00228,STORE024,2025-12-18,4,24488.97
ORD0008084,CUST01393,PROD00058,STORE021,2025-12-21,6,23777.23
ORD0008643,CUST00106,PROD00191,STORE009,2025-09-29,5,11515.36
ORD0009991,CUST01082,PROD00082,STORE008,2025-09-14,3,14276.97
ORD0007017,CUST00119,PROD00285,STORE005,2025-11-27,2,19710.61
ORD0011071,CUST01226,PROD00217,STORE025,2025-04-26,4,23278.12
ORD0011546,CUST00096,PROD00031,STORE019,2025-06-27,1,19446.51
ORD0004743,CUST00111,PROD00181,STORE011,2025-03-09,1,21265.78
ORD0011817,CUST00938,PROD00208,STORE014,2025-02-22,6,20627.0
ORD0005430,CUST01001,PROD00087,STORE008,2026-04-15,6,21121.93
ORD0005254,CUST00081,PROD00008,STORE002,2025-01-31,5,1228.18
ORD0002601,CUST01070,PROD00067,STORE020,2025-09-24,3,19699.69
ORD0000331,CUST00170,PROD00259,STORE006,2026-03-30,4,20527.66
ORD0005808,CUST00121,PROD00024,STORE010,2025-02-20,1,5144.31
ORD0008276,CUST00252,PROD00179,STORE013,2026-03-29,3,5978.61
ORD0007908,CUST00342,PROD00213,STORE015,2025-04-16,1,8354.21
ORD0003277,CUST00983,PROD00005,STORE008,2026-04-09,5,10758.96
ORD0002261,,PROD00247,STORE005,2025-03-28,6,14674.85
ORD0010092,CUST01358,PROD00263,STORE012,2026-03-14,2,8678.25
ORD0010319,CUST00216,PROD00290,STORE017,2025-04-06,5,15494.85
ORD0011725,CUST00455,PROD00296,STORE004,2025-06-24,5,12088.44
ORD0008711,CUST00157,PROD00180,STORE016,2025-08-06,2,4816.56
ORD0010935,CUST00967,PROD00074,STORE012,2025-03-10,5,21419.57
ORD0011217,CUST00047,PROD00188,STORE010,2026-01-13,6,9641.59
ORD0011569,CUST00216,PROD00283,STORE018,2025-03-12,4,13853.27
ORD0005074,CUST01023,PROD00136,STORE019,2025-06-22,4,18188.83
ORD0002363,CUST01293,PROD00142,STORE003,2025-01-02,1,10560.87
ORD0005841,CUST00818,PROD00127,STORE011,not_a_date,4,770.15
ORD0009713,CUST00204,PROD00086,STORE012,2025-01-23,6,3446.24
ORD0009874,CUST00639,PROD00065,STORE019,00/00/0000,5,21377.61
ORD0012096,CUST00530,PROD00157,STORE019,2026-03-20,4,15708.21
ORD0001533,CUST00493,PROD00215,STORE022,2026-03-29,2,19963.89
ORD0002053,CUST01138,PROD00190,STORE023,2025-03-14,3,8343.69
ORD0002072,CUST00111,PROD00044,STORE005,2025-03-15,5,6171.23
ORD0005708,CUST01007,PROD00280,STORE018,2025-08-29,3,8088.32
ORD0007104,CUST00568,PROD00029,STORE015,2026-03-23,3,24506.55
ORD0009606,CUST01099,PROD00005,STORE014,2026-02-10,6,12120.8
ORD0000313,CUST01106,PROD00188,STORE020,2025-09-02,6,17950.44
ORD0002464,CUST00800,PROD00038,STORE020,2025-05-05,5,8573.12
ORD0009409,CUST01325,PROD00060,STORE006,2025-08-03,6,11080.9
ORD0005609,CUST00084,PROD00014,STORE003,2026-04-01,5,16837.34
ORD0006110,CUST01016,PROD00085,STORE011,2025-12-18,1,7644.54
ORD0003450,CUST01159,PROD00106,STORE012,2025-04-05,6,12682.27
ORD0000596,CUST00060,PROD00229,STORE020,2026-01-30,6,16845.38
ORD0001965,CUST00210,PROD00135,STORE021,2025-08-21,3,16959.34
ORD0007034,CUST00972,PROD00150,STORE003,2025-10-08,6,10410.18
ORD0010692,CUST00663,PROD00187,STORE012,2025-02-18,3,1375.59
ORD0006993,CUST01375,PROD00067,STORE010,2026-02-17,3,23707.9
ORD0011938,CUST00472,PROD00299,STORE011,2025-12-29,-1,6225.75
ORD0006950,CUST00220,PROD00129,STORE008,2025-03-20,5,16953.18
ORD0000137,CUST00368,PROD00084,STORE013,2025-02-24,6,13006.11
ORD0012139,CUST01002,PROD00020,STORE002,2025-09-26,3,10351.27
ORD0010147,CUST00342,PROD00103,STORE017,2026-01-21,2,19143.28
ORD0005427,CUST00780,PROD00232,STORE017,2026-04-22,3,4223.58
ORD0001584,CUST01217,PROD00051,STORE024,2025-03-17,5,23268.08
ORD0006513,CUST01013,PROD00222,STORE001,2026-03-22,1,17242.12
ORD0003582,CUST01160,PROD00297,STORE001,2026-01-24,2,8571.04
ORD0008884,CUST01494,PROD00037,STORE003,2025-08-29,2,$1374.26
ORD0008808,CUST00680,PROD00267,STORE010,2025-03-24,2,6507.89
ORD0003879,CUST00500,PROD00076,STORE008,2026-01-01,two,16710.67
ORD0010086,CUST00700,PROD00144,STORE008,2026-04-11,6,7714.74
ORD0010901,CUST00010,PROD00246,STORE007,2025-11-02,1,17605.69
ORD0005694,CUST00582,PROD00256,STORE010,2025-02-16,5,2156.29
ORD0003127,CUST00637,PROD00172,STORE002,2025-11-12,6,8348.76
ORD0008206,CUST00652,PROD00082,STORE011,2025-09-19,2,17627.29
ORD0009850,CUST00828,PROD00258,STORE010,2025-07-11,6,13239.22
ORD0005145,CUST01203,PROD00059,STORE012,2025-06-06,2,3675.26
ORD0010682,,PROD00023,STORE004,2025-06-06,3,1503.46
ORD0000630,CUST00422,PROD00203,STORE003,2025-09-14,4,22035.97
ORD0003629,CUST00294,PROD00272,STORE001,2025-08-16,3,6302.4
ORD0004233,CUST01224,PROD00204,STORE013,2026-03-17,6,15174.21
ORD0003878,CUST00649,PROD00034,STORE014,2025-01-08,4,10948.45
ORD0011653,CUST01082,PROD00191,STORE024,2025-04-15,3,1287.18
ORD0000614,CUST00442,PROD00034,STORE013,2026-13-40,6,9529.01
ORD0002111,CUST00335,PROD00032,STORE023,2025-08-17,2,2760.11
ORD0005991,CUST00890,PROD00280,STORE018,2025-09-13,3,2032.2
ORD0005138,CUST00989,PROD00103,STORE013,2025-09-18,3,1846.56
ORD0003664,CUST00922,PROD00002,STORE009,2025-04-12,5,16239.01
ORD0003410,CUST01419,PROD00175,STORE002,2025-05-12,6,14552.36
ORD0000376,CUST01435,PROD00287,STORE010,2025-07-23,5,13525.62
ORD0011957,CUST01160,PROD00170,STORE009,2025-12-24,2,17025.64
ORD0006193,CUST00358,PROD00168,STORE009,2025-10-31,1,2936.52
ORD0004596,CUST00789,PROD00133,STORE019,2025-08-15,6,6737.18
ORD0007797,CUST01008,PROD00092,STORE003,2025-09-09,1,17548.61
ORD0004966,CUST00610,PROD00281,STORE012,2025-01-20,6,2453.09
ORD0008542,CUST00919,PROD00237,STORE004,2025-08-26,6,22123.82
ORD0006073,CUST01133,PROD00231,STORE001,2025-09-24,2,12165.1
ORD0006454,CUST01341,PROD00157,STORE022,2025-12-20,6,12849.01
ORD0004294,CUST01304,PROD00173,STORE015,2026-01-13,4,23808.16
ORD0006361,CUST01104,PROD00027,STORE013,2025-10-20,6,12047.06
ORD0010081,CUST01112,PROD00072,STORE007,2026-03-17,3,20146.12
ORD0008663,CUST00758,PROD00084,STORE008,2026-01-29,4,13420.18
ORD0009236,CUST00958,PROD00145,STORE023,2026-01-04,1,23175.89
ORD0006538,CUST00125,PROD00076,STORE006,2025-07-04,3,21846.33
ORD0011035,CUST00643,PROD00059,STORE023,2025-11-17,3,16729.7
ORD0009048,CUST01285,,STORE009,2025-09-02,3,14060.77
ORD0010854,CUST00724,PROD00103,STORE023,2025-05-26,2,21825.29
ORD0005849,CUST00854,PROD00046,STORE013,2025-02-09,3,17128.59
ORD0006329,CUST00280,PROD00274,STORE009,2025-10-11,4,12108.93
ORD0007935,CUST00467,PROD00297,STORE006,2025-07-28,6,3725.43
ORD0000956,CUST01362,PROD00013,STORE024,2025-03-26,1,2228.3
ORD0008369,CUST01083,PROD00056,STORE021,2025-04-19,4,20967.55
ORD0005271,CUST00262,PROD00167,STORE003,2025-06-30,6,6749.3
ORD0007826,CUST00991,PROD00005,STORE024,2025-12-25,3,3688.37
ORD0009408,CUST00354,PROD00168,STORE011,2025-02-13,5,13675.15
ORD0005828,CUST00234,PROD00211,STORE019,2025-04-25,3,5648.18
ORD0011242,CUST00768,PROD00056,STORE004,2025-03-29,5,3541.81
ORD0012454,CUST00809,PROD00047,STORE010,2025-01-31,3,7524.42
ORD0010041,CUST01249,PROD00148,STORE022,2026-04-03,2,19998.89
ORD0007862,CUST00732,PROD00196,STORE015,2025-01-27,6,3310.38
ORD0000168,CUST01109,PROD00200,STORE016,2025-06-24,5,462.3
ORD0006948,CUST00032,PROD00298,STORE019,2025-03-03,2,12938.84
ORD0011328,CUST01461,PROD00270,STORE007,2025-05-26,4,15022.51
ORD0002938,CUST01000,PROD00205,STORE025,2025-07-22,6,11214.89
ORD0004641,CUST00379,PROD00264,STORE002,2025-03-02,5,395.79
ORD0000635,CUST00449,PROD00296,STORE012,2026-01-20,6,10288.76
ORD0009676,CUST00325,PROD00059,STORE022,2025-03-28,3,21088.43
ORD0006621,CUST00202,PROD00121,STORE021,2026-01-01,6,11074.28
ORD0002487,CUST00832,PROD00081,STORE006,2025-07-09,5,19885.92
ORD0001799,CUST00823,PROD00145,STORE013,2026-01-17,6,7873.19
ORD0000289,CUST00428,PROD00195,STORE002,2025-04-12,4,11047.89
ORD0007474,CUST00916,PROD00261,STORE021,2025-11-16,5,9225.49
ORD0008718,CUST00997,PROD00109,STORE013,2026-03-23,5,1051.62
ORD0000137,CUST00368,PROD00084,STORE013,2025-02-24,6,13006.11
ORD0012288,CUST00608,PROD00200,STORE003,2026-01-17,1,22474.22
ORD0006591,CUST00645,PROD00245,STORE024,2025-08-07,5,15208.48
ORD0011884,CUST00496,PROD00047,STORE014,2025-08-11,5,16121.85
ORD0000976,CUST01139,PROD00271,STORE024,2026-01-11,1,6650.95
ORD0002606,CUST00430,PROD00051,STORE015,2025-07-16,2,17539.88
ORD0005883,CUST01490,PROD00283,STORE016,2026-04-15,4,6478.63
ORD0002394,CUST00978,PROD00205,STORE018,2025-09-11,5,11680.18
ORD0008820,CUST01418,PROD00137,STORE023,2026-01-14,2,17529.13
ORD0007427,CUST00258,PROD00208,STORE021,2025-12-11,4,174.08
ORD0009950,CUST00813,PROD00181,STORE004,2025-08-06,2,23216.4
ORD0010890,CUST00859,PROD00058,STORE023,2026-01-03,2,382.45
ORD0002087,CUST00794,PROD00180,STORE023,2026-03-15,4,23824.68
ORD0001285,CUST00375,PROD00108,STORE024,2025-12-09,6,24180.97
ORD0004593,CUST00105,PROD00087,STORE013,2025-07-22,2,3886.96
ORD0005417,CUST01244,PROD00053,STORE005,2025-09-09,1,13043.99
ORD0002144,CUST00600,PROD00258,STORE003,2025-06-04,2,736.09
ORD0003610,CUST00840,PROD00281,STORE016,2026-03-18,1,15676.17
ORD0004519,CUST00389,PROD00053,STORE012,2025-03-07,6,3536.16
ORD0001346,CUST01221,PROD00276,STORE025,2025-04-17,5,20216.47
ORD0008924,CUST01381,PROD00175,STORE022,2025-10-10,1,21000.59
ORD0010127,CUST00752,PROD00239,STORE001,2026-03-21,3,20350.7
ORD0005091,CUST00470,PROD00234,STORE007,2026-01-02,6,19720.29
ORD0001867,CUST01477,PROD00010,STORE021,2025-03-24,1,13340.86
ORD0007827,CUST00757,PROD00292,STORE024,2026-01-03,2,unknown
ORD0010783,CUST00737,PROD00103,STORE006,2025-08-13,6,11205.32
ORD0003663,CUST00259,PROD00122,STORE008,2025-10-17,6,3862.46
ORD0005203,CUST00870,PROD00157,STORE021,2025-03-28,4,10609.49
ORD0008683,CUST00272,PROD00120,STORE018,2025-04-03,1,20893.47
ORD0010192,CUST00544,PROD00250,STORE016,2026-01-29,6,4580.64
ORD0002302,CUST01447,PROD00137,STORE003,2025-01-02,6,450.39
ORD0005904,CUST01435,PROD00064,STORE017,2026-01-19,4,20973.78
ORD0004398,CUST00850,PROD00150,STORE025,2025-07-07,6,16474.78
ORD0011659,CUST00306,PROD00224,STORE018,2025-02-11,2,20689.14
ORD0011331,CUST00238,PROD00028,STORE016,2025-09-02,5,23586.17
ORD0007537,CUST01252,PROD00259,STORE004,2026-03-18,2,20890.74
ORD0011867,CUST00694,PROD00006,STORE014,2025-10-13,2,12215.45
ORD0001185,CUST00210,PROD00201,STORE002,2026-01-03,5,21745.4
ORD0009749,CUST00615,PROD00262,STORE021,2025-11-15,4,4856.19
ORD0012427,CUST00651,PROD00189,STORE016,2025-10-16,5,7165.34
ORD0005761,CUST00814,PROD00022,STORE017,2025-06-27,6,13501.88
ORD0000370,CUST00353,PROD00256,STORE003,2025-10-03,3,8892.35
ORD0011205,CUST01408,PROD00227,STORE019,2025-10-17,2,20593.23
ORD0009789,CUST01189,PROD00036,STORE013,2025-12-22,2,23841.79
ORD0001680,CUST00049,PROD00179,STORE016,2025-05-25,4,6916.34
ORD0005592,CUST00324,PROD00006,STORE025,2025-07-22,5,15502.47
ORD0009153,CUST00011,PROD00007,STORE023,2025-08-16,1,5411.43
ORD0010205,CUST01280,PROD00237,STORE007,2026-04-06,3,7607.42
ORD0003817,CUST00592,PROD00046,STORE006,2025-06-03,6,10202.33
ORD0007151,CUST00150,PROD00126,STORE024,2025-08-26,3,19399.27
ORD0004906,,PROD00064,STORE008,2026-03-31,6,9731.79
ORD0007794,CUST01257,PROD00189,STORE001,2026-04-17,5,19117.96
ORD0011103,CUST01036,PROD00228,STORE020,2025-08-25,6,9063.14
ORD0007536,CUST00202,PROD00138,STORE025,2025-11-01,1,789.65
ORD0011699,CUST00397,PROD00218,STORE010,2025-02-07,3,10463.0
ORD0001179,CUST00050,PROD00273,STORE006,2025-12-28,4,10190.03
ORD0010875,CUST00410,PROD00204,STORE003,2026-02-28,3,6797.76
ORD0012365,CUST00566,PROD00202,STORE020,2025-08-11,5,21988.2
ORD0011706,CUST00887,PROD00249,STORE024,2025-01-09,2,4590.92
ORD0010487,CUST01196,PROD00093,STORE020,2026-04-15,3,395.76
ORD0003372,CUST00188,PROD00281,STORE023,2025-04-11,1,18348.64
ORD0010356,CUST00625,PROD00230,STORE022,2025-03-18,4,5442.25
ORD0010837,CUST01061,PROD00114,STORE019,2025-02-28,3,4447.69
ORD0002880,CUST00734,PROD00004,STORE006,2025-02-18,2,1270.32
ORD0003499,CUST00716,PROD00283,STORE001,2026-02-07,6,18784.44
ORD0003405,CUST01469,PROD00023,STORE011,2026-03-29,6,24896.86
ORD0006367,CUST00349,PROD00185,STORE014,2026-04-04,1,7159.04
ORD0001284,CUST00546,PROD00128,STORE008,2025-08-12,2,19090.55
ORD0003379,CUST01314,PROD00183,STORE012,2025-02-02,2,21247.03
ORD0008451,CUST00431,PROD00163,STORE019,2025-01-03,4,1394.59
ORD0011554,CUST00013,PROD00170,STORE024,2025-11-27,5,15803.86
ORD0001598,CUST00162,PROD00091,STORE011,not_a_date,3,9342.99
ORD0008162,CUST01231,PROD00134,STORE007,2025-11-22,5,8750.31
ORD0009687,CUST00258,PROD00290,STORE003,2025-04-09,4,12085.15
ORD0006207,CUST00226,PROD00192,STORE022,2025-05-16,4,14580.06
ORD0000536,CUST00924,PROD00184,STORE024,2025-06-03,4,9355.52
ORD0000301,CUST00080,PROD00032,STORE020,2025-12-05,2,21678.67
ORD0002262,CUST00743,,STORE007,2026-01-13,6,21891.16
ORD0001913,CUST00060,PROD00019,STORE004,2025-10-11,1,13376.81
ORD0000934,CUST00614,PROD00222,STORE005,2026-04-07,6,1722.21
ORD0006604,CUST00661,PROD00258,STORE001,2025-02-08,4,13716.4
ORD0001992,CUST01177,PROD00209,STORE007,2025-02-10,2,4559.78
ORD0008317,CUST00500,PROD00233,STORE002,2026-03-01,1,12565.74
ORD0003899,CUST00933,PROD00293,STORE007,2025-09-08,5,20789.87
ORD0009033,CUST01363,PROD00234,STORE006,2025-04-21,1,16843.55
ORD0003133,CUST01245,PROD00125,STORE013,2026-03-16,3,9251.75
ORD0004813,CUST00328,PROD00211,STORE001,2026-03-02,2,24458.1
ORD0006250,CUST00251,PROD00130,STORE016,2025-12-04,3,21959.61
ORD0004534,CUST01244,PROD00131,STORE007,2026-04-16,4,11012.06
ORD0001848,CUST00592,PROD00235,STORE017,2025-07-24,6,8682.56
ORD0001531,CUST00924,PROD00166,STORE019,2025-10-31,2,2330.01
ORD0001011,CUST00146,PROD00064,STORE017,2025-05-27,6,19330.91
ORD0006908,CUST00595,PROD00199,STORE024,2025-01-31,3,16124.4
ORD0005610,CUST00072,PROD00231,STORE007,2025-06-13,5,12735.73
ORD0001424,CUST00758,PROD00143,STORE011,2025-08-13,6,14769.91
ORD0002661,CUST01445,PROD00156,STORE021,2025-04-27,2,24898.85
ORD0011388,CUST00315,PROD00091,STORE007,2025-04-05,6,8145.02
ORD0008347,CUST01453,PROD00223,STORE021,2025-11-03,3,21131.91
ORD0012078,CUST00415,PROD00182,STORE014,2025-01-27,1,15084.69
ORD0009741,CUST00279,PROD00087,STORE020,2025-07-19,6,2917.38
ORD0000806,CUST00197,PROD00255,STORE020,2025-01-17,2,17272.45
ORD0006995,CUST00135,PROD00240,STORE007,2025-01-18,3,17358.17
ORD0010497,CUST00328,PROD00245,STORE008,2025-10-09,1,2093.45
ORD0010012,CUST00585,PROD00068,STORE024,2025-10-01,two,21645.74
ORD0012335,CUST00718,PROD00069,STORE009,2025-05-08,5,14469.18
ORD0000619,CUST00004,PROD00023,STORE019,2025-12-26,4,14039.77
ORD0007505,,PROD00019,STORE015,2025-08-24,6,18465.74
ORD0012186,CUST00860,PROD00004,STORE019,2025-08-29,5,12457.96
ORD0010015,CUST01103,PROD00279,STORE001,2025-07-26,4,7229.74
ORD0010592,CUST00155,PROD00263,STORE010,2025-09-10,1,7513.0
ORD0000624,CUST00958,PROD00178,STORE025,2025-12-11,3,3818.68
ORD0000947,CUST01460,PROD00070,STORE002,2026-03-25,5,4617.85
ORD0008507,CUST00804,PROD00267,STORE014,2025-11-07,5,24283.47
ORD0007351,CUST00592,PROD00235,STORE013,2025-01-28,2,23823.25
ORD0008894,CUST01130,PROD00240,STORE013,2026-02-25,4,23563.33
ORD0006197,CUST01230,PROD00138,STORE015,2025-09-01,5,abc
ORD0004035,CUST01134,PROD00028,STORE010,2025-08-03,3,10486.54
ORD0009506,CUST00657,PROD00007,STORE015,2025-06-05,2,15616.82
ORD0001545,CUST01139,PROD00265,STORE002,2026-01-31,6,1401.05
ORD0006016,CUST00303,PROD00080,STORE023,2025-03-29,4,23008.95
ORD0001027,CUST00870,PROD00288,STORE021,2025-09-26,2,15586.29
ORD0007140,CUST00998,PROD00126,STORE022,2025-07-08,2,16015.25
ORD0005969,CUST00791,PROD00138,STORE024,,4,18766.73
ORD0002065,,PROD00184,STORE021,2025-03-23,2,10377.91
ORD0004282,CUST00523,PROD00146,STORE020,2025-10-22,6,9771.87
ORD0004990,CUST00935,PROD00115,STORE009,2026-04-06,1,13532.99
ORD0010154,CUST00668,PROD00048,STORE009,2025-09-25,2,16535.98
ORD0012251,CUST01392,PROD00160,STORE017,2025-04-25,3,14879.15
ORD0001935,CUST00871,PROD00217,STORE019,2026-02-09,2,5642.13
ORD0002697,CUST00704,PROD00033,STORE024,2026-03-02,6,24472.43
ORD0007469,CUST00054,PROD00268,STORE022,2025-10-22,6,14247.4
ORD0009718,CUST01004,PROD00087,STORE020,2025-11-11,6,6772.29
ORD0010362,CUST00918,PROD00130,STORE012,2026-01-05,1,23110.67
ORD0008700,CUST00900,PROD00249,STORE019,2025-01-29,5,20278.81
ORD0005885,CUST00746,PROD00186,STORE016,2025-07-23,3,8116.78
ORD0000223,CUST00415,PROD00187,STORE022,2025-02-20,1,10052.51
ORD0008136,CUST00053,PROD00290,STORE018,2026-04-21,5,17992.05
ORD0010934,CUST00408,PROD00046,STORE022,2025-02-26,5,19677.93
ORD0002612,CUST00313,PROD00121,STORE005,2025-04-23,4,18164.58
ORD0003082,CUST00427,PROD00186,STORE021,2025-07-10,3,6440.83
ORD0008677,CUST01222,PROD00175,STORE009,2025-01-19,1,11435.48
ORD0006286,CUST00681,PROD00072,STORE018,2026-03-27,2,19495.9
ORD0006165,CUST00573,PROD00277,STORE001,2025-03-11,2,6350.84
ORD0007662,CUST00480,PROD00157,STORE019,2026-01-23,6,24220.89
ORD0000414,CUST00387,PROD00256,STORE006,2025-06-26,5,5576.59
ORD0000288,CUST00282,PROD00226,STORE004,2026-03-21,4,781.78
ORD0006326,CUST00419,PROD00136,STORE018,2025-03-05,6,2662.78
ORD0011878,CUST00698,PROD00244,STORE013,2025-09-21,2,16756.95
ORD0009691,CUST00240,PROD00266,STORE006,2025-09-02,6,10304.23
ORD0001250,CUST00632,PROD00034,STORE012,2026-02-03,4,14814.55
ORD0004104,CUST00517,PROD00243,STORE006,2025-02-10,1,6666.92
ORD0011369,CUST01290,PROD00007,STORE010,2025-09-21,5,19692.56
ORD0010951,CUST01164,PROD00263,STORE017,2025-07-03,3,19420.99
ORD0000175,CUST01279,PROD00181,STORE019,2026-01-27,4,10472.52
ORD0004331,CUST01225,PROD00262,STORE006,2025-10-28,5,2708.63
ORD0009693,CUST00098,PROD00107,STORE006,2026-01-11,2,8045.26
ORD0012079,CUST00156,PROD00134,STORE017,00/00/0000,1,10145.98
ORD0006212,CUST00792,PROD00205,STORE008,2025-02-18,2,3056.74
ORD0010590,CUST01492,PROD00221,STORE022,2025-12-20,3,24404.9
ORD0012238,CUST00645,PROD00107,STORE020,2025-07-13,2,23798.23
ORD0008378,CUST00814,PROD00290,STORE010,2025-07-31,2,11244.75
ORD0003875,CUST00985,PROD00197,STORE003,2026-01-03,6,15797.87
ORD0009158,CUST00337,PROD00073,STORE007,2025-06-18,6,5997.5
ORD0012229,CUST01328,PROD00232,STORE014,2025-02-16,2,9008.07
ORD0006127,CUST00855,PROD00171,STORE002,2025-02-23,3,6672.93
ORD0008750,CUST00210,PROD00084,STORE017,2025-11-13,5,16878.84
ORD0002032,CUST00413,PROD00202,STORE020,2026-03-03,6,15689.38
ORD0011668,CUST01208,PROD00076,STORE022,2025-06-27,2,3118.18
ORD0003128,CUST01209,PROD00277,STORE005,2025-12-27,2,$22872.33
ORD0000469,CUST00932,PROD00246,STORE005,2025-07-04,4,13480.9
ORD0011105,CUST01414,PROD00152,STORE021,2025-10-30,1,687.65
ORD0000049,CUST01075,PROD00250,STORE005,2025-08-03,6,21874.24
ORD0003366,CUST01002,PROD00282,STORE020,2025-11-15,3,8691.62
ORD0004755,CUST00975,PROD00217,STORE014,2025-04-06,6,24878.32
ORD0011185,CUST00449,PROD00139,STORE007,2025-04-30,5,6689.14
ORD0003301,CUST00877,PROD00089,STORE025,2025-06-04,4,21882.43
ORD0002062,CUST00915,PROD00148,STORE001,2025-07-20,2,24030.16
ORD0010235,CUST01397,PROD00234,STORE001,2025-06-14,6,20340.77
ORD0005104,CUST00328,PROD00233,STORE022,2026-03-01,3,15222.45
ORD0009576,CUST00168,PROD00014,STORE006,2025-10-13,6,23109.19
ORD0006074,CUST00684,PROD00115,STORE015,2025-10-13,5,21953.9
ORD0000042,CUST00309,PROD00019,STORE011,2025-07-28,6,14198.01
ORD0006977,CUST00487,PROD00220,STORE024,2026-01-09,2,11119.7
ORD0007873,CUST00069,PROD00029,STORE019,2025-03-02,2,24784.2
ORD0004777,CUST01404,PROD00224,STORE018,2025-10-24,4,1185.48
ORD0008912,CUST00437,,STORE006,2025-09-24,3,20797.04
ORD0001750,CUST01231,PROD00094,STORE009,2025-11-24,1,9749.99
ORD0008966,CUST00796,PROD00178,STORE013,2025-12-15,6,7064.81
ORD0001685,CUST00183,PROD00215,STORE007,2025-08-07,4,22279.58
ORD0001828,CUST01333,PROD00023,STORE014,2026-02-27,6,18125.29
ORD0011195,CUST00926,PROD00232,STORE022,2025-05-19,6,23500.23
ORD0012420,CUST01001,PROD00294,STORE008,2025-05-11,5,620.6
ORD0004578,CUST01173,PROD00196,STORE015,2025-08-20,6,5894.49
ORD0007951,CUST00907,PROD00130,STORE012,2025-12-07,1,2270.81
ORD0002711,CUST00469,PROD00222,STORE016,2025-11-20,5,10401.94
ORD0008471,CUST00961,PROD00049,STORE025,2025-12-21,3,6408.04
ORD0011795,CUST00497,PROD00007,STORE013,2025-04-14,3,19542.42
ORD0004461,CUST00830,PROD00141,STORE025,2026-04-01,1,23544.4
ORD0002465,CUST01181,PROD00140,STORE014,2025-07-28,4,20127.08
ORD0006581,CUST00221,PROD00274,STORE015,2025-09-03,5,13832.2
ORD0004622,CUST00516,PROD00111,STORE011,2025-07-10,4,21575.94
ORD0006992,CUST00097,PROD00136,STORE003,2025-01-20,5,17142.12
ORD0007466,CUST01190,PROD00150,STORE002,2025-05-23,6,17232.86
ORD0003773,CUST00578,PROD00128,STORE017,2025-01-31,2,19345.31
ORD0000593,CUST01286,PROD00145,STORE009,2025-07-18,5,9451.37
ORD0003923,CUST00315,PROD00271,STORE008,2025-04-08,1,17678.93
ORD0008778,CUST00382,PROD00101,STORE006,2025-04-08,6,17200.52
ORD0000086,CUST00270,PROD00043,STORE014,,1,1542.79
ORD0011039,CUST00296,PROD00050,STORE025,2025-08-13,6,18805.07
ORD0007738,CUST01273,PROD00025,STORE020,2025-05-30,1,5988.34
ORD0008526,CUST00213,PROD00231,STORE002,2025-05-09,2,10200.66
ORD0004963,CUST00494,PROD00028,STORE014,2026-02-05,6,19206.18
ORD0007828,CUST00284,PROD00108,STORE025,2025-06-05,5,2279.97
ORD0009257,CUST00803,PROD00234,STORE006,2025-11-07,3,419.28
ORD0006440,CUST00081,PROD00127,STORE003,2025-10-11,1,13628.63
ORD0003068,CUST00478,PROD00009,STORE025,not_a_date,2,14802.82
ORD0002728,CUST00287,PROD00015,STORE004,2026-01-23,6,18518.13
ORD0011128,CUST00484,PROD00105,STORE025,2025-11-26,3,23082.79
ORD0009756,CUST00916,PROD00204,STORE004,2025-01-26,2,10632.61
ORD0000503,CUST01209,PROD00214,STORE006,2025-04-09,3,21303.63
ORD0004048,CUST00245,PROD00225,STORE001,2026-03-20,1,8638.76
ORD0009344,CUST01050,PROD00270,STORE008,2025-12-20,3,19752.28
ORD0001317,CUST00791,PROD00073,STORE006,2025-05-05,3,14562.94
ORD0000012,CUST01040,PROD00111,STORE014,2025-06-15,1,14122.09
ORD0008739,CUST00523,PROD00006,STORE023,2025-12-02,3,2379.4
ORD0010033,CUST01277,PROD00123,STORE018,2025-10-15,2,19362.72
ORD0001797,CUST01030,PROD00255,STORE015,2025-05-06,6,13181.77
ORD0009641,CUST01108,PROD00019,STORE019,2025-03-23,5,8926.38
ORD0004414,CUST00230,PROD00096,STORE004,2025-01-17,6,8988.38
ORD0008681,CUST01020,PROD00255,STORE014,2025-11-14,4,$9110.34
ORD0004698,CUST01144,PROD00110,STORE007,2026-04-21,3,19889.15
ORD0006708,CUST01014,PROD00169,STORE006,2025-04-08,6,24267.5
ORD0006226,CUST01188,PROD00023,STORE012,2025-06-22,4,2273.43
ORD0005545,CUST00847,PROD00097,STORE012,2025-11-25,4,11840.68
ORD0008646,CUST01329,PROD00159,STORE009,2025-02-25,6,unknown
ORD0005813,CUST00940,PROD00081,STORE019,2025-01-13,6,15246.11
ORD0001522,CUST00941,PROD00276,STORE009,2025-11-18,2,14615.51
ORD0011011,CUST00635,PROD00198,STORE011,2025-12-12,6,935.7
ORD0002050,CUST01208,PROD00264,STORE009,2025-08-11,6,5595.08
ORD0000302,CUST00601,PROD00191,STORE020,2025-08-03,4,20607.78
ORD0006936,CUST00058,PROD00295,STORE012,2025-09-09,3,23163.71
ORD0003268,CUST01050,PROD00097,STORE009,2026-02-17,two,4904.19
ORD0001737,CUST00904,PROD00035,STORE024,2026-04-07,6,3202.97
ORD0011044,CUST00980,PROD00128,STORE005,2025-10-28,3,22219.51
ORD0012256,CUST01290,PROD00098,STORE015,2025-09-01,5,20450.9
ORD0011243,CUST00589,PROD00058,STORE008,2025-03-26,6,17845.69
ORD0007203,CUST00268,PROD00154,STORE013,2025-05-24,6,6415.52
ORD0012194,CUST00140,PROD00223,STORE001,2025-02-02,2,2870.69
ORD0004072,CUST00944,PROD00171,STORE021,2025-08-05,2,21723.68
ORD0006666,CUST01023,PROD00252,STORE022,2025-07-30,3,2126.37
ORD0001190,CUST01260,PROD00110,STORE024,2025-02-21,4,22056.73
ORD0008191,CUST00217,PROD00068,STORE009,2026-02-01,1,11507.97
ORD0006991,CUST00214,PROD00208,STORE012,2025-09-29,4,392.87
ORD0003291,CUST00041,PROD00050,STORE013,2025-05-14,4,16605.33
ORD0005779,CUST00901,PROD00285,STORE023,2026-04-13,4,11313.96
ORD0010990,CUST00109,PROD00176,STORE023,2025-05-29,1,17831.64
ORD0003219,CUST01024,PROD00040,STORE014,2026-02-12,4,8799.27
ORD0009586,CUST01319,PROD00186,STORE015,2025-07-29,3,18346.51
ORD0000291,CUST01038,PROD00297,STORE024,2026-01-23,5,3174.34
ORD0011808,CUST01352,PROD00114,STORE004,2025-01-05,2,15635.46
ORD0008416,CUST01478,PROD00248,STORE007,2025-05-24,5,10699.58
ORD0008386,CUST00771,PROD00132,STORE024,2025-05-25,4,22231.96
ORD0012211,CUST01316,PROD00047,STORE022,2025-12-31,2,3307.07
ORD0008349,CUST00610,PROD00168,STORE009,2026-03-11,3,16003.06
ORD0003596,CUST00697,PROD00060,STORE025,2025-05-24,1,7659.54
ORD0004171,CUST01478,PROD00259,STORE016,2025-07-12,1,21698.56
ORD0006677,CUST01022,PROD00145,STORE023,2026-03-15,1,7479.14
ORD0010282,CUST00238,PROD00298,STORE015,2025-05-10,5,23894.3
ORD0009458,CUST00468,PROD00157,STORE012,2025-12-21,6,24292.7
ORD0008314,CUST01412,PROD00237,STORE002,2025-03-09,1,12913.81
ORD0000648,CUST00080,PROD00250,STORE025,2025-10-06,1,11950.56
ORD0004930,CUST00450,PROD00285,STORE022,2025-03-28,1,20152.71
ORD0000994,CUST01428,PROD00032,STORE022,2025-05-29,6,8597.24
ORD0010759,,PROD00222,STORE016,2025-09-27,1,16936.49
ORD0011119,CUST00370,PROD00064,STORE007,2026-01-07,6,21741.24
ORD0006976,CUST00965,PROD00004,STORE006,2026-03-20,6,6810.45
ORD0008264,CUST00771,PROD00114,STORE003,2025-06-02,4,15107.47
ORD0010088,CUST00709,PROD00162,STORE015,2025-08-04,6,7265.84
ORD0011161,CUST00886,PROD00110,STORE014,2025-01-07,5,17497.44
ORD0007439,CUST00443,PROD00081,STORE018,2026-04-15,4,17031.25
ORD0005128,CUST01465,PROD00194,STORE015,2025-08-15,3,24221.0
ORD0010554,CUST01360,PROD00061,STORE014,2025-11-08,2,2987.44
ORD0010975,CUST01207,PROD00138,STORE022,2025-08-16,6,17359.66
ORD0007945,CUST00301,PROD00138,STORE025,2025-03-07,3,-5
ORD0011246,CUST00248,PROD00112,STORE019,2025-03-11,5,15993.05
ORD0011841,,PROD00278,STORE010,2025-10-02,2,24873.29
ORD0000027,CUST00174,PROD00040,STORE003,2026-01-26,5,18094.5
ORD0001971,CUST00719,PROD00058,STORE023,2026-01-28,2,20804.28
ORD0001547,CUST01237,PROD00111,STORE003,2025-11-08,5,24480.37
ORD0009031,CUST00657,PROD00100,STORE015,2025-04-27,1,3070.58
ORD0003570,CUST00816,PROD00071,STORE025,2025-07-25,3,23822.12
ORD0007748,CUST00060,PROD00184,STORE008,2025-06-26,2,19890.52
ORD0004728,CUST01263,PROD00172,STORE008,2025-06-19,1,20287.79
ORD0011181,CUST01481,PROD00132,STORE004,2026-02-25,5,22786.89
ORD0002046,CUST01489,PROD00236,STORE024,2025-07-18,6,15501.73
ORD0001698,CUST00150,PROD00157,STORE020,2026-04-21,1,9978.72
ORD0000234,CUST01192,PROD00221,STORE004,2026-02-03,6,22179.96
ORD0000315,CUST00293,PROD00116,STORE022,2026-01-03,1,18618.15
ORD0009113,CUST00845,PROD00231,STORE002,2025-11-14,4,12530.74
ORD0011898,CUST00354,PROD00274,STORE001,2025-04-07,3,16698.6
ORD0001364,CUST00637,PROD00206,STORE005,2025-07-19,3,15389.84
ORD0005805,CUST00247,PROD00286,STORE011,2025-01-02,2,17910.68
ORD0008858,CUST01313,PROD00040,STORE011,2025-06-07,3,1166.59
ORD0002226,CUST00397,PROD00126,STORE007,2025-05-07,2,7469.4
ORD0005593,CUST00977,PROD00220,STORE008,2025-01-09,4,4222.71
ORD0007701,CUST00173,PROD00228,STORE003,2025-08-19,5,24203.53
ORD0000404,CUST00368,PROD00093,STORE001,2026-01-09,6,23231.33
ORD0004196,CUST01194,PROD00103,STORE025,2025-11-26,4,5953.76
ORD0006222,CUST00308,PROD00096,STORE017,2025-02-20,4,12051.59
ORD0003682,CUST00257,PROD00151,STORE016,2025-01-26,5,21623.98
ORD0004191,CUST00278,PROD00243,STORE021,2026-03-28,4,19161.1
ORD0009414,CUST00694,PROD00132,STORE010,2026-02-13,3,13694.82
ORD0000112,CUST00326,PROD00216,STORE016,2026-04-08,3,8516.3
ORD0008540,CUST00649,PROD00273,STORE023,2025-08-12,4,19504.87
ORD0004696,CUST00689,PROD00285,STORE008,2025-11-15,3,8926.83
ORD0011919,CUST01077,PROD00150,STORE016,2025-09-07,3,9705.55
ORD0007949,CUST00714,PROD00122,STORE005,2025-02-19,3,1397.09
ORD0000468,CUST00487,PROD00252,STORE020,2025-11-22,3,8726.88
ORD0009666,CUST00456,PROD00278,STORE003,2026-04-13,4,14533.18
ORD0000847,CUST01095,PROD00239,STORE017,2025-11-11,1,12108.86
ORD0000268,CUST00408,PROD00133,STORE009,2025-01-12,5,18729.11
ORD0012212,CUST00855,PROD00154,STORE019,2025-08-15,2,5658.11
ORD0000287,CUST00869,PROD00139,STORE008,2025-01-14,2,19342.78
ORD0004738,CUST01384,PROD00033,STORE007,2026-04-16,5,10429.79
ORD0003594,CUST00363,PROD00136,STORE019,2026-01-05,4,18748.16
ORD0009468,CUST00965,PROD00220,STORE021,2025-11-21,3,3273.22
ORD0002412,CUST00070,PROD00190,STORE013,2025-01-03,5,3422.96
ORD0004598,CUST00564,PROD00227,STORE009,2026-01-03,3,16247.2
ORD0006282,CUST01414,PROD00196,STORE006,2025-11-27,6,12276.0
ORD0012313,CUST00031,PROD00145,STORE002,2025-07-31,2,11555.87
ORD0002399,,PROD00035,STORE010,2025-12-04,3,1384.31
ORD0002502,CUST01317,PROD00269,STORE021,2025-08-11,5,13358.2
ORD0007270,CUST00458,PROD00053,STORE006,2025-03-08,3,13102.07
ORD0001882,CUST00209,PROD00086,STORE023,2026-01-15,5,1550.46
ORD0003353,CUST01090,PROD00199,STORE013,2025-06-07,1,7811.93
ORD0006903,CUST01132,PROD00153,STORE004,2025-07-13,4,3669.08
ORD0003440,CUST01303,PROD00103,STORE003,2025-06-26,4,8161.07
ORD0010631,CUST00957,PROD00237,STORE012,2026-03-26,3,10796.26
ORD0006957,CUST00109,PROD00117,STORE018,2025-02-23,5,7344.3
ORD0006092,CUST01072,PROD00061,STORE014,2025-02-14,6,20580.12
ORD0005133,CUST00917,PROD00121,STORE021,2025-11-09,5,11332.91
ORD0000881,CUST00560,PROD00296,STORE024,2025-05-02,2,12392.42
ORD0007930,CUST00993,PROD00187,STORE001,2025-07-29,5,5162.57
ORD0010721,CUST00096,PROD00114,STORE017,2026-03-07,2,17653.42
ORD0004922,CUST01332,PROD00174,STORE006,2025-01-27,3,21094.52
ORD0005433,CUST00560,PROD00234,STORE011,2025-08-12,6,11842.87
ORD0003394,CUST01032,PROD00065,STORE005,2026-02-20,6,2230.41
ORD0011686,CUST01134,PROD00202,STORE011,2025-01-02,3,5948.38
ORD0008015,CUST00633,PROD00104,STORE012,2025-12-10,5,17527.11
ORD0005300,CUST01065,PROD00268,STORE016,2025-05-20,5,24179.18
ORD0006375,CUST00900,,STORE025,2025-11-20,4,6529.56
ORD0003955,CUST01244,PROD00046,STORE004,2025-08-18,6,4830.92
ORD0004538,CUST00900,PROD00008,STORE010,2025-03-02,4,5287.48
ORD0004054,CUST00253,PROD00090,STORE025,2025-12-17,3,3468.37
ORD0007186,CUST00817,PROD00133,STORE018,2025-09-11,,12078.26
ORD0005160,CUST00013,PROD00167,STORE009,2025-08-12,3,20858.5
ORD0003602,CUST01180,PROD00243,STORE013,2025-07-05,3,22045.65
ORD0007856,CUST01305,PROD00016,STORE024,2026-01-04,4,15088.03
ORD0008212,CUST00999,PROD00249,STORE016,2025-08-14,2,18747.84
ORD0010401,CUST00726,PROD00187,STORE005,2025-01-25,3,20452.19
ORD0002772,CUST00372,PROD00212,STORE023,2025-10-18,4,18007.34
ORD0009739,CUST00873,PROD00093,STORE013,2025-06-03,4,15594.78
ORD0012401,CUST01086,PROD00238,STORE001,2026-01-12,3,21737.91
ORD0002327,CUST01385,PROD00024,STORE013,00/00/0000,4,18823.03
ORD0005190,CUST00162,PROD00056,STORE004,2025-01-11,5,6681.7
ORD0008684,CUST00378,PROD00196,STORE014,2025-06-08,3,12832.75
ORD0003091,CUST01041,PROD00149,STORE008,2025-11-30,2,19362.52
ORD0012030,CUST01083,,STORE025,2025-09-02,6,2851.59
ORD0012016,CUST00995,PROD00284,STORE006,2025-12-25,1,16251.33
ORD0001826,CUST01492,PROD00033,STORE017,2026-01-27,4,8235.37
ORD0007943,CUST00064,PROD00274,STORE018,2025-01-10,6,1700.6
ORD0006486,CUST00647,PROD00125,STORE003,2025-06-17,6,2945.76
ORD0008802,CUST00519,PROD00237,STORE007,2026-01-11,5,23381.68
ORD0005834,CUST00731,PROD00171,STORE012,2025-06-11,2,10307.73
ORD0005914,CUST01009,PROD00245,STORE015,2025-05-10,2,11481.3
ORD0005583,CUST00070,PROD00299,STORE003,2025-06-27,6,9282.48
ORD0005557,CUST00336,PROD00258,STORE025,2026-02-12,1,11745.82
ORD0004244,CUST00692,PROD00141,STORE012,2025-02-27,3,24973.56
ORD0002899,CUST01280,PROD00031,STORE005,2025-12-12,2,6260.78
ORD0008780,CUST00426,PROD00099,STORE023,2025-10-16,4,20587.85
ORD0012169,CUST00631,PROD00144,STORE008,2025-09-09,6,12270.99
ORD0012344,CUST01217,PROD00111,STORE023,2025-07-07,3,13663.44
ORD0003958,CUST00666,PROD00054,STORE003,2025-10-19,4,163.97
ORD0011095,CUST01134,PROD00037,STORE018,2026-03-24,4,14043.24
ORD0000097,CUST01284,PROD00011,STORE025,2025-04-22,2,19750.11
ORD0003766,CUST00761,PROD00145,STORE018,2025-01-07,4,16881.45
ORD0008821,CUST00366,PROD00147,STORE011,2026-01-06,2,15052.59
ORD0009746,CUST00146,PROD00139,STORE019,2025-10-03,2,20225.69
ORD0003924,CUST01372,PROD00140,STORE022,2025-11-24,2,21947.31
ORD0008702,CUST00306,PROD00169,STORE004,2025-11-02,1,12725.06
ORD0004006,CUST00030,PROD00215,STORE011,2025-07-27,1,11024.35
ORD0009890,CUST00269,PROD00127,STORE006,2025-01-17,4,17700.92
ORD0004875,CUST00190,PROD00211,STORE010,2025-04-06,6,4160.08
ORD0007227,CUST00109,PROD00133,STORE018,2025-01-07,6,24727.65
ORD0008230,CUST01205,PROD00164,STORE011,2025-04-11,2,20297.3
ORD0010730,CUST01492,PROD00288,STORE017,2025-09-18,4,9697.48
ORD0008841,CUST00391,PROD00121,STORE003,2025-11-01,1,9016.04
ORD0003444,CUST00791,PROD00081,STORE014,2025-03-03,4,8182.28
ORD0008844,CUST00405,PROD00045,STORE012,2025-01-10,3,22100.5
ORD0002763,CUST01099,PROD00217,STORE016,2025-01-10,5,22610.32
ORD0007347,CUST00707,PROD00060,STORE019,2026-04-04,6,1138.69
ORD0008459,CUST00742,PROD00234,STORE014,2025-09-19,6,347.91
ORD0008690,CUST00224,PROD00228,STORE001,2025-05-29,2,12205.89
ORD0003130,CUST00355,PROD00111,STORE009,2025-09-29,2,20720.45
ORD0005929,CUST01167,PROD00265,STORE014,2026-01-18,2,17981.85
ORD0001464,CUST00365,PROD00238,STORE004,2025-04-06,6,2291.42
ORD0010826,CUST00304,PROD00294,STORE013,2026-04-19,6,3216.64
ORD0010428,CUST00764,PROD00079,STORE004,2025-07-10,4,7410.06
ORD0007464,CUST01025,PROD00167,STORE006,2025-06-22,6,4208.98
ORD0003710,CUST01143,PROD00114,STORE011,2026-02-28,4,5073.48
ORD0012301,CUST00719,PROD00087,STORE021,2026-04-11,1,23915.33
ORD0007669,CUST01416,PROD00085,STORE015,2025-05-03,1,6923.11
ORD0002467,CUST01181,PROD00193,STORE001,2025-01-07,3,5917.42
ORD0002095,CUST00775,PROD00281,STORE005,2025-06-22,1,3897.77
ORD0011557,CUST01412,PROD00168,STORE004,2025-11-06,3,14697.63
ORD0007542,CUST01450,PROD00170,STORE002,2025-05-14,2,10218.59
ORD0006301,,PROD00115,STORE013,2025-04-04,3,16834.44
ORD0005837,CUST01276,PROD00192,STORE002,2025-09-10,5,10052.17
ORD0004913,CUST00026,PROD00065,STORE005,2026-04-17,6,21936.97
ORD0010857,CUST00393,PROD00162,STORE020,2025-06-21,1,unknown
ORD0009660,CUST00748,PROD00290,STORE019,2025-12-22,4,5822.63
ORD0010490,CUST01447,PROD00003,STORE018,2025-12-09,4,3878.48
ORD0005725,CUST00671,PROD00030,STORE016,2025-12-31,6,5815.13
ORD0000899,CUST00589,PROD00073,STORE010,2026-01-29,3,4549.94
ORD0002630,CUST01072,PROD00199,STORE021,2025-03-10,1,12841.98
ORD0002023,,PROD00088,STORE014,2026-01-23,5,22038.93
ORD0002598,CUST00586,PROD00273,STORE014,2025-07-07,4,9159.97
ORD0007328,CUST01371,PROD00030,STORE022,2025-08-08,5,7546.75
ORD0002696,CUST01122,PROD00166,STORE001,2025-06-21,2,18612.33
ORD0011484,CUST00049,PROD00267,STORE010,2025-04-30,2,19936.63
ORD0011284,CUST01192,PROD00064,STORE006,2025-02-18,4,14150.34
ORD0002853,CUST00796,PROD00170,STORE014,2025-08-20,4,6128.73
ORD0011435,CUST00163,PROD00199,STORE016,2026-02-04,5,1162.03
ORD0007664,CUST00675,PROD00122,STORE013,2025-03-28,6,7565.21
ORD0010009,CUST01254,PROD00293,STORE019,2026-01-10,2,3278.32
ORD0011288,CUST01335,PROD00101,STORE007,2025-12-31,1,1402.15
ORD0002524,CUST00907,PROD00166,STORE014,2025-11-15,5,17289.7
ORD0011594,CUST00124,PROD00040,STORE002,2025-05-20,4,20095.28
ORD0007042,CUST01159,PROD00086,STORE007,2025-07-13,5,22184.21
ORD0006611,CUST00853,PROD00163,STORE018,2025-08-23,4,22960.75
ORD0008115,CUST01265,PROD00183,STORE002,2026-02-07,6,13704.65
ORD0009909,CUST00018,PROD00240,STORE005,2025-08-14,1,20488.52
ORD0009600,CUST00607,PROD00056,STORE022,2026-02-18,6,22059.53
ORD0004832,CUST00545,PROD00269,STORE014,2025-07-05,6,11901.16
ORD0001265,CUST01386,PROD00182,STORE015,2025-11-02,4,17629.68
ORD0004823,CUST00216,PROD00289,STORE011,2026-01-31,4,16239.87
ORD0000578,CUST01048,PROD00029,STORE024,2025-09-12,6,17884.55
ORD0010539,CUST01203,PROD00034,STORE007,2025-06-07,5,8167.74
ORD0002374,CUST00320,PROD00115,STORE015,2025-04-04,3,6328.8
ORD0002292,CUST00569,PROD00220,STORE003,2025-06-24,4,8295.68
ORD0012404,CUST01162,PROD00169,STORE002,2025-03-13,5,10445.34
ORD0005397,CUST00681,PROD00245,STORE021,2026-02-21,3,4292.51
ORD0004273,CUST01190,PROD00167,STORE022,2026-02-09,6,11356.89
ORD0003926,CUST00235,PROD00223,STORE025,2025-10-14,5,3667.41
ORD0008107,CUST00599,PROD00261,STORE012,2025-06-09,5,10796.01
ORD0004881,CUST01279,PROD00175,STORE009,2026-01-05,4,17176.73
ORD0003108,CUST00229,PROD00073,STORE008,2025-01-15,6,8911.93
ORD0006350,CUST01355,PROD00012,STORE008,2025-12-26,3,17428.79
ORD0011058,CUST00717,PROD00008,STORE010,2025-05-13,3,10455.14
ORD0001754,CUST01410,PROD00176,STORE013,2025-05-25,4,18992.5
ORD0012084,CUST00430,PROD00079,STORE006,2025-03-23,6,10571.39
ORD0001135,CUST00990,PROD00092,STORE011,2025-10-22,4,4316.83
ORD0004086,CUST00581,PROD00024,STORE022,2025-05-16,3,11188.59
ORD0004117,CUST01473,PROD00179,STORE014,2025-02-05,1,23039.88
ORD0012018,CUST00114,PROD00208,STORE024,2026-03-11,5,16316.1
ORD0008436,CUST00061,PROD00003,STORE015,2025-06-22,6,7412.44
ORD0003908,CUST01433,PROD00075,STORE019,2025-11-23,2,15762.72
ORD0011479,CUST00702,PROD00109,STORE025,2025-12-11,5,20669.26
ORD0005462,CUST00121,PROD00287,STORE009,2026-01-01,1,8660.84
ORD0001889,CUST01460,PROD00161,STORE004,2025-09-15,4,3024.06
ORD0004718,CUST00277,PROD00005,STORE018,2025-12-25,2,7579.59
ORD0007975,CUST01211,PROD00188,STORE018,2025-06-17,2,18259.23
ORD0008463,CUST00345,PROD00262,STORE004,2025-06-22,4,21826.74
ORD0001387,CUST01104,PROD00195,STORE022,2026-04-05,2,20518.25
ORD0007108,CUST01248,PROD00059,STORE022,2025-11-28,1,unknown
ORD0009034,CUST00313,PROD00143,STORE017,2026-02-02,5,4953.46
ORD0006773,CUST00803,PROD00276,STORE022,2025-08-17,4,24906.38
ORD0008171,CUST00202,PROD00075,STORE016,2025-11-05,5,12206.23
ORD0008857,CUST00591,PROD00046,STORE005,2026-02-07,2,23251.35
ORD0009577,CUST01072,PROD00104,STORE023,2025-10-20,1,19655.93
ORD0008749,CUST00555,PROD00228,STORE015,2025-06-11,3,10044.01
ORD0000701,CUST00691,PROD00094,STORE021,2025-07-20,4,9468.72
ORD0000940,CUST00928,,STORE020,2025-04-21,5,16563.84
ORD0000154,CUST01412,PROD00125,STORE024,2025-01-21,5,14291.35
ORD0003539,CUST00763,PROD00110,STORE006,2025-06-12,3,17208.05
ORD0009798,CUST00602,PROD00158,STORE013,2025-06-01,1,13549.81
ORD0000856,CUST00756,PROD00102,STORE002,2025-01-02,1,11404.8
ORD0001475,CUST01103,PROD00043,STORE007,2025-01-19,6,19370.14
ORD0000184,CUST00921,PROD00081,STORE006,2025-09-30,4,7316.93
ORD0004920,CUST00874,PROD00203,STORE016,2025-10-04,3,1437.45
ORD0007196,CUST00277,PROD00013,STORE018,2025-12-17,2,2793.96
ORD0011693,CUST00163,PROD00064,STORE011,2025-03-13,4,2789.54
ORD0012255,CUST00900,PROD00234,STORE001,2025-09-04,6,4833.61
ORD0001815,CUST00856,PROD00088,STORE022,2025-02-01,5,19217.56
ORD0001681,CUST01154,PROD00234,STORE010,2025-01-26,4,321.16
ORD0005042,CUST01170,PROD00160,STORE009,2026-02-10,6,3670.48
ORD0008926,CUST00193,PROD00147,STORE013,2026-01-28,1,3421.34
ORD0005976,CUST01336,PROD00202,STORE007,2026-04-19,4,3755.56
ORD0009580,CUST00958,PROD00133,STORE023,2025-06-10,5,2467.11
ORD0011491,CUST00764,PROD00078,STORE003,2025-03-06,6,16655.77
ORD0012254,CUST00477,PROD00277,STORE013,2025-07-26,4,24754.33
ORD0001239,CUST01126,PROD00168,STORE018,2026-01-26,3,9776.11
ORD0007479,CUST00392,PROD00008,STORE001,2025-08-04,4,261.29
ORD0010467,CUST01470,PROD00194,STORE024,2026-04-18,5,11760.48
ORD0005261,CUST00776,PROD00182,STORE021,2026-03-19,6,10415.76
ORD0004440,CUST00208,PROD00217,STORE003,2025-04-23,2,24076.55
ORD0004885,CUST00532,PROD00044,STORE024,2025-03-29,2,161.31
ORD0002712,CUST00213,PROD00008,STORE016,2025-08-22,5,2078.76
ORD0007205,CUST00126,PROD00221,STORE015,2026-04-10,6,6036.9
ORD0006400,CUST01205,PROD00062,STORE020,2025-03-25,2,22369.08
ORD0007472,CUST01317,PROD00236,STORE009,2025-04-11,1,8907.5
ORD0006130,CUST00849,PROD00147,STORE024,2025-12-04,3,6535.24
ORD0008271,CUST00293,PROD00151,STORE024,2025-07-04,2,17348.29
ORD0005477,CUST01337,,STORE002,2025-01-09,6,4641.25
ORD0006046,CUST00643,PROD00300,STORE022,2025-07-22,5,650.39
ORD0001242,CUST00253,PROD00186,STORE020,2025-10-13,2,12060.87
ORD0002874,CUST00322,,STORE005,2025-07-28,1,7655.58
ORD0006049,CUST01289,PROD00167,STORE021,2026-03-17,4,12680.55
ORD0005775,CUST01403,PROD00258,STORE022,2025-08-21,5,11489.44
ORD0008956,CUST00456,PROD00293,STORE014,2025-07-26,2,16305.63
ORD0010326,CUST00294,PROD00192,STORE008,00/00/0000,2,3626.57
ORD0011827,CUST01050,PROD00243,STORE024,2026-01-12,6,9679.24
ORD0006980,CUST00386,PROD00177,STORE022,2026-02-17,4,17936.31
ORD0004975,CUST00843,PROD00185,STORE003,2025-05-31,1,20149.02
ORD0012210,CUST00128,PROD00031,STORE011,2025-05-08,3,17226.16
ORD0005141,CUST00452,PROD00082,STORE016,2026-02-02,2,24102.91
ORD0009337,CUST00265,PROD00183,STORE006,2025-11-28,6,3008.2
ORD0003732,CUST01099,PROD00187,STORE023,2025-03-09,4,6050.55
ORD0000419,CUST00343,PROD00052,STORE016,2025-11-10,2,15147.06
ORD0001642,CUST00891,PROD00135,STORE018,2025-09-02,3,19516.86
ORD0011173,CUST00656,PROD00078,STORE013,2025-04-17,2,22585.71
ORD0005614,CUST01238,PROD00142,STORE004,2025-09-29,2,2816.72
ORD0007283,CUST01015,PROD00275,STORE025,2025-11-07,2,5033.21
ORD0010456,CUST00433,PROD00131,STORE022,2026-03-26,3,7422.93
ORD0002863,CUST00164,PROD00233,STORE023,2026-01-04,2,7799.18
ORD0000789,CUST00202,PROD00278,STORE017,2025-07-24,3,10404.23
ORD0006835,CUST00778,PROD00279,STORE017,2025-04-19,6,16939.78
ORD0004243,CUST00666,PROD00278,STORE023,2025-10-09,2,17194.53
ORD0009655,CUST00471,PROD00261,STORE001,2025-05-18,2,18824.83
ORD0011336,CUST01306,PROD00029,STORE021,2025-09-19,6,9910.15
ORD0006895,CUST00744,PROD00039,STORE024,2025-04-24,3,2647.3
ORD0009813,CUST00690,PROD00296,STORE012,2025-02-12,2,23602.43
ORD0000690,CUST01410,PROD00287,STORE022,2026-02-07,5,15043.65
ORD0000750,CUST00087,PROD00035,STORE013,2025-08-24,2,164.25
ORD0008359,CUST01154,PROD00151,STORE012,2025-10-11,2,13920.08
ORD0003328,CUST00965,PROD00107,STORE021,2025-10-29,2,1625.97
ORD0005271,CUST00262,PROD00167,STORE003,2025-06-30,6,6749.3
ORD0010971,CUST00800,PROD00064,STORE015,2026-03-30,2,11634.2
ORD0003696,CUST00855,PROD00213,STORE023,2026-02-13,4,19719.79
ORD0004608,CUST00567,PROD00015,STORE016,2025-01-29,2,11546.16
ORD0002805,CUST00688,PROD00112,STORE011,2025-12-06,1,10362.47
ORD0008104,CUST01161,PROD00156,STORE010,2025-09-13,1,18805.04
ORD0003561,CUST01206,PROD00043,STORE013,2026-04-09,1,8174.1
ORD0009828,CUST01500,PROD00074,STORE020,2026-02-18,2,17495.1
ORD0006511,CUST00802,PROD00211,STORE024,2025-06-10,1,17126.79
ORD0003012,CUST00581,PROD00293,STORE013,2026-02-23,4,14317.84
ORD0011700,CUST00327,PROD00041,STORE023,2025-10-10,2,7590.02
ORD0011295,CUST01450,PROD00155,STORE023,2026-03-31,6,14147.94
ORD0001977,CUST00963,PROD00227,STORE021,2025-09-20,6,9074.73
ORD0001658,CUST00976,PROD00024,STORE012,2025-02-07,3,6397.96
ORD0005065,CUST00190,PROD00223,STORE002,2025-11-11,5,20871.46
ORD0006872,CUST00341,PROD00047,STORE023,2025-02-23,6,22284.35
ORD0010675,CUST00445,PROD00278,STORE016,2026-01-08,4,4900.41
ORD0001672,CUST00271,PROD00225,STORE021,2025-01-15,4,16922.51
ORD0002425,CUST00611,PROD00095,STORE010,2025-08-18,3,6985.28
ORD0010580,CUST00001,PROD00214,STORE013,2025-10-30,5,23889.78
ORD0010368,CUST00893,PROD00025,STORE010,2025-06-02,6,7531.96
ORD0004719,CUST00190,PROD00096,STORE010,2025-07-27,2,18610.02
ORD0010891,CUST01133,PROD00141,STORE020,2025-08-20,5,7142.36
ORD0007422,CUST00492,PROD00261,STORE012,2025-09-27,5,13937.15
ORD0011720,CUST01482,PROD00139,STORE016,2025-01-19,1,4255.77
ORD0011561,CUST00203,PROD00249,STORE004,2025-05-06,5,15774.01
ORD0000992,CUST00495,PROD00285,STORE023,2026-03-02,5,13040.86
ORD0003881,CUST01093,PROD00077,STORE021,2026-04-12,4,20155.33
ORD0011820,CUST00670,PROD00123,STORE006,2026-04-01,4,2125.24
ORD0005875,CUST00887,PROD00190,STORE014,2026-01-02,6,8945.7
ORD0011528,CUST00437,PROD00291,STORE004,2026-01-26,4,3842.25
ORD0005825,CUST01377,PROD00029,STORE023,2025-08-11,4,9689.37
ORD0006563,CUST01275,PROD00062,STORE017,2025-09-20,6,6790.75
ORD0007215,CUST00043,PROD00299,STORE025,2025-10-26,5,17945.8
ORD0004421,CUST00091,PROD00122,STORE024,2025-07-27,5,20431.28
ORD0000209,,PROD00019,STORE025,2025-05-28,2,3828.4
ORD0005420,CUST00221,PROD00085,STORE011,,1,3599.01
ORD0002716,CUST00293,PROD00220,STORE019,2026-04-19,6,5068.38
ORD0003209,CUST01059,PROD00049,STORE018,2025-02-22,5,13433.25
ORD0000434,CUST00889,PROD00261,STORE017,2025-12-15,2,12792.33
ORD0009493,CUST00132,PROD00113,STORE007,2025-04-30,5,2270.16
ORD0011641,CUST00107,PROD00003,STORE014,2025-01-14,2,15889.88
ORD0010813,CUST00946,,STORE023,2025-09-06,6,17554.79
ORD0003824,CUST00903,PROD00149,STORE017,2025-06-03,4,11677.4
ORD0002942,,PROD00138,STORE005,2026-01-31,4,20455.1
ORD0007018,CUST01059,PROD00050,STORE009,2025-05-08,4,14368.5
ORD0007475,CUST00164,PROD00012,STORE011,2025-10-24,2,19096.75
ORD0000621,CUST00182,PROD00189,STORE015,2025-07-11,4,13683.08
ORD0003744,,PROD00271,STORE022,2026-04-22,3,23325.02
ORD0011951,CUST00932,PROD00252,STORE005,2026-03-02,1,12664.09
ORD0010822,CUST00370,PROD00010,STORE006,2025-02-05,1,9585.04
ORD0011143,CUST00560,PROD00028,STORE025,2025-10-03,2,20897.24
ORD0003270,CUST00528,PROD00107,STORE016,2026-01-13,3,2697.81
ORD0005513,CUST01391,PROD00117,STORE014,2025-11-25,4,3709.83
ORD0005144,CUST00700,PROD00235,STORE022,2025-06-28,5,21583.69
ORD0001254,CUST00243,PROD00264,STORE004,2026-02-17,1,5299.4
ORD0002617,CUST00918,PROD00029,STORE022,2025-08-27,5,7122.11
ORD0007736,CUST01294,PROD00067,STORE019,2025-08-31,1,19000.65
ORD0011579,CUST01462,PROD00043,STORE024,2025-09-15,1,4662.04
ORD0000524,CUST01240,PROD00096,STORE016,2025-10-31,3,18329.38
ORD0001716,CUST00966,PROD00002,STORE018,2025-02-10,4,24275.68
ORD0005305,CUST00482,PROD00052,STORE018,2025-03-04,2,13679.72
ORD0004268,CUST00177,PROD00048,STORE020,2025-03-12,4,16141.69
ORD0005567,CUST00850,PROD00232,STORE004,2025-01-25,5,15839.28
ORD0011670,CUST01011,PROD00263,STORE007,2025-06-18,1,24899.55
ORD0001342,CUST01352,PROD00026,STORE004,2026-01-05,1,15400.37
ORD0011393,CUST00273,PROD00262,STORE015,2025-05-10,1,3679.24
ORD0007831,CUST00630,PROD00158,STORE014,2025-09-07,5,12241.11
ORD0008513,CUST00579,PROD00192,STORE016,2025-12-31,4,1468.15
ORD0002078,CUST01497,PROD00133,STORE010,2026-03-25,4,18176.34
ORD0010347,CUST01040,PROD00182,STORE007,2026-04-06,1,22115.99
ORD0000325,CUST01343,PROD00264,STORE011,2025-04-06,3,24917.64
ORD0001552,CUST00604,PROD00275,STORE005,2025-04-28,6,23176.54
ORD0005616,CUST00294,PROD00056,STORE007,2025-03-06,1,8851.3
ORD0012226,CUST01245,PROD00054,STORE004,2025-01-28,1,5694.23
ORD0011954,CUST00759,PROD00120,STORE009,2025-03-18,1,1396.88
ORD0003591,CUST00636,PROD00167,STORE021,2026-02-14,6,23290.81
ORD0002207,CUST01011,PROD00093,STORE018,2025-10-21,1,4127.62
ORD0008125,CUST00197,PROD00151,STORE017,2026-03-13,4,6699.35
ORD0008776,CUST01128,PROD00257,STORE002,2025-11-24,1,17023.0
ORD0006777,CUST00237,PROD00100,STORE025,2026-03-16,2,9708.41
ORD0005661,CUST00158,PROD00163,STORE011,2025-09-29,6,11842.15
ORD0003760,CUST00184,PROD00258,STORE002,2025-04-18,6,16447.15
ORD0010228,CUST00827,PROD00182,STORE016,2025-04-22,1,7572.87
ORD0006752,CUST00692,PROD00002,STORE014,2025-01-11,5,8211.98
ORD0003857,CUST00473,PROD00122,STORE009,2025-12-23,6,3438.16
ORD0009956,CUST00108,,STORE016,2025-10-18,4,1053.19
ORD0002671,CUST00829,PROD00290,STORE018,2025-05-27,1,16191.43
ORD0009946,CUST01499,PROD00058,STORE013,2025-11-07,5,4430.04
ORD0011467,CUST01073,PROD00026,STORE020,2026-01-12,4,3686.84
ORD0000125,CUST01138,PROD00192,STORE001,2025-02-21,4,4109.35
ORD0008565,CUST00519,PROD00252,STORE015,2025-10-12,4,210.66
ORD0004548,CUST00738,PROD00221,STORE019,2025-01-19,2,16607.1
ORD0001023,CUST00182,PROD00014,STORE013,2025-02-07,2,17169.97
ORD0000634,CUST00765,PROD00281,STORE013,2025-07-21,5,16473.76
ORD0012380,CUST00571,PROD00233,STORE001,2026-01-26,5,14599.85
ORD0006618,CUST00685,PROD00124,STORE015,2026-01-12,1,3299.07
ORD0009861,CUST00045,PROD00114,STORE022,2025-09-13,3,11495.05
ORD0009310,CUST00199,PROD00205,STORE007,2025-09-07,4,3384.77
ORD0003390,CUST00859,PROD00054,STORE023,2025-11-25,6,9653.76
ORD0007798,CUST00379,PROD00240,STORE010,2026-03-03,1,23842.61
ORD0003327,CUST00912,PROD00180,STORE007,2025-06-12,3,2343.43
ORD0010646,CUST00506,PROD00164,STORE011,2025-10-20,6,18461.42
ORD0003046,CUST01015,PROD00246,STORE013,2025-10-05,2,unknown
ORD0010509,CUST00604,PROD00113,STORE006,2025-12-29,1,19913.69
ORD0005062,CUST00595,PROD00195,STORE001,2025-03-04,5,2651.79
ORD0008964,CUST00105,PROD00157,STORE016,2026-04-21,1,19508.46
ORD0001768,CUST00400,PROD00001,STORE023,2025-04-14,5,20438.88
ORD0012170,CUST00768,PROD00031,STORE014,2025-10-13,2,10145.64
ORD0001861,CUST00027,PROD00025,STORE001,2025-06-26,2,1291.22
ORD0001298,CUST00247,PROD00232,STORE012,2026-04-20,-1,12901.66
ORD0006740,CUST00012,PROD00228,STORE002,2026-04-04,3,16896.57
ORD0002478,CUST00760,PROD00292,STORE015,2025-04-29,6,14996.78
ORD0008361,CUST01482,PROD00126,STORE007,2025-09-21,3,9781.79
ORD0011325,CUST00377,PROD00144,STORE019,2025-03-21,6,10255.92
ORD0003255,CUST00395,PROD00277,STORE020,2025-04-09,6,1764.1
ORD0009399,,PROD00297,STORE009,2025-12-31,3,17310.87
ORD0001446,CUST00153,PROD00050,STORE018,2025-11-27,6,19961.28
ORD0000917,CUST01158,PROD00071,STORE008,2025-04-15,4,21683.81
ORD0009633,CUST00997,PROD00048,STORE024,2025-06-12,6,22805.92
ORD0007495,CUST00461,PROD00072,STORE014,2025-04-23,6,1818.74
ORD0007065,CUST00903,PROD00194,STORE013,2025-03-26,1,20141.98
ORD0007775,CUST00339,PROD00163,STORE011,not_a_date,2,17538.0
ORD0006418,CUST01281,PROD00074,STORE016,2025-12-11,4,14358.85
ORD0000654,CUST00949,PROD00141,STORE023,2026-04-19,5,9796.23
ORD0001846,CUST00721,PROD00293,STORE010,2025-09-18,4,7003.62
ORD0008682,,PROD00024,STORE006,2025-05-25,6,5831.54
ORD0000688,CUST00700,PROD00156,STORE018,2025-06-07,5,8278.13
ORD0005458,CUST00359,PROD00141,STORE019,2025-08-08,6,19055.52
ORD0001677,CUST00783,PROD00169,STORE010,2025-09-20,2,917.3
ORD0009827,CUST00182,PROD00010,STORE012,2025-11-04,4,12522.26
ORD0000800,CUST00752,PROD00183,STORE022,2025-03-26,5,2324.88
ORD0010583,CUST01134,PROD00016,STORE003,2026-03-04,1,16243.95
ORD0002806,CUST00888,PROD00095,STORE013,2025-05-10,1,10252.02
ORD0003819,CUST00924,PROD00180,STORE008,2025-10-12,1,17615.15
ORD0006932,CUST00857,PROD00004,STORE015,2025-01-31,3,2941.79
ORD0007892,CUST01314,PROD00242,STORE022,2025-04-20,5,11337.92
ORD0000695,CUST00393,PROD00172,STORE017,2025-05-16,6,10376.75
ORD0002311,CUST01335,PROD00180,STORE014,2026-03-11,3,22418.02
ORD0002507,CUST00381,PROD00125,STORE024,2025-08-31,6,12034.98
ORD0003408,CUST00356,PROD00094,STORE009,2025-07-03,1,10549.95
ORD0009605,CUST00034,PROD00008,STORE022,2025-08-30,6,4431.4
ORD0006935,CUST00192,PROD00231,STORE014,2025-10-07,2,24849.79
ORD0004173,CUST01280,,STORE011,2025-02-08,5,19410.26
ORD0001329,CUST00738,PROD00143,STORE025,2025-05-15,3,12465.46
ORD0005710,CUST00364,PROD00141,STORE005,2025-10-20,2,19388.54
ORD0003548,CUST00407,PROD00125,STORE011,2026-04-06,3,24373.22
ORD0009465,CUST00136,PROD00036,STORE011,2025-11-11,2,23970.51
ORD0011578,CUST01027,PROD00124,STORE014,2025-06-06,1,14866.31
ORD0005889,CUST00572,PROD00073,STORE022,2025-09-29,6,11924.58
ORD0000014,CUST00817,PROD00134,STORE002,2025-04-23,3,12214.81
ORD0008766,CUST00658,PROD00213,STORE004,2025-12-07,1,13706.74
ORD0011410,CUST00205,PROD00040,STORE022,2025-10-13,4,13206.24
ORD0007301,CUST00199,PROD00200,STORE011,2025-01-17,5,18758.92
ORD0001205,CUST01488,PROD00028,STORE018,2026-03-29,2,4455.67
ORD0010145,CUST01094,PROD00157,STORE014,2025-04-20,5,20448.02
ORD0012062,CUST00545,PROD00082,STORE004,2026-04-11,3,1831.87
ORD0005362,CUST00901,PROD00291,STORE014,2025-04-10,5,unknown
ORD0010655,CUST01118,PROD00001,STORE014,2025-09-24,2,14384.38
ORD0010604,CUST01281,PROD00295,STORE014,2025-06-20,6,1424.33
ORD0008872,CUST00855,PROD00248,STORE004,2025-02-06,5,14231.81
ORD0005964,CUST00404,PROD00199,STORE019,2026-03-29,3,17920.95
ORD0003033,CUST00538,PROD00113,STORE021,2025-02-15,4,10516.4
ORD0002589,CUST00951,PROD00105,STORE012,2025-09-09,4,18832.03
ORD0001803,CUST01414,PROD00033,STORE002,2025-05-10,3,4202.91
ORD0006274,CUST00237,PROD00266,STORE011,2025-10-21,5,10036.03
ORD0012413,CUST00137,PROD00180,STORE011,2025-07-26,4,12280.57
ORD0002109,CUST00869,PROD00003,STORE008,2026-01-01,4,3685.6
ORD0011146,CUST00447,PROD00134,STORE012,2025-09-17,6,11206.75
ORD0003723,CUST00657,PROD00120,STORE017,2026-01-30,1,23543.3
ORD0007917,CUST00159,PROD00208,STORE020,2026-01-26,3,23611.71
ORD0008601,CUST01206,PROD00262,STORE014,2025-12-25,4,22499.55
ORD0000827,CUST01210,PROD00101,STORE014,2025-08-21,6,20036.94
ORD0007918,CUST00299,PROD00067,STORE020,2025-05-07,2,23112.71
ORD0007906,CUST01330,PROD00188,STORE009,2026-01-19,3,2201.2
ORD0004951,CUST01240,PROD00006,STORE011,2025-02-03,6,906.4
ORD0009808,CUST00912,PROD00271,STORE013,2025-09-27,1,4110.16
ORD0011512,CUST00130,PROD00155,STORE014,2025-01-28,2,14788.4
ORD0002846,CUST01486,PROD00228,STORE009,2025-07-26,2,20577.18
ORD0006313,CUST01198,,STORE008,2025-09-27,4,446.65
ORD0002418,CUST00149,PROD00100,STORE016,2026-03-12,6,15524.02
ORD0009661,CUST00364,PROD00299,STORE005,2025-11-15,4,13200.8
ORD0006956,CUST01002,PROD00113,STORE001,2025-04-26,6,16817.99
ORD0006568,CUST01280,PROD00075,STORE025,2026-04-03,4,14109.62
ORD0004284,CUST01427,,STORE023,2026-03-09,6,24234.28
ORD0003380,CUST00657,PROD00115,STORE002,2025-06-07,2,1613.32
ORD0009250,CUST00628,PROD00151,STORE020,2025-09-09,1,14139.57
ORD0004651,CUST01275,PROD00206,STORE013,2025-11-04,2,5590.78
ORD0006676,CUST01439,PROD00159,STORE012,2025-08-08,6,11495.25
ORD0006709,CUST01271,,STORE007,2025-02-25,4,14207.95
ORD0000905,CUST00549,PROD00190,STORE017,2025-05-20,3,17294.21
ORD0000979,CUST01083,PROD00033,STORE013,2025-12-11,3,6169.35
ORD0003313,CUST01042,PROD00194,STORE024,2025-04-30,6,18010.46
ORD0010758,CUST01198,PROD00062,STORE014,2026-03-28,4,1823.41
ORD0011767,,PROD00238,STORE008,2025-10-15,4,3798.66
ORD0008438,CUST00249,PROD00151,STORE014,2025-06-27,6,20652.33
ORD0003306,CUST00163,PROD00073,STORE015,2025-11-04,,14515.92
ORD0005981,CUST01494,PROD00244,STORE024,2025-11-20,6,24841.02
ORD0000499,CUST00175,PROD00190,STORE003,2025-06-03,2,3503.34
ORD0001004,CUST00946,PROD00257,STORE014,2025-09-26,5,18049.11
ORD0005673,CUST00457,PROD00072,STORE017,2026-01-27,6,174.26
ORD0003069,CUST00253,PROD00053,STORE024,2025-01-07,2,8596.4
ORD0000187,CUST00387,PROD00015,STORE020,2025-11-14,2,3593.52
ORD0010244,CUST00512,PROD00221,STORE010,2025-03-27,2,5546.86
ORD0002595,CUST01230,PROD00072,STORE011,2026-03-07,5,7117.11
ORD0011274,,PROD00060,STORE019,2026-02-27,2,23556.89
ORD0008127,CUST01224,PROD00169,STORE009,2025-10-14,3,18881.74
ORD0004443,CUST00544,PROD00022,STORE022,2026-02-28,1,23600.18
ORD0004562,CUST00364,PROD00251,STORE013,2025-09-10,4,10777.59
ORD0012473,CUST01219,PROD00089,STORE015,2025-11-12,5,14485.44
ORD0011018,CUST00472,PROD00069,STORE012,2025-02-15,4,11827.49
ORD0005246,CUST00566,PROD00129,STORE007,2025-04-21,4,6391.96
ORD0000749,CUST01455,PROD00057,STORE023,2025-11-07,2,unknown
ORD0006854,CUST00738,PROD00193,STORE020,2025-11-30,3,16335.83
ORD0003061,CUST01194,PROD00097,STORE019,2025-03-13,1,23841.93
ORD0011813,CUST01311,PROD00049,STORE002,2026-01-23,1,24176.41
ORD0007039,CUST00742,PROD00289,STORE005,2025-06-23,6,15293.2
ORD0011652,CUST00255,PROD00270,STORE014,2025-05-13,3,11285.37
ORD0006231,CUST01493,PROD00284,STORE008,2025-02-24,1,12012.17
ORD0001368,CUST00031,PROD00056,STORE016,2025-07-22,5,12979.32
ORD0001053,CUST00735,PROD00279,STORE022,2025-05-17,2,10938.52
ORD0005692,CUST00323,PROD00202,STORE005,2025-05-01,5,19271.77
ORD0004835,CUST01023,PROD00231,STORE020,2025-11-11,2,9439.33
ORD0007519,CUST00733,PROD00060,STORE009,2025-04-27,1,6732.24
ORD0010945,CUST00772,PROD00261,STORE006,2025-03-12,1,18358.18
ORD0007598,CUST00910,PROD00068,STORE014,2025-05-18,1,613.56
ORD0004644,CUST01009,PROD00266,STORE011,2026-03-01,6,15660.75
ORD0009315,CUST00161,PROD00082,STORE011,2025-06-25,3,2735.09
ORD0003776,CUST01417,PROD00143,STORE004,2025-10-17,4,24791.0
ORD0012012,CUST00458,PROD00153,STORE024,2026-01-28,4,16143.12
ORD0006731,CUST00713,PROD00084,STORE022,2025-04-16,3,19027.37
ORD0006268,CUST01021,PROD00124,STORE008,2025-07-10,3,17598.04
ORD0011744,CUST00316,PROD00124,STORE017,2026-04-07,6,3225.91
ORD0005792,CUST00122,PROD00140,STORE002,2026-13-40,4,9334.35
ORD0011997,CUST00684,PROD00283,STORE021,2025-08-02,4,20500.71
ORD0006555,CUST00430,PROD00278,STORE017,2025-04-03,1,13617.19
ORD0005585,CUST00427,PROD00289,STORE023,2026-02-06,6,24328.4
ORD0007564,CUST00877,PROD00005,STORE023,2025-09-27,3,8952.39
ORD0006030,CUST01294,PROD00275,STORE009,2026-02-10,3,6709.06
ORD0005521,CUST01030,PROD00104,STORE005,2025-09-08,5,18897.91
ORD0010737,CUST00985,PROD00097,STORE002,2025-02-10,5,2608.17
ORD0000280,CUST00799,PROD00010,STORE001,2025-03-19,2,8161.25
ORD0003501,CUST00742,PROD00257,STORE004,2025-01-23,6,10308.29
ORD0000625,CUST01013,PROD00278,STORE014,2025-02-14,3,24040.45
ORD0008765,CUST00311,PROD00131,STORE016,2025-09-01,1,24067.77
ORD0009029,CUST00384,PROD00012,STORE006,2025-10-04,1,11357.39
ORD0008024,CUST00690,PROD00258,STORE025,2025-05-15,6,3342.4
ORD0004312,CUST01146,PROD00254,STORE015,2025-10-14,1,1554.18
ORD0007152,CUST01378,PROD00140,STORE020,00/00/0000,1,12649.32
ORD0009629,CUST00107,PROD00205,STORE022,2026-02-05,1,20793.65
ORD0011279,CUST01337,PROD00067,STORE006,2025-05-15,3,19963.01
ORD0000906,CUST01349,PROD00265,STORE010,2025-02-02,6,10182.31
ORD0001900,CUST01320,PROD00267,STORE020,2025-01-20,2,10764.03
ORD0002324,CUST00841,PROD00244,STORE019,2025-02-11,6,7138.05
ORD0007399,CUST00654,PROD00256,STORE003,2025-04-02,1,19181.53
ORD0000685,CUST00154,PROD00222,STORE020,2025-10-15,1,10520.31
ORD0003593,CUST00164,PROD00242,STORE025,2025-04-26,2,1258.49
ORD0005628,CUST00595,PROD00100,STORE001,2025-04-11,5,2633.01
ORD0000791,CUST01277,PROD00247,STORE022,2026-04-20,1,19407.91
ORD0009055,CUST01406,PROD00016,STORE022,2025-06-01,3,11846.03
ORD0004941,CUST01184,PROD00205,STORE007,2025-09-16,3,11483.31
ORD0004905,CUST00152,PROD00278,STORE005,2026-02-14,4,4787.45
ORD0001961,CUST01097,PROD00154,STORE014,2025-07-11,3,1214.91
ORD0000766,CUST00982,PROD00035,STORE012,2026-04-18,3,4957.96
ORD0011521,CUST01026,PROD00202,STORE005,2025-10-10,5,2872.82
ORD0007776,CUST00300,PROD00166,STORE012,2025-05-18,4,2096.19
ORD0007336,CUST01059,PROD00204,STORE012,2025-01-12,6,13570.64
ORD0004921,CUST01436,PROD00256,STORE016,2025-08-18,2,2014.71
ORD0004126,CUST00216,PROD00067,STORE021,2025-12-24,1,5361.22
ORD0005008,CUST00636,PROD00254,STORE025,2026-02-05,1,24681.09
ORD0006564,CUST00051,PROD00184,STORE024,2025-02-22,1,20569.7
ORD0009745,CUST01363,PROD00167,STORE024,2025-06-03,5,7127.3
ORD0008037,CUST01367,PROD00001,STORE019,2025-12-02,1,9971.48
ORD0005439,CUST00212,PROD00163,STORE001,2025-04-28,3,20460.1
ORD0000330,CUST00606,PROD00065,STORE012,2025-10-11,3,11396.24
ORD0008545,CUST00003,PROD00251,STORE021,2025-03-29,1,185.89
ORD0003655,CUST01096,PROD00006,STORE014,2026-03-19,1,19921.18
ORD0005377,CUST00483,PROD00185,STORE023,2025-08-23,5,12546.44
ORD0003203,CUST00042,PROD00045,STORE018,2025-10-26,1,11241.8
ORD0010316,CUST00624,PROD00144,STORE001,2026-02-08,4,1113.58
ORD0001448,CUST00825,PROD00071,STORE014,2025-03-14,3,4549.1
ORD0009646,CUST00603,PROD00246,STORE008,2026-04-01,3,2930.25
ORD0002814,CUST00824,PROD00107,STORE012,2025-06-01,3,19490.68
ORD0006874,CUST00634,PROD00199,STORE001,2025-12-18,2,1572.96
ORD0006885,CUST00441,PROD00230,STORE002,2025-10-17,2,892.99
ORD0007003,CUST00834,PROD00285,STORE004,00/00/0000,2,21963.07
ORD0008935,CUST00408,PROD00273,STORE008,2026-04-05,3,12541.38
ORD0004683,CUST01451,PROD00061,STORE005,2025-03-17,2,12930.71
ORD0011045,CUST00804,PROD00196,STORE001,2025-04-01,4,19652.19
ORD0005982,CUST00505,PROD00213,STORE012,2025-11-18,2,12145.86
ORD0008168,CUST00970,PROD00167,STORE022,2025-02-18,2,5330.31
ORD0001943,CUST00672,PROD00274,STORE004,2025-01-22,5,17971.89
ORD0009495,CUST00813,PROD00060,STORE025,2025-11-04,2,5407.31
ORD0004482,CUST01124,PROD00212,STORE016,2025-07-22,6,1292.42
ORD0001730,CUST00619,PROD00107,STORE011,2025-10-02,1,4005.87
ORD0010799,CUST00259,PROD00294,STORE007,2026-04-04,2,2501.84
ORD0003119,CUST00934,PROD00103,STORE008,2025-02-18,4,6366.97
ORD0010896,CUST00718,PROD00057,STORE017,2025-08-18,1,16889.88
ORD0004607,CUST00834,PROD00195,STORE010,2025-12-23,6,13192.81
ORD0004175,CUST00448,PROD00106,STORE015,2025-04-12,3,20966.97
ORD0007524,CUST01453,PROD00223,STORE006,2025-02-19,6,11851.43
ORD0002311,CUST01335,PROD00180,STORE014,2026-03-11,3,22418.02
ORD0007043,CUST00077,PROD00145,STORE005,2025-01-03,3,6784.43
ORD0009623,CUST00915,PROD00068,STORE005,2025-01-27,4,842.99
ORD0001596,CUST00555,PROD00202,STORE013,2025-09-15,6,14926.98
ORD0011111,CUST01274,,STORE005,2026-03-20,2,12811.57
ORD0001201,CUST01221,PROD00240,STORE025,2026-01-04,5,22779.99
ORD0007149,CUST01325,PROD00002,STORE016,2025-02-13,6,24745.06
ORD0002871,CUST01076,PROD00199,STORE008,2026-04-12,1,7096.42
ORD0001558,CUST00568,PROD00077,STORE008,2025-08-13,2,3395.02
ORD0007330,CUST00087,PROD00096,STORE015,2025-09-18,5,19551.61
ORD0001330,CUST00256,PROD00050,STORE014,2026-03-23,3,16309.6
ORD0005061,CUST00948,PROD00117,STORE018,2026-03-20,3,22594.82
ORD0006990,CUST00611,PROD00281,STORE022,2026-01-12,3,11926.97
ORD0006985,CUST00715,PROD00214,STORE010,2025-04-10,4,22582.42
ORD0009897,CUST00146,PROD00269,STORE023,2026-01-09,4,19083.8
ORD0002607,CUST00826,PROD00094,STORE019,2025-11-25,2,16481.5
ORD0006311,CUST00511,PROD00269,STORE025,2026-03-17,3,22179.14
ORD0003552,CUST00022,PROD00216,STORE022,2025-02-25,6,12156.74
ORD0001413,CUST00031,PROD00095,STORE008,2025-01-09,2,$22240.75
ORD0009721,CUST01338,PROD00053,STORE023,2025-09-11,5,18446.57
ORD0003592,CUST01467,,STORE022,2025-04-30,6,16757.17
ORD0002708,CUST01431,PROD00271,STORE012,2025-02-21,5,1432.22
ORD0005773,CUST00643,PROD00220,STORE020,2025-04-20,6,7056.16
ORD0003789,CUST00069,PROD00299,STORE018,2025-08-02,4,20021.49
ORD0010889,,PROD00197,STORE001,2025-05-30,1,21013.58
ORD0009748,CUST00277,PROD00120,STORE012,2025-09-07,1,2187.9
ORD0009761,CUST00676,PROD00040,STORE004,2026-01-20,5,13797.26
ORD0007977,CUST00208,PROD00013,STORE010,2025-06-15,3,5300.67
ORD0004362,CUST00456,PROD00238,STORE020,2025-05-29,6,4059.95
ORD0006406,CUST01211,PROD00213,STORE016,2026-03-15,1,16590.11
ORD0008268,CUST00787,PROD00065,STORE006,2025-09-04,4,22801.06
ORD0008407,CUST01003,PROD00017,STORE004,2026-01-13,2,24995.36
ORD0006332,CUST00658,PROD00121,STORE007,2026-01-31,6,978.02
ORD0003078,CUST01301,PROD00148,STORE001,2025-09-11,6,20252.97
ORD0000638,CUST00221,PROD00254,STORE005,2025-06-06,1,17419.19
ORD0008205,CUST00744,PROD00249,STORE010,2025-05-30,5,1845.29
ORD0006238,CUST00651,PROD00028,STORE018,2026-02-21,3,11968.31
ORD0004089,CUST00298,PROD00226,STORE024,2026-04-07,5,2865.62
ORD0008424,CUST00811,PROD00266,STORE011,2025-05-30,5,21551.21
ORD0011446,CUST01374,PROD00061,STORE001,2025-04-10,3,10118.79
ORD0000894,CUST00564,PROD00228,STORE022,2025-03-16,2,21465.24
ORD0011206,CUST00384,PROD00253,STORE018,2025-07-18,6,23424.26
ORD0002044,CUST01286,PROD00078,STORE008,2025-04-14,2,17184.95
ORD0000852,CUST01294,PROD00180,STORE001,2026-02-10,3,21359.63
ORD0011351,CUST00695,PROD00230,STORE006,2025-11-01,3,17274.85
ORD0008082,CUST01178,PROD00088,STORE008,2025-06-26,5,9150.5
ORD0002895,CUST00877,PROD00175,STORE002,2025-08-30,3,4543.36
ORD0006712,CUST00743,PROD00232,STORE023,2025-03-26,5,3967.26
ORD0000249,CUST00967,PROD00156,STORE012,2026-01-08,2,7759.87
ORD0000985,CUST00169,PROD00237,STORE002,2025-11-20,4,7396.89
ORD0000477,CUST01460,PROD00098,STORE019,2026-01-09,2,23707.92
ORD0011913,CUST01322,PROD00228,STORE001,2025-10-13,6,7860.48
ORD0007980,CUST01240,PROD00034,STORE013,2025-04-11,2,23254.69
ORD0001221,CUST01435,PROD00236,STORE014,2025-03-13,4,18853.6
ORD0009492,CUST00191,PROD00132,STORE005,2025-09-03,4,-5
ORD0005936,CUST00724,PROD00150,STORE025,2026-03-26,5,23599.83
ORD0008185,CUST00681,PROD00047,STORE016,2026-04-17,2,5690.67
ORD0006813,CUST00241,PROD00062,STORE011,2025-09-02,6,21463.7
ORD0011312,CUST01391,PROD00099,STORE007,2026-03-23,3,14586.89
ORD0006982,CUST00588,PROD00237,STORE013,2025-04-15,2,775.53
ORD0011959,CUST01060,PROD00057,STORE009,2025-11-30,6,22529.52
ORD0004229,CUST00113,PROD00162,STORE025,2026-03-10,6,18912.82
ORD0006541,CUST01331,PROD00287,STORE016,2025-10-02,1,20458.01
ORD0006016,CUST00303,PROD00080,STORE023,2025-03-29,4,23008.95
ORD0000659,CUST01340,PROD00091,STORE025,2025-04-04,4,1240.29
ORD0008018,CUST00803,PROD00295,STORE005,2025-11-28,2,8452.5
ORD0007808,CUST01473,PROD00135,STORE005,2025-06-21,1,7912.35
ORD0008652,CUST01102,PROD00295,STORE007,2025-05-08,4,14387.41
ORD0009204,CUST01405,PROD00097,STORE005,2025-10-13,5,2113.07
ORD0002685,CUST01486,PROD00225,STORE014,2025-08-04,5,5634.57
ORD0002568,CUST00661,PROD00183,STORE011,2025-09-17,6,11323.02
ORD0005524,CUST00712,PROD00184,STORE024,2025-06-16,4,2878.82
ORD0007946,CUST00381,PROD00248,STORE012,2025-07-19,5,6585.94
ORD0011539,CUST00784,PROD00006,STORE001,2025-06-10,3,20864.36
ORD0012064,CUST01204,PROD00034,STORE024,2025-03-19,2,13257.34
ORD0004531,CUST01087,PROD00269,STORE017,2025-09-01,1,20971.06
ORD0003148,CUST00155,PROD00165,STORE015,2025-08-11,2,17033.03
ORD0009262,CUST00015,PROD00138,STORE011,2026-02-15,6,15311.47
ORD0006302,CUST01001,PROD00108,STORE015,2025-03-18,5,8803.66
ORD0006554,CUST00243,PROD00280,STORE011,2025-09-04,4,8310.82
ORD0000419,CUST00343,PROD00052,STORE016,2025-11-10,2,15147.06
ORD0002798,CUST00650,PROD00070,STORE016,2026-04-21,6,2015.81
ORD0001840,CUST01287,PROD00005,STORE025,2026-03-30,4,18493.63
ORD0010004,CUST01050,PROD00181,STORE013,2025-08-11,6,1246.96
ORD0005550,CUST00447,PROD00066,STORE010,2025-08-16,5,4476.75
ORD0007052,CUST00247,PROD00008,STORE017,2025-02-22,4,19450.97
ORD0000196,CUST01314,PROD00057,STORE020,2026-04-11,3,21821.32
ORD0006700,CUST01302,PROD00234,STORE002,2026-03-15,4,1597.25
ORD0000972,CUST00493,PROD00211,STORE020,2025-11-13,5,14022.82
ORD0008552,CUST00623,PROD00262,STORE016,2025-12-30,6,6902.78
ORD0012001,CUST00386,PROD00017,STORE017,2026-01-05,6,14656.05
ORD0010991,CUST00058,PROD00182,STORE004,2025-04-02,1,13578.79
ORD0008952,CUST00634,PROD00268,STORE003,2025-07-19,5,2774.04
ORD0000478,CUST01351,PROD00187,STORE015,2026-02-10,5,21581.6
ORD0010544,CUST00764,PROD00285,STORE021,2026-02-10,5,23854.51
ORD0001355,CUST01004,PROD00227,STORE011,2025-10-20,5,22327.72
ORD0003414,CUST01008,PROD00272,STORE017,2026-03-27,5,11153.52
ORD0009064,CUST01258,PROD00213,STORE015,2026-04-05,1,2809.38
ORD0011292,CUST00734,PROD00224,STORE012,2025-07-06,6,15460.25
ORD0005424,CUST00274,PROD00058,STORE006,2026-03-31,1,13921.48
ORD0007521,CUST00247,PROD00137,STORE024,2025-08-31,2,23293.6
ORD0012142,CUST00873,PROD00023,STORE023,2025-04-02,5,24205.62
ORD0002518,CUST01179,PROD00049,STORE009,2025-02-03,6,24790.65
ORD0009074,CUST00738,PROD00229,STORE022,2025-12-18,4,6277.99
ORD0005633,CUST00241,PROD00114,STORE008,2025-08-29,1,2080.32
ORD0002079,CUST00626,PROD00091,STORE005,2025-04-23,4,10561.2
ORD0004695,CUST01017,PROD00026,STORE002,2025-07-06,3,7180.5
ORD0008999,CUST00543,PROD00050,STORE023,2026-03-03,2,6556.89
ORD0009688,CUST00798,PROD00010,STORE011,2025-11-02,2,18939.9
ORD0009489,CUST01362,PROD00203,STORE025,2026-01-12,5,19807.88
ORD0007141,CUST00288,PROD00109,STORE009,2025-07-09,6,-5
ORD0004688,CUST00894,PROD00219,STORE005,2025-06-24,2,16991.95
ORD0000912,CUST00871,PROD00129,STORE023,2025-11-18,3,14716.88
ORD0011455,CUST01456,PROD00052,STORE018,2025-11-03,6,8799.86
ORD0005327,CUST00068,PROD00131,STORE002,2025-12-03,1,15637.63
ORD0003362,CUST00751,PROD00040,STORE017,2025-03-14,6,4819.28
ORD0010979,CUST00590,PROD00215,STORE004,2026-03-10,1,8222.72
ORD0010787,CUST00524,PROD00192,STORE023,2026-01-29,1,23712.31
ORD0000679,CUST01284,PROD00212,STORE021,2026-02-28,3,23449.57
ORD0012355,CUST01106,PROD00057,STORE002,2026-02-24,1,16518.57
ORD0008503,CUST00599,PROD00045,STORE015,2025-08-02,5,21089.04
ORD0011040,CUST00774,PROD00017,STORE011,2025-10-23,6,24491.13
ORD0007641,CUST01461,PROD00031,STORE021,2025-08-20,2,9902.65
ORD0010120,CUST00280,PROD00118,STORE012,2025-12-11,1,15762.62
ORD0009078,CUST01488,PROD00135,STORE020,2025-10-28,5,6336.81
ORD0006807,CUST00021,PROD00070,STORE013,2025-11-15,2,5424.46
ORD0008220,CUST01138,PROD00251,STORE015,2025-07-10,2,5768.93
ORD0000322,CUST00332,PROD00204,STORE011,2025-09-05,1,14366.36
ORD0003764,CUST00038,PROD00103,STORE004,,4,12453.96
ORD0009229,CUST01426,PROD00193,STORE012,2026-02-10,4,23017.7
ORD0000450,CUST00414,PROD00045,STORE018,2025-09-23,4,5139.59
ORD0008313,CUST00819,PROD00227,STORE016,2025-11-01,3,1430.69
ORD0012151,CUST00837,PROD00033,STORE024,2025-08-22,3,20893.37
ORD0001613,CUST01348,PROD00144,STORE024,2026-04-09,2,10908.7
ORD0001654,CUST00305,PROD00007,STORE022,2025-07-17,1,5610.83
ORD0006635,CUST00556,PROD00023,STORE014,2025-06-10,6,733.25
ORD0005388,CUST00214,PROD00211,STORE014,2026-02-04,2,6259.2
ORD0002778,CUST00070,PROD00042,STORE007,2025-05-20,2,5905.85
ORD0004399,CUST01308,PROD00287,STORE004,2026-01-20,1,7246.27
ORD0000880,CUST01398,PROD00261,STORE008,2025-09-25,4,281.37
ORD0008934,CUST01406,PROD00236,STORE003,2025-11-12,5,2056.31
ORD0012273,CUST01411,PROD00239,STORE007,2025-07-29,6,11968.66
ORD0001947,CUST00901,PROD00041,STORE007,2026-01-04,6,8814.67
ORD0012108,CUST00239,PROD00040,STORE019,2025-07-15,2,20482.4
ORD0008262,CUST00718,PROD00082,STORE005,2025-05-25,5,4119.23
ORD0003961,CUST00421,PROD00104,STORE013,2026-02-02,6,13113.94
ORD0007458,CUST00406,,STORE006,2025-06-14,5,3767.67
ORD0000913,CUST00824,PROD00290,STORE019,2025-08-30,3,2537.83
ORD0004451,CUST01318,PROD00033,STORE018,2025-12-08,1,22495.55
ORD0005267,CUST00837,PROD00168,STORE014,2026-04-21,1,1188.11
ORD0004680,CUST01040,PROD00069,STORE022,2026-02-02,2,11248.92
ORD0009376,CUST00303,PROD00198,STORE011,2025-03-02,6,14579.36
ORD0005143,CUST00379,PROD00038,STORE005,2025-10-10,2,270.76
ORD0003576,CUST00170,PROD00003,STORE014,2026-03-30,3,11298.57
ORD0005867,CUST00622,PROD00215,STORE001,2025-02-08,2,24025.93
ORD0000740,CUST00107,PROD00294,STORE021,2025-10-08,6,4522.21
ORD0007379,CUST01118,PROD00002,STORE019,2025-03-21,5,8396.24
ORD0009962,CUST01260,PROD00052,STORE010,2026-04-19,6,14945.98
ORD0009219,CUST01410,PROD00280,STORE024,2025-07-23,2,5278.01
ORD0006240,CUST00186,PROD00253,STORE013,2025-07-18,1,11618.43
ORD0007357,CUST00322,PROD00100,STORE001,2025-10-16,3,19557.49
ORD0002175,CUST00974,PROD00027,STORE014,2026-02-13,6,17397.95
ORD0006214,CUST00131,PROD00244,STORE003,2025-11-05,6,11304.62
ORD0005690,CUST00438,PROD00202,STORE007,2025-05-05,1,10006.15
ORD0004851,CUST00170,PROD00226,STORE021,2025-06-21,4,12840.48
ORD0012333,CUST01450,PROD00163,STORE017,2025-12-14,5,21367.69
ORD0011175,CUST01447,PROD00173,STORE016,2025-10-08,4,12931.4
ORD0003623,CUST00803,PROD00166,STORE025,2025-02-16,2,15029.82
ORD0009869,CUST00883,PROD00183,STORE010,2026-03-15,6,19904.75
ORD0007243,CUST01394,PROD00294,STORE012,2026-04-07,1,9792.53
ORD0001985,CUST00923,PROD00237,STORE005,2025-05-24,1,6822.99
ORD0012353,CUST00323,PROD00010,STORE010,2025-01-11,5,3505.07
ORD0006085,CUST00602,PROD00021,STORE006,2026-02-16,3,17257.88
ORD0008146,CUST00765,PROD00160,STORE004,2025-03-03,3,24817.18
ORD0001687,CUST00501,PROD00181,STORE011,2025-04-12,6,5631.68
ORD0008318,CUST00043,PROD00052,STORE001,2025-03-09,2,18794.83
ORD0008111,CUST01495,PROD00298,STORE014,2025-02-04,3,21628.0
ORD0007608,CUST00475,PROD00194,STORE025,2025-11-14,6,16201.94
ORD0002908,CUST00690,,STORE019,2025-12-23,5,14180.29
ORD0002391,CUST00707,PROD00194,STORE020,2025-11-04,5,22730.73
ORD0008333,CUST01062,PROD00073,STORE011,2025-01-26,3,15967.37
ORD0004737,CUST01448,PROD00286,STORE025,2025-07-18,3,1472.86
ORD0001811,CUST00331,PROD00277,STORE011,2025-04-07,2,13667.7
ORD0002204,CUST00815,PROD00167,STORE009,2025-06-29,1,4033.4
ORD0000132,CUST00756,PROD00186,STORE011,2025-11-09,5,20607.47
ORD0003705,CUST01269,PROD00253,STORE020,2026-01-19,2,18144.34
ORD0011236,CUST01202,PROD00097,STORE006,2025-12-29,1,1092.77
ORD0007350,CUST01412,PROD00249,STORE006,2025-09-06,3,13386.55
ORD0004864,CUST00819,PROD00294,STORE025,2026-04-18,3,5811.56
ORD0008877,CUST00377,PROD00081,STORE017,2025-12-30,4,14222.78
ORD0008110,CUST01149,PROD00209,STORE012,2025-11-03,1,9998.35
ORD0000804,CUST01078,PROD00037,STORE020,2025-08-25,3,3594.61
ORD0004087,CUST00678,PROD00014,STORE019,2025-08-12,5,14502.34
ORD0004144,CUST01480,PROD00125,STORE005,2026-04-13,1,12719.6
ORD0004803,CUST01437,PROD00036,STORE002,2025-07-05,6,8776.96
ORD0006680,CUST01045,PROD00109,STORE022,2026-02-12,3,2703.95
ORD0010562,CUST01264,PROD00008,STORE004,2026-02-05,4,16382.6
ORD0010332,CUST00612,PROD00209,STORE023,2025-12-20,1,604.67
ORD0011415,CUST00878,PROD00205,STORE017,2025-01-28,2,15451.18
ORD0012458,CUST00891,PROD00180,STORE011,2026-01-26,1,10235.16
ORD0004408,CUST00541,PROD00182,STORE002,2025-09-18,5,20512.37
ORD0001491,CUST00948,PROD00260,STORE013,2025-12-18,1,15085.52
ORD0002770,CUST01199,PROD00154,STORE001,2025-10-21,2,9975.98
ORD0005107,CUST00057,PROD00288,STORE021,2026-03-23,6,12018.09
ORD0011672,CUST01419,PROD00210,STORE014,2025-07-29,6,2894.71
ORD0003624,CUST00280,PROD00259,STORE011,2026-03-04,2,12137.5
ORD0012055,CUST00554,PROD00137,STORE020,2026-03-05,6,21310.22
ORD0010327,CUST01066,PROD00288,STORE017,2026-02-04,3,19297.14
ORD0000488,CUST00044,PROD00005,STORE002,2025-06-10,3,21337.13
ORD0004154,CUST00349,PROD00282,STORE012,2025-01-12,4,23081.11
ORD0009092,CUST00164,PROD00074,STORE005,2026-01-20,1,4664.48
ORD0008607,CUST00206,PROD00032,STORE016,2025-10-21,,18081.71
ORD0007456,CUST00250,PROD00172,STORE014,2025-03-25,4,21011.93
ORD0008539,CUST00986,PROD00048,STORE009,2025-08-06,3,12183.26
ORD0003767,CUST00212,PROD00074,STORE009,2025-07-11,6,1580.79
ORD0010798,CUST00615,PROD00089,STORE009,2025-01-23,3,6330.59
ORD0007555,CUST00034,PROD00043,STORE015,2025-06-16,2,14802.32
ORD0004320,CUST01370,PROD00272,STORE005,2025-01-01,1,19248.12
ORD0011126,CUST01045,PROD00079,STORE018,2026-04-16,5,10264.29
ORD0005269,CUST00315,PROD00094,STORE019,2025-09-22,4,18458.57
ORD0008881,CUST01081,PROD00024,STORE018,2026-03-30,5,8474.45
ORD0010966,CUST01058,PROD00219,STORE022,2025-07-17,6,1489.5
ORD0005082,CUST01456,PROD00016,STORE025,2025-01-21,6,7027.81
ORD0000035,CUST01491,PROD00202,STORE012,2025-08-20,5,17907.28
ORD0003748,CUST00320,PROD00250,STORE006,2025-10-11,1,18141.46
ORD0010514,CUST00697,PROD00115,STORE017,2026-03-18,6,7777.06
ORD0000441,CUST01370,PROD00133,STORE014,2026-03-19,6,14327.91
ORD0008824,CUST00753,PROD00122,STORE019,2026-01-10,6,17589.89
ORD0008032,CUST01013,PROD00134,STORE002,2026-02-03,3,711.36
ORD0003802,CUST01131,PROD00109,STORE010,2025-04-23,1,24225.24
ORD0006027,CUST00420,PROD00226,STORE021,2025-09-26,5,13249.76
ORD0012121,CUST00365,PROD00024,STORE014,2025-07-20,5,22343.7
ORD0011426,CUST01098,PROD00015,STORE025,2026-02-09,6,11798.1
ORD0000645,CUST01007,PROD00017,STORE016,2025-05-11,3,8884.7
ORD0003729,CUST00886,PROD00119,STORE006,2025-03-09,5,15850.32
ORD0007260,CUST01419,PROD00268,STORE016,2026-04-16,4,15446.2
ORD0001119,CUST01014,PROD00273,STORE016,2026-03-15,4,13618.12
ORD0009346,CUST00476,PROD00092,STORE006,2025-01-03,3,1371.76
ORD0008070,CUST01422,PROD00095,STORE017,2025-10-17,4,6337.98
ORD0010097,CUST01260,PROD00105,STORE023,2026-03-17,5,9618.54
ORD0004490,CUST00116,PROD00174,STORE025,2025-07-04,2,355.13
ORD0008425,CUST00162,PROD00216,STORE010,2025-02-20,5,6028.84
ORD0011310,CUST00771,PROD00190,STORE012,2025-11-19,4,5685.52
ORD0007802,CUST01471,PROD00189,STORE006,2025-05-07,5,10690.77
ORD0008583,CUST00837,PROD00223,STORE006,2025-01-29,5,2341.19
ORD0000560,CUST01278,PROD00165,STORE003,2025-11-05,5,12349.87
ORD0007780,CUST01206,PROD00131,STORE004,2025-02-26,4,20186.79
ORD0004105,CUST00939,PROD00094,STORE016,2026-02-19,3,13453.08
ORD0010073,CUST00685,PROD00045,STORE016,2026-04-14,6,22925.04
ORD0008089,CUST00276,PROD00088,STORE004,not_a_date,6,16345.22
ORD0011870,CUST00797,PROD00231,STORE024,2025-08-10,4,6882.47
ORD0008936,CUST00909,PROD00024,STORE012,2026-02-23,1,463.7
ORD0007673,CUST00051,PROD00068,STORE019,2025-08-27,5,17275.81
ORD0009323,CUST01102,PROD00119,STORE009,2025-10-23,6,9449.1
ORD0011806,CUST01270,PROD00236,STORE008,2026-02-28,1,22043.47
ORD0000544,CUST00195,PROD00009,STORE013,2025-06-22,4,3875.01
ORD0012129,CUST00967,PROD00209,STORE010,2025-09-19,6,10879.95
ORD0009518,CUST01264,PROD00267,STORE021,2025-02-21,5,7528.5
ORD0009433,CUST00704,PROD00172,STORE017,2025-04-15,1,20971.07
ORD0010258,CUST01083,PROD00296,STORE020,2025-11-04,3,11402.08
ORD0012057,CUST00752,PROD00270,STORE021,2025-03-06,5,18669.5
ORD0005383,CUST00477,PROD00164,STORE024,2025-06-27,4,19932.2
ORD0002437,CUST01371,PROD00188,STORE008,2026-04-17,5,16710.18
ORD0005465,CUST00698,PROD00036,STORE023,2025-11-08,2,16941.52
ORD0005517,CUST00868,PROD00022,STORE022,2025-02-20,2,2780.27
ORD0012424,CUST00680,PROD00234,STORE019,2025-02-21,6,11277.94
ORD0012244,CUST00755,PROD00238,STORE020,2025-12-05,1,10307.34
ORD0006552,CUST00933,PROD00218,STORE009,2025-04-07,3,2972.52
ORD0008403,CUST00262,PROD00178,STORE024,2025-11-01,3,23566.84
ORD0007753,CUST01400,PROD00208,STORE019,2026-01-03,6,5376.41
ORD0002110,CUST01496,PROD00259,STORE013,2025-04-14,1,24688.24
ORD0008299,CUST00152,PROD00287,STORE016,2025-07-07,3,11392.05
ORD0006779,CUST01499,PROD00268,STORE003,2025-03-23,3,591.42
ORD0009356,CUST00128,PROD00121,STORE013,2025-09-14,3,20845.68
ORD0009558,,PROD00238,STORE016,2026-03-10,5,19021.04
ORD0005740,CUST00527,PROD00241,STORE019,2025-02-24,6,5902.89
ORD0003083,CUST00449,,STORE011,2025-07-14,6,1779.75
ORD0002525,CUST00143,PROD00104,STORE018,2025-01-02,2,3239.28
ORD0004338,CUST00068,PROD00237,STORE025,2025-01-21,3,19422.65
ORD0011458,CUST00295,PROD00113,STORE016,2025-10-31,1,836.71
ORD0009699,CUST01387,PROD00236,STORE003,2025-07-28,4,7898.5
ORD0005930,CUST00161,PROD00116,STORE019,2025-05-29,3,15517.25
ORD0001015,CUST01233,PROD00259,STORE005,2025-05-21,1,6117.54
ORD0008344,CUST00127,PROD00023,STORE010,2025-01-17,5,10895.11
ORD0011623,CUST01099,PROD00011,STORE001,2026-03-18,6,11753.42
ORD0011074,CUST01084,PROD00191,STORE018,2025-10-22,3,19007.76
ORD0003896,CUST00444,PROD00075,STORE007,2025-02-07,3,12791.69
ORD0010982,CUST00233,PROD00186,STORE018,2026-04-19,1,2995.86
ORD0004028,CUST00051,PROD00246,STORE003,2025-08-02,2,4457.41
ORD0008814,CUST01198,PROD00060,STORE011,2025-06-04,1,19984.74
ORD0007446,CUST00483,PROD00171,STORE002,2025-09-08,6,14713.38
ORD0011354,CUST00150,PROD00014,STORE019,2025-06-24,5,22635.19
ORD0006498,CUST00726,PROD00251,STORE002,2025-09-09,5,abc
ORD0007940,CUST00061,PROD00242,STORE006,2025-11-12,5,2273.99
ORD0000963,CUST00157,PROD00078,STORE006,2026-02-08,3,12610.17
ORD0002213,CUST00766,PROD00012,STORE015,2026-03-16,6,164.18
ORD0005242,CUST00743,PROD00162,STORE015,2025-05-28,6,23014.13
ORD0003072,CUST01231,PROD00177,STORE005,2026-03-12,2,4176.97
ORD0002840,CUST00590,PROD00241,STORE018,2025-05-28,,20026.71
ORD0011496,CUST00099,PROD00226,STORE002,2025-10-17,1,20655.49
ORD0010648,CUST00509,PROD00216,STORE002,2025-09-10,3,6111.72
ORD0006022,CUST01314,PROD00289,STORE014,2025-05-19,2,14940.03
ORD0009019,CUST01477,PROD00293,STORE020,2025-11-21,6,23201.77
ORD0011982,CUST00620,PROD00165,STORE008,2026-03-18,3,18185.32
ORD0002802,CUST00618,PROD00057,STORE022,2025-10-23,4,3184.54
ORD0012100,CUST00663,PROD00041,STORE019,2026-03-09,1,17851.75
ORD0007898,CUST00384,PROD00136,STORE009,2025-07-24,5,17079.41
ORD0000256,CUST01031,PROD00226,STORE009,2025-03-24,1,1999.51
ORD0012133,CUST00567,PROD00049,STORE007,2026-01-28,4,3759.92
ORD0009593,CUST01042,,STORE023,2025-06-04,2,5320.94
ORD0010366,CUST00320,PROD00174,STORE018,2026-03-19,1,4757.3
ORD0003403,CUST00264,PROD00131,STORE007,2025-03-04,5,11657.55
ORD0012099,CUST00127,PROD00145,STORE025,2025-05-29,2,10103.92
ORD0008372,CUST00830,PROD00173,STORE002,2025-07-12,5,19428.19
ORD0002064,CUST01018,PROD00135,STORE023,2025-08-28,3,22635.14
ORD0011940,CUST00267,PROD00289,STORE007,2025-09-25,5,11533.74
ORD0009373,CUST00769,PROD00057,STORE003,2026-03-16,3,7701.9
ORD0009314,CUST00410,PROD00232,STORE018,2025-09-20,6,5488.73
ORD0005222,CUST01230,PROD00109,STORE024,2025-09-21,2,23550.28
ORD0007851,CUST00257,PROD00237,STORE008,2025-11-25,6,24693.66
ORD0003155,CUST00710,PROD00029,STORE006,2025-07-24,5,8007.78
ORD0001428,CUST00185,PROD00116,STORE010,2025-10-05,1,20222.91
ORD0009554,,PROD00013,STORE024,2025-03-29,3,21627.39
ORD0006523,CUST00950,PROD00144,STORE023,2025-12-14,1,22398.38
ORD0005561,CUST00325,PROD00213,STORE011,2025-06-22,5,12958.23
ORD0000456,CUST00514,PROD00090,STORE012,2025-11-26,4,5136.14
ORD0008231,CUST00385,PROD00146,STORE019,2025-02-20,6,11425.52
ORD0002407,CUST00278,PROD00152,STORE001,2025-12-30,3,15583.96
ORD0010732,CUST00208,PROD00037,STORE008,2025-12-30,6,14703.73
ORD0009140,CUST00189,,STORE016,2026-02-19,5,4656.58
ORD0011822,CUST00775,PROD00079,STORE007,2026-02-03,2,20513.72
ORD0000491,CUST00915,PROD00244,STORE011,2025-06-05,6,4504.17
ORD0011762,CUST01041,PROD00117,STORE005,2025-04-23,1,19055.52
ORD0005786,CUST01425,PROD00179,STORE022,2026-03-25,5,19492.91
ORD0009562,CUST01073,PROD00145,STORE022,2025-09-02,1,7807.59
ORD0009887,CUST00506,PROD00171,STORE025,2026-03-25,2,21381.09
ORD0005233,CUST01182,PROD00066,STORE020,2025-12-29,3,4603.92
ORD0006337,CUST01004,PROD00106,STORE024,2025-05-11,1,21049.43
ORD0002530,CUST00816,PROD00206,STORE010,2026-04-19,6,12031.84
ORD0010823,CUST00639,PROD00035,STORE002,2025-05-12,5,3400.1
ORD0012011,CUST00607,PROD00033,STORE003,2025-11-08,4,14507.14
ORD0002263,CUST00765,PROD00042,STORE019,2025-03-23,4,4344.01
ORD0007889,CUST00520,PROD00171,STORE017,2025-07-24,5,4933.09
ORD0010669,CUST00896,PROD00102,STORE010,2025-07-12,5,3238.49
ORD0003523,CUST00558,PROD00098,STORE002,2026-03-15,5,11782.17
ORD0003943,CUST01461,PROD00157,STORE016,2025-06-24,4,4482.77
ORD0008911,CUST00541,PROD00058,STORE014,2025-10-31,1,16903.2
ORD0011518,,PROD00120,STORE013,2025-02-18,2,1447.21
ORD0009966,CUST01413,PROD00136,STORE009,2025-08-12,4,$13175.69
ORD0003787,CUST01111,PROD00059,STORE006,2025-09-07,2,14541.0
ORD0005851,CUST00310,PROD00073,STORE005,2026-04-08,6,19803.0
ORD0010364,CUST00784,PROD00043,STORE014,2025-04-13,6,14637.5
ORD0005508,CUST00759,PROD00087,STORE010,2026-03-26,2,24460.59
ORD0005664,CUST00298,PROD00238,STORE003,2025-09-26,4,2886.03
ORD0001161,CUST00365,PROD00258,STORE005,2026-04-12,3,23956.43
ORD0003344,,PROD00237,STORE024,2025-12-10,5,10378.48
ORD0010321,CUST01031,PROD00047,STORE011,2025-10-24,2,646.73
ORD0004335,CUST01253,PROD00116,STORE002,2026-01-16,2,3256.43
ORD0005493,CUST00218,PROD00164,STORE021,2025-06-02,1,18696.8
ORD0010169,CUST00570,PROD00163,STORE022,2025-07-30,4,6987.56
ORD0002631,CUST00055,PROD00251,STORE001,2026-01-25,4,9792.4
ORD0010116,CUST01106,PROD00043,STORE018,2025-11-24,2,8689.9
ORD0006738,CUST00289,PROD00253,STORE015,2025-07-01,6,2000.39
ORD0002719,CUST00112,PROD00095,STORE017,2025-11-28,4,21875.83
ORD0000982,CUST01497,PROD00158,STORE014,2025-05-05,3,4091.03
ORD0010020,CUST00288,PROD00091,STORE007,2026-01-22,1,22646.87
ORD0003898,CUST01269,PROD00291,STORE016,2026-01-05,4,19273.61
ORD0002183,CUST00949,PROD00256,STORE023,2025-03-23,3,8704.91
ORD0009726,CUST01106,PROD00149,STORE025,2026-02-17,6,8772.58
ORD0010920,CUST00865,PROD00101,STORE018,2025-11-14,6,3818.21
ORD0010660,CUST00641,PROD00028,STORE012,2025-05-02,1,20629.17
ORD0001845,CUST00937,PROD00158,STORE022,2026-13-40,6,12526.06
ORD0010611,CUST00457,PROD00004,STORE009,2025-12-08,4,2612.5
ORD0006185,CUST00929,PROD00043,STORE009,2025-04-10,2,14527.31
ORD0001003,CUST01254,PROD00259,STORE016,2025-02-18,3,24786.84
ORD0011448,CUST00066,PROD00093,STORE025,2026-01-12,3,22699.7
ORD0003111,CUST00376,PROD00177,STORE004,2025-07-06,6,1420.15
ORD0010429,CUST01337,PROD00201,STORE011,2025-12-21,5,14613.39
ORD0010756,CUST01139,PROD00256,STORE001,2025-08-24,6,23092.01
ORD0001785,CUST01481,PROD00152,STORE022,2025-07-13,2,1212.22
ORD0011624,CUST01335,PROD00288,STORE013,2025-08-08,1,22990.56
ORD0011493,CUST00945,PROD00213,STORE005,2026-01-06,5,23820.5
ORD0004146,CUST00164,PROD00004,STORE014,2025-04-27,2,16696.08
ORD0009309,CUST00595,PROD00147,STORE013,2026-04-15,5,4152.06
ORD0011673,CUST00739,PROD00260,STORE017,2025-09-19,1,13216.72
ORD0005946,CUST00559,PROD00081,STORE022,2025-12-11,2,12171.7
ORD0005480,CUST00065,PROD00298,STORE008,2026-01-06,4,12215.24
ORD0005555,CUST01036,PROD00212,STORE005,2025-06-21,6,1817.62
ORD0001206,CUST00092,PROD00136,STORE025,2026-02-20,5,12300.29
ORD0009483,CUST00531,PROD00233,STORE009,2026-03-23,5,17629.34
ORD0010152,CUST00508,PROD00062,STORE001,2025-07-01,5,2620.72
ORD0000201,CUST01487,PROD00031,STORE010,2026-01-07,4,20733.45
ORD0011171,CUST00481,PROD00132,STORE001,2025-03-05,2,9871.83
ORD0010334,CUST00210,PROD00127,STORE016,2026-03-10,4,17006.84
ORD0011947,CUST00557,PROD00029,STORE003,2026-03-08,1,9528.49
ORD0011225,CUST01131,PROD00152,STORE002,2025-07-26,6,19883.01
ORD0005996,CUST01419,,STORE012,2025-06-15,2,17316.46
ORD0012122,CUST00845,PROD00023,STORE025,2025-03-19,5,237.72
ORD0009499,CUST00960,PROD00226,STORE021,2025-11-14,6,5560.84
ORD0008208,CUST00036,PROD00287,STORE020,2025-05-09,2,22392.44
ORD0002337,CUST00328,PROD00252,STORE004,2025-12-26,5,3974.87
ORD0007740,CUST01166,PROD00066,STORE001,2025-06-04,3,24460.01
ORD0011456,CUST01218,PROD00211,STORE017,2025-09-04,2,17309.59
ORD0009358,CUST01257,PROD00011,STORE025,2025-11-05,1,3777.88
ORD0000228,CUST01248,PROD00137,STORE018,2025-04-08,3,2420.28
ORD0006768,CUST01262,PROD00216,STORE003,2026-03-18,2,3866.93
ORD0002705,CUST00649,PROD00110,STORE003,2025-01-05,2,21889.99
ORD0002380,CUST00901,PROD00189,STORE025,2025-05-05,3,17039.79
ORD0002864,CUST00678,PROD00176,STORE008,2025-06-17,4,15068.76
ORD0005253,CUST01233,PROD00112,STORE007,2025-04-22,5,18802.65
ORD0004694,CUST00754,PROD00058,STORE023,2025-02-22,-1,5168.66
ORD0008741,CUST00142,PROD00046,STORE023,2025-08-03,2,10940.11
ORD0004724,CUST01334,PROD00168,STORE017,2025-10-09,1,17125.02
ORD0009353,CUST01045,PROD00214,STORE013,2025-10-21,1,685.17
ORD0011824,CUST00633,PROD00133,STORE017,2026-04-18,2,2216.79
ORD0009680,CUST00749,PROD00299,STORE015,2025-08-27,2,11708.33
ORD0001852,CUST00021,PROD00168,STORE006,2025-01-17,1,20917.0
ORD0011750,CUST01215,PROD00143,STORE009,2025-09-04,2,7250.3
ORD0004299,CUST01096,PROD00242,STORE023,2025-12-04,3,21507.21
ORD0004884,CUST00733,PROD00056,STORE013,2025-02-08,2,8531.83
ORD0003207,CUST00647,PROD00083,STORE005,2025-02-26,1,12334.76
ORD0006107,CUST00073,PROD00021,STORE024,2025-04-19,1,6607.27
ORD0006047,CUST00321,PROD00258,STORE006,2025-11-01,6,17642.56
ORD0010640,CUST01049,PROD00244,STORE007,2026-01-02,3,2893.05
ORD0010952,CUST00321,PROD00087,STORE020,2025-09-05,2,15343.03
ORD0006706,CUST01006,PROD00021,STORE016,,5,15594.57
ORD0008515,CUST01106,PROD00139,STORE021,2026-01-22,6,14245.72
ORD0002118,CUST01303,PROD00239,STORE017,2026-04-17,3,21703.29
ORD0011920,CUST01068,PROD00177,STORE004,2025-09-28,2,10642.68
ORD0008798,CUST01239,PROD00206,STORE014,2026-02-19,4,12615.32
ORD0009077,CUST00136,PROD00282,STORE021,2025-10-25,2,10484.93
ORD0011905,CUST01251,PROD00015,STORE014,2025-10-05,1,16779.9
ORD0002406,CUST00786,PROD00153,STORE006,2025-12-24,6,19679.72
ORD0002666,CUST00965,PROD00131,STORE013,2025-06-26,2,18219.81
ORD0000451,CUST00074,PROD00241,STORE016,2025-01-20,1,2918.45
ORD0003997,CUST00538,PROD00028,STORE007,2025-05-06,2,24219.19
ORD0004732,CUST01207,PROD00199,STORE013,2026-02-18,4,16741.65
ORD0007979,CUST01377,PROD00151,STORE008,2025-02-09,1,17464.81
ORD0007986,CUST01487,PROD00131,STORE011,2025-03-30,,17240.58
ORD0009099,CUST00883,PROD00014,STORE016,2026-03-23,2,7280.44
ORD0008695,CUST00699,PROD00268,STORE009,2025-04-21,6,5046.17
ORD0000587,CUST00282,PROD00257,STORE011,2025-11-21,3,9780.0
ORD0003775,CUST00323,PROD00158,STORE020,2025-09-09,2,24650.01
ORD0004432,CUST00186,PROD00152,STORE020,2025-03-01,5,19302.52
ORD0003642,CUST00014,PROD00242,STORE001,2025-12-26,1,8205.91
ORD0008873,CUST00608,PROD00145,STORE020,2025-06-30,1,21449.12
ORD0004368,CUST01388,PROD00109,STORE003,2025-05-02,6,9401.52
ORD0004588,CUST00833,PROD00261,STORE018,2025-11-25,6,13470.61
ORD0007607,CUST01499,PROD00115,STORE022,2026-04-08,6,19241.04
ORD0009299,CUST01465,PROD00294,STORE014,2026-02-19,1,12362.63
ORD0011140,CUST01127,PROD00107,STORE013,2025-11-07,2,16239.05
ORD0000437,CUST01170,PROD00008,STORE002,2025-12-19,4,5269.84
ORD0007414,CUST01298,PROD00073,STORE024,2025-12-02,2,8444.97
ORD0006278,CUST01169,PROD00079,STORE017,2025-08-17,1,13336.34
ORD0000394,CUST00133,PROD00088,STORE001,2025-11-29,5,11294.44
ORD0002415,CUST01172,PROD00171,STORE016,2025-11-30,2,18978.74
ORD0000218,CUST01328,PROD00087,STORE017,2026-04-05,4,4508.38
ORD0004495,CUST00254,PROD00004,STORE020,2026-04-17,1,22097.31
ORD0007340,CUST00915,PROD00165,STORE022,2025-11-12,2,16491.26
ORD0007745,CUST00401,PROD00137,STORE020,2025-01-31,4,5308.21
ORD0003241,CUST00132,PROD00035,STORE007,2025-08-29,2,-5
ORD0012299,CUST00733,PROD00045,STORE007,2025-06-17,1,12287.99
ORD0011704,CUST00507,PROD00299,STORE013,2026-02-15,5,22950.55
ORD0000150,CUST00036,PROD00229,STORE011,2025-11-02,3,15954.17
ORD0007389,CUST00658,PROD00100,STORE022,2025-08-03,1,3483.99
ORD0002378,CUST00273,PROD00158,STORE002,2025-12-24,3,8968.27
ORD0012160,CUST01361,PROD00216,STORE018,2026-03-15,6,13940.59
ORD0003988,CUST01407,PROD00239,STORE015,2026-04-17,4,2483.9
ORD0010378,CUST00346,PROD00248,STORE017,2025-02-06,3,19597.44
ORD0000723,CUST01379,PROD00252,STORE014,2025-01-11,5,8655.88
ORD0011656,CUST00706,PROD00194,STORE012,2025-08-31,1,5573.4
ORD0010111,CUST00454,PROD00124,STORE020,2025-06-14,4,21613.11
ORD0009755,CUST00814,PROD00103,STORE021,2025-05-09,1,18924.18
ORD0004306,CUST00156,PROD00154,STORE013,2025-12-31,3,6476.28
ORD0006608,CUST01485,PROD00003,STORE020,2025-06-27,5,22865.81
ORD0005392,CUST01082,PROD00285,STORE014,2025-04-10,2,22189.32
ORD0004011,CUST00697,PROD00298,STORE011,2025-07-28,1,3282.82
ORD0007972,CUST01210,PROD00246,STORE007,2026-01-11,5,2452.21
ORD0009232,CUST00951,PROD00252,STORE014,2025-12-07,4,5466.43
ORD0009429,CUST01048,PROD00025,STORE004,2025-03-16,5,3605.48
ORD0002910,CUST00532,PROD00224,STORE012,2025-09-15,5,16518.83
ORD0004253,CUST00682,PROD00177,STORE006,2025-07-24,5,11140.28
ORD0010084,CUST01088,PROD00104,STORE006,2026-03-13,5,24882.62
ORD0006969,CUST00088,PROD00098,STORE022,2025-10-20,6,15452.62
ORD0011760,CUST00292,PROD00144,STORE004,2025-04-26,2,15049.05
ORD0004904,CUST01067,PROD00201,STORE013,2025-10-06,3,15662.4
ORD0011222,CUST00193,PROD00152,STORE006,2025-12-13,6,7214.3
ORD0004102,CUST00574,PROD00229,STORE010,2025-03-31,4,272.26
ORD0006059,CUST00373,PROD00076,STORE013,2025-09-22,3,3820.75
ORD0000346,CUST00671,PROD00006,STORE021,2025-09-26,1,13087.41
ORD0000410,CUST00926,PROD00049,STORE017,2025-11-07,3,656.96
ORD0009932,CUST00097,PROD00097,STORE008,2025-09-03,6,20714.3
ORD0006815,CUST00211,PROD00108,STORE020,2025-07-05,5,19105.81
ORD0011718,CUST00356,PROD00140,STORE016,2025-06-08,1,22589.66
ORD0001896,CUST00615,PROD00293,STORE015,2026-03-10,2,6609.94
ORD0003188,CUST00002,PROD00152,STORE022,2025-08-23,1,1929.72
ORD0009471,CUST00235,PROD00016,STORE022,2025-01-25,3,9900.17
ORD0006251,CUST00811,PROD00224,STORE005,2025-09-28,3,22752.91
ORD0009275,CUST00650,PROD00001,STORE003,2025-07-07,5,2327.65
ORD0003143,CUST00235,PROD00240,STORE020,2026-02-05,2,9837.2
ORD0002091,CUST00327,PROD00297,STORE002,2025-01-08,6,5311.18
ORD0005063,CUST00046,PROD00131,STORE001,2025-07-04,4,4055.43
ORD0004714,CUST01148,PROD00230,STORE017,2025-02-02,2,23599.38
ORD0011108,CUST00537,PROD00300,STORE010,2025-05-02,6,2128.39
ORD0004290,CUST00839,PROD00109,STORE018,2025-08-05,2,20609.31
ORD0005931,CUST01306,PROD00168,STORE019,2025-02-03,2,17650.94
ORD0004207,CUST01011,PROD00123,STORE010,2025-03-01,2,3031.97
ORD0003420,CUST01183,PROD00008,STORE007,2025-06-18,5,564.41
ORD0008482,CUST00777,PROD00192,STORE002,2025-08-01,5,17659.9
ORD0000734,CUST01321,PROD00265,STORE020,2026-03-10,5,20282.03
ORD0009970,CUST01371,PROD00043,STORE017,2025-12-18,6,19099.76
ORD0001640,CUST01134,PROD00114,STORE018,2025-04-04,6,14071.48
ORD0005490,CUST00638,PROD00267,STORE011,2025-01-15,3,18705.79
ORD0005009,CUST00356,PROD00152,STORE013,2025-07-07,1,17248.85
ORD0006209,CUST00186,PROD00103,STORE007,2026-03-11,3,4761.98
ORD0012019,CUST00806,PROD00149,STORE006,2025-05-07,5,12564.97
ORD0000941,CUST00920,PROD00218,STORE006,2025-08-16,5,20941.75
ORD0009379,CUST00923,PROD00136,STORE001,2025-02-17,6,165.23
ORD0001782,CUST00841,PROD00112,STORE002,2025-06-11,2,14846.6
ORD0009995,CUST00577,PROD00292,STORE013,2026-04-04,1,8851.71
ORD0010001,CUST00766,PROD00155,STORE017,2026-01-14,4,24102.9
ORD0008277,CUST01160,PROD00190,STORE006,2026-01-15,1,2532.31
ORD0002003,CUST01154,PROD00007,STORE001,2025-08-25,4,5522.27
ORD0009592,CUST00483,PROD00060,STORE024,2025-01-14,5,16251.58
ORD0007999,CUST00924,PROD00072,STORE020,2025-03-14,4,11240.66
ORD0012396,CUST01118,PROD00221,STORE017,2025-10-06,5,20271.33
ORD0009904,CUST00701,PROD00143,STORE023,2026-03-14,1,11322.01
ORD0000344,CUST00288,PROD00206,STORE004,2025-12-11,6,18530.43
ORD0000013,CUST00536,PROD00163,STORE014,2025-08-06,4,20254.41
ORD0003929,CUST01489,PROD00157,STORE001,2025-01-01,2,5277.58
ORD0000412,CUST00004,PROD00271,STORE001,2025-06-06,1,unknown
ORD0006751,CUST00286,PROD00245,STORE016,2025-01-31,3,2227.19
ORD0002025,CUST00848,PROD00131,STORE016,2026-03-26,5,10784.8
ORD0003221,CUST00399,PROD00216,STORE004,2025-11-11,2,2060.51
ORD0004828,CUST00247,PROD00105,STORE012,2026-04-20,4,6117.93
ORD0007896,CUST00303,PROD00108,STORE015,2025-05-19,4,unknown
ORD0003835,CUST00476,PROD00120,STORE022,2025-12-06,6,13046.72
ORD0012111,CUST00025,PROD00129,STORE009,2026-02-16,3,23183.16
ORD0001821,CUST00825,PROD00091,STORE013,2025-08-11,4,2753.16
ORD0006837,CUST01101,PROD00242,STORE001,2026-02-19,5,920.96
ORD0003834,CUST00731,PROD00172,STORE019,2025-04-27,4,11276.31
ORD0000375,CUST00033,PROD00058,STORE007,2025-09-17,5,abc
ORD0009842,CUST00842,PROD00132,STORE014,2026-02-03,4,9182.23
ORD0002881,CUST01376,PROD00300,STORE002,2025-11-26,1,14474.89
ORD0011740,CUST01363,PROD00122,STORE011,2025-05-28,4,13772.69
ORD0007818,CUST00819,PROD00243,STORE020,2025-09-23,5,18440.37
ORD0009402,CUST01157,PROD00126,STORE009,2025-02-24,4,23893.15
ORD0003987,CUST00432,PROD00030,STORE015,2026-02-17,6,16797.61
ORD0008419,CUST01480,PROD00244,STORE018,2025-12-22,3,3956.27
ORD0001279,CUST01225,PROD00255,STORE013,2025-09-10,5,13300.32
ORD0010273,CUST01322,PROD00160,STORE021,2025-01-05,3,3210.76
ORD0005134,CUST00650,PROD00111,STORE015,2025-03-23,4,1451.76
ORD0007815,CUST01389,PROD00015,STORE012,2025-11-12,3,16645.2
ORD0011278,CUST01405,PROD00032,STORE004,2026-01-19,3,19947.43
ORD0007744,CUST00598,PROD00108,STORE020,2026-03-09,3,9193.38
ORD0002919,CUST00749,PROD00201,STORE011,2025-07-30,4,15397.84
ORD0001281,CUST00900,PROD00062,STORE014,2026-01-19,4,15134.23
ORD0003490,CUST00256,PROD00027,STORE022,2025-06-20,1,2878.28
ORD0004629,CUST00448,PROD00292,STORE004,2025-08-25,2,4811.94
ORD0008957,CUST00313,PROD00014,STORE023,2025-01-04,5,1998.36
ORD0001468,CUST00010,PROD00248,STORE009,2025-12-01,6,20774.93
ORD0003573,CUST00566,PROD00264,STORE001,2026-04-21,2,21641.26
ORD0005965,CUST00743,PROD00167,STORE018,2026-04-01,4,18232.02
ORD0003754,CUST01245,PROD00281,STORE007,2025-02-10,4,11617.05
ORD0008719,CUST00957,PROD00090,STORE020,2025-02-09,4,10744.54
ORD0002411,CUST00821,PROD00065,STORE019,2026-02-23,5,23042.24
ORD0000250,CUST00725,PROD00162,STORE015,2025-07-21,3,10718.65
ORD0009612,CUST00295,PROD00116,STORE010,2025-02-06,3,3583.94
ORD0007678,CUST01270,PROD00286,STORE021,2025-12-31,5,1312.03
ORD0000813,CUST00490,PROD00247,STORE014,2025-11-26,4,3197.07
ORD0003717,CUST00092,PROD00166,STORE003,2025-05-08,4,1347.71
ORD0005443,CUST00859,PROD00109,STORE012,2026-04-10,3,16961.35
ORD0007664,CUST00675,PROD00122,STORE013,2025-03-28,6,7565.21
ORD0002151,CUST00243,PROD00142,STORE016,2025-03-21,4,6600.48
ORD0011605,CUST00221,PROD00048,STORE002,2025-06-05,3,9341.38
ORD0010239,CUST00966,PROD00057,STORE017,2025-02-09,5,21047.27
ORD0012480,CUST00878,PROD00160,STORE024,2025-11-08,1,16785.66
ORD0000984,CUST00883,PROD00110,STORE004,2025-05-09,3,24025.23
ORD0001061,CUST01053,PROD00223,STORE020,2025-07-19,4,22697.37
ORD0002120,CUST00458,PROD00173,STORE017,2025-01-12,2,17698.29
ORD0006814,CUST00831,PROD00142,STORE025,2025-07-09,1,16854.18
ORD0011836,CUST00296,PROD00214,STORE010,2025-05-13,1,563.99
ORD0004615,CUST00280,PROD00249,STORE007,2025-05-16,5,15540.38
ORD0002528,CUST00263,PROD00253,STORE015,00/00/0000,4,11751.52
ORD0011849,,PROD00234,STORE013,2025-08-08,4,7657.45
ORD0003583,CUST01235,PROD00233,STORE004,2025-02-11,4,23234.33
ORD0010976,CUST00529,PROD00174,STORE001,2025-01-26,1,15155.03
ORD0000608,CUST00764,PROD00039,STORE009,2025-06-02,4,16392.61
ORD0000158,CUST00527,PROD00041,STORE014,2025-10-20,1,19872.07
ORD0008235,CUST00942,PROD00116,STORE004,2025-03-10,4,4938.98
ORD0000164,CUST00849,PROD00067,STORE009,2026-02-09,3,11641.66
ORD0004145,CUST00990,PROD00230,STORE018,2025-08-13,2,20804.37
ORD0006838,CUST01414,PROD00171,STORE008,2025-10-26,5,4730.13
ORD0001792,CUST01048,PROD00058,STORE023,2026-03-22,3,13527.41
ORD0010252,CUST00852,PROD00287,STORE008,2025-11-05,4,7684.23
ORD0002903,CUST01401,PROD00249,STORE004,2025-03-21,5,8990.03
ORD0006431,CUST00152,PROD00179,STORE014,2025-02-01,5,11989.33
ORD0004587,CUST00375,PROD00212,STORE001,2025-06-24,5,10686.66
ORD0001188,CUST00445,PROD00290,STORE021,2026-03-05,5,24170.51
ORD0009839,CUST00809,PROD00083,STORE005,2026-03-23,3,1600.78
ORD0003985,CUST01131,PROD00037,STORE013,2026-02-26,4,13227.25
ORD0002764,CUST01139,PROD00072,STORE013,2025-04-17,6,6986.2
ORD0003457,CUST01298,PROD00260,STORE002,2025-04-15,3,351.45
ORD0009631,CUST00499,PROD00223,STORE024,2026-01-25,6,9638.58
ORD0006464,CUST00541,PROD00040,STORE023,2025-02-22,1,11585.78
ORD0011499,CUST01409,PROD00106,STORE015,2025-09-01,1,24388.11
ORD0005507,CUST00296,PROD00122,STORE019,2025-02-07,1,899.78
ORD0006586,CUST00298,PROD00167,STORE001,2025-12-04,5,18198.11
ORD0005899,CUST00862,PROD00067,STORE019,2026-04-14,3,9166.94
ORD0004909,CUST01474,PROD00059,STORE018,2025-02-18,6,782.09
ORD0002477,CUST00538,PROD00174,STORE006,2025-08-24,6,5120.77
ORD0005189,CUST01115,PROD00098,STORE019,2025-01-11,2,6159.09
ORD0005676,CUST00570,PROD00033,STORE018,2025-10-03,5,4230.04
ORD0005990,CUST00965,PROD00135,STORE014,2025-05-08,1,4041.61
ORD0011066,CUST00668,PROD00215,STORE019,00/00/0000,1,18853.27
ORD0005155,CUST00065,PROD00027,STORE009,2026-01-09,6,14842.64
ORD0010622,CUST00259,PROD00079,STORE022,2025-06-03,5,22130.58
ORD0007207,CUST00251,PROD00279,STORE004,2025-03-24,1,1640.08
ORD0003322,CUST00491,PROD00147,STORE017,2025-10-28,6,8456.91
ORD0001204,CUST00058,PROD00051,STORE005,2026-02-09,3,10018.72
ORD0001471,,PROD00240,STORE014,2025-04-20,5,13950.02
ORD0008184,CUST00122,PROD00175,STORE024,2025-03-29,6,11903.88
ORD0011497,CUST00768,PROD00187,STORE016,2025-09-17,3,5956.0
ORD0011705,CUST01211,PROD00025,STORE006,2025-08-20,5,4121.73
ORD0009565,CUST00210,PROD00161,STORE021,2026-04-01,5,4771.41
ORD0011209,CUST00998,PROD00274,STORE020,2025-01-09,6,4696.06
ORD0012331,CUST01129,PROD00291,STORE012,2025-03-17,2,21694.12
ORD0001189,CUST00060,PROD00167,STORE006,2025-10-18,2,4006.51
ORD0010852,CUST01488,PROD00143,STORE001,2026-02-03,2,4275.88
ORD0009017,CUST00209,PROD00250,STORE015,2025-01-30,6,16682.64
ORD0003323,CUST00726,PROD00098,STORE015,2025-05-10,6,11573.44
ORD0003887,CUST01039,PROD00058,STORE004,2025-04-24,1,7831.39
ORD0008511,CUST00345,PROD00021,STORE024,2025-07-11,4,24942.68
ORD0001426,CUST01369,PROD00200,STORE014,2025-01-07,3,2436.88
ORD0012266,CUST00777,PROD00264,STORE025,2025-10-25,6,280.57
ORD0004873,CUST00207,PROD00046,STORE011,2026-03-14,6,12562.19
ORD0002312,CUST00958,PROD00068,STORE022,2025-07-26,4,18912.21
ORD0003692,CUST00027,PROD00006,STORE021,2025-03-06,1,13114.33
ORD0010978,CUST00969,PROD00037,STORE021,2025-04-28,2,17061.75
ORD0008973,CUST00695,,STORE012,2025-06-28,4,10612.59
ORD0005394,CUST00744,PROD00061,STORE024,2025-04-15,6,23590.89
ORD0004874,CUST00387,PROD00154,STORE015,2025-11-26,3,9981.2
ORD0003358,CUST01377,PROD00086,STORE024,2025-09-04,2,19609.81
ORD0009549,CUST00534,PROD00072,STORE001,2025-12-04,1,21892.56
ORD0005270,CUST00525,PROD00072,STORE003,2025-04-05,1,14164.25
ORD0001774,CUST00389,PROD00230,STORE016,2026-04-08,3,15654.26
ORD0005098,CUST00976,PROD00128,STORE004,2025-01-03,1,8998.99
ORD0007819,CUST00922,PROD00095,STORE012,2025-08-12,4,16845.63
ORD0009128,CUST01463,PROD00158,STORE019,2025-11-29,4,1190.13
ORD0010585,CUST01114,PROD00097,STORE024,2025-01-19,1,23017.66
ORD0008546,CUST01325,PROD00225,STORE019,2026-01-13,4,19405.5
ORD0000855,CUST00465,PROD00254,STORE018,2025-11-25,4,9773.8
ORD0005791,CUST01122,PROD00049,STORE009,2025-01-03,6,7739.83
ORD0008547,CUST00567,PROD00157,STORE011,2026-03-11,2,11145.0
ORD0002962,CUST00782,PROD00145,STORE015,2026-02-22,1,12253.4
ORD0011627,CUST00610,PROD00269,STORE004,2025-06-06,3,7583.82
ORD0000036,CUST00459,PROD00296,STORE001,2025-08-17,4,19314.46
ORD0003246,CUST01479,PROD00118,STORE002,2025-05-06,4,16891.68
ORD0006137,CUST00895,PROD00134,STORE025,2025-03-29,3,234.54
ORD0005641,,PROD00087,STORE009,2026-04-21,5,11882.9
ORD0003907,CUST00088,PROD00186,STORE013,2025-09-18,2,947.02
ORD0003833,CUST00191,PROD00138,STORE010,2026-02-19,3,2290.36
ORD0001579,CUST00346,PROD00198,STORE005,2025-03-02,4,22069.3
ORD0000733,CUST00533,PROD00246,STORE006,2025-10-27,2,5595.55
ORD0005213,CUST00555,PROD00214,STORE023,2025-02-18,2,3890.03
ORD0007303,CUST00260,PROD00213,STORE021,2025-03-08,3,13944.17
ORD0003427,CUST00116,PROD00289,STORE011,2025-12-03,6,5643.41
ORD0008237,CUST01362,PROD00255,STORE025,2025-09-03,2,7748.67
ORD0003299,CUST00913,PROD00064,STORE010,2025-06-19,1,21135.44
ORD0006667,CUST00031,PROD00081,STORE017,2026-03-26,3,17572.81
ORD0008728,CUST00364,PROD00253,STORE021,2025-03-13,4,6093.1
ORD0011580,CUST01437,PROD00091,STORE020,2026-01-20,4,5150.98
ORD0003235,CUST00108,PROD00125,STORE001,2025-09-24,4,15005.72
ORD0006070,CUST00929,PROD00013,STORE012,2026-03-13,1,19967.98
ORD0009787,CUST00185,PROD00239,STORE018,2025-09-19,1,12777.01
ORD0005846,CUST00354,PROD00233,STORE007,2025-05-09,3,19166.0
ORD0012171,CUST00691,PROD00107,STORE019,2025-12-19,5,21505.68
ORD0009650,CUST01458,PROD00264,STORE002,2025-03-26,2,600.97
ORD0005066,CUST00456,PROD00073,STORE021,2025-01-16,6,6433.88
ORD0005712,CUST00029,PROD00236,STORE003,2025-01-08,1,-5
ORD0007520,CUST00708,PROD00037,STORE011,2025-06-29,4,672.34
ORD0000649,CUST00189,PROD00043,STORE008,2025-11-20,6,20791.16
ORD0009801,CUST00415,PROD00049,STORE005,2026-03-15,2,5682.35
ORD0005205,CUST00282,PROD00221,STORE017,2025-09-06,3,20937.27
ORD0007742,CUST00153,PROD00216,STORE017,2025-02-12,1,2819.26
ORD0005156,CUST01353,PROD00250,STORE010,2025-10-14,3,5044.84
ORD0007126,CUST00049,PROD00084,STORE001,2025-07-17,3,6265.47
ORD0002382,CUST01469,PROD00292,STORE015,2025-07-09,4,6331.93
ORD0003555,CUST01412,PROD00034,STORE021,2025-02-18,4,4760.71
ORD0012480,CUST00878,PROD00160,STORE024,2025-11-08,1,16785.66
ORD0008245,CUST01159,PROD00238,STORE016,2025-02-24,5,14470.13
ORD0004950,CUST00220,PROD00118,STORE014,2025-07-02,2,10137.28
ORD0011445,CUST00213,PROD00256,STORE018,2025-06-09,6,11396.43
ORD0011460,CUST01044,PROD00011,STORE009,2025-05-06,4,17746.4
ORD0009759,,PROD00245,STORE018,2025-08-07,5,21002.49
ORD0001091,CUST00210,PROD00100,STORE009,2025-08-03,5,23275.05
ORD0009213,CUST00017,PROD00041,STORE003,2025-05-07,6,20550.81
ORD0006435,CUST00984,PROD00154,STORE008,2025-08-10,2,20805.37
ORD0005049,CUST00713,PROD00262,STORE002,2025-12-09,6,5275.42
ORD0000739,CUST00342,PROD00267,STORE003,2025-11-14,2,21814.48
ORD0003889,CUST01065,PROD00013,STORE011,2025-02-13,5,12567.1
ORD0002058,CUST01442,PROD00140,STORE013,2026-01-02,4,11124.18
ORD0000172,,PROD00250,STORE018,2026-01-18,3,2214.84
ORD0007793,CUST01496,PROD00293,STORE025,2026-01-09,6,488.24
ORD0002214,CUST01119,PROD00223,STORE010,2025-09-11,1,10554.59
ORD0008945,CUST01475,PROD00116,STORE008,2025-02-01,3,9088.59
ORD0008967,CUST00878,PROD00162,STORE013,2025-02-18,4,10576.89
ORD0007168,CUST00784,PROD00076,STORE017,2025-07-10,3,15233.94
ORD0012421,CUST00919,PROD00021,STORE004,2025-04-12,2,21025.38
ORD0007973,CUST01398,PROD00296,STORE001,2025-04-15,2,6545.73
ORD0001492,CUST00040,PROD00073,STORE011,2025-08-16,3,abc
ORD0009145,CUST00080,PROD00094,STORE015,2025-01-11,2,3159.81
ORD0009327,CUST00660,PROD00231,STORE001,2025-06-27,4,10674.41
ORD0000658,CUST00158,PROD00102,STORE016,2025-07-18,4,6338.71
ORD0011604,CUST01208,PROD00049,STORE010,2025-09-10,5,23867.31
ORD0006851,CUST01058,PROD00194,STORE001,2025-09-06,3,17396.31
ORD0005006,CUST01495,PROD00070,STORE004,2025-08-22,1,18545.64
ORD0009013,CUST00477,PROD00025,STORE017,2025-05-04,6,14326.13
ORD0012069,CUST00907,PROD00109,STORE001,2025-03-10,1,6663.52
ORD0005499,CUST00346,PROD00177,STORE006,2025-04-28,6,984.39
ORD0004164,CUST00145,PROD00084,STORE010,2025-06-30,5,15116.85
ORD0002029,CUST01142,PROD00046,STORE019,2025-09-09,1,14361.39
ORD0007088,CUST00556,PROD00197,STORE016,2025-10-29,2,11777.68
ORD0012397,CUST00433,PROD00300,STORE022,2026-01-08,6,21107.47
ORD0000162,CUST01028,PROD00024,STORE020,2025-12-14,4,22757.2
ORD0001631,CUST00722,PROD00110,STORE008,2025-11-24,2,4349.05
ORD0009574,CUST00645,PROD00209,STORE021,2026-01-14,2,6931.09
ORD0003249,CUST00550,PROD00087,STORE010,2025-05-19,5,21834.49
ORD0008382,CUST00180,PROD00159,STORE008,2025-08-23,1,18703.1
ORD0003355,CUST00519,PROD00233,STORE024,2025-03-27,6,12583.52
ORD0011565,CUST01394,PROD00061,STORE012,2025-06-15,6,21483.97
ORD0006050,CUST01131,PROD00075,STORE025,2025-04-08,6,19701.21
ORD0001761,CUST01289,PROD00116,STORE020,2025-10-28,2,8910.17
ORD0006939,,PROD00059,STORE015,2025-04-19,2,15397.09
ORD0004509,CUST00381,PROD00066,STORE021,2025-03-01,3,5184.59
ORD0011361,CUST00825,PROD00094,STORE010,2025-11-06,5,13755.74
ORD0007210,CUST00125,PROD00177,STORE025,2025-11-23,4,6894.88
ORD0004693,CUST00989,PROD00204,STORE012,2026-13-40,2,20160.94
ORD0010292,CUST00952,PROD00016,STORE009,2025-12-25,6,8149.26
ORD0009886,CUST01280,PROD00247,STORE014,2025-05-17,-1,411.02
ORD0005569,CUST01138,PROD00032,STORE015,2026-03-16,1,3276.17
ORD0003088,CUST00328,PROD00214,STORE016,2025-07-20,2,10939.29
ORD0011206,CUST00384,PROD00253,STORE018,2025-07-18,6,23424.26
ORD0006048,CUST00827,PROD00001,STORE017,2026-01-27,4,14069.49
ORD0001599,CUST01429,PROD00005,STORE019,2025-11-13,3,23143.53
ORD0008071,CUST01437,PROD00201,STORE006,2025-12-06,3,20210.22
ORD0006206,CUST00743,PROD00257,STORE001,2025-05-02,3,4944.71
ORD0007159,CUST00244,PROD00162,STORE018,2025-04-27,3,9557.83
ORD0011576,CUST00330,PROD00085,STORE001,2025-04-02,4,7413.77
ORD0004900,CUST00583,PROD00087,STORE014,2026-04-09,3,3972.83
ORD0010825,CUST00009,PROD00177,STORE014,2025-05-27,5,17593.97
ORD0008351,CUST00242,PROD00126,STORE023,2025-06-26,6,11337.55
ORD0007325,CUST00891,PROD00042,STORE022,2025-06-14,5,814.6
ORD0005100,CUST00455,PROD00016,STORE022,2025-01-27,5,24705.37
ORD0011039,CUST00296,PROD00050,STORE025,2025-08-13,6,18805.07
ORD0012134,CUST01146,PROD00055,STORE004,2025-02-09,2,4311.8
ORD0008949,CUST00218,PROD00199,STORE022,2026-01-11,6,10138.14
ORD0004888,CUST00894,PROD00130,STORE022,2026-04-10,1,13290.22
ORD0001382,CUST00316,PROD00230,STORE010,2026-01-13,5,15427.2
ORD0008289,CUST01377,PROD00271,STORE011,2026-04-01,1,20198.96
ORD0007268,,PROD00021,STORE018,2025-09-27,3,8808.97
ORD0012213,CUST00339,PROD00153,STORE021,2025-11-21,3,19492.58
ORD0003402,CUST01354,PROD00238,STORE009,2025-09-10,5,8589.07
ORD0007221,CUST00805,PROD00240,STORE012,2025-06-27,3,6658.0
ORD0011041,CUST00745,PROD00163,STORE018,2025-12-17,6,15894.1
ORD0000060,CUST01288,PROD00008,STORE007,2026-04-12,3,7212.06
ORD0003250,CUST00319,PROD00016,STORE006,2026-02-18,6,7095.84
ORD0008597,CUST00975,PROD00076,STORE013,2025-06-15,6,17535.79
ORD0001244,CUST00908,PROD00044,STORE014,2025-01-12,4,21569.81
ORD0007512,CUST00147,PROD00151,STORE019,2025-05-26,2,24979.93
ORD0002139,CUST00833,PROD00153,STORE005,2025-09-03,4,1956.59
ORD0005652,CUST00877,PROD00147,STORE024,2025-01-19,4,12436.97
ORD0001362,CUST00872,PROD00083,STORE006,2025-05-31,1,4496.46
ORD0000109,CUST01349,PROD00096,STORE016,2025-06-15,2,11761.08
ORD0005861,CUST00549,PROD00009,STORE007,2026-03-06,2,7173.1
ORD0004837,CUST00482,PROD00191,STORE013,2025-08-29,5,14530.42
ORD0009459,CUST00550,PROD00063,STORE021,2025-06-26,4,8618.51
ORD0011232,CUST01413,PROD00044,STORE008,2025-08-26,6,21455.03
ORD0011613,CUST01183,PROD00036,STORE016,2026-01-10,5,4952.18
ORD0001167,CUST00070,PROD00268,STORE007,2025-10-12,6,15880.18
ORD0008143,CUST01043,PROD00151,STORE003,2025-11-18,5,4796.13
ORD0010704,CUST00406,PROD00132,STORE007,2025-11-08,3,13734.91
ORD0007902,CUST00508,PROD00101,STORE022,2025-01-29,5,14334.51
ORD0008584,,PROD00207,STORE015,2025-08-16,4,18563.92
ORD0011398,CUST00627,PROD00136,STORE008,2026-02-19,6,22767.95
ORD0004153,CUST00947,PROD00113,STORE024,2025-03-06,6,16779.47
ORD0001249,CUST00831,PROD00255,STORE019,2025-08-05,6,11369.12
ORD0002551,CUST01152,PROD00174,STORE008,2025-12-25,3,554.65
ORD0011631,CUST00468,PROD00274,STORE008,2025-12-25,2,7090.58
ORD0002882,CUST00499,PROD00109,STORE012,2025-11-06,5,5758.47
ORD0001118,CUST00160,PROD00033,STORE024,2025-08-25,6,16642.75
ORD0002536,CUST00970,PROD00188,STORE017,2025-08-04,2,10786.49
ORD0009889,CUST00610,PROD00230,STORE003,2025-12-21,5,18396.4
ORD0009032,CUST01315,PROD00245,STORE023,00/00/0000,4,17604.86
ORD0007433,CUST00414,PROD00087,STORE010,2025-05-03,2,1196.95
ORD0008005,CUST00506,PROD00062,STORE015,2025-01-01,3,8256.17
ORD0006959,CUST01411,PROD00034,STORE019,2025-01-09,6,3207.02
ORD0001735,CUST00822,PROD00294,STORE004,2025-01-06,2,5229.62
ORD0000058,CUST00678,PROD00049,STORE002,2025-03-22,5,11797.05
ORD0011701,CUST01493,PROD00229,STORE014,2025-02-08,6,22309.44
ORD0001238,CUST00243,PROD00073,STORE009,2025-07-03,2,10682.97
ORD0001611,CUST00247,PROD00041,STORE012,2025-02-17,6,13792.22
ORD0000032,CUST01181,PROD00242,STORE013,2025-04-24,3,10823.93
ORD0003381,CUST00608,PROD00006,STORE015,2025-12-10,4,13390.67
ORD0001036,CUST01225,PROD00294,STORE020,2025-11-16,6,10605.34
ORD0010510,CUST00989,PROD00088,STORE009,2025-02-01,3,9529.44
ORD0006632,CUST00307,PROD00135,STORE011,2025-07-25,5,19737.97
ORD0004445,CUST01016,PROD00186,STORE017,2025-03-21,5,8816.6
ORD0010196,CUST00560,PROD00126,STORE019,2025-01-26,4,16514.08
ORD0007668,CUST00023,PROD00035,STORE018,2025-07-17,6,16428.2
ORD0001181,CUST00951,,STORE009,2025-10-15,6,24336.41
ORD0010266,CUST00944,PROD00248,STORE020,2025-12-10,1,8508.18
ORD0012450,CUST01039,PROD00049,STORE001,2025-11-26,3,3961.47
ORD0010651,CUST00539,PROD00061,STORE010,2025-07-05,3,18492.28
ORD0005353,CUST01314,PROD00227,STORE008,2025-04-06,6,3568.0
ORD0009675,CUST00974,PROD00093,STORE016,2025-07-10,6,22672.19
ORD0009306,CUST01418,PROD00015,STORE019,2026-02-11,3,2722.73
ORD0006547,CUST01288,PROD00255,STORE002,2026-03-18,4,7006.6
ORD0001232,CUST00018,PROD00296,STORE022,2025-03-18,3,24552.3
ORD0000540,CUST00927,PROD00079,STORE005,2025-08-03,6,18801.22
ORD0006063,CUST01197,PROD00283,STORE025,00/00/0000,6,23648.26
ORD0009965,CUST00165,PROD00201,STORE023,2025-08-18,6,12939.85
ORD0008524,CUST00104,PROD00017,STORE017,2025-01-22,3,14487.9
ORD0007257,CUST01180,PROD00274,STORE002,2025-11-24,3,23549.92
ORD0000120,CUST01164,PROD00072,STORE005,2025-01-28,6,8428.71
ORD0004059,CUST01483,PROD00205,STORE016,2025-01-21,1,9270.42
ORD0011478,CUST01067,PROD00210,STORE014,2025-06-09,5,12996.97
ORD0004169,CUST00122,PROD00044,STORE005,2026-03-17,6,1322.88
ORD0011122,CUST01125,PROD00111,STORE022,2025-09-04,6,1363.43
ORD0010261,CUST00968,PROD00037,STORE002,2025-01-31,3,7687.02
ORD0010640,CUST01049,PROD00244,STORE007,2026-01-02,3,2893.05
ORD0002372,CUST00605,PROD00074,STORE010,2025-07-11,2,16492.09
ORD0003590,CUST01367,PROD00224,STORE002,2025-04-25,1,9786.18
ORD0009714,CUST00544,PROD00126,STORE006,2025-02-05,1,14128.44
ORD0001887,CUST01383,PROD00165,STORE018,2025-10-27,3,4398.58
ORD0006729,CUST00789,PROD00096,STORE006,2025-12-13,4,22784.07
ORD0011005,CUST01208,PROD00220,STORE011,2025-11-20,5,2728.12
ORD0005345,CUST00057,PROD00230,STORE011,2025-05-13,3,215.33
ORD0007307,CUST00247,PROD00270,STORE025,2025-01-04,5,12859.72
ORD0003103,CUST00010,PROD00154,STORE011,2025-10-15,1,16499.65
ORD0005273,CUST00471,PROD00249,STORE013,2025-02-05,4,1270.09
ORD0000028,CUST00851,PROD00011,STORE001,2025-11-06,6,20781.75
ORD0009896,CUST00118,,STORE013,2025-02-04,2,19305.92
ORD0006542,CUST00410,PROD00148,STORE004,2025-11-24,1,24558.7
ORD0005464,CUST00656,PROD00241,STORE011,2025-10-06,2,20953.34
ORD0010715,CUST01292,PROD00214,STORE017,2025-12-09,3,19022.46
ORD0006434,CUST00631,PROD00297,STORE001,2026-01-30,2,5331.23
ORD0001397,CUST01089,PROD00108,STORE018,2025-09-01,3,17257.59
ORD0002875,CUST00951,PROD00278,STORE025,2025-07-03,2,22643.54
ORD0007523,CUST00796,PROD00059,STORE004,2025-02-10,3,3185.79
ORD0010298,CUST00786,PROD00256,STORE020,2025-07-14,6,6163.98
ORD0006174,CUST01013,PROD00283,STORE021,2026-04-18,5,3425.91
ORD0007321,CUST00664,PROD00180,STORE020,2025-03-14,1,1467.46
ORD0012050,CUST01163,PROD00077,STORE018,2025-09-07,3,3741.47
ORD0007594,CUST01022,PROD00203,STORE009,2025-11-03,3,6756.65
ORD0009955,CUST01090,PROD00079,STORE005,2025-04-20,6,23823.03
ORD0010606,CUST00940,PROD00296,STORE024,2025-07-26,6,24166.52
ORD0003124,CUST00122,,STORE019,2026-03-03,2,2233.33
ORD0000541,CUST00051,PROD00072,STORE011,2025-11-20,4,24745.59
ORD0001814,CUST01454,PROD00001,STORE012,2026-04-19,5,17274.44
ORD0002285,CUST00406,PROD00211,STORE004,2026-02-10,1,16126.42
ORD0012159,CUST00333,PROD00142,STORE014,2025-08-03,4,23131.56
ORD0003206,CUST00584,PROD00298,STORE020,2025-01-30,4,15663.41
ORD0011619,CUST01454,PROD00200,STORE004,2026-02-03,1,7233.74
ORD0010742,CUST01040,PROD00234,STORE013,2025-02-16,3,11300.55
ORD0000854,CUST01272,PROD00248,STORE025,2025-02-04,5,18731.2
ORD0007181,CUST01309,PROD00260,STORE015,2026-02-26,3,13082.12
ORD0006636,CUST00533,PROD00054,STORE008,2026-01-03,5,4216.48
ORD0011203,CUST00684,PROD00236,STORE014,2025-12-14,6,263.43
ORD0008768,CUST00211,PROD00072,STORE007,2025-07-06,5,8555.54
ORD0006319,CUST01226,PROD00279,STORE018,2025-04-12,2,13576.76
ORD0002570,,PROD00166,STORE011,2025-06-30,3,22228.42
ORD0003884,CUST00379,PROD00213,STORE025,2025-12-17,3,6564.73
ORD0001478,CUST00608,PROD00110,STORE024,2025-09-26,3,11030.58
ORD0005318,CUST00201,PROD00234,STORE016,2026-04-08,6,8106.97
ORD0001456,,PROD00210,STORE009,2025-04-19,1,11565.05
ORD0002707,CUST01015,PROD00223,STORE014,2025-01-27,1,12918.74
ORD0000882,CUST00122,PROD00221,STORE007,2025-04-09,two,16722.02
ORD0004655,CUST00335,PROD00014,STORE004,2025-11-18,2,21679.59
ORD0006330,CUST00340,PROD00175,STORE017,2025-04-23,4,18447.58
ORD0008301,CUST00157,PROD00114,STORE022,2025-05-28,6,650.29
ORD0007223,CUST00432,PROD00271,STORE005,2025-08-30,3,2154.61
ORD0004687,CUST00853,PROD00237,STORE009,2025-02-24,6,21159.48
ORD0003231,CUST00218,PROD00094,STORE023,2025-01-20,2,10234.53
ORD0000504,CUST01052,PROD00144,STORE017,2026-04-09,1,12316.78
ORD0010943,CUST00049,PROD00156,STORE015,2025-04-09,1,17771.67
ORD0002758,CUST01119,PROD00040,STORE014,2025-04-25,1,8958.94
ORD0002236,CUST00918,PROD00176,STORE020,2025-04-03,1,14711.03
ORD0008343,CUST01002,PROD00284,STORE001,2025-11-11,4,22813.69
ORD0002879,CUST00322,PROD00257,STORE002,2026-02-25,3,13361.22
ORD0000535,CUST00741,PROD00034,STORE019,2025-06-13,3,18219.65
ORD0011191,CUST01333,PROD00277,STORE001,2025-05-07,4,1991.51
ORD0006325,CUST00730,PROD00165,STORE021,2026-03-14,5,13041.79
ORD0005075,CUST00628,PROD00182,STORE023,2025-08-22,5,8947.87
ORD0006421,CUST00826,PROD00012,STORE008,2026-02-20,4,abc
ORD0007020,CUST00305,PROD00125,STORE025,2025-03-27,2,1212.03
ORD0005322,CUST00633,PROD00272,STORE008,2026-02-06,3,24781.02
ORD0001719,CUST00454,PROD00044,STORE003,2025-10-09,2,23373.54
ORD0003557,CUST01058,PROD00203,STORE018,2025-02-22,1,16470.75
ORD0000075,CUST00514,PROD00062,STORE018,2025-04-02,4,16354.49
ORD0010241,CUST01464,PROD00059,STORE024,2025-02-10,1,864.08
ORD0003158,CUST00836,,STORE022,2025-02-05,3,7545.3
ORD0008080,CUST00444,PROD00152,STORE018,2025-04-02,6,1453.8
ORD0001621,CUST00051,PROD00189,STORE011,2025-01-24,6,13050.73
ORD0005512,CUST00617,PROD00193,STORE015,2025-11-12,1,18752.97
ORD0008710,CUST00566,PROD00223,STORE022,2025-06-02,1,9583.04
ORD0010034,CUST00460,PROD00045,STORE008,2025-01-10,5,495.08
ORD0007079,CUST00603,PROD00111,STORE003,2026-02-10,6,4208.64
ORD0001096,CUST00921,PROD00012,STORE016,2026-01-04,6,$14777.0
ORD0002531,CUST00908,PROD00002,STORE007,2025-05-02,5,9133.43
ORD0005907,CUST01300,PROD00070,STORE025,2025-02-19,1,17853.9
ORD0011430,CUST00082,PROD00264,STORE008,2026-01-20,5,24511.59
ORD0005776,CUST00140,PROD00218,STORE019,2025-06-13,5,2656.56
ORD0001686,CUST01415,PROD00018,STORE009,2025-07-28,3,970.7
ORD0005219,CUST01080,PROD00146,STORE003,2025-03-23,6,6950.31
ORD0010313,CUST01176,PROD00026,STORE010,2025-10-08,2,14551.19
ORD0004509,CUST00381,PROD00066,STORE021,2025-03-01,3,5184.59
ORD0002031,CUST00104,PROD00207,STORE019,2025-09-28,6,18193.58
ORD0000498,CUST00041,PROD00252,STORE022,2025-06-23,,8694.15
ORD0008124,,PROD00253,STORE013,2026-01-04,2,8205.92
ORD0008014,CUST00305,PROD00219,STORE016,2026-02-26,5,5522.23
ORD0003793,CUST01115,PROD00202,STORE007,2026-03-21,6,1901.84
ORD0011385,CUST01170,PROD00171,STORE015,2025-11-20,1,18331.22
ORD0007932,CUST00319,PROD00287,STORE002,2025-08-20,2,22385.36
ORD0000767,CUST01038,PROD00085,STORE001,2025-12-31,1,3776.58
ORD0011966,CUST00974,PROD00119,STORE015,2025-08-12,5,22866.86
ORD0011857,CUST00327,PROD00268,STORE003,2025-12-12,2,12203.82
ORD0002841,CUST01288,PROD00066,STORE018,2025-11-25,1,4505.86
ORD0008590,,PROD00081,STORE009,2025-01-29,2,9789.66
ORD0003287,CUST00902,PROD00043,STORE003,2025-04-21,1,24089.84
ORD0011258,CUST00429,PROD00059,STORE014,2025-01-27,6,11229.9
ORD0001595,CUST00739,PROD00123,STORE014,2026-03-15,3,14173.29
ORD0000146,,PROD00233,STORE014,2025-01-21,1,11699.36
ORD0004406,CUST00921,PROD00227,STORE003,2026-01-21,5,13287.33
ORD0005510,CUST01012,PROD00005,STORE003,2026-01-26,5,14759.87
ORD0010107,CUST00911,PROD00039,STORE022,2025-01-31,6,10615.81
ORD0000910,CUST00671,PROD00284,STORE014,2025-09-04,5,8631.21
ORD0010155,CUST01455,PROD00091,STORE016,2026-02-01,2,12278.66
ORD0009564,CUST01192,PROD00159,STORE016,2025-06-06,6,14969.81
ORD0004346,CUST01428,PROD00205,STORE006,2025-03-13,5,5887.31
ORD0000341,CUST01256,PROD00035,STORE002,2025-09-04,4,3636.54
ORD0002703,CUST00406,PROD00077,STORE012,2025-12-23,1,2994.25
ORD0000965,CUST00958,PROD00014,STORE002,2025-12-05,5,1364.0
ORD0006211,CUST00425,PROD00040,STORE013,2026-01-25,6,7016.74
ORD0007113,CUST01386,PROD00202,STORE008,2025-09-03,1,19112.39
ORD0010664,CUST01180,PROD00126,STORE013,2025-01-19,5,5739.25
ORD0005256,CUST01054,PROD00218,STORE021,2026-03-29,4,23305.91
ORD0012187,CUST00390,PROD00190,STORE012,2025-01-13,1,5930.3
ORD0006402,CUST01252,PROD00108,STORE004,2025-10-24,4,10965.43
ORD0002440,CUST00026,PROD00160,STORE011,2025-05-22,3,3063.16
ORD0003970,CUST00299,PROD00263,STORE012,2025-10-15,6,16121.3
ORD0009088,CUST00549,PROD00138,STORE025,2025-05-05,3,9812.67
ORD0007679,CUST00925,PROD00206,STORE007,2025-03-31,3,23461.67
ORD0004411,CUST01169,PROD00200,STORE009,2025-11-24,4,20085.04
ORD0008223,CUST00368,PROD00213,STORE008,2025-09-28,2,23695.3
ORD0005345,CUST00057,PROD00230,STORE011,2025-05-13,3,215.33
ORD0007206,CUST00929,PROD00271,STORE018,2025-05-11,5,4238.33
ORD0006353,CUST00669,PROD00229,STORE024,2026-02-04,6,18024.02
ORD0009014,CUST00627,PROD00164,STORE025,2025-12-02,3,7850.67
ORD0005617,CUST01353,PROD00278,STORE021,2025-12-30,3,16420.44
ORD0009066,CUST00794,PROD00158,STORE003,2025-07-17,6,3473.03
ORD0000962,CUST01369,PROD00296,STORE018,2025-09-25,4,7286.52
ORD0000026,CUST00774,PROD00206,STORE005,2026-03-18,6,21934.05
ORD0003218,,PROD00025,STORE004,2025-01-07,2,16128.6
ORD0003476,CUST01153,PROD00292,STORE004,2025-08-22,5,12696.08
ORD0007460,CUST00932,PROD00101,STORE018,2025-12-20,6,18569.93
ORD0010722,CUST00349,PROD00280,STORE012,2025-01-31,6,4023.05
ORD0001527,CUST01108,PROD00285,STORE014,2025-01-08,5,6443.93
ORD0011932,CUST00336,PROD00069,STORE006,2025-02-03,5,5573.22
ORD0011710,CUST01148,PROD00106,STORE014,2025-06-01,4,12110.15
ORD0003502,CUST00319,PROD00272,STORE025,2025-03-02,3,$15757.54
ORD0012135,CUST00621,PROD00135,STORE018,2025-04-28,5,10239.64
ORD0008889,CUST00497,PROD00191,STORE024,2025-04-25,5,3879.91
ORD0006961,CUST01233,PROD00182,STORE016,2026-01-24,3,24293.17
ORD0002446,CUST00311,PROD00201,STORE011,2025-06-23,2,15260.8
ORD0010335,CUST01003,PROD00119,STORE001,2025-06-21,5,15908.97
ORD0002017,CUST01382,PROD00094,STORE014,2025-06-11,6,15693.92
ORD0010293,CUST00086,PROD00111,STORE021,2025-01-09,5,10330.04
ORD0007786,CUST00425,PROD00113,STORE023,2025-08-21,1,3195.68
ORD0010703,CUST00840,PROD00177,STORE013,2025-09-12,2,22373.1
ORD0007067,CUST01439,PROD00047,STORE017,2025-04-28,1,7439.79
ORD0003364,CUST00652,PROD00274,STORE003,2025-11-15,3,5369.43
ORD0009175,CUST01386,PROD00153,STORE004,2025-04-01,5,23533.67
ORD0001519,CUST00773,PROD00081,STORE011,2025-03-24,3,350.04
ORD0004969,CUST00276,PROD00266,STORE009,2025-11-21,4,1707.63
ORD0000522,CUST00431,PROD00026,STORE023,2025-11-17,1,9764.49
ORD0009791,CUST01248,PROD00152,STORE025,2026-01-24,2,8958.57
ORD0010999,CUST01160,PROD00069,STORE013,2025-04-23,3,13557.28
ORD0006790,CUST00457,PROD00131,STORE005,2026-03-30,4,14059.16
ORD0012166,CUST01175,PROD00048,STORE015,2025-01-28,1,16650.1
ORD0002775,CUST00452,PROD00057,STORE002,2025-02-25,1,23904.92
ORD0003963,CUST00887,PROD00037,STORE005,2025-10-23,6,12763.54
ORD0002736,CUST00396,PROD00138,STORE006,2026-02-19,6,1504.54
ORD0009296,CUST01090,PROD00058,STORE017,2025-12-02,2,22798.85
ORD0010652,CUST01414,PROD00026,STORE019,2025-04-09,6,9635.31
ORD0009702,CUST00448,PROD00242,STORE014,2026-03-21,5,24345.49
ORD0006182,CUST00102,PROD00274,STORE007,2026-01-26,4,13875.77
ORD0005386,CUST00970,PROD00128,STORE011,2026-03-15,2,20786.33
ORD0008869,CUST00399,PROD00003,STORE003,2025-04-23,6,5926.75
ORD0000605,CUST00064,PROD00026,STORE001,2025-06-05,3,23264.46
ORD0009352,CUST00734,PROD00044,STORE025,2026-03-17,2,3636.2
ORD0011267,CUST01468,PROD00049,STORE025,2026-03-07,4,11200.23
ORD0010905,CUST00438,PROD00208,STORE024,2025-07-23,2,17292.75
ORD0002746,CUST00591,PROD00227,STORE025,2025-07-21,3,23106.53
ORD0004949,CUST00204,PROD00014,STORE020,2025-06-25,4,12522.42
ORD0001810,CUST00345,PROD00002,STORE002,2025-04-11,1,8793.71
ORD0002682,CUST00808,PROD00124,STORE009,2026-04-17,2,20311.0
ORD0000927,CUST01179,PROD00143,STORE001,2025-07-02,4,17455.02
ORD0002027,CUST00020,PROD00257,STORE017,2025-05-13,3,7902.24
ORD0000241,CUST00964,PROD00254,STORE006,2025-08-10,2,1779.15
ORD0010227,CUST01151,PROD00222,STORE013,2026-03-11,4,24821.41
ORD0008801,CUST01422,PROD00208,STORE012,2025-11-12,1,7721.71
ORD0002905,CUST01326,PROD00263,STORE012,2025-09-12,4,5633.66
ORD0008575,CUST01475,PROD00223,STORE018,2025-07-13,1,22789.61
ORD0002918,CUST00648,PROD00177,STORE008,2026-03-04,2,12301.87
ORD0001325,CUST01311,PROD00084,STORE007,2025-04-30,6,10273.38
ORD0009874,CUST00639,PROD00065,STORE019,00/00/0000,5,21377.61
ORD0008137,CUST00111,PROD00162,STORE022,2026-01-20,1,7153.57
ORD0010954,CUST00581,PROD00182,STORE018,2026-03-08,3,22844.49
ORD0000479,CUST00837,PROD00192,STORE021,2025-03-14,3,5455.82
ORD0004193,CUST01121,PROD00073,STORE010,2026-01-09,1,4835.54
ORD0004556,CUST01455,PROD00116,STORE013,2025-09-28,3,15704.09
ORD0012163,CUST01154,PROD00223,STORE016,2026-01-30,2,4522.77
ORD0009016,CUST00087,PROD00165,STORE010,2025-08-03,5,9767.76
ORD0006024,CUST00774,PROD00009,STORE019,2025-06-12,5,18814.21
ORD0008150,CUST00868,PROD00142,STORE004,2026-02-22,2,19046.92
ORD0005745,CUST00427,PROD00246,STORE010,2025-07-27,3,15032.06
ORD0008847,CUST00781,PROD00176,STORE007,2025-09-12,6,9572.2
ORD0005265,CUST00751,PROD00056,STORE024,2025-12-12,4,9987.7
ORD0008188,CUST00320,PROD00250,STORE020,2025-05-28,4,13892.93
ORD0001623,CUST01494,PROD00066,STORE003,2025-08-26,3,4779.77
ORD0011333,CUST00075,PROD00105,STORE011,2026-02-04,5,21014.11
ORD0008704,CUST01357,PROD00065,STORE010,2025-03-08,1,9322.87
ORD0006117,CUST00667,PROD00134,STORE014,2025-07-09,4,24883.9
ORD0007952,CUST00809,PROD00174,STORE023,2025-10-07,1,10638.76
ORD0009446,CUST01203,PROD00213,STORE009,2025-08-28,3,23788.3
ORD0008720,CUST01060,PROD00026,STORE018,2025-09-24,3,6144.91
ORD0011592,CUST00279,PROD00136,STORE021,2026-01-23,2,18697.58
ORD0009377,CUST00975,PROD00106,STORE008,2025-08-05,4,16406.62
ORD0005923,CUST00638,PROD00229,STORE025,2025-07-16,4,1541.05
ORD0004318,CUST00739,PROD00105,STORE018,2025-11-28,2,20749.28
ORD0004783,CUST01436,PROD00164,STORE003,2026-02-23,4,8371.55
ORD0004168,CUST00845,PROD00013,STORE021,2025-04-16,5,14926.8
ORD0004926,CUST00282,PROD00177,STORE009,2025-05-29,2,10891.68
ORD0010572,CUST01130,PROD00265,STORE007,2026-02-20,6,unknown
ORD0001869,CUST00876,PROD00191,STORE023,2025-05-19,1,1333.0
ORD0005240,CUST00089,PROD00114,STORE015,2025-02-26,1,17263.1
ORD0011402,CUST01391,PROD00042,STORE001,2026-03-09,6,16864.53
ORD0011912,CUST00924,PROD00229,STORE025,2026-02-12,6,10622.5
ORD0003867,CUST01174,PROD00027,STORE025,2026-04-01,6,17211.97
ORD0007329,CUST00959,PROD00290,STORE011,2025-11-30,6,16517.23
ORD0002452,CUST01144,PROD00248,STORE002,2025-12-14,5,4329.46
ORD0009062,CUST00222,PROD00130,STORE014,2026-02-06,4,20223.11
ORD0006253,CUST00602,PROD00065,STORE024,2025-08-05,1,19945.37
ORD0012321,CUST00248,PROD00210,STORE007,2025-03-13,3,1517.23
ORD0003454,CUST00441,PROD00157,STORE025,2025-09-03,6,15065.03
ORD0009338,CUST01441,PROD00141,STORE025,2025-06-26,2,5008.92
ORD0009620,CUST00228,PROD00123,STORE021,2026-01-21,2,11235.41
ORD0001139,CUST00053,PROD00251,STORE017,2026-03-12,3,23913.04
ORD0003201,CUST01186,PROD00049,STORE003,2025-03-07,5,11373.82
ORD0000081,CUST00564,PROD00246,STORE013,2025-12-27,1,24894.09
ORD0007706,CUST00457,PROD00185,STORE008,2026-01-13,2,17404.97
ORD0008135,CUST00163,PROD00148,STORE020,2025-08-05,4,6084.59
ORD0008988,CUST01398,PROD00237,STORE024,2025-05-19,5,14156.16
ORD0008300,CUST00418,PROD00093,STORE002,2025-07-12,5,18000.45
ORD0010598,CUST00377,PROD00115,STORE011,2026-01-08,2,21805.88
ORD0006432,CUST00984,PROD00261,STORE005,2025-12-09,2,1478.75
ORD0001937,CUST01103,PROD00011,STORE025,2026-01-19,6,11697.28
ORD0011897,CUST00405,PROD00128,STORE013,2026-02-11,2,7393.35
ORD0005177,CUST00808,PROD00024,STORE018,2025-09-14,3,3274.2
ORD0006307,CUST00764,PROD00023,STORE006,2025-10-23,3,10214.39
ORD0011123,CUST01198,PROD00292,STORE007,2025-11-04,2,5284.27
ORD0002745,CUST00449,PROD00128,STORE013,2025-03-23,5,17494.53
ORD0011724,CUST00656,PROD00102,STORE005,2025-10-02,5,14261.55
ORD0010836,CUST01224,PROD00068,STORE019,2025-04-09,1,12441.18
ORD0002504,CUST00253,PROD00284,STORE008,2026-01-01,2,22045.5
ORD0009226,CUST00773,PROD00207,STORE014,2025-03-02,6,15481.73
ORD0004856,CUST00258,PROD00155,STORE007,2025-04-16,3,16072.37
ORD0009104,CUST00725,PROD00132,STORE008,2026-04-01,4,17923.98
ORD0001877,CUST00061,PROD00133,STORE016,2025-07-19,3,12087.95
ORD0011961,CUST00495,PROD00027,STORE001,2025-05-21,3,16949.46
ORD0002619,CUST00912,PROD00216,STORE016,2025-10-31,3,7949.78
ORD0010696,CUST00978,PROD00002,STORE009,2025-02-15,6,19218.41
ORD0001632,CUST01420,PROD00227,STORE008,2026-04-03,6,15456.32
ORD0005122,CUST00695,PROD00054,STORE018,2025-12-20,1,7307.61
ORD0003795,CUST00464,PROD00038,STORE004,2025-03-20,5,934.42
ORD0010425,CUST01109,PROD00015,STORE005,2026-01-10,4,15024.32
ORD0005369,CUST00818,PROD00015,STORE004,2025-03-20,4,1119.41
ORD0009097,CUST01101,PROD00232,STORE016,2025-11-11,4,9388.96
ORD0008562,CUST01497,PROD00002,STORE019,2025-06-11,3,20981.77
ORD0010022,CUST01169,PROD00282,STORE006,2025-10-03,1,7660.68
ORD0001917,CUST00349,PROD00151,STORE013,2025-09-21,3,18442.65
ORD0002134,CUST00788,PROD00196,STORE018,2025-05-13,3,21195.86
ORD0001168,CUST00374,PROD00052,STORE010,2025-09-24,3,7216.42
ORD0008646,CUST01329,PROD00159,STORE009,2025-02-25,6,unknown
ORD0009051,CUST00396,PROD00035,STORE017,2026-02-02,5,11055.24
ORD0000943,CUST00042,PROD00101,STORE013,2025-10-02,3,9481.82
ORD0003178,CUST00798,PROD00059,STORE020,2026-13-40,2,11419.96
ORD0008368,CUST00204,PROD00160,STORE003,2025-07-02,1,23145.21
ORD0008922,,PROD00031,STORE004,2026-03-03,1,22201.03
ORD0006800,CUST01402,PROD00166,STORE023,2025-01-04,4,4539.49
ORD0011864,CUST00950,PROD00290,STORE001,2025-02-17,6,844.44
ORD0006545,CUST00012,PROD00142,STORE014,2026-02-20,1,5744.86
ORD0004275,CUST01175,PROD00044,STORE014,2025-07-04,6,22980.23
ORD0000815,CUST00430,PROD00243,STORE021,2025-07-20,1,9200.6
ORD0010197,CUST00822,PROD00114,STORE002,2025-10-29,1,24688.67
ORD0008232,CUST01221,PROD00228,STORE005,2025-01-26,6,462.65
ORD0011615,CUST00072,PROD00189,STORE017,2025-02-07,3,12723.96
ORD0003170,CUST00878,PROD00247,STORE006,2025-07-01,1,1212.13
ORD0005529,CUST00245,PROD00212,STORE004,2025-10-28,1,5594.23
ORD0004524,CUST00556,PROD00105,STORE007,2025-11-10,1,14939.71
ORD0011992,CUST01248,PROD00228,STORE010,2025-08-16,2,11938.79
ORD0008393,CUST00332,PROD00157,STORE011,2025-10-16,5,11537.48
ORD0002743,CUST00505,PROD00262,STORE002,2025-08-02,5,22915.64
ORD0002832,CUST01367,PROD00016,STORE025,2026-02-04,3,4976.86
ORD0009406,CUST00082,PROD00112,STORE001,2025-09-26,4,15743.12
ORD0011716,CUST00789,PROD00300,STORE019,2025-04-05,3,6901.43
ORD0008117,CUST00799,PROD00113,STORE017,2026-03-01,6,19587.86
ORD0011344,CUST00858,PROD00235,STORE008,2026-04-13,5,1538.45
ORD0005350,CUST01333,PROD00231,STORE013,2026-03-02,3,16548.0
ORD0004752,CUST00697,PROD00210,STORE012,2025-04-25,6,2666.85
ORD0009872,CUST01460,PROD00252,STORE025,2025-09-28,5,23181.5
ORD0009980,CUST01147,PROD00060,STORE002,2025-08-20,6,6012.09
ORD0005772,CUST01063,PROD00011,STORE010,2025-09-12,1,17688.18
ORD0006116,CUST01126,PROD00050,STORE012,2025-05-10,1,2663.53
ORD0006474,CUST00391,PROD00048,STORE015,2025-01-15,3,10459.09
ORD0004647,CUST00382,PROD00018,STORE015,2025-08-12,6,22203.5
ORD0001975,CUST00555,PROD00018,STORE007,2025-10-30,3,23685.71
ORD0003618,CUST01402,PROD00124,STORE002,2025-10-29,2,5509.53
ORD0008093,CUST00471,PROD00250,STORE005,2025-01-29,5,19084.18
ORD0000687,CUST00806,PROD00144,STORE015,2026-04-15,6,20199.26
ORD0002968,CUST01060,PROD00217,STORE004,2025-08-29,1,14283.44
ORD0010442,CUST01024,PROD00056,STORE018,2025-09-04,1,16904.91
ORD0007016,CUST00454,PROD00277,STORE011,2026-01-23,6,14248.02
ORD0007442,CUST01218,PROD00080,STORE006,2025-03-18,3,6110.47
ORD0010480,CUST01128,PROD00100,STORE010,2025-12-22,5,13744.93
ORD0001450,CUST00110,PROD00136,STORE024,2026-04-15,6,9256.07
ORD0002051,CUST00244,PROD00050,STORE024,2025-02-12,2,23834.34
ORD0010597,CUST00866,PROD00209,STORE022,2026-03-25,1,23861.03
ORD0006265,CUST00770,PROD00028,STORE004,2025-09-27,5,20048.1
ORD0011544,CUST00335,PROD00082,STORE013,2025-02-07,5,7964.59
ORD0009155,CUST00200,PROD00009,STORE025,2026-02-20,4,6120.24
ORD0010960,CUST00903,PROD00044,STORE020,2025-07-02,6,8943.13
ORD0007709,CUST01221,PROD00036,STORE010,2025-11-06,5,14780.76
ORD0006100,CUST01426,PROD00260,STORE002,2025-12-02,6,5747.82
ORD0007573,CUST01291,PROD00259,STORE004,2025-06-08,6,22471.65
ORD0002867,CUST00031,PROD00084,STORE009,2025-02-01,2,9317.73
ORD0006058,CUST00056,PROD00042,STORE001,2025-12-30,4,15362.02
ORD0001679,CUST00297,PROD00024,STORE006,2025-06-30,1,14714.42
ORD0009526,CUST00838,PROD00230,STORE010,2025-01-10,1,17139.41
ORD0005649,CUST01449,PROD00058,STORE017,2026-01-26,3,23714.73
ORD0010874,CUST00091,PROD00128,STORE005,2025-10-03,6,8975.11
ORD0000110,CUST00763,PROD00289,STORE013,2025-01-18,6,14771.51
ORD0004125,CUST00611,PROD00234,STORE012,2025-02-02,4,4823.12
ORD0000257,CUST00667,PROD00246,STORE024,2025-01-24,5,11826.31
ORD0012204,CUST00339,PROD00293,STORE024,2025-08-11,1,22662.21
ORD0001765,CUST00931,PROD00094,STORE006,2025-05-29,1,9113.81
ORD0010530,CUST00141,PROD00265,STORE020,2025-09-04,2,5860.08
ORD0006026,CUST00611,PROD00249,STORE024,2025-07-06,2,9813.34
ORD0002237,CUST00811,PROD00229,STORE003,2025-09-04,6,5842.64
ORD0010992,CUST01130,PROD00142,STORE001,2025-12-04,6,18671.37
ORD0000091,CUST00396,PROD00257,STORE005,2025-03-30,6,6775.9
ORD0009401,CUST01497,PROD00223,STORE013,2025-05-12,6,17962.8
ORD0005447,CUST01343,PROD00147,STORE004,2026-02-06,5,729.98
ORD0000369,CUST01121,PROD00165,STORE024,2026-02-04,4,18869.98
ORD0005320,CUST01344,PROD00298,STORE021,2025-08-26,6,2117.68
ORD0007117,CUST01094,PROD00062,STORE008,2025-03-14,1,23470.56
ORD0003529,CUST01477,PROD00117,STORE012,2025-07-06,6,11008.28
ORD0006007,CUST00984,PROD00162,STORE013,2025-06-29,6,7865.9
ORD0003617,CUST01338,PROD00086,STORE010,2025-04-09,2,4224.49
ORD0009030,CUST01164,PROD00092,STORE018,2025-01-12,2,14176.61
ORD0000497,CUST01410,PROD00186,STORE015,2025-08-18,5,14361.97
ORD0006040,CUST00898,PROD00118,STORE013,2025-05-26,3,13830.65
ORD0003555,CUST01412,PROD00034,STORE021,2025-02-18,4,4760.71
ORD0005596,CUST01312,PROD00052,STORE019,2025-06-27,6,17458.51
ORD0005757,CUST01134,PROD00035,STORE008,2025-07-17,3,6216.0
ORD0007074,CUST01139,PROD00019,STORE010,2025-01-11,1,7334.78
ORD0005760,CUST00493,PROD00188,STORE005,2026-03-11,6,17499.94
ORD0009905,CUST00844,PROD00131,STORE025,2025-10-12,4,2872.79
ORD0000873,CUST00827,PROD00021,STORE010,2025-06-20,4,2460.24
ORD0000120,CUST01164,PROD00072,STORE005,2025-01-28,6,8428.71
ORD0000189,CUST00666,PROD00128,STORE006,2025-12-17,5,15693.55
ORD0006008,CUST00053,PROD00174,STORE018,2025-06-13,1,16315.18
ORD0000478,CUST01351,PROD00187,STORE015,2026-02-10,5,21581.6
ORD0001506,CUST01186,PROD00061,STORE001,2025-01-17,3,8803.01
ORD0011783,CUST01107,PROD00090,STORE005,2025-01-21,6,10837.92
ORD0002187,CUST01447,PROD00091,STORE006,2025-02-22,6,3808.54
ORD0010658,CUST00095,PROD00131,STORE016,2026-03-30,4,18178.21
ORD0002100,CUST00401,PROD00280,STORE018,2025-08-26,1,13350.23
ORD0006391,CUST01188,PROD00080,STORE021,2026-01-15,6,7336.53
ORD0011097,CUST00789,PROD00039,STORE006,2025-03-27,3,1780.22
ORD0007198,CUST00164,PROD00269,STORE008,2025-03-23,2,2400.89
ORD0005734,CUST00842,PROD00131,STORE004,2025-12-02,3,13982.13
ORD0001720,CUST00760,PROD00025,STORE007,2025-04-08,3,22272.68
ORD0003318,CUST00877,PROD00089,STORE022,2025-07-18,4,22271.28
ORD0003211,CUST01403,PROD00161,STORE014,2025-07-28,2,2503.62
ORD0002387,CUST01366,PROD00090,STORE005,2025-05-12,6,1404.87
ORD0012184,CUST00136,PROD00054,STORE011,2025-12-22,2,2689.6
ORD0006652,CUST00551,PROD00205,STORE005,2025-09-09,6,18419.55
ORD0001488,CUST01217,PROD00018,STORE018,2025-06-16,3,22572.49
ORD0001757,CUST00157,PROD00096,STORE004,2025-01-25,2,2250.73
ORD0003320,CUST01044,PROD00284,STORE020,2025-05-16,4,20370.88
ORD0009076,CUST01242,PROD00035,STORE007,2025-12-28,2,24857.11
ORD0007455,CUST00487,PROD00193,STORE002,2025-04-07,2,12206.09
ORD0002557,CUST00290,PROD00066,STORE007,2025-10-07,4,13217.61
ORD0002699,CUST00986,PROD00073,STORE006,2025-04-28,5,22778.53
ORD0003950,CUST00015,PROD00242,STORE004,2026-02-14,5,10879.4
ORD0008068,CUST00733,PROD00217,STORE010,2026-04-08,3,16535.0
ORD0010994,CUST00414,PROD00265,STORE019,2025-02-21,2,8133.74
ORD0007553,CUST01181,PROD00092,STORE002,2025-05-08,5,4630.22
ORD0007023,CUST00327,PROD00119,STORE002,2025-10-10,6,9811.75
ORD0001858,CUST01108,PROD00283,STORE008,2025-08-31,5,14935.86
ORD0004262,CUST00529,PROD00090,STORE024,2025-05-07,4,12594.29
ORD0003938,CUST00203,PROD00100,STORE004,2025-12-29,3,20935.96
ORD0001633,CUST01070,PROD00090,STORE001,2025-08-31,3,9185.23
ORD0005423,CUST01272,PROD00278,STORE014,2025-11-24,5,24053.81
ORD0011013,CUST01040,PROD00128,STORE015,2025-02-04,4,20901.66
ORD0006491,CUST00560,PROD00087,STORE006,2025-05-14,3,10107.68
ORD0000421,CUST00918,PROD00060,STORE022,2025-05-07,5,1776.77
ORD0006816,CUST00755,PROD00128,STORE006,2025-01-08,2,11843.23
ORD0011129,CUST01064,PROD00216,STORE006,2025-07-09,5,6316.41
ORD0010847,CUST00731,PROD00297,STORE020,2025-05-20,6,12009.5
ORD0010256,CUST00204,PROD00147,STORE023,2025-07-27,2,21401.12
ORD0006200,CUST01072,PROD00124,STORE016,2025-11-23,3,9082.97
ORD0007704,CUST00802,PROD00153,STORE011,2025-04-09,2,13905.39
ORD0004761,CUST00043,PROD00171,STORE005,2025-04-03,4,620.8
ORD0003918,CUST00680,PROD00047,STORE022,2025-07-06,6,634.18
ORD0006398,CUST00915,PROD00157,STORE015,2025-08-10,4,20197.27
ORD0000405,,PROD00170,STORE003,2025-10-21,1,23661.76
ORD0009657,CUST00310,PROD00293,STORE012,2026-02-01,6,866.63
ORD0004180,CUST00724,PROD00254,STORE011,2025-10-19,5,8680.0
ORD0001820,CUST01036,PROD00173,STORE021,2025-10-05,1,22099.33
ORD0005962,CUST00349,PROD00149,STORE025,2025-08-05,2,9301.07
ORD0003004,CUST00980,PROD00125,STORE014,2025-06-21,1,19092.24
ORD0010671,CUST01478,PROD00295,STORE002,2025-11-23,3,9065.94
ORD0007779,CUST00120,PROD00098,STORE022,2025-03-16,2,3160.76
ORD0009437,CUST00272,PROD00030,STORE002,2026-04-15,2,8208.74
ORD0008345,CUST01430,PROD00297,STORE013,2025-08-18,4,9876.48
ORD0001444,CUST00944,PROD00250,STORE015,2025-12-10,3,17695.75
ORD0003228,CUST00660,PROD00176,STORE004,2025-02-05,4,20246.74
ORD0009875,CUST00837,PROD00273,STORE015,2025-01-11,4,2994.31
ORD0000453,CUST00893,PROD00190,STORE015,2025-11-02,6,3697.55
ORD0002339,CUST00013,PROD00274,STORE014,2025-03-29,3,15327.04
ORD0007110,CUST01474,PROD00241,STORE012,2025-10-22,1,2791.85
ORD0011812,CUST01145,PROD00106,STORE023,2025-03-06,5,4409.74
ORD0006856,CUST00786,PROD00154,STORE003,2025-03-28,2,5474.3
ORD0007909,CUST00659,PROD00212,STORE025,2025-08-19,2,6055.94
ORD0006245,CUST00865,PROD00133,STORE001,2025-02-02,1,1731.74
ORD0011502,CUST01474,PROD00242,STORE018,2025-09-07,1,12605.6
ORD0010947,CUST01264,PROD00228,STORE020,2025-11-15,6,8376.58
ORD0006804,CUST00623,PROD00240,STORE014,2025-02-21,3,16184.91
ORD0000939,CUST01387,PROD00272,STORE019,2026-03-30,5,24612.53
ORD0008243,CUST00077,PROD00226,STORE013,2026-02-22,5,14635.24
ORD0010453,CUST01410,PROD00230,STORE006,2025-07-09,4,11547.83
ORD0004192,CUST00537,PROD00238,STORE007,2026-02-01,1,12895.34
ORD0003941,CUST00396,PROD00234,STORE021,2025-05-01,4,15953.63
ORD0004341,CUST00754,PROD00063,STORE005,2025-04-13,3,17746.04
ORD0010403,CUST00180,PROD00012,STORE024,2026-01-27,4,16119.38
ORD0001617,CUST00303,PROD00114,STORE015,2025-10-23,4,11406.21
ORD0008742,CUST00636,PROD00026,STORE021,2026-04-19,2,17498.67
ORD0010729,CUST00728,PROD00277,STORE018,2025-08-06,1,4224.13
ORD0001379,CUST00550,PROD00025,STORE002,2025-05-11,6,23622.63
ORD0006051,CUST00953,PROD00218,STORE008,2025-08-29,1,14761.54
ORD0011714,CUST00824,PROD00022,STORE009,2025-03-31,1,23005.9
ORD0010551,CUST00484,PROD00262,STORE025,2025-08-19,5,3090.45
ORD0000415,CUST00199,PROD00080,STORE020,2026-04-02,3,14413.53
ORD0008861,CUST01300,PROD00011,STORE007,2025-02-28,6,6843.17
ORD0004581,CUST01382,PROD00089,STORE002,2025-07-18,3,12796.59
ORD0000501,CUST01370,PROD00101,STORE021,2026-02-10,3,7414.88
ORD0000897,CUST00101,PROD00130,STORE001,2025-02-01,4,11670.03
ORD0000732,CUST00896,PROD00131,STORE012,2026-04-12,2,6837.67
ORD0000098,CUST01307,PROD00192,STORE015,2025-05-07,1,21948.38
ORD0010041,CUST01249,PROD00148,STORE022,2026-04-03,2,19998.89
ORD0001786,CUST00156,PROD00172,STORE022,2025-01-14,3,15644.03
ORD0009792,CUST00175,PROD00079,STORE005,2025-04-14,5,3043.31
ORD0005491,CUST00952,PROD00012,STORE005,2025-08-10,4,6372.42
ORD0006742,CUST00063,PROD00099,STORE003,2025-08-20,6,13351.64
ORD0009537,CUST00711,PROD00192,STORE011,2025-07-23,2,4193.72
ORD0010115,CUST00641,PROD00294,STORE007,2025-06-21,4,21003.08
ORD0008435,,PROD00165,STORE009,2025-04-12,3,23105.0
ORD0007183,CUST00271,PROD00018,STORE016,2025-12-06,3,22168.83
ORD0007991,CUST00857,PROD00174,STORE004,2025-09-22,2,5542.07
ORD0000170,CUST01022,PROD00108,STORE018,2025-07-19,6,4374.83
ORD0005968,CUST01071,PROD00115,STORE021,2025-08-25,5,7543.74
ORD0012150,CUST00386,PROD00295,STORE022,2025-06-08,3,12493.72
ORD0003957,CUST00679,PROD00240,STORE014,2025-05-09,2,11137.48
ORD0006241,,PROD00106,STORE021,2025-12-11,1,2966.88
ORD0007313,CUST00341,PROD00105,STORE023,2025-11-28,5,11764.32
ORD0008324,CUST00977,PROD00034,STORE002,2025-06-06,1,7148.07
ORD0008126,CUST00966,PROD00047,STORE011,2025-12-11,6,2574.0
ORD0010827,CUST01007,PROD00089,STORE025,2026-01-24,3,19814.51
ORD0007695,CUST00935,PROD00275,STORE012,2025-06-11,6,$4437.46
ORD0001288,CUST00339,PROD00221,STORE022,2025-08-28,2,803.73
ORD0000841,CUST01498,PROD00133,STORE006,2025-05-12,6,7414.07
ORD0002948,CUST01228,PROD00069,STORE001,2026-04-15,5,24636.49
ORD0008609,CUST01429,PROD00220,STORE010,2025-02-13,4,18301.97
ORD0008982,CUST00575,PROD00004,STORE002,2026-02-21,2,12326.2
ORD0006649,CUST00172,PROD00004,STORE002,2025-07-20,5,2793.53
ORD0004580,CUST00372,PROD00100,STORE015,2025-04-25,2,10893.86
ORD0003735,CUST01351,PROD00198,STORE017,2025-08-04,3,16740.97
ORD0010063,CUST01298,PROD00274,STORE015,2025-08-02,6,4796.2
ORD0009444,CUST01043,PROD00133,STORE018,2025-05-28,2,6058.15
ORD0009482,CUST00150,PROD00086,STORE021,2025-05-02,3,8661.1
ORD0009697,CUST00580,PROD00247,STORE006,2025-09-11,4,13039.56
ORD0010052,CUST00615,PROD00048,STORE016,2025-05-15,5,8389.0
ORD0007087,CUST01188,PROD00104,STORE024,2025-03-09,2,18029.9
ORD0005967,CUST01148,PROD00048,STORE024,2025-04-01,1,16580.48
ORD0007220,CUST00357,PROD00014,STORE015,2025-03-20,1,203.3
ORD0002771,CUST00538,PROD00259,STORE022,2025-02-26,,24837.87
ORD0010486,CUST00816,,STORE003,2025-05-01,2,4380.62
ORD0006619,CUST01078,PROD00271,STORE016,2026-04-04,1,7290.18
ORD0005408,CUST00452,PROD00143,STORE016,2025-12-18,5,4558.94
ORD0001872,CUST01145,PROD00206,STORE012,2025-01-20,2,7626.95
ORD0003144,CUST00696,PROD00033,STORE015,2025-09-18,2,21452.24
ORD0003894,CUST01461,PROD00137,STORE013,2025-03-01,2,11778.86
ORD0004492,CUST01473,PROD00061,STORE017,2025-07-31,3,9380.95
ORD0010676,CUST01123,PROD00014,STORE002,2026-02-05,4,18557.28
ORD0006595,CUST01247,PROD00298,STORE018,2025-09-13,2,7470.93
ORD0011383,CUST00183,PROD00236,STORE008,2025-04-12,2,18891.54
ORD0000932,CUST00921,PROD00116,STORE020,2026-01-07,2,932.55
ORD0008853,CUST00916,PROD00291,STORE007,2026-03-11,6,6503.13
ORD0006888,CUST00484,PROD00207,STORE002,2026-04-03,4,12458.98
ORD0011431,CUST00688,PROD00150,STORE024,2025-10-27,5,21955.65
ORD0012487,CUST01175,PROD00105,STORE001,2025-10-12,3,21593.82
ORD0005007,CUST00287,PROD00005,STORE009,2025-11-13,1,19260.36
ORD0010876,CUST01425,PROD00063,STORE016,2025-02-06,5,4028.11
ORD0008948,CUST00800,PROD00037,STORE016,2026-04-22,1,9769.26
ORD0007287,CUST00388,PROD00187,STORE008,2025-08-06,3,2830.91
ORD0001653,CUST00470,PROD00287,STORE010,2025-06-15,1,16382.05
ORD0011509,CUST01170,PROD00150,STORE002,2026-04-04,4,16443.13
ORD0003388,CUST01225,PROD00137,STORE011,2025-06-07,2,1518.65
ORD0001363,CUST00371,PROD00232,STORE014,2025-08-31,4,17394.65
ORD0006660,CUST00135,PROD00061,STORE016,2026-04-13,1,5452.97
ORD0008334,CUST00679,PROD00239,STORE012,2025-06-18,5,20952.56
ORD0007657,CUST00706,PROD00059,STORE007,2026-03-26,4,6922.77
ORD0001193,CUST00666,PROD00187,STORE023,2026-03-15,2,19765.39
ORD0002296,CUST00547,PROD00137,STORE003,2025-05-18,4,4330.22
ORD0001211,CUST00083,PROD00104,STORE001,2025-05-01,3,abc
ORD0012123,CUST01055,PROD00281,STORE011,2026-03-03,3,1855.32
ORD0002063,CUST00289,PROD00018,STORE017,2025-02-05,3,abc
ORD0000124,CUST00417,PROD00224,STORE003,2025-12-17,6,6231.6
ORD0008972,CUST01293,PROD00096,STORE014,2026-03-23,2,9134.28
ORD0002730,CUST00429,PROD00115,STORE019,2025-11-25,1,unknown
ORD0002451,CUST00110,PROD00222,STORE016,2025-11-06,1,12713.89
ORD0008257,CUST00972,PROD00069,STORE011,2025-11-02,1,2470.27
ORD0002145,CUST00220,PROD00218,STORE020,2025-06-11,1,20379.08
ORD0005211,CUST00749,PROD00039,STORE019,2026-04-06,1,15902.7
ORD0006580,CUST00602,PROD00196,STORE023,2026-04-21,2,19775.87
ORD0008404,CUST00686,PROD00094,STORE021,2025-04-16,3,10097.74
ORD0003778,CUST00313,PROD00263,STORE020,2025-07-03,4,17375.7
ORD0007391,CUST00128,PROD00072,STORE021,2025-06-04,5,18849.62
ORD0012369,CUST01010,PROD00021,STORE020,2025-07-11,6,$21426.18
ORD0006438,CUST01309,PROD00181,STORE020,2025-11-27,5,3077.9
ORD0004523,CUST00292,PROD00196,STORE010,2025-06-09,3,17739.51
ORD0005516,CUST00991,PROD00017,STORE021,2025-12-25,4,6146.64
ORD0005418,CUST01225,PROD00019,STORE013,2025-02-09,3,372.51
ORD0000264,CUST01354,PROD00134,STORE018,2025-12-20,5,20460.15
ORD0001830,CUST01071,PROD00052,STORE021,2025-02-08,3,6296.95
ORD0001493,CUST01397,,STORE002,2025-03-28,6,17612.03
ORD0009906,CUST01397,PROD00197,STORE023,2025-05-19,2,15803.95
ORD0001502,CUST00392,PROD00067,STORE015,2026-04-22,5,13836.0
ORD0008249,CUST00259,PROD00114,STORE004,2026-03-08,4,3569.75
ORD0000590,CUST00074,PROD00107,STORE008,2025-06-28,5,12362.91
ORD0003123,CUST01047,PROD00227,STORE013,2025-11-15,2,500.77
ORD0003572,CUST00052,PROD00282,STORE023,2026-02-10,5,11469.07
ORD0001912,CUST00537,PROD00175,STORE002,2025-10-27,5,14750.42
ORD0009659,CUST01118,PROD00056,STORE025,2025-12-26,5,13596.73
ORD0012236,CUST00562,PROD00126,STORE018,2025-07-14,,1572.91
ORD0011971,CUST01350,PROD00118,STORE021,2025-09-06,4,unknown
ORD0002233,CUST00823,PROD00102,STORE003,2025-10-29,4,11575.68
ORD0006263,CUST01017,PROD00279,STORE020,2025-09-05,6,1281.0
ORD0004576,CUST01235,PROD00293,STORE003,2025-09-04,3,24533.84
ORD0005501,CUST00229,PROD00083,STORE012,2025-05-16,5,4641.31
ORD0009274,CUST00915,PROD00151,STORE009,2026-04-06,2,8240.56
ORD0011262,CUST01290,PROD00014,STORE020,2025-04-01,5,4832.18
ORD0003697,CUST00169,PROD00181,STORE008,2025-03-28,5,644.0
ORD0010466,CUST01349,PROD00002,STORE007,2025-01-01,3,23641.39
ORD0002493,CUST00129,PROD00188,STORE017,2025-07-11,3,825.25
ORD0009848,CUST01204,PROD00124,STORE009,not_a_date,1,16640.68
ORD0005165,CUST01452,PROD00133,STORE022,2025-11-21,5,4424.83
ORD0003199,CUST00786,PROD00169,STORE020,2025-01-23,2,7111.96
ORD0000406,CUST01436,PROD00199,STORE014,2025-03-12,4,17455.91
ORD0004987,CUST00330,PROD00022,STORE009,2025-01-20,5,11992.3
ORD0003681,CUST00464,PROD00139,STORE018,2025-06-01,6,616.26
ORD0009539,CUST00794,PROD00146,STORE012,2025-09-25,1,8913.14
ORD0009392,CUST01207,PROD00087,STORE013,2026-01-26,4,7308.36
ORD0001957,CUST00775,PROD00210,STORE001,2025-06-01,3,22865.7
ORD0004248,CUST01153,PROD00099,STORE005,2025-01-17,2,13367.44
ORD0005803,CUST00123,PROD00166,STORE007,2025-03-15,5,18659.67
ORD0001194,CUST01107,PROD00105,STORE011,2025-05-17,5,23501.45
ORD0005868,CUST00330,,STORE014,2026-02-02,4,20762.08
ORD0001857,CUST01364,PROD00022,STORE011,2026-02-22,4,7732.26
ORD0005102,CUST00467,PROD00054,STORE005,2025-04-09,5,11986.91
ORD0006557,CUST01027,PROD00167,STORE001,2025-06-11,4,4220.34
ORD0007723,CUST01109,PROD00087,STORE002,2025-04-17,5,14538.81
ORD0011941,CUST01046,PROD00139,STORE007,2025-05-30,1,233.39
ORD0005311,CUST01027,PROD00188,STORE006,2025-03-20,1,296.71
ORD0012205,CUST00889,PROD00030,STORE009,2025-12-19,6,447.18
ORD0001625,CUST00465,PROD00294,STORE023,,1,19265.6
ORD0012015,CUST01424,PROD00237,STORE005,2026-01-12,1,23380.6
ORD0003412,CUST00804,PROD00133,STORE007,2025-07-19,1,2480.14
ORD0011634,CUST00965,PROD00233,STORE003,2025-11-13,2,9332.33
ORD0004394,CUST01143,PROD00293,STORE021,2025-08-29,6,5062.9
ORD0000296,CUST00205,PROD00182,STORE012,2025-08-11,3,20937.89
ORD0008863,CUST01240,PROD00204,STORE007,2025-03-27,4,23368.35
ORD0011117,CUST01433,PROD00125,STORE016,2025-12-23,2,23557.05
ORD0004444,CUST00437,PROD00245,STORE022,2025-08-30,1,23400.5
ORD0009135,CUST00083,PROD00276,STORE005,2025-01-29,2,3326.54
ORD0007686,CUST00155,PROD00292,STORE023,2025-08-01,1,10035.37
ORD0000616,CUST01182,PROD00023,STORE022,2026-03-25,1,23991.81
ORD0008880,CUST00348,PROD00098,STORE006,2025-08-20,6,8533.08
ORD0002184,CUST00894,PROD00040,STORE019,2025-05-04,6,21586.98
ORD0009527,CUST01365,PROD00004,STORE020,2025-04-24,6,12099.27
ORD0008994,CUST01376,PROD00244,STORE003,00/00/0000,4,22941.83
ORD0007934,CUST00968,PROD00148,STORE015,2025-10-19,2,12545.71
ORD0009916,CUST01459,PROD00020,STORE013,2025-11-25,4,12296.35
ORD0004013,CUST01104,PROD00160,STORE007,2025-09-07,2,16207.23
ORD0004025,CUST00397,PROD00122,STORE025,2025-10-29,6,20474.75
ORD0010749,CUST00831,PROD00163,STORE003,2025-05-29,4,7158.92
ORD0004725,CUST00972,PROD00228,STORE010,2025-03-28,3,15293.19
ORD0011998,CUST01078,PROD00145,STORE019,2025-03-23,2,11198.73
ORD0002715,CUST00109,PROD00209,STORE021,2025-01-02,5,16344.69
ORD0001321,CUST00282,PROD00133,STORE013,2026-01-21,4,3910.77
ORD0004023,CUST00937,PROD00224,STORE020,2026-04-13,4,22367.06
ORD0009890,CUST00269,PROD00127,STORE006,2025-01-17,4,17700.92
ORD0007498,CUST01457,PROD00137,STORE007,2025-02-03,1,1218.81
ORD0001353,CUST01019,PROD00211,STORE002,2025-05-15,3,19761.07
ORD0004515,CUST00091,PROD00273,STORE005,2025-09-11,5,13717.65
ORD0003746,CUST00782,PROD00172,STORE013,2025-03-24,5,13477.13
ORD0001085,CUST00098,PROD00073,STORE013,2026-02-23,3,12830.18
ORD0005092,CUST00903,PROD00267,STORE007,2026-01-18,5,10543.03
ORD0003545,CUST01480,PROD00220,STORE017,2025-10-02,3,19541.03
ORD0009706,CUST01012,PROD00289,STORE001,2025-09-14,5,1889.17
ORD0012398,CUST00704,PROD00134,STORE007,2026-01-31,3,15742.1
ORD0007615,CUST00327,PROD00058,STORE025,2026-01-12,4,12374.69
ORD0001528,CUST00311,PROD00060,STORE003,2025-04-23,4,9905.66
ORD0011975,CUST01237,PROD00056,STORE006,2025-09-27,5,21557.82
ORD0008882,CUST00089,PROD00217,STORE019,2026-02-21,1,4902.07
ORD0010269,CUST01183,PROD00232,STORE021,2026-01-16,1,5862.68
ORD0011012,CUST00307,PROD00285,STORE014,2025-02-09,1,21012.36
ORD0002198,CUST00165,PROD00205,STORE007,2025-01-21,4,22194.28
ORD0005709,CUST00453,PROD00076,STORE003,2026-03-24,4,8826.27
ORD0012492,CUST00473,PROD00152,STORE007,2025-09-06,5,22050.03
ORD0004972,,PROD00245,STORE001,2025-01-11,2,16668.79
ORD0006988,CUST01488,PROD00010,STORE001,2025-09-25,5,21724.2
ORD0003286,CUST00888,PROD00300,STORE002,2025-11-15,1,21180.04
ORD0006970,CUST01366,PROD00021,STORE011,2025-06-14,4,10226.67
ORD0010247,CUST01341,PROD00206,STORE006,2025-03-17,6,15698.86
ORD0006487,CUST01252,PROD00209,STORE002,2025-11-04,2,unknown
ORD0010821,CUST00838,PROD00093,STORE003,2025-08-29,4,14090.95
ORD0001390,CUST01302,PROD00100,STORE002,2026-02-10,4,15280.69
ORD0005212,CUST00721,PROD00196,STORE006,2026-01-06,3,20415.41
ORD0000207,CUST01453,PROD00252,STORE025,2025-06-25,2,18960.97
ORD0006331,,PROD00036,STORE012,2025-02-21,4,19288.09
ORD0003559,CUST01375,PROD00083,STORE013,2026-02-12,3,16410.38
ORD0005660,CUST00737,PROD00071,STORE009,2025-06-23,3,11383.95
ORD0003713,CUST01392,PROD00107,STORE002,2025-08-05,2,24646.14
ORD0002054,CUST01175,PROD00159,STORE005,2025-05-14,1,4849.45
ORD0001292,CUST00172,PROD00121,STORE012,2025-11-11,6,17590.15
ORD0004127,CUST00030,PROD00252,STORE018,2025-09-07,2,14006.38
ORD0011218,CUST01070,PROD00267,STORE022,2025-10-12,3,12596.15
ORD0012157,CUST00200,PROD00029,STORE008,2025-05-08,1,9200.58
ORD0010841,CUST00200,PROD00216,STORE024,2025-01-15,3,1381.61
ORD0006801,CUST00069,PROD00119,STORE002,2025-02-03,2,2225.29
ORD0011863,CUST00550,PROD00098,STORE007,2025-09-06,1,23022.5
ORD0011081,CUST00646,PROD00133,STORE015,2025-03-10,1,6274.25
ORD0000359,CUST00784,PROD00022,STORE020,2026-13-40,1,14820.02
ORD0003319,CUST00502,PROD00201,STORE015,2025-01-22,5,7932.07
ORD0004326,CUST00556,PROD00080,STORE022,2025-09-09,6,17335.38
ORD0008487,CUST00179,PROD00014,STORE014,2026-02-28,3,19446.91
ORD0003959,CUST00731,PROD00272,STORE019,2025-01-20,4,22802.36
ORD0011249,CUST00205,PROD00138,STORE020,2025-02-17,1,9905.2
ORD0007971,,PROD00068,STORE021,2026-02-11,1,20280.58
ORD0001069,CUST00574,PROD00139,STORE001,2025-11-03,4,11100.14
ORD0006725,CUST01331,PROD00216,STORE007,2025-01-02,1,15409.55
ORD0003189,CUST00853,PROD00050,STORE022,2025-12-10,3,4476.78
ORD0010751,CUST00022,PROD00015,STORE017,2025-09-23,3,18199.59
ORD0000069,CUST00663,PROD00040,STORE002,2025-08-14,2,12865.88
ORD0004033,CUST00128,PROD00205,STORE007,2025-12-05,2,4095.67
ORD0010039,CUST00862,PROD00045,STORE022,2025-02-25,6,8091.17
ORD0012247,CUST01233,PROD00208,STORE014,2026-04-02,2,11384.94
ORD0010872,CUST00444,PROD00195,STORE002,2025-02-25,1,13715.19
ORD0006385,CUST01399,PROD00143,STORE025,2025-11-01,4,23348.41
ORD0012006,CUST00115,PROD00032,STORE019,2025-08-15,3,1155.64
ORD0009139,CUST00785,PROD00037,STORE015,2025-01-08,1,20919.53
ORD0011401,CUST00743,PROD00218,STORE007,2025-07-28,2,9824.58
ORD0010515,CUST00402,PROD00077,STORE009,2026-04-01,2,22669.32
ORD0001253,CUST00946,PROD00223,STORE001,2025-01-31,1,1246.47
ORD0007556,CUST00240,PROD00072,STORE013,2025-07-25,6,21089.99
ORD0004869,CUST00146,PROD00259,STORE018,2025-11-09,6,15431.57
ORD0010984,CUST00228,PROD00039,STORE025,2025-06-15,4,15995.18
ORD0010902,CUST00127,PROD00247,STORE005,2025-12-16,5,6365.65
ORD0001604,CUST01470,PROD00061,STORE009,2026-02-21,2,9712.43
ORD0012446,CUST00481,PROD00247,STORE023,2026-04-12,2,18302.76
ORD0001217,CUST01254,PROD00101,STORE001,2025-08-29,5,10477.27
ORD0008293,CUST01070,PROD00134,STORE012,2026-04-04,1,2821.88
ORD0005873,CUST00154,PROD00089,STORE013,2025-03-18,1,21570.19
ORD0005945,CUST00544,PROD00181,STORE017,2025-04-04,6,12171.12
ORD0010844,CUST01441,PROD00187,STORE014,2025-07-22,3,10294.81
ORD0007121,CUST00641,PROD00116,STORE013,2026-02-16,3,6835.25
ORD0005117,CUST01281,PROD00280,STORE014,2025-09-22,4,16293.2
ORD0004891,CUST01061,PROD00175,STORE020,2025-08-09,1,8319.17
ORD0008686,CUST00789,PROD00083,STORE018,2025-04-22,5,5957.37
ORD0003757,CUST00141,PROD00288,STORE011,2025-02-13,4,22346.4
ORD0007530,CUST00383,PROD00075,STORE001,2026-01-11,4,$3754.03
ORD0005010,CUST01370,PROD00252,STORE018,2025-05-24,6,538.26
ORD0004322,CUST01216,PROD00011,STORE015,2026-13-40,1,20296.95
ORD0006204,CUST01191,PROD00028,STORE024,2026-02-09,2,3021.9
ORD0001144,CUST01069,PROD00171,STORE019,2025-01-20,2,6837.97
ORD0004699,CUST01348,PROD00248,STORE023,2025-01-28,4,10456.82
ORD0007252,CUST01445,PROD00177,STORE022,2025-04-28,6,15779.23
ORD0008930,CUST00497,PROD00173,STORE014,2025-07-24,2,20331.26
ORD0011461,CUST00312,PROD00252,STORE006,2025-12-24,2,6925.69
ORD0006080,CUST01057,PROD00064,STORE014,2025-10-02,4,4172.8
ORD0001103,CUST00031,PROD00172,STORE018,2025-12-18,4,23435.91
ORD0004611,CUST00212,PROD00024,STORE024,2025-09-22,2,10279.14
ORD0001834,CUST00613,PROD00180,STORE022,2025-12-12,4,4578.15
ORD0000603,CUST01233,PROD00085,STORE016,2025-05-27,4,14086.62
ORD0012394,CUST00026,PROD00050,STORE024,2025-07-23,4,1703.33
ORD0001431,CUST01260,PROD00008,STORE012,2025-08-09,5,19041.19
ORD0008561,CUST00806,PROD00157,STORE025,2026-13-40,2,17351.53
ORD0007084,CUST00406,PROD00227,STORE023,2025-07-09,1,16236.67
ORD0010754,CUST00077,PROD00238,STORE019,2025-08-07,5,19870.84
ORD0000566,CUST01224,PROD00062,STORE010,2026-03-30,6,1654.99
ORD0002388,CUST00381,PROD00269,STORE013,2025-07-30,2,4269.77
ORD0011177,CUST00276,PROD00010,STORE024,2025-09-23,6,2329.46
ORD0009281,CUST00133,PROD00162,STORE007,2025-10-20,3,22946.79
ORD0006143,CUST01288,PROD00186,STORE025,2025-06-23,2,21676.84
ORD0010899,CUST01144,PROD00193,STORE003,2025-12-15,2,5088.28
ORD0007586,CUST01431,PROD00253,STORE010,2025-03-11,2,15021.65
ORD0010375,CUST01084,PROD00108,STORE015,2025-07-14,3,12021.85
ORD0003232,CUST00249,,STORE013,2025-05-14,2,14350.49
ORD0000909,CUST00375,PROD00255,STORE017,2025-01-11,1,3855.04
ORD0004571,CUST00631,PROD00145,STORE006,2025-05-09,6,5090.42
ORD0011379,CUST01392,PROD00228,STORE021,2025-06-01,5,4385.26
ORD0004554,CUST00372,PROD00061,STORE001,2025-08-28,4,18771.63
ORD0007890,CUST00997,PROD00151,STORE006,2025-01-17,5,18231.4
ORD0000883,CUST01081,PROD00150,STORE012,2025-10-30,2,10202.34
ORD0003021,CUST00177,PROD00156,STORE022,2025-01-09,6,9518.21
ORD0008979,CUST01363,PROD00254,STORE018,2026-02-28,3,5539.84
ORD0006937,CUST00758,PROD00137,STORE022,2025-05-07,1,2540.93
ORD0000107,CUST01130,PROD00138,STORE003,2025-05-13,5,19369.21
ORD0008758,CUST00930,PROD00148,STORE019,2025-11-18,5,13230.48
ORD0003912,CUST01467,PROD00219,STORE012,2025-03-18,3,13687.5
ORD0005136,CUST00730,PROD00268,STORE005,2025-08-13,3,24557.09
ORD0004203,CUST00179,PROD00059,STORE007,2026-01-09,3,18564.21
ORD0007155,CUST00552,PROD00214,STORE023,2025-01-31,3,2090.28
ORD0000092,CUST00909,PROD00023,STORE009,2025-09-16,5,5087.28
ORD0011439,CUST00221,PROD00147,STORE018,2025-05-13,1,14027.03
ORD0010839,CUST01367,PROD00153,STORE022,not_a_date,6,14286.95
ORD0007854,CUST00584,PROD00062,STORE007,2026-01-28,3,7040.55
ORD0007197,CUST00395,PROD00006,STORE021,2025-07-17,1,2019.6
ORD0003074,CUST01149,PROD00009,STORE013,2025-01-07,2,22177.92
ORD0007747,CUST00403,PROD00172,STORE007,2026-02-10,6,24613.99
ORD0010075,CUST00045,PROD00269,STORE015,2025-08-14,5,13644.35
ORD0004361,CUST00296,PROD00050,STORE012,2025-10-04,4,16692.34
ORD0002265,CUST00376,PROD00181,STORE024,2025-07-27,6,23355.58
ORD0003383,CUST00835,PROD00185,STORE020,2026-01-29,5,7681.52
ORD0001816,CUST00123,PROD00231,STORE013,2025-03-25,5,17483.04
ORD0011965,CUST00102,PROD00048,STORE001,2026-04-22,5,4048.32
ORD0000922,CUST00922,PROD00108,STORE003,2025-11-10,3,23100.64
ORD0006230,CUST01071,PROD00269,STORE020,2026-02-22,6,3016.35
ORD0003429,CUST01046,PROD00265,STORE013,2026-01-30,6,13288.71
ORD0011593,CUST01398,PROD00213,STORE012,2025-02-18,2,23751.29
ORD0006781,CUST01316,PROD00061,STORE021,2025-08-04,2,11317.1
ORD0003276,CUST01146,PROD00268,STORE020,2026-03-27,3,15278.15
ORD0008670,CUST00441,PROD00279,STORE004,2025-07-10,3,11807.62
ORD0012168,CUST01094,PROD00117,STORE021,2025-11-28,2,24102.52
ORD0001574,CUST00173,PROD00293,STORE017,2025-01-31,4,9146.96
ORD0012239,CUST00319,PROD00075,STORE008,2025-04-18,2,23395.9
ORD0006462,CUST00577,PROD00052,STORE024,2025-02-08,3,12229.01
ORD0003755,CUST00533,PROD00199,STORE016,2025-08-11,3,14172.82
ORD0000971,CUST01463,PROD00021,STORE021,2025-04-17,4,1467.96
ORD0003788,CUST01080,PROD00284,STORE010,2025-11-11,3,12224.97
ORD0010519,CUST00982,PROD00295,STORE006,2025-05-15,5,-5
ORD0001461,CUST00149,PROD00200,STORE018,2025-02-03,3,305.24
ORD0002422,CUST01359,PROD00092,STORE002,2026-03-03,2,17420.99
ORD0004200,CUST00126,PROD00014,STORE010,2025-05-10,4,15253.39
ORD0008181,CUST00200,PROD00256,STORE002,2026-02-14,6,3241.41
ORD0005328,CUST01473,PROD00267,STORE001,2025-04-14,5,23337.34
ORD0012072,CUST00938,PROD00038,STORE023,2025-07-27,6,22509.49
ORD0012470,CUST01206,PROD00060,STORE024,2025-09-08,2,820.05
ORD0001080,CUST00335,PROD00001,STORE013,2025-08-05,1,5588.95
ORD0002243,CUST01092,PROD00138,STORE011,2025-04-08,2,6871.48
ORD0003691,CUST00135,PROD00133,STORE016,2026-02-08,3,10614.44
ORD0012026,CUST00416,PROD00216,STORE017,2025-05-01,2,5599.33
ORD0009240,CUST00737,PROD00080,STORE003,2025-04-18,4,24875.53
ORD0010082,CUST00049,PROD00224,STORE006,2025-02-12,4,7858.69
ORD0005547,CUST00593,PROD00086,STORE025,2026-02-14,5,13092.81
ORD0011065,CUST01381,PROD00257,STORE001,2026-01-28,6,20817.53
ORD0003129,CUST01482,PROD00215,STORE015,2025-02-21,2,16965.96
ORD0002791,CUST00197,PROD00249,STORE019,2025-10-06,1,5254.41
ORD0000646,CUST01435,PROD00243,STORE013,2025-08-05,5,19279.22
ORD0000449,CUST01168,PROD00134,STORE004,2026-03-30,1,9963.42
ORD0000720,CUST00892,PROD00297,STORE020,2025-04-29,4,11237.21
ORD0005324,CUST00584,PROD00253,STORE010,2025-02-28,4,15527.34
ORD0002188,CUST00218,PROD00039,STORE015,2025-09-08,-1,16333.53
ORD0008558,CUST00534,PROD00215,STORE010,2025-09-16,2,598.93
ORD0004671,CUST01178,PROD00217,STORE024,2025-11-14,6,21331.94
ORD0007306,CUST01136,PROD00005,STORE012,2025-12-09,5,13662.18
ORD0007289,CUST00203,PROD00053,STORE021,2025-01-17,5,16446.29
ORD0006960,CUST00673,PROD00007,STORE016,2025-01-18,1,14529.19
ORD0011391,CUST00264,PROD00036,STORE008,2025-01-02,6,13439.87
ORD0009770,CUST01487,PROD00165,STORE014,2025-08-21,3,3885.84
ORD0005532,CUST00828,PROD00035,STORE019,2025-03-16,2,2175.88
ORD0007178,CUST01417,PROD00010,STORE015,2025-08-03,3,8635.59
ORD0008527,CUST00376,PROD00125,STORE016,2025-02-09,6,6319.01
ORD0008510,CUST00649,PROD00072,STORE009,2026-01-22,1,$2551.51
ORD0011442,CUST00985,PROD00200,STORE025,2025-11-04,5,10085.03
ORD0011322,CUST00785,PROD00184,STORE011,2025-08-18,5,9891.95
ORD0007398,CUST00758,PROD00265,STORE002,2025-06-27,6,4650.95
ORD0003901,CUST00300,PROD00131,STORE024,2025-02-13,4,6845.39
ORD0004137,CUST00316,PROD00023,STORE008,2026-03-06,1,16795.74
ORD0005028,CUST01045,PROD00064,STORE006,2025-02-11,4,9275.01
ORD0000978,CUST00510,PROD00265,STORE007,2025-04-07,4,17996.81
ORD0009276,CUST00474,PROD00204,STORE009,2025-07-21,4,639.06
ORD0007852,CUST01299,PROD00053,STORE021,2026-04-08,5,20763.84
ORD0009478,CUST01114,PROD00279,STORE001,2025-07-29,4,19357.87
ORD0003826,CUST01063,PROD00140,STORE017,2025-08-28,3,12991.6
ORD0005463,CUST00169,PROD00066,STORE010,2026-01-14,2,10459.04
ORD0005860,CUST00025,PROD00169,STORE021,2025-03-03,5,1188.74
ORD0003645,CUST01441,PROD00002,STORE003,2025-07-04,6,22203.06
ORD0001832,CUST00240,PROD00236,STORE017,2025-10-31,6,2900.12
ORD0008932,CUST00814,PROD00288,STORE019,2026-04-04,2,11659.62
ORD0000964,CUST00087,PROD00161,STORE013,2025-08-11,4,1153.52
ORD0009161,CUST00896,PROD00041,STORE002,2025-01-19,6,16339.55
ORD0000305,CUST01019,PROD00105,STORE010,2026-04-11,4,15689.02
ORD0001806,CUST00315,PROD00209,STORE019,2025-11-10,5,14912.43
ORD0003391,CUST00780,PROD00048,STORE001,2026-03-31,1,22395.01
ORD0002005,CUST00329,PROD00048,STORE004,2025-07-14,2,13582.32
ORD0001425,CUST00153,PROD00170,STORE001,2025-08-10,6,1295.02
ORD0002178,CUST00482,PROD00133,STORE001,2025-12-18,3,19736.94
ORD0004078,CUST01393,PROD00188,STORE003,2026-02-04,2,6073.13
ORD0004766,CUST01220,,STORE005,2025-10-28,1,10126.12
ORD0004901,CUST00248,PROD00084,STORE023,2025-06-04,1,2835.6
ORD0010520,,PROD00221,STORE024,2025-11-12,5,23835.11
ORD0003340,CUST01399,PROD00163,STORE017,2025-08-18,,18759.56
ORD0011822,CUST00775,PROD00079,STORE007,2026-02-03,2,20513.72
ORD0002752,,PROD00215,STORE007,2026-04-22,6,15688.62
ORD0001931,CUST00504,PROD00252,STORE018,2026-04-15,1,6986.29
ORD0011281,CUST00681,,STORE006,2025-02-03,6,11056.0
ORD0003974,,PROD00146,STORE020,2026-03-12,5,24508.42
ORD0005668,CUST01296,PROD00241,STORE001,2025-06-26,2,17160.57
ORD0002756,CUST01497,PROD00276,STORE005,2025-10-30,3,14202.84
ORD0006369,CUST00871,PROD00069,STORE011,2025-02-12,4,10637.99
ORD0012346,CUST00901,PROD00154,STORE016,2025-02-24,1,12352.22
ORD0006917,CUST00709,PROD00218,STORE018,2025-10-13,6,21779.3
ORD0006510,CUST01376,PROD00116,STORE020,2025-08-28,6,16316.34
ORD0007484,CUST00744,PROD00022,STORE018,2025-10-20,6,19312.02
ORD0004819,CUST01366,PROD00087,STORE017,2026-03-09,1,8716.44
ORD0001420,CUST00098,PROD00248,STORE009,2026-01-28,4,19608.5
ORD0001084,CUST01214,PROD00026,STORE024,2025-06-15,2,21634.27
ORD0006158,CUST00010,PROD00170,STORE008,2026-04-05,4,16281.01
ORD0003395,CUST01023,PROD00183,STORE021,2026-02-05,4,4386.91
ORD0005252,CUST00914,PROD00280,STORE011,2025-01-29,6,12137.73
ORD0010898,CUST00672,PROD00134,STORE017,2025-08-07,6,6083.16
ORD0012060,CUST01403,PROD00289,STORE003,2026-01-06,5,12363.67
ORD0009065,CUST01409,PROD00172,STORE012,2025-04-05,6,21696.5
ORD0003616,CUST00354,PROD00096,STORE022,2026-04-07,1,10260.64
ORD0007267,CUST00353,PROD00299,STORE011,2025-03-28,1,10602.52
ORD0003347,CUST01201,PROD00192,STORE001,2025-02-04,5,16101.31
ORD0002811,CUST01077,PROD00184,STORE014,2025-09-17,4,15172.05
ORD0008624,CUST00824,PROD00289,STORE020,2025-01-27,2,5333.95
ORD0010846,CUST00286,PROD00023,STORE013,2025-09-10,2,6138.99
ORD0012174,CUST00746,PROD00071,STORE012,2025-02-21,4,6835.13
ORD0008534,CUST01452,PROD00175,STORE003,2025-01-11,4,19200.72
ORD0000303,CUST00354,PROD00090,STORE017,2026-02-19,2,18587.87
ORD0002019,CUST00954,PROD00154,STORE024,2025-12-13,5,749.05
ORD0000276,CUST00150,PROD00221,STORE009,2026-03-27,4,11364.52
ORD0005947,CUST01313,PROD00151,STORE024,2025-07-21,6,14789.5
ORD0005115,CUST01240,PROD00145,STORE003,2025-03-28,4,8505.07
ORD0000309,CUST00324,PROD00052,STORE001,2025-02-17,3,22445.14
ORD0002862,CUST00436,PROD00155,STORE017,2025-05-21,1,19204.79
ORD0006261,CUST00975,PROD00054,STORE008,2025-11-25,6,16906.3
ORD0010869,CUST00690,PROD00294,STORE012,2026-04-13,5,15413.26
ORD0012098,CUST01168,PROD00202,STORE010,2026-01-02,2,21225.1
ORD0005665,CUST01376,PROD00200,STORE025,2025-12-19,2,17924.12
ORD0006474,CUST00391,PROD00048,STORE015,2025-01-15,3,10459.09
ORD0000838,CUST00238,PROD00121,STORE013,2025-04-01,5,18184.17
ORD0010043,CUST01005,PROD00259,STORE019,2025-06-25,6,22801.51
ORD0000385,CUST01140,PROD00283,STORE019,2026-03-11,2,10396.24
ORD0007806,CUST00047,PROD00080,STORE020,2025-08-23,1,16142.26
ORD0010574,CUST01153,PROD00255,STORE004,2025-12-14,5,12893.39
ORD0003137,CUST00131,PROD00057,STORE023,2025-01-13,3,7426.19
ORD0002182,CUST00843,PROD00231,STORE002,2025-11-01,6,11921.2
ORD0008655,CUST00667,PROD00079,STORE003,2026-02-02,6,19799.91
ORD0002935,CUST01394,PROD00074,STORE025,2025-11-27,2,4947.74
ORD0001969,CUST01351,PROD00002,STORE019,2025-10-02,2,4452.36
ORD0001781,CUST01214,PROD00147,STORE004,2026-03-19,1,8166.12
ORD0000064,CUST00539,PROD00289,STORE004,2025-10-28,2,19952.58
ORD0010422,CUST00877,PROD00214,STORE001,2025-08-30,6,24301.9
ORD0002750,CUST01449,PROD00199,STORE016,2025-02-22,5,3895.75
ORD0009796,CUST00389,PROD00109,STORE017,2025-12-09,1,2868.67
ORD0008261,CUST01380,PROD00151,STORE018,2025-12-13,6,23327.16
ORD0008580,CUST00828,PROD00016,STORE022,2026-04-21,2,23249.59
ORD0005385,CUST00853,PROD00233,STORE013,2025-03-21,2,19757.5
ORD0007261,CUST00510,PROD00146,STORE016,2025-12-26,2,7475.62
ORD0011939,CUST00342,PROD00264,STORE009,2025-02-09,3,21066.41
ORD0008019,CUST01429,,STORE008,2025-04-11,4,17354.03
ORD0006627,CUST00633,PROD00008,STORE015,2026-04-14,5,6964.91
ORD0002314,CUST00179,PROD00266,STORE012,2025-10-20,two,18701.64
ORD0008353,CUST00434,PROD00090,STORE017,2025-03-16,4,19278.36
ORD0009773,CUST01106,PROD00030,STORE012,2026-02-18,2,11347.26
ORD0003220,CUST01400,PROD00088,STORE004,2025-12-20,4,5661.81
ORD0008342,CUST00574,PROD00158,STORE017,2026-01-17,2,4570.49
ORD0006388,CUST00614,PROD00272,STORE019,2025-01-03,3,$647.38
ORD0006102,CUST00287,PROD00085,STORE010,2025-09-19,3,8231.41
ORD0010064,CUST00257,,STORE010,2025-09-10,2,19244.58
ORD0005496,CUST01354,PROD00070,STORE015,2026-04-02,6,21986.94
ORD0010550,CUST00694,PROD00129,STORE016,2025-06-19,4,24336.33
ORD0007538,CUST01279,PROD00232,STORE023,2025-10-28,1,24849.42
ORD0009466,CUST00332,PROD00227,STORE025,2025-11-12,1,20985.12
ORD0004031,CUST00111,PROD00162,STORE010,2025-09-09,5,14057.55
ORD0010871,CUST01245,PROD00225,STORE004,2025-06-15,4,9876.84
ORD0011511,CUST00397,PROD00228,STORE001,2026-03-25,5,23348.53
ORD0006282,CUST01414,PROD00196,STORE006,2025-11-27,6,12276.0
ORD0006775,CUST00074,PROD00292,STORE023,2025-06-16,4,1760.34
ORD0011567,CUST01313,PROD00271,STORE005,2025-07-17,5,13433.66
ORD0003018,CUST01213,PROD00086,STORE024,2025-05-29,4,16794.79
ORD0003281,CUST01213,PROD00175,STORE009,2025-08-22,2,13829.4
ORD0012091,CUST00046,PROD00212,STORE015,2025-09-26,3,2783.42
ORD0011566,CUST00132,PROD00216,STORE010,2025-12-20,2,18674.99
ORD0000575,CUST00646,PROD00193,STORE018,2025-11-27,1,15777.92
ORD0009928,CUST00227,PROD00113,STORE016,2026-03-28,1,8586.56
ORD0010011,CUST01296,PROD00191,STORE024,2026-02-11,4,21992.32
ORD0004684,CUST00591,PROD00128,STORE016,2025-01-20,5,11827.94
ORD0001107,CUST01210,PROD00274,STORE025,2025-08-09,6,6822.66
ORD0009439,CUST01481,PROD00205,STORE016,2026-02-04,6,7825.39
ORD0005285,CUST01036,PROD00080,STORE010,00/00/0000,3,10071.08
ORD0001500,CUST00532,PROD00226,STORE021,2025-08-13,5,8593.64
ORD0008946,CUST00530,PROD00054,STORE020,2025-02-14,3,2368.84
ORD0004822,CUST00275,PROD00198,STORE017,2025-02-21,2,22041.39
ORD0008997,CUST00204,PROD00184,STORE009,2025-11-11,6,13575.34
ORD0011943,CUST00576,PROD00092,STORE015,2025-01-04,2,262.4
ORD0007522,CUST00106,PROD00080,STORE003,2025-10-04,3,19494.16
ORD0007122,CUST00509,PROD00132,STORE019,2025-02-22,6,8511.64
ORD0000523,CUST01085,PROD00099,STORE016,2025-09-11,2,17749.7
ORD0002178,CUST00482,PROD00133,STORE001,2025-12-18,3,19736.94
ORD0000272,CUST00670,PROD00276,STORE016,2025-11-21,3,14434.16
ORD0006846,CUST00250,PROD00108,STORE017,2025-10-14,1,11272.07
ORD0009846,CUST00248,PROD00011,STORE009,2025-01-19,3,5527.03
ORD0001956,CUST00325,PROD00279,STORE020,2025-11-29,4,24919.7
ORD0010156,CUST00546,PROD00297,STORE002,2025-12-03,5,14394.3
ORD0003360,CUST01397,PROD00209,STORE014,2026-03-19,3,23152.93
ORD0002004,CUST00184,PROD00098,STORE025,2025-03-29,1,16410.56
ORD0003938,CUST00203,PROD00100,STORE004,2025-12-29,3,20935.96
ORD0003439,CUST01178,PROD00244,STORE011,2025-07-02,2,2121.83
ORD0008092,CUST00361,PROD00004,STORE023,2025-01-27,3,2779.8
ORD0008874,CUST00245,PROD00158,STORE024,2025-03-05,4,8963.96
ORD0006571,CUST00758,PROD00092,STORE007,2025-01-27,5,1353.66
ORD0001043,CUST00457,PROD00151,STORE025,2025-08-09,2,19440.28
ORD0001086,CUST00194,PROD00221,STORE009,2025-05-02,3,24873.98
ORD0008649,CUST00768,PROD00193,STORE014,2026-03-01,1,21184.04
ORD0007057,CUST00827,PROD00192,STORE015,2025-09-01,3,9217.46
ORD0007229,CUST00220,PROD00086,STORE025,2025-06-04,3,12627.62
ORD0004424,CUST00087,PROD00155,STORE004,2025-04-24,3,13100.17
ORD0005426,CUST00289,PROD00191,STORE002,2026-01-26,4,15519.16
ORD0002323,CUST00247,PROD00281,STORE005,2025-08-04,2,18412.15
ORD0007222,CUST00415,PROD00223,STORE010,2025-08-06,6,2370.6
ORD0000613,CUST00047,PROD00289,STORE016,2025-03-20,1,18326.14
ORD0007899,CUST01125,PROD00129,STORE014,2025-02-26,1,7076.69
ORD0009202,CUST00382,PROD00226,STORE024,2026-03-09,2,23404.19
ORD0008100,CUST00329,PROD00051,STORE007,2025-10-23,2,7676.94
ORD0009308,CUST01365,PROD00276,STORE006,2025-03-07,1,13473.65
ORD0006556,CUST00993,PROD00158,STORE001,2025-03-26,4,4123.85
ORD0009448,CUST01472,PROD00025,STORE007,2025-08-11,2,4150.42
ORD0005623,CUST00286,PROD00127,STORE018,2025-12-14,5,17786.31
ORD0004405,CUST01133,PROD00098,STORE015,2025-06-05,5,20001.36
ORD0007752,CUST00566,PROD00283,STORE023,2025-02-19,3,8169.18
ORD0004673,CUST00212,PROD00174,STORE001,2025-09-20,6,19090.84
ORD0010188,CUST00839,PROD00245,STORE002,2025-02-03,1,5331.83
ORD0000407,CUST00704,PROD00094,STORE004,2025-12-29,3,8975.65
ORD0001419,CUST00654,PROD00125,STORE021,2026-01-22,1,14802.37
ORD0008588,CUST00882,PROD00257,STORE019,2025-01-17,5,5807.69
ORD0011616,CUST00206,PROD00280,STORE012,2025-02-13,3,11337.63
ORD0001145,CUST00177,PROD00187,STORE007,2025-06-16,4,7793.37
ORD0002267,CUST01207,PROD00129,STORE006,2026-03-12,6,465.9
ORD0006004,CUST00070,PROD00233,STORE022,2025-05-06,2,22437.13
ORD0001829,CUST01192,PROD00086,STORE001,2025-10-03,6,22486.52
ORD0003964,CUST01058,PROD00117,STORE001,2025-09-11,6,24711.47
ORD0005810,CUST00002,PROD00225,STORE004,2025-10-22,2,22051.46
ORD0006789,CUST01398,PROD00280,STORE003,2026-01-25,3,2591.29
ORD0000896,CUST01357,PROD00125,STORE016,2025-08-12,4,23736.2
ORD0000152,CUST00510,PROD00090,STORE003,2026-01-08,5,2500.13
ORD0004820,CUST01369,PROD00269,STORE015,2026-03-12,4,20608.52
ORD0005323,CUST01046,PROD00247,STORE004,2025-06-10,3,22841.66
ORD0006771,CUST01154,PROD00277,STORE017,2026-02-03,5,3955.3
ORD0012138,CUST01442,PROD00229,STORE011,2025-06-27,2,21436.12
ORD0008274,CUST00171,PROD00204,STORE002,2025-05-29,6,16223.21
ORD0003883,CUST00533,PROD00291,STORE011,2025-06-10,2,23416.62
ORD0006921,CUST00772,PROD00152,STORE003,2025-03-15,3,7393.03
ORD0010460,CUST00103,PROD00017,STORE009,2025-12-22,3,9456.15
ORD0003829,CUST00455,PROD00247,STORE011,2025-11-01,5,22700.21
ORD0003435,CUST01054,PROD00176,STORE014,2025-12-15,5,18228.2
ORD0006273,CUST01155,PROD00110,STORE016,2026-01-18,1,2202.77
ORD0012223,CUST01208,PROD00051,STORE024,2026-01-24,6,13305.84
ORD0010500,CUST00687,PROD00013,STORE023,2025-09-22,2,24023.23
ORD0001748,CUST01495,PROD00053,STORE016,2025-09-11,6,15956.15
ORD0004484,CUST01401,PROD00152,STORE002,2025-07-06,2,1713.2
ORD0000811,CUST00121,PROD00061,STORE005,2025-03-06,two,24955.91
ORD0002280,CUST00857,PROD00029,STORE016,2025-07-20,4,21777.16
ORD0011774,CUST01261,PROD00194,STORE015,2025-01-18,3,21005.71
ORD0004347,CUST00449,PROD00255,STORE022,2026-01-20,2,4778.03
ORD0006368,CUST01130,PROD00298,STORE020,2025-07-22,2,21512.98
ORD0008505,CUST00462,PROD00293,STORE012,2026-03-17,1,665.67
ORD0003658,CUST00701,PROD00257,STORE023,2025-08-24,1,15580.88
ORD0000227,CUST00502,,STORE023,2025-01-21,6,11483.24
ORD0005511,CUST01000,PROD00178,STORE025,2025-12-17,1,3254.64
ORD0006094,CUST00474,PROD00146,STORE001,2025-12-06,6,6995.99
ORD0007791,CUST01035,PROD00012,STORE024,2025-11-05,4,6706.4
ORD0010285,CUST00786,PROD00267,STORE009,2025-03-21,1,21417.69
ORD0004857,CUST00717,PROD00127,STORE017,2025-12-20,6,2050.81
ORD0000780,CUST01490,PROD00248,STORE003,2025-03-26,2,11787.42
ORD0000181,CUST01228,PROD00143,STORE011,2025-12-07,3,15812.35
ORD0001807,CUST00569,PROD00295,STORE023,2025-03-24,5,2548.9
ORD0012439,CUST00103,PROD00242,STORE024,2026-02-09,5,14639.51
ORD0005533,CUST01314,PROD00220,STORE019,2026-04-02,4,21164.77
ORD0005391,CUST00704,PROD00091,STORE014,2026-02-14,2,10118.62
ORD0007408,CUST00152,PROD00207,STORE021,2025-10-08,2,14871.6
ORD0010414,CUST00178,PROD00036,STORE011,2025-04-24,2,14009.36
ORD0005863,CUST01424,PROD00025,STORE011,2025-12-30,4,24526.07
ORD0000082,CUST00519,PROD00141,STORE021,2026-02-26,1,24282.85
ORD0005684,CUST01075,PROD00214,STORE006,2025-10-02,5,10283.41
ORD0002804,CUST00582,PROD00025,STORE003,2026-04-17,6,6051.09
ORD0001433,CUST01095,PROD00291,STORE019,2025-07-18,5,10220.62
ORD0004369,CUST00338,PROD00049,STORE020,2025-10-25,5,9447.15
ORD0005595,CUST00459,PROD00193,STORE012,2025-08-24,4,12152.88
ORD0010961,CUST00977,PROD00221,STORE007,2025-07-11,2,14946.02
ORD0009205,,PROD00198,STORE022,2025-09-09,4,2287.76
ORD0011924,CUST00209,PROD00137,STORE004,2025-04-03,1,3478.46
ORD0009587,CUST01422,PROD00148,STORE006,2025-12-13,3,6971.62
ORD0008284,CUST00765,PROD00230,STORE019,2025-12-31,5,19332.87
ORD0005472,CUST00716,PROD00097,STORE022,2025-01-22,2,17334.86
ORD0011908,CUST00303,PROD00136,STORE018,2025-08-13,5,22321.04
ORD0003621,CUST01450,PROD00117,STORE022,2025-06-26,1,10060.84
ORD0010835,CUST00159,PROD00119,STORE014,2025-06-09,6,9603.34
ORD0011577,CUST00045,PROD00216,STORE021,2025-11-12,4,12279.6
ORD0005600,CUST00515,PROD00003,STORE019,2025-05-19,6,24864.99
ORD0006869,CUST01000,PROD00169,STORE025,2026-02-07,4,12888.45
ORD0012372,CUST01075,PROD00027,STORE018,2025-04-23,5,10888.64
ORD0006172,CUST01466,PROD00195,STORE012,2025-01-20,1,7349.14
ORD0009624,CUST00541,PROD00265,STORE020,2025-09-10,6,15979.77
ORD0001302,CUST00369,PROD00097,STORE013,2025-11-01,5,2265.43
ORD0000551,CUST00325,PROD00174,STORE021,2025-08-08,3,17148.83
ORD0002309,CUST01035,PROD00268,STORE009,2025-01-27,3,5425.12
ORD0003741,CUST01217,PROD00107,STORE002,2026-04-04,3,20011.33
ORD0012075,CUST00787,PROD00129,STORE004,2025-01-12,2,2128.62
ORD0008497,CUST00277,PROD00028,STORE007,2025-08-12,1,16658.15
ORD0008314,CUST01412,PROD00237,STORE002,2025-03-09,1,12913.81
ORD0011955,CUST00892,PROD00253,STORE003,2025-03-11,4,1856.5
ORD0009881,CUST00132,PROD00250,STORE003,2026-03-03,6,12644.49
ORD0006749,CUST00946,PROD00190,STORE014,2026-03-05,6,21172.91
ORD0003149,CUST00992,PROD00059,STORE025,2025-10-17,1,9070.77
ORD0003560,CUST00821,PROD00132,STORE020,2025-02-25,4,11761.61
ORD0009840,CUST00427,PROD00156,STORE017,2026-04-07,2,11468.2
ORD0011286,CUST00462,PROD00099,STORE018,2025-01-11,3,20481.07
ORD0006001,CUST00768,PROD00100,STORE012,2025-06-03,5,16275.62
ORD0004421,CUST00091,PROD00122,STORE024,2025-07-27,5,20431.28
ORD0010728,CUST01281,PROD00272,STORE003,2025-10-27,3,22097.88
ORD0006168,CUST01369,PROD00124,STORE019,2025-02-18,4,13672.81
ORD0003631,CUST00983,PROD00286,STORE014,2025-08-17,5,13321.34
ORD0005534,CUST00639,PROD00286,STORE025,2025-10-24,6,21952.28
ORD0010939,CUST00360,PROD00278,STORE020,2025-03-24,5,9408.43
ORD0001136,CUST00352,PROD00207,STORE019,2025-04-24,2,21728.11
ORD0001673,CUST00943,PROD00174,STORE023,2025-10-01,5,24101.29
ORD0001687,CUST00501,PROD00181,STORE011,2025-04-12,6,5631.68
ORD0006312,CUST00972,PROD00031,STORE025,2025-04-17,6,14451.7
ORD0011996,CUST00925,PROD00129,STORE001,2026-01-04,1,16722.7
ORD0007359,CUST00887,PROD00285,STORE025,2026-04-22,6,18810.03
ORD0008269,CUST00799,PROD00038,STORE016,2025-10-29,3,16153.8
ORD0005495,CUST00861,PROD00147,STORE018,2025-05-11,2,18408.8
ORD0001357,CUST01038,PROD00015,STORE014,2026-02-05,2,6176.54
ORD0000077,CUST00438,PROD00287,STORE007,2026-01-18,4,9449.02
ORD0011790,CUST00626,PROD00298,STORE021,2025-04-08,2,13221.62
ORD0008715,CUST01316,PROD00053,STORE022,2025-02-22,3,22604.82
ORD0005352,CUST00016,PROD00044,STORE016,2025-08-21,2,11130.37
ORD0003546,CUST00573,PROD00255,STORE003,2025-03-10,3,9642.75
ORD0011098,CUST01353,PROD00199,STORE004,2025-12-13,5,24103.76
ORD0001307,CUST00548,PROD00023,STORE019,2025-03-02,3,5849.03
ORD0008157,CUST00059,PROD00223,STORE001,2025-09-12,5,16178.32
ORD0009895,CUST00419,PROD00042,STORE015,2025-02-10,2,19412.16
ORD0012440,CUST00476,PROD00139,STORE012,2026-03-21,4,9037.94
ORD0007696,CUST00310,PROD00258,STORE002,2025-04-07,1,19660.92
ORD0006159,CUST00900,PROD00257,STORE007,2025-02-08,2,938.95
ORD0011669,CUST00222,PROD00057,STORE001,2026-02-17,6,14009.92
ORD0011796,CUST00352,PROD00122,STORE020,2026-04-13,6,23783.97
ORD0009809,CUST00594,PROD00212,STORE007,2025-07-02,3,9254.35
ORD0012320,CUST00045,PROD00245,STORE014,2025-05-11,2,1828.84
ORD0009664,CUST00193,PROD00020,STORE014,2025-08-08,2,926.03
ORD0007544,CUST00888,PROD00202,STORE014,2026-03-26,3,13785.31
ORD0011757,CUST00147,PROD00234,STORE008,2026-02-17,1,15635.58
ORD0003920,CUST01102,PROD00132,STORE023,2026-03-26,2,3351.21
ORD0010503,CUST00372,PROD00136,STORE019,2025-05-19,2,17310.85
ORD0006033,CUST00990,PROD00143,STORE008,2025-02-10,4,16059.22
ORD0009190,CUST00537,PROD00297,STORE005,2025-07-28,5,15792.42
ORD0008120,CUST01290,PROD00084,STORE001,2026-13-40,6,15421.42
ORD0004564,CUST01145,PROD00218,STORE003,2025-06-08,2,20861.21
ORD0006615,CUST01241,PROD00296,STORE016,2025-04-24,6,17141.23
ORD0011309,CUST00781,PROD00082,STORE008,2025-08-11,1,24046.52
ORD0008442,CUST01036,PROD00195,STORE013,2025-01-30,1,11412.38
ORD0011825,CUST01364,PROD00147,STORE024,2025-04-20,5,21942.64
ORD0000521,CUST00188,PROD00047,STORE001,2025-04-30,4,19821.08
ORD0008679,CUST00811,PROD00201,STORE014,2025-05-29,5,13899.13
ORD0003330,CUST00569,PROD00018,STORE014,2026-01-07,3,10050.94
ORD0000916,CUST00467,PROD00221,STORE018,2025-02-22,1,17289.77
ORD0008586,CUST01233,PROD00247,STORE003,2025-11-08,5,24897.41
ORD0002413,CUST00175,PROD00243,STORE022,2025-01-02,3,6263.22
ORD0000481,CUST01278,PROD00212,STORE002,2025-10-10,2,5546.88
ORD0001055,CUST01291,PROD00038,STORE007,2026-02-19,1,14110.58
ORD0007047,CUST00223,PROD00002,STORE008,2025-04-17,4,18061.1
ORD0009766,CUST01307,PROD00176,STORE024,2025-09-17,3,13870.07
ORD0000128,CUST00197,PROD00199,STORE005,2025-03-10,3,19111.65
ORD0007672,CUST00478,PROD00139,STORE021,2025-04-26,6,19489.26
ORD0006984,CUST00469,PROD00177,STORE010,2025-06-15,1,7122.18
ORD0001909,CUST00907,PROD00194,STORE006,2025-10-29,5,20255.44
ORD0010380,CUST00218,PROD00069,STORE025,2025-08-07,6,12690.99
ORD0006502,CUST00039,PROD00272,STORE018,2026-03-11,1,17544.45
ORD0012467,CUST01412,PROD00282,STORE022,2025-02-03,4,8177.6
ORD0007866,CUST00631,PROD00080,STORE025,2025-08-13,6,6851.08
ORD0004124,CUST00139,PROD00275,STORE014,2025-05-26,6,16270.2
ORD0001164,CUST00763,PROD00118,STORE019,00/00/0000,6,21978.43
ORD0008377,CUST01000,PROD00116,STORE005,2025-06-21,1,16981.77
ORD0009552,CUST00907,PROD00243,STORE024,2025-02-12,5,12888.09
ORD0003093,CUST00616,PROD00125,STORE024,2025-12-20,4,24920.9
ORD0012389,CUST01220,PROD00105,STORE017,2025-12-05,4,4073.02
ORD0006692,CUST00958,PROD00014,STORE017,2025-11-30,1,10447.94
ORD0003363,CUST00728,PROD00264,STORE012,2025-08-03,2,6798.26
ORD0005751,CUST01200,PROD00145,STORE001,2025-05-07,3,5516.23
ORD0001713,CUST00729,PROD00055,STORE005,2026-03-19,1,unknown
ORD0009536,CUST00534,PROD00170,STORE025,2025-01-10,6,12420.48
ORD0000053,CUST01258,,STORE017,2025-08-25,5,6393.3
ORD0009817,CUST00145,PROD00003,STORE005,2025-04-15,1,16051.4
ORD0011581,CUST01047,PROD00003,STORE006,2025-11-02,4,7903.64
ORD0008834,CUST00718,PROD00105,STORE008,2025-01-01,4,15024.16
ORD0009728,CUST00204,PROD00025,STORE015,2025-10-08,3,21634.32
ORD0009440,CUST00929,PROD00049,STORE018,2025-04-23,6,19939.48
ORD0002676,CUST00830,PROD00148,STORE022,2025-04-14,6,24923.48
ORD0008671,CUST00109,PROD00048,STORE011,2025-10-06,3,5638.66
ORD0010255,CUST00313,PROD00031,STORE024,2025-12-31,6,18198.38
ORD0010102,CUST00134,PROD00109,STORE006,2025-06-16,6,7107.66
ORD0006109,CUST01484,PROD00282,STORE025,2025-08-02,5,20005.96
ORD0000149,CUST00049,PROD00278,STORE009,2025-08-02,2,7437.01
ORD0009146,CUST00489,PROD00179,STORE002,2026-04-06,2,17264.68
ORD0005497,CUST01186,PROD00233,STORE008,2025-05-25,1,4480.48
ORD0001999,CUST00485,PROD00201,STORE014,2025-10-20,6,3518.22
ORD0005367,CUST01431,PROD00209,STORE016,2025-08-13,6,10142.61
ORD0010451,CUST01059,PROD00090,STORE010,2025-09-14,2,10597.27
ORD0007341,CUST00264,PROD00170,STORE012,2026-03-24,6,19020.73
ORD0006186,CUST01268,PROD00006,STORE020,2025-01-27,2,800.23
ORD0001573,CUST00084,PROD00197,STORE008,2025-03-20,6,9940.93
ORD0008394,CUST01139,PROD00279,STORE006,2025-05-28,2,23155.33
ORD0005602,CUST01472,PROD00026,STORE025,2025-09-15,3,13009.48
ORD0001711,CUST01161,PROD00222,STORE010,2025-03-17,4,23233.17
ORD0006037,CUST01370,PROD00276,STORE008,2026-02-21,2,18302.21
ORD0009289,CUST00036,PROD00186,STORE002,2025-07-16,5,2512.36
ORD0007575,CUST01250,PROD00008,STORE008,2025-02-17,2,20964.0
ORD0011110,CUST01463,PROD00070,STORE012,2026-03-20,3,7365.26
ORD0012197,CUST00502,PROD00071,STORE016,2025-06-25,6,6904.97
ORD0004475,CUST00801,PROD00147,STORE016,2025-11-19,2,13182.24
ORD0005379,CUST00968,PROD00009,STORE006,2025-01-16,6,22543.37
ORD0001219,CUST00236,PROD00075,STORE013,2026-01-10,1,15887.27
ORD0004269,CUST00312,PROD00255,STORE025,2025-09-25,2,23918.06
ORD0010878,CUST01118,PROD00062,STORE003,2026-03-17,1,21629.96
ORD0012377,CUST00221,PROD00077,STORE023,2026-02-17,4,18167.7
ORD0005625,CUST00794,PROD00085,STORE024,2025-06-13,5,14494.38
ORD0004749,CUST00513,PROD00234,STORE023,2025-03-12,1,21656.65
ORD0004493,CUST00035,PROD00169,STORE020,2025-12-06,5,5863.9
ORD0009677,CUST00998,PROD00076,STORE008,2025-12-25,1,21652.24
ORD0006254,CUST01047,PROD00134,STORE013,2026-02-18,1,5724.25
ORD0004533,CUST00268,PROD00060,STORE012,2025-09-13,5,14830.47
ORD0012041,CUST00225,PROD00297,STORE015,2025-08-09,5,23907.8
ORD0000668,CUST01362,PROD00101,STORE015,2025-07-11,6,24913.53
ORD0002061,CUST00188,PROD00260,STORE005,2025-09-20,2,16367.56
ORD0009027,CUST00783,PROD00122,STORE002,2026-04-04,3,18217.68
ORD0008678,CUST00008,PROD00209,STORE012,2026-04-12,4,21108.87
ORD0007232,CUST00220,PROD00208,STORE017,2025-09-29,1,169.66
ORD0005153,CUST01021,PROD00023,STORE014,2025-05-20,1,768.62
ORD0011947,CUST00557,PROD00029,STORE003,2026-03-08,1,9528.49
ORD0001591,CUST01370,PROD00271,STORE016,2026-01-04,4,845.54
ORD0005671,CUST00388,PROD00063,STORE020,2025-10-20,2,4594.5
ORD0000420,CUST00691,PROD00233,STORE022,2026-02-06,5,20819.49
ORD0000085,CUST01461,PROD00079,STORE023,2026-03-12,6,4546.16
ORD0006236,CUST01463,PROD00136,STORE003,2025-01-01,5,22300.18
ORD0004489,CUST01230,PROD00200,STORE003,2025-07-05,4,4616.86
ORD0009819,CUST00150,PROD00127,STORE024,2026-03-11,6,10823.79
ORD0000885,CUST00256,PROD00216,STORE009,2025-01-01,6,15190.61
ORD0003616,CUST00354,PROD00096,STORE022,2026-04-07,1,10260.64
ORD0010062,CUST01106,PROD00213,STORE003,2025-08-07,6,11805.36
ORD0007246,,PROD00136,STORE022,2025-11-11,6,571.66
ORD0007128,CUST00874,PROD00215,STORE020,2025-02-10,1,1102.94
ORD0006937,CUST00758,PROD00137,STORE022,2025-05-07,1,2540.93
ORD0003373,CUST01092,PROD00034,STORE009,2025-03-07,4,4848.6
ORD0001701,CUST00553,PROD00210,STORE009,2025-12-13,1,13216.74
ORD0001542,CUST01031,PROD00224,STORE007,2025-10-09,5,9380.0
ORD0008376,CUST00543,PROD00151,STORE008,2025-08-24,1,1031.98
ORD0008813,CUST00098,PROD00295,STORE024,2025-11-13,6,18247.56
ORD0010432,CUST01368,PROD00201,STORE017,2025-06-05,3,2792.81
ORD0009945,CUST01049,PROD00018,STORE020,2025-05-13,1,2570.47
ORD0001359,CUST01298,PROD00095,STORE025,2025-05-29,4,8512.21
ORD0010647,CUST00698,PROD00062,STORE011,2025-05-30,3,2768.58
ORD0010709,CUST00965,PROD00279,STORE016,2025-02-19,3,7563.5
ORD0005925,CUST00495,PROD00067,STORE021,2025-06-12,6,1506.08
ORD0011311,CUST00873,PROD00114,STORE001,2025-06-01,1,23381.1
ORD0001965,CUST00210,PROD00135,STORE021,2025-08-21,3,16959.34
ORD0002303,CUST01220,PROD00174,STORE008,2025-11-17,5,21878.76
ORD0004313,CUST01148,PROD00062,STORE021,2025-03-30,2,8614.83
ORD0008006,CUST00534,PROD00201,STORE004,2025-12-28,4,2938.03
ORD0007069,CUST00742,PROD00135,STORE013,2025-04-08,1,9704.96
ORD0010122,CUST00618,PROD00300,STORE005,2025-06-02,5,17771.28
ORD0009101,CUST00958,PROD00132,STORE018,2025-11-22,3,10641.96
ORD0008828,CUST00787,PROD00200,STORE004,2026-02-04,3,22110.49
ORD0008374,CUST00900,PROD00071,STORE004,2025-12-02,3,1749.2
ORD0009662,CUST01210,PROD00074,STORE017,2025-12-25,2,22081.29
ORD0009658,CUST00555,PROD00283,STORE017,2026-04-11,6,21475.2
ORD0010150,CUST00723,PROD00176,STORE018,2025-05-15,3,15484.63
ORD0004988,CUST00564,PROD00185,STORE004,2025-06-24,5,6434.88
ORD0001859,CUST00537,PROD00055,STORE018,2026-03-20,3,10487.45
ORD0007242,CUST01423,PROD00252,STORE023,2025-04-24,4,20309.36
ORD0001972,CUST00674,PROD00276,STORE024,2025-09-09,4,3524.25
ORD0008278,CUST01310,PROD00163,STORE009,2025-02-17,2,6488.43
ORD0003934,CUST00195,PROD00251,STORE014,2025-07-31,3,3696.13
ORD0001008,CUST00968,PROD00255,STORE009,2025-11-02,6,7198.68
ORD0007333,CUST00970,PROD00083,STORE017,2025-09-22,3,8529.1
ORD0007941,CUST00708,PROD00258,STORE004,2025-08-02,6,22762.96
ORD0008541,CUST00334,PROD00110,STORE015,2026-01-20,5,9395.08
ORD0003707,CUST01170,PROD00116,STORE020,2025-04-29,2,7748.56
ORD0009283,CUST01067,PROD00142,STORE002,2025-11-03,4,23464.92
ORD0008050,CUST00401,PROD00108,STORE008,2026-04-02,6,14018.86
ORD0009201,CUST01142,PROD00280,STORE008,2026-03-03,1,22357.32
ORD0006378,CUST00469,PROD00081,STORE023,2025-08-23,2,3172.75
ORD0012279,CUST00047,PROD00150,STORE017,2025-09-24,6,15541.17
ORD0007772,CUST00077,PROD00142,STORE017,2025-12-03,3,7714.84
ORD0010864,CUST00680,PROD00031,STORE022,2025-05-20,2,24973.9
ORD0001293,CUST01171,PROD00263,STORE020,2026-02-04,5,22141.03
ORD0004066,CUST00218,PROD00255,STORE018,2026-01-07,6,9148.7
ORD0007172,CUST01034,PROD00261,STORE012,2025-09-29,4,13741.59
ORD0006650,CUST00729,PROD00166,STORE010,2026-01-04,3,23577.77
ORD0005843,CUST00179,PROD00248,STORE025,2025-08-17,5,21833.01
ORD0001166,CUST00650,PROD00036,STORE007,2025-09-04,1,8200.82
ORD0008063,CUST01068,PROD00059,STORE022,2026-02-26,1,16586.21
ORD0004047,CUST00822,PROD00037,STORE023,2025-05-12,6,18933.85
ORD0007293,CUST00642,PROD00267,STORE009,2026-04-04,3,14067.33
ORD0009318,CUST00954,PROD00145,STORE023,2025-06-09,1,11153.11
ORD0010909,CUST00391,PROD00117,STORE019,2025-08-16,3,4155.42
ORD0012063,CUST01493,PROD00069,STORE023,2025-01-04,4,1803.83
ORD0007426,CUST00415,PROD00269,STORE001,2026-01-12,4,15650.14
ORD0002639,CUST00028,PROD00250,STORE015,2026-01-28,2,18532.42
ORD0011711,CUST01005,PROD00097,STORE006,2025-02-28,3,8393.98
ORD0009926,CUST00917,PROD00229,STORE009,2025-10-24,6,9979.24
ORD0009188,CUST00450,PROD00185,STORE018,2025-09-10,2,705.67
ORD0003841,CUST01474,PROD00198,STORE023,2025-11-11,1,23937.53
ORD0001497,CUST00643,PROD00290,STORE012,2026-03-17,1,412.81
ORD0009989,CUST01408,PROD00230,STORE020,2025-06-14,1,24318.31
ORD0005520,CUST00364,PROD00250,STORE012,2026-01-03,3,16242.79
ORD0007631,CUST00463,PROD00123,STORE009,2025-11-07,3,1900.42
ORD0000430,CUST00589,PROD00029,STORE017,2025-02-15,1,4823.76
ORD0005184,CUST00084,PROD00213,STORE020,2025-10-02,2,14933.56
ORD0009944,CUST00858,PROD00205,STORE008,2025-04-05,2,20366.19
ORD0001762,CUST01269,PROD00129,STORE023,2025-06-12,3,4578.34
ORD0007188,CUST00524,PROD00138,STORE001,2025-11-22,6,12019.98
ORD0012418,CUST00223,PROD00073,STORE020,2025-05-19,3,22603.9
ORD0007938,CUST01251,PROD00127,STORE024,2025-07-22,6,19057.2
ORD0006971,CUST01400,PROD00056,STORE009,2025-06-07,1,17177.91
ORD0002196,CUST00159,PROD00032,STORE014,2025-02-06,5,778.04
ORD0001035,CUST01464,PROD00232,STORE009,2025-07-26,5,20212.02
ORD0003267,CUST00305,PROD00151,STORE001,2025-04-01,4,10702.3
ORD0008615,CUST00773,PROD00006,STORE004,2026-03-23,4,12965.68
ORD0007135,CUST00893,PROD00160,STORE005,2025-05-18,1,2477.93
ORD0004305,CUST01491,PROD00296,STORE004,2025-03-03,1,24722.81
ORD0010184,CUST00403,PROD00187,STORE008,2026-03-20,5,17811.48
ORD0007913,CUST00829,PROD00164,STORE025,2025-04-01,4,18341.41
ORD0010138,CUST00480,PROD00031,STORE011,2025-05-14,two,7633.54
ORD0008705,CUST01053,PROD00222,STORE008,2025-01-04,3,13746.72
ORD0011519,CUST00476,PROD00149,STORE005,2025-09-18,1,6399.1
ORD0000094,CUST00638,PROD00141,STORE018,2025-08-27,3,3075.21
ORD0008811,CUST00888,PROD00024,STORE014,2026-01-25,2,16121.01
ORD0004809,CUST01170,PROD00104,STORE012,2025-09-12,4,683.14
ORD0007353,CUST01099,PROD00016,STORE020,2025-12-12,1,21487.56
ORD0009292,CUST00275,PROD00283,STORE014,2026-02-07,3,12316.5
ORD0011199,CUST00067,PROD00205,STORE008,2025-08-23,2,abc
ORD0002624,,PROD00086,STORE013,2025-05-15,5,5370.93
ORD0004292,CUST01400,PROD00024,STORE002,2025-08-27,1,11207.16
ORD0010998,CUST00602,PROD00283,STORE004,2025-10-09,2,10457.97
ORD0009654,CUST01403,PROD00010,STORE007,2025-01-29,5,15690.82
ORD0008525,CUST00639,PROD00025,STORE025,2025-05-24,1,21711.1
ORD0006769,CUST01048,PROD00113,STORE001,2025-09-08,5,16787.86
ORD0010495,CUST00498,PROD00006,STORE009,2025-01-17,2,19523.0
ORD0010910,CUST00349,PROD00263,STORE024,2025-09-30,2,22783.58
ORD0006679,CUST00806,PROD00141,STORE020,2026-03-21,4,3885.94
ORD0004807,CUST01234,PROD00132,STORE024,2025-06-29,3,1222.54
ORD0010538,CUST01086,PROD00189,STORE005,2026-01-29,3,6259.61
ORD0008399,CUST00428,PROD00290,STORE024,2025-06-27,6,928.96
ORD0000938,CUST00470,PROD00086,STORE009,2025-10-12,6,13078.51
ORD0002368,CUST00359,,STORE007,2025-05-16,6,22548.67
ORD0000192,CUST00331,PROD00235,STORE012,2025-03-31,6,21885.06
ORD0001512,CUST00145,PROD00018,STORE002,2025-10-19,4,24099.29
ORD0005752,CUST00748,PROD00060,STORE013,2025-11-08,1,3547.8
ORD0009647,CUST00858,PROD00233,STORE023,2025-05-14,3,21682.51
ORD0011416,,PROD00250,STORE007,2026-04-07,4,513.31
ORD0010268,CUST01423,PROD00175,STORE007,2025-04-03,6,19052.25
ORD0001234,CUST01212,PROD00100,STORE023,2025-06-29,3,24864.99
ORD0004441,,PROD00072,STORE003,2025-06-30,2,7094.3
ORD0007429,CUST00759,PROD00014,STORE004,2025-01-08,4,20211.53
ORD0006943,CUST00584,PROD00198,STORE009,2025-09-03,6,10308.51
ORD0002456,CUST00565,PROD00284,STORE011,2025-03-25,5,1319.09
ORD0011147,CUST01372,PROD00037,STORE003,2026-03-03,4,9080.18
ORD0007000,CUST00007,PROD00269,STORE024,2025-02-27,2,7038.03
ORD0012307,CUST01292,PROD00181,STORE021,2025-10-02,4,15308.15
ORD0002949,CUST00859,PROD00144,STORE019,2025-02-28,6,20873.49
ORD0008915,CUST00656,PROD00248,STORE023,2025-01-20,6,7462.13
ORD0004623,CUST00553,PROD00243,STORE017,2025-06-24,5,5377.78
ORD0009911,CUST00568,PROD00169,STORE018,2025-03-09,3,1496.18
ORD0007482,CUST01291,PROD00180,STORE006,2025-05-18,6,15551.32
ORD0008987,CUST01225,PROD00024,STORE020,2025-03-15,3,15323.03
ORD0001051,CUST01360,PROD00061,STORE005,2025-08-11,6,14221.76
ORD0002167,CUST00371,PROD00197,STORE002,2025-06-20,2,14131.17
ORD0004003,CUST00739,PROD00289,STORE009,2025-02-26,4,20010.01
ORD0007969,CUST01019,PROD00240,STORE016,2025-05-20,3,17748.83
ORD0010280,CUST01287,PROD00129,STORE004,2025-02-05,3,22082.43
ORD0006249,CUST00354,PROD00156,STORE022,2025-02-05,6,24670.16
ORD0000924,CUST00494,PROD00023,STORE016,2025-03-27,6,7035.48
ORD0011742,CUST00739,PROD00123,STORE007,2026-04-20,5,12448.15
ORD0005974,CUST01189,PROD00020,STORE019,2025-11-06,3,1731.28
ORD0005266,CUST00792,PROD00184,STORE023,2025-10-24,5,9119.13
ORD0006963,CUST01211,PROD00060,STORE010,2026-02-13,2,12819.39
ORD0009075,CUST01322,PROD00111,STORE005,2026-03-29,5,4634.72
ORD0007751,CUST00036,PROD00154,STORE020,2025-07-30,4,1223.81
ORD0001222,CUST00110,PROD00059,STORE020,2025-03-01,6,16884.93
ORD0001012,CUST00223,PROD00277,STORE010,2025-09-29,2,5899.04
ORD0006924,CUST01189,PROD00189,STORE012,2025-01-27,1,23936.21
ORD0005822,CUST00221,PROD00164,STORE023,2025-12-06,6,8870.39
ORD0001465,CUST00876,PROD00042,STORE024,2025-04-27,1,18635.12
ORD0001855,CUST00367,PROD00139,STORE018,2025-02-23,3,9060.45
ORD0007013,CUST01043,PROD00037,STORE001,2025-05-08,3,17416.64
ORD0009294,CUST01176,PROD00056,STORE005,2026-04-11,5,19267.13
ORD0009284,CUST00315,PROD00132,STORE021,2025-02-20,6,10190.1
ORD0002469,CUST00266,PROD00192,STORE016,2025-01-04,5,22694.32
ORD0002322,CUST00902,PROD00109,STORE001,2026-02-10,4,11854.43
ORD0012039,CUST00163,PROD00054,STORE003,2025-04-28,2,804.64
ORD0005262,CUST01083,PROD00146,STORE025,2026-01-19,1,8454.49
ORD0012465,CUST00283,,STORE011,2025-05-02,1,14081.33
ORD0008822,CUST00815,PROD00007,STORE010,2025-10-02,2,6449.6
ORD0003275,CUST00419,PROD00175,STORE001,2025-03-25,5,21569.93
ORD0008106,CUST00926,PROD00285,STORE023,2025-08-02,2,8818.93
ORD0011645,CUST01036,PROD00267,STORE025,2025-08-24,5,11460.37
ORD0008076,CUST00982,PROD00071,STORE017,2025-11-11,4,15450.49
ORD0007599,,PROD00020,STORE006,2026-01-17,6,9631.89
ORD0006682,CUST00153,PROD00012,STORE002,2025-10-14,5,14371.8
ORD0009484,CUST00135,PROD00040,STORE013,2025-05-16,1,18217.67
ORD0009242,CUST01053,PROD00225,STORE022,2026-02-14,5,14657.12
ORD0006190,CUST01085,PROD00088,STORE003,2025-04-27,2,4330.72
ORD0004522,CUST00032,PROD00199,STORE003,2025-07-02,3,23061.09
ORD0005891,CUST00032,PROD00222,STORE020,2025-11-10,4,9416.31
ORD0010210,CUST01498,PROD00021,STORE018,2026-03-27,4,14400.08
ORD0004674,CUST01136,PROD00145,STORE019,2026-01-01,6,3010.95
ORD0008214,CUST00337,PROD00163,STORE025,2026-03-13,1,17956.97
ORD0011719,CUST00344,PROD00300,STORE022,2025-06-14,6,23799.02
ORD0008885,CUST00436,PROD00013,STORE021,2026-03-24,2,22613.26
ORD0002760,CUST01056,PROD00101,STORE023,2025-05-06,4,2346.35
ORD0001769,CUST00594,PROD00151,STORE010,2026-03-03,4,21948.65
ORD0005088,CUST00348,PROD00270,STORE023,2026-04-22,2,11142.48
ORD0006521,CUST00310,PROD00057,STORE012,2025-04-01,2,11394.01
ORD0004638,CUST00022,PROD00117,STORE009,00/00/0000,5,21059.41
ORD0003153,CUST01324,PROD00194,STORE024,2025-09-11,5,6214.29
ORD0007217,CUST01467,PROD00206,STORE011,2025-01-23,2,5547.73
ORD0011296,CUST00287,PROD00009,STORE019,2025-07-07,3,7108.5
ORD0004016,CUST00501,PROD00205,STORE019,2026-02-24,4,18063.69
ORD0009873,CUST00211,PROD00138,STORE022,2025-11-25,6,17391.75
ORD0005382,CUST00546,PROD00070,STORE022,2025-10-13,4,6324.28
ORD0003532,CUST00965,PROD00136,STORE023,2025-09-17,1,3666.04
ORD0001410,CUST00062,PROD00201,STORE006,2025-03-30,5,5370.74
ORD0002615,CUST01174,PROD00029,STORE002,2026-01-26,6,20341.9
ORD0008390,CUST00637,PROD00027,STORE012,2025-08-31,5,7217.0
ORD0007667,CUST01452,PROD00103,STORE020,2025-12-29,6,24464.11
ORD0005604,CUST00435,PROD00049,STORE005,2025-08-05,5,20049.98
ORD0011549,CUST01180,PROD00182,STORE008,2025-12-28,5,24885.76
ORD0010567,CUST01156,PROD00287,STORE007,2025-04-17,2,18188.03
ORD0003869,CUST00447,PROD00038,STORE002,2025-09-28,3,16682.97
ORD0006458,CUST00352,PROD00270,STORE014,2025-09-07,4,4268.68
ORD0010894,CUST01404,PROD00097,STORE012,2025-12-22,2,5396.18
ORD0008623,CUST01172,PROD00295,STORE012,2025-08-17,6,2272.04
ORD0011875,CUST01137,PROD00231,STORE015,2025-01-31,5,12395.91
ORD0006640,CUST00518,PROD00217,STORE021,2025-04-06,5,abc
ORD0004088,CUST00429,PROD00094,STORE009,2025-06-12,3,19156.59
ORD0005597,CUST00831,PROD00167,STORE016,2026-03-10,3,20998.99
ORD0011814,CUST00204,PROD00003,STORE014,00/00/0000,1,21305.99
ORD0011540,CUST00623,PROD00176,STORE016,2025-09-12,two,7156.79
ORD0007659,CUST00730,PROD00221,STORE011,2026-04-13,2,14316.24
ORD0009885,CUST00100,PROD00192,STORE021,2025-07-26,1,19484.53
ORD0002950,CUST00385,PROD00075,STORE009,2026-03-20,5,9334.34
ORD0000354,CUST00574,PROD00142,STORE009,2025-08-03,6,12769.42
ORD0006414,CUST01454,PROD00243,STORE013,2025-05-04,6,10338.51
ORD0005157,CUST00897,PROD00043,STORE022,2026-03-10,6,15977.7
ORD0006076,CUST00173,PROD00115,STORE016,2025-01-02,1,12064.16
ORD0000554,CUST00130,PROD00010,STORE015,2025-04-18,3,10512.46
ORD0009252,CUST00585,PROD00278,STORE024,2025-02-27,4,12276.56
ORD0003902,CUST00151,PROD00033,STORE016,2025-07-20,6,5531.8
ORD0006714,CUST00721,PROD00054,STORE011,2025-06-10,5,18128.95
ORD0002888,CUST01187,PROD00074,STORE008,2026-02-04,1,7248.52
ORD0011727,CUST00240,PROD00299,STORE025,2025-06-08,6,18972.8
ORD0009298,CUST01169,PROD00046,STORE016,2025-12-16,4,10089.53
ORD0011038,CUST01276,PROD00268,STORE018,2025-09-16,1,2736.91
ORD0003254,CUST01255,PROD00295,STORE010,2025-06-29,1,7826.89
ORD0001958,CUST00363,PROD00267,STORE003,2025-05-12,4,20209.86
ORD0005589,CUST00071,PROD00272,STORE016,2025-08-13,5,1183.47
ORD0006145,CUST01046,PROD00141,STORE021,2025-12-23,5,23078.12
ORD0000226,CUST00502,PROD00132,STORE024,2025-11-30,2,17289.02
ORD0004074,CUST00343,PROD00178,STORE005,2025-12-15,two,16628.2
ORD0011629,CUST00819,PROD00205,STORE006,2025-11-02,4,19319.35
ORD0000377,CUST01267,PROD00039,STORE007,2025-11-03,1,2399.97
ORD0012323,CUST01334,PROD00062,STORE004,2025-01-24,3,21908.28
ORD0010455,,PROD00008,STORE003,2025-10-06,2,15523.53
ORD0001024,CUST00657,PROD00109,STORE004,2025-05-11,2,19224.73
ORD0006972,CUST00392,PROD00011,STORE015,2026-03-15,4,13031.33
ORD0007064,CUST01381,PROD00035,STORE022,2025-02-10,3,4962.92
ORD0012410,CUST01126,PROD00083,STORE020,2025-10-27,6,20806.82
ORD0010930,CUST01278,PROD00135,STORE004,2025-06-02,6,5798.65
ORD0002587,CUST01138,PROD00138,STORE004,2025-11-09,2,9160.08
ORD0005488,CUST01101,PROD00070,STORE007,2025-12-01,6,6349.8
ORD0004065,CUST01169,PROD00001,STORE002,2026-02-22,6,11804.2
ORD0001647,CUST01362,PROD00095,STORE006,2025-07-27,6,23965.1
ORD0010234,CUST00646,PROD00291,STORE018,2025-12-14,3,23787.09
ORD0004902,CUST00088,PROD00078,STORE002,2025-11-28,5,22568.96
ORD0004383,CUST00754,PROD00102,STORE003,2025-09-09,4,1596.46
ORD0009523,CUST00633,PROD00036,STORE016,2026-02-05,4,10277.24
ORD0010493,CUST00127,PROD00010,STORE009,2025-02-14,3,15723.24
ORD0006657,CUST00324,,STORE014,2026-02-01,4,9431.88
ORD0010532,CUST01108,PROD00266,STORE016,2026-04-22,2,unknown
ORD0007516,CUST00713,PROD00190,STORE001,2026-01-08,2,2340.89
ORD0008306,CUST01496,PROD00269,STORE019,2025-02-16,3,1139.09
ORD0002628,CUST01368,PROD00015,STORE021,2025-10-08,3,18494.96
ORD0009434,CUST00261,PROD00223,STORE004,2026-02-11,2,8486.34
ORD0010339,CUST00211,PROD00082,STORE003,2025-08-06,4,13960.57
ORD0008291,CUST00372,PROD00163,STORE008,2025-02-24,1,19020.39
ORD0006196,CUST00175,PROD00260,STORE018,2025-07-04,4,19717.18
ORD0004889,CUST00688,PROD00139,STORE004,2025-04-11,2,5575.55
ORD0004112,CUST00852,PROD00002,STORE023,2025-08-11,3,24069.64
ORD0007022,CUST00176,PROD00175,STORE014,2026-02-04,6,20811.64
ORD0001551,CUST00333,PROD00001,STORE002,2025-11-11,2,13847.32
ORD0010101,CUST01381,PROD00296,STORE023,2025-07-09,2,11330.28
ORD0004376,CUST00183,PROD00001,STORE008,2025-06-08,5,8473.48
ORD0011470,CUST01144,PROD00119,STORE022,2026-01-30,6,7120.35
ORD0003876,CUST00458,PROD00015,STORE005,2026-01-27,2,10424.48
ORD0009195,CUST01163,PROD00294,STORE022,2025-06-25,2,8557.53
ORD0005014,CUST00122,PROD00133,STORE019,2025-02-12,5,10448.54
ORD0003726,CUST01411,PROD00159,STORE020,2025-02-05,3,23300.27
ORD0002208,CUST00242,PROD00199,STORE008,2025-06-02,3,16357.6
ORD0002946,CUST01307,PROD00044,STORE023,2026-03-13,2,9622.59
ORD0006898,CUST01307,PROD00104,STORE011,2025-08-03,5,15849.39
ORD0001605,CUST00586,PROD00027,STORE022,2025-10-26,3,16319.03
ORD0002804,CUST00582,PROD00025,STORE003,2026-04-17,6,6051.09
ORD0007432,CUST01210,PROD00255,STORE024,2025-03-25,6,17857.45
ORD0010452,CUST00147,PROD00065,STORE002,2025-10-12,1,10848.67
ORD0001458,CUST01147,PROD00168,STORE024,2025-02-15,3,275.66
ORD0003186,CUST00592,PROD00195,STORE003,2025-07-20,3,7533.42
ORD0008699,CUST00860,PROD00054,STORE024,2025-06-24,4,8778.24
ORD0006497,CUST00155,PROD00291,STORE016,2025-06-19,6,19674.02
ORD0000484,CUST01394,PROD00289,STORE025,2025-10-22,2,16084.77
ORD0008169,CUST00545,,STORE006,2026-04-09,3,2176.21
ORD0008493,CUST00250,PROD00058,STORE017,2025-01-29,,24658.34
ORD0003513,CUST00073,PROD00197,STORE015,2025-05-19,5,19795.85
ORD0000931,CUST00429,PROD00102,STORE005,2025-12-05,3,11602.25
ORD0001283,CUST00443,PROD00249,STORE010,2025-10-20,1,12202.78
ORD0011413,CUST01082,PROD00232,STORE008,2026-01-16,2,24323.64
ORD0003910,CUST00351,PROD00057,STORE002,2025-09-25,4,17121.35
ORD0009378,CUST00626,PROD00281,STORE004,2025-04-22,3,5692.26
ORD0001006,CUST00061,PROD00055,STORE011,2025-03-07,4,2933.56
ORD0004009,CUST00791,PROD00152,STORE010,2025-06-30,4,14002.81
ORD0005054,CUST00604,PROD00068,STORE012,2025-12-26,2,7120.39
ORD0010873,CUST01323,PROD00241,STORE025,2025-10-08,1,5234.93
ORD0007759,CUST01389,PROD00185,STORE005,2026-04-13,1,24559.85
ORD0002828,CUST01078,PROD00099,STORE012,2025-06-02,5,14837.72
ORD0005126,CUST01357,PROD00100,STORE010,2026-03-16,5,21765.01
ORD0009391,CUST01098,PROD00111,STORE007,2025-08-29,2,2281.13
ORD0011934,CUST00637,PROD00248,STORE019,2026-01-09,6,abc
ORD0000840,CUST01325,PROD00126,STORE016,2026-04-22,1,2621.58
ORD0000860,CUST00239,PROD00070,STORE016,2025-10-10,4,13906.59
ORD0009058,CUST00652,PROD00059,STORE012,2025-02-02,2,2284.43
ORD0003365,CUST01080,PROD00276,STORE012,2025-03-02,6,4319.52
ORD0009894,CUST01304,PROD00032,STORE011,2026-02-14,4,17863.74
ORD0006803,CUST01247,PROD00223,STORE006,2025-11-09,2,17203.55
ORD0005216,CUST00590,PROD00097,STORE024,2025-06-15,2,9674.03
ORD0008688,CUST00424,PROD00103,STORE003,2025-11-19,6,9115.07
ORD0011913,CUST01322,PROD00228,STORE001,2025-10-13,6,7860.48
ORD0004621,CUST01062,PROD00101,STORE008,2025-05-15,1,10763.84
ORD0000059,CUST00137,PROD00180,STORE021,2025-06-26,5,22101.08
ORD0000523,CUST01085,PROD00099,STORE016,2025-09-11,2,17749.7
ORD0003648,CUST00552,PROD00208,STORE014,2025-06-13,2,21879.99
ORD0007148,CUST01290,PROD00221,STORE005,2025-08-05,5,16758.53
ORD0001556,CUST01183,PROD00101,STORE023,2026-01-12,1,16877.19
ORD0010913,CUST01348,PROD00238,STORE010,2026-04-14,3,11588.5
ORD0006288,CUST00996,PROD00256,STORE005,2025-12-20,3,207.38
ORD0011657,CUST00203,PROD00166,STORE024,2025-01-06,6,22703.31
ORD0011285,CUST00643,PROD00125,STORE008,2025-07-03,3,23868.32
ORD0001538,CUST00371,PROD00097,STORE014,2025-02-20,6,23942.27
ORD0007687,CUST01472,PROD00062,STORE014,2025-12-12,2,7871.26
ORD0000066,CUST01239,PROD00142,STORE024,2025-08-31,5,16762.15
ORD0006055,CUST00687,PROD00006,STORE025,2025-05-30,1,17200.03
ORD0001662,CUST00188,PROD00296,STORE024,2025-04-19,4,-5
ORD0005436,CUST00961,PROD00274,STORE007,2025-01-09,4,11172.92
ORD0008275,CUST01048,PROD00249,STORE008,2025-01-24,1,2846.9
ORD0011399,CUST01201,PROD00116,STORE009,2025-09-10,3,23833.92
ORD0006593,CUST00397,PROD00272,STORE002,2025-03-17,5,19399.54
ORD0005376,CUST01090,PROD00138,STORE017,2026-02-06,5,13957.38
ORD0004627,CUST00985,PROD00044,STORE021,2025-03-03,6,13612.52
ORD0011630,CUST00705,PROD00050,STORE019,2026-01-01,6,13129.28
ORD0001380,CUST00626,PROD00189,STORE010,2026-01-14,6,11760.52
ORD0010543,CUST01375,PROD00115,STORE007,2025-03-31,3,6499.44
ORD0002455,CUST00298,PROD00200,STORE013,2025-10-03,1,2541.78
ORD0009671,CUST01370,PROD00086,STORE015,2026-03-31,2,8174.79
ORD0000224,CUST00675,PROD00260,STORE003,2025-10-01,3,13899.12
ORD0000871,CUST01127,PROD00278,STORE003,2025-10-23,6,13791.07
ORD0008564,CUST00309,PROD00218,STORE014,2025-12-03,2,3765.39
ORD0002718,CUST00402,PROD00007,STORE013,2025-04-10,1,1461.93
ORD0000714,CUST00485,PROD00078,STORE001,2026-01-26,5,14665.38
ORD0010026,CUST00965,PROD00178,STORE020,2025-11-04,1,2158.06
ORD0002166,CUST00150,PROD00155,STORE017,2025-12-10,3,17686.09
ORD0004491,CUST01500,PROD00117,STORE011,2025-04-07,2,19223.42
ORD0010863,CUST00102,PROD00255,STORE012,2025-10-30,1,24218.36
ORD0003263,CUST00344,PROD00292,STORE012,2025-07-16,2,5908.06
ORD0012017,CUST01392,PROD00070,STORE016,2026-01-01,5,19669.58
ORD0003164,CUST00347,PROD00186,STORE008,,2,933.43
ORD0003326,CUST00984,PROD00216,STORE015,2025-11-02,3,2150.85
ORD0006865,CUST00884,PROD00254,STORE016,2025-10-14,4,5428.49
ORD0012293,CUST00602,PROD00052,STORE010,2026-01-25,6,3106.16
ORD0009137,CUST01202,PROD00121,STORE019,2026-01-28,6,9080.1
ORD0012076,CUST00821,PROD00206,STORE013,2025-11-10,1,18146.23
ORD0000159,CUST00535,PROD00156,STORE020,2026-02-11,5,13548.07
ORD0002049,CUST00502,PROD00021,STORE002,2026-02-22,1,23045.78
ORD0001216,CUST00979,PROD00142,STORE021,2025-01-30,6,12857.82
ORD0000831,CUST01172,PROD00119,STORE011,2025-05-16,5,5689.05
ORD0004242,CUST00011,PROD00296,STORE016,2026-03-12,2,3682.19
ORD0009938,CUST01263,PROD00037,STORE020,2025-12-22,5,12068.84
ORD0009166,CUST00263,PROD00203,STORE019,2026-04-16,6,16926.19
ORD0005618,CUST00359,PROD00184,STORE021,2026-04-08,1,2723.58
ORD0008589,CUST00741,PROD00111,STORE023,2025-12-09,4,7123.65
ORD0001576,CUST00904,PROD00221,STORE013,2025-11-06,2,17168.72
ORD0007415,CUST00964,PROD00079,STORE006,2025-06-13,3,1032.96
ORD0008190,CUST00018,PROD00028,STORE014,2025-03-12,2,1232.38
ORD0005755,CUST00445,PROD00051,STORE014,2025-09-25,2,10099.51
ORD0003739,CUST00856,PROD00050,STORE002,2025-03-18,6,5531.24
ORD0006734,CUST00614,PROD00129,STORE021,2026-02-05,5,6801.24
ORD0011425,CUST00014,PROD00062,STORE017,2026-04-12,4,20588.15
ORD0004462,CUST01141,PROD00007,STORE009,2026-02-18,3,18716.71
ORD0011089,CUST00007,PROD00144,STORE014,2026-03-06,4,2444.92
ORD0006151,CUST01477,PROD00220,STORE015,2025-11-11,3,10945.27
ORD0006009,CUST01085,PROD00006,STORE004,2025-11-25,1,14116.0
ORD0000216,CUST00349,PROD00177,STORE021,2025-09-14,2,14740.32
ORD0007783,CUST00278,PROD00211,STORE003,2026-02-23,2,3217.73
ORD0012128,CUST00107,PROD00160,STORE012,2025-10-02,2,21852.55
ORD0006039,CUST01207,PROD00007,STORE011,2025-02-28,3,8864.4
ORD0000987,CUST00087,PROD00096,STORE013,2025-07-08,2,18069.93
ORD0005175,CUST01367,PROD00231,STORE025,2026-02-23,4,23315.5
ORD0006645,CUST00986,PROD00119,STORE021,2025-07-24,3,251.07
ORD0009479,CUST01226,PROD00224,STORE012,2025-07-24,4,11906.97
ORD0003263,CUST00344,PROD00292,STORE012,2025-07-16,2,5908.06
ORD0002996,CUST00973,PROD00056,STORE013,2025-08-11,3,17787.95
ORD0009176,CUST01262,PROD00116,STORE006,2025-06-15,4,18535.37
ORD0007170,CUST00470,PROD00125,STORE020,2025-04-17,5,19356.07
ORD0011270,CUST00923,PROD00067,STORE011,2026-01-18,2,6314.57
ORD0000657,CUST00595,PROD00170,STORE014,2026-03-05,1,17217.16
ORD0009199,CUST00521,PROD00149,STORE020,2026-03-18,1,18017.99
ORD0003404,CUST00297,PROD00180,STORE003,2026-04-07,3,8466.73
ORD0003528,CUST01368,PROD00006,STORE022,2025-12-11,1,22867.2
ORD0009312,CUST01319,PROD00225,STORE008,2025-03-25,2,24278.13
ORD0005703,CUST00850,PROD00023,STORE024,2025-04-04,6,19790.99
ORD0008860,CUST00685,PROD00008,STORE004,2025-09-12,4,5041.12
ORD0001052,CUST00700,PROD00016,STORE018,2026-01-26,2,10244.84
ORD0006320,CUST00910,PROD00143,STORE021,2026-02-16,4,22214.24
ORD0007010,CUST01487,PROD00243,STORE025,2025-01-07,5,11458.66
ORD0005987,CUST00599,PROD00282,STORE006,2025-12-03,4,385.22
ORD0006911,CUST00216,PROD00268,STORE018,2026-01-16,5,323.1
ORD0000754,CUST01073,PROD00209,STORE006,2025-03-06,5,21469.48
ORD0011810,CUST00297,PROD00122,STORE024,2025-01-18,4,3245.04
ORD0007548,CUST01265,PROD00265,STORE008,2025-08-23,6,9727.53
ORD0005440,CUST01167,PROD00029,STORE008,2025-08-11,3,24331.15
ORD0004448,CUST00269,PROD00017,STORE021,2025-07-18,2,22933.72
ORD0007684,CUST00971,PROD00044,STORE008,2025-09-11,6,13259.39
ORD0007882,CUST00120,PROD00211,STORE005,2025-02-19,2,23647.73
ORD0004431,CUST01145,PROD00029,STORE013,2026-02-18,6,22871.12
ORD0010789,CUST00285,PROD00289,STORE009,2025-08-15,5,3206.97
ORD0000401,CUST00645,PROD00004,STORE020,2025-07-03,1,17846.03
ORD0011187,CUST01083,PROD00206,STORE021,2025-06-12,5,19012.38
ORD0012265,CUST01500,PROD00290,STORE009,2025-04-27,1,12605.77
ORD0010919,CUST01274,PROD00200,STORE001,2026-03-23,4,17542.14
ORD0003311,CUST00106,PROD00100,STORE024,2025-06-05,4,5508.45
ORD0002068,CUST01437,PROD00170,STORE004,2025-08-03,5,3037.45
ORD0002008,CUST00520,PROD00162,STORE023,2026-02-10,3,18625.52
ORD0004786,CUST00811,PROD00136,STORE014,2025-06-21,two,13278.77
ORD0005482,CUST00853,PROD00176,STORE025,2025-07-02,4,9530.26
ORD0006366,CUST00433,PROD00152,STORE024,2025-06-29,5,20271.76
ORD0006978,CUST01355,PROD00111,STORE015,2025-02-04,2,13422.7
ORD0000834,CUST00921,PROD00123,STORE013,2025-02-08,1,10835.77
ORD0008119,CUST00856,PROD00073,STORE025,2026-03-16,4,8356.46
ORD0006836,CUST00999,PROD00046,STORE008,2025-10-28,4,24691.85
ORD0009628,CUST00897,PROD00138,STORE008,2026-01-20,2,18395.33
ORD0002826,CUST01131,PROD00076,STORE006,2025-05-26,2,13968.25
ORD0002928,CUST00528,PROD00138,STORE005,2025-02-26,1,3405.11
ORD0010352,CUST00946,PROD00276,STORE025,2025-12-20,2,2365.45
ORD0011305,CUST00584,PROD00035,STORE014,2026-03-02,2,13726.34
ORD0009109,CUST01363,PROD00041,STORE005,2025-07-07,3,23823.3
ORD0001929,CUST01488,PROD00112,STORE021,2025-09-15,1,5366.51
ORD0008795,CUST00670,PROD00267,STORE025,2026-04-06,4,22664.9
ORD0001349,CUST01228,PROD00029,STORE013,2025-01-13,4,340.81
ORD0004390,CUST00873,PROD00201,STORE001,2025-01-18,1,14569.47
ORD0004563,CUST00976,PROD00250,STORE012,2026-02-08,5,5358.55
ORD0009194,CUST00573,PROD00087,STORE006,2026-02-28,1,10488.79
ORD0008756,CUST00537,PROD00092,STORE003,2025-09-19,3,7288.0
ORD0009814,CUST01173,PROD00199,STORE012,2025-09-07,3,14296.47
ORD0009270,CUST00507,PROD00106,STORE011,2025-08-01,3,14737.11
ORD0007774,CUST00213,PROD00005,STORE024,2025-06-16,5,7217.9
ORD0003630,CUST00841,PROD00155,STORE005,2025-01-16,3,unknown
ORD0005389,CUST00122,PROD00060,STORE009,2025-02-17,6,21956.55
ORD0000875,CUST00009,PROD00055,STORE016,2025-07-04,1,11810.19
ORD0007691,CUST01289,PROD00093,STORE005,2025-11-30,3,12426.77
ORD0003808,CUST01173,PROD00141,STORE002,2025-06-01,4,11412.9
ORD0010299,CUST00082,PROD00080,STORE016,2026-01-09,5,10714.81
ORD0004503,CUST00224,PROD00008,STORE002,2025-03-19,6,14236.52
ORD0004744,CUST00811,PROD00246,STORE021,2025-05-11,4,6639.29
ORD0009325,CUST01429,PROD00231,STORE016,2025-05-16,3,23063.98
ORD0012003,CUST01261,PROD00226,STORE004,2025-01-19,6,24829.32
ORD0011494,CUST00078,PROD00218,STORE014,2026-04-15,-1,6620.84
ORD0005398,CUST00166,PROD00284,STORE018,2026-03-15,6,7587.17
ORD0010613,CUST00750,PROD00127,STORE024,2025-03-03,6,20805.03
ORD0002988,CUST00974,PROD00241,STORE015,2025-03-01,6,23760.64
ORD0011345,CUST01394,PROD00023,STORE016,2025-09-11,2,12521.79
ORD0010202,CUST00787,PROD00073,STORE013,2025-10-21,6,24193.71
ORD0005323,CUST01046,PROD00247,STORE004,2025-06-10,3,22841.66
ORD0005280,CUST00626,PROD00291,STORE013,2025-01-14,2,13991.25
ORD0005894,,PROD00276,STORE008,2025-08-29,1,20184.08
ORD0003479,CUST00339,PROD00174,STORE007,2026-04-15,6,2642.71
ORD0003463,CUST01260,PROD00224,STORE016,2026-02-27,3,23295.17
ORD0004246,CUST00637,PROD00266,STORE006,2025-10-05,2,10794.88
ORD0010415,CUST00774,PROD00199,STORE025,2025-06-06,6,21233.44
ORD0000318,CUST01210,PROD00267,STORE017,2025-05-17,5,24692.93
ORD0006552,CUST00933,PROD00218,STORE009,2025-04-07,3,2972.52
ORD0003547,CUST00340,PROD00015,STORE003,2025-05-05,3,16597.61
ORD0011272,CUST00090,PROD00235,STORE022,2025-10-12,2,556.19
ORD0010051,CUST00509,PROD00249,STORE010,2026-01-24,2,6777.9
ORD0005607,CUST00106,PROD00157,STORE001,2025-07-17,1,19522.58
ORD0000425,CUST01080,PROD00289,STORE019,2025-07-21,6,13368.35
ORD0000698,CUST01112,PROD00284,STORE011,2025-10-25,2,19981.06
ORD0000737,CUST00513,PROD00041,STORE017,2025-05-31,3,11409.56
ORD0009992,CUST00574,PROD00273,STORE017,2025-11-15,4,10050.34
ORD0009996,CUST01318,PROD00105,STORE025,2025-07-20,4,1202.37
ORD0011170,CUST00866,PROD00115,STORE004,2025-07-02,5,24490.26
ORD0004511,CUST01134,PROD00013,STORE011,2025-05-09,1,24624.89
ORD0004258,CUST00849,PROD00276,STORE013,2025-07-17,1,2684.14
ORD0009608,CUST00643,PROD00104,STORE001,2025-04-03,5,3813.99
ORD0007345,CUST00313,PROD00140,STORE023,2025-11-27,2,7440.92
ORD0001336,CUST00199,PROD00140,STORE003,2025-09-22,4,6881.12
ORD0002824,CUST00967,PROD00209,STORE006,2025-02-26,2,12612.33
ORD0008976,CUST01057,PROD00214,STORE003,2026-01-25,5,10863.2
ORD0001697,CUST00537,PROD00150,STORE024,2025-05-12,2,7788.68
ORD0006981,CUST00896,PROD00288,STORE005,2025-02-25,4,3239.73
ORD0012074,CUST01462,PROD00158,STORE017,2025-06-11,4,849.52
ORD0003684,CUST01232,PROD00034,STORE014,2025-04-27,6,8955.27
ORD0004543,CUST00774,PROD00072,STORE006,2025-03-03,5,21334.62
ORD0005214,CUST00801,PROD00173,STORE014,2026-02-10,4,5544.1
ORD0005667,CUST00986,PROD00214,STORE024,2025-04-21,2,23823.96
ORD0012399,CUST01023,PROD00040,STORE005,2026-02-19,5,7227.97
ORD0004867,CUST01215,PROD00243,STORE009,2025-05-23,5,4944.84
ORD0008871,CUST01127,PROD00070,STORE004,2025-11-25,4,179.0
ORD0010435,CUST01297,PROD00218,STORE023,2025-11-01,4,14516.16
ORD0006671,CUST00143,PROD00177,STORE011,2025-09-29,2,24062.18
ORD0011102,CUST00093,PROD00198,STORE002,2026-02-23,2,16299.57
ORD0004595,CUST00541,PROD00172,STORE017,2025-07-18,4,16447.19
ORD0012433,CUST00842,PROD00286,STORE011,2025-12-05,6,12763.79
ORD0002371,CUST01394,PROD00249,STORE001,2026-01-12,1,4589.27
ORD0010614,CUST00258,PROD00270,STORE021,2025-01-07,1,14885.4
ORD0012088,CUST01469,PROD00183,STORE017,2025-01-28,4,21216.96
ORD0010645,CUST01399,PROD00187,STORE006,2026-03-21,3,13407.79
ORD0007932,CUST00319,PROD00287,STORE002,2025-08-20,2,22385.36
ORD0009823,CUST01078,PROD00146,STORE018,2025-03-31,4,7945.85
ORD0004667,CUST00270,PROD00182,STORE004,2026-03-22,5,8680.88
ORD0008845,CUST01215,PROD00016,STORE007,2025-06-09,6,24085.0
ORD0005672,CUST00575,PROD00047,STORE025,2025-12-26,6,24080.85
ORD0003451,CUST00125,PROD00057,STORE013,2025-02-13,2,20952.52
ORD0001255,CUST00845,PROD00284,STORE008,2025-05-22,1,11315.75
ORD0005783,CUST01314,PROD00274,STORE017,2025-03-26,3,22808.14
ORD0010096,CUST00492,PROD00227,STORE007,2025-04-01,2,5461.47
ORD0007632,CUST01081,PROD00077,STORE020,2025-06-27,6,18635.11
ORD0011068,CUST01039,PROD00258,STORE001,2025-05-22,4,20282.06
ORD0008852,CUST01048,PROD00165,STORE024,2025-11-01,2,20623.15
ORD0004106,CUST00556,PROD00177,STORE005,2025-04-03,5,20829.67
ORD0006227,CUST00393,PROD00078,STORE005,2025-12-16,-1,12475.35
ORD0001235,CUST01478,PROD00195,STORE003,2025-01-01,6,18439.18
ORD0011639,CUST01186,PROD00085,STORE019,2025-01-30,2,1602.07
ORD0008978,CUST00518,PROD00105,STORE009,2025-11-05,2,4152.13
ORD0002461,CUST01457,PROD00143,STORE010,2026-02-09,4,18201.28
ORD0007081,CUST01243,PROD00016,STORE002,2025-07-25,4,4760.64
ORD0001401,CUST01104,PROD00198,STORE020,2025-10-28,5,14545.1
ORD0002097,CUST00336,PROD00183,STORE009,2025-01-09,5,19673.52
ORD0010829,CUST01138,PROD00292,STORE016,2025-01-25,1,10937.7
ORD0003039,CUST00181,PROD00019,STORE012,2025-04-19,6,13779.73
ORD0003466,CUST00220,PROD00079,STORE023,2025-06-28,5,20552.14
ORD0002427,CUST00884,PROD00014,STORE015,2025-08-01,6,23975.41
ORD0010843,CUST00540,PROD00061,STORE009,2026-02-07,2,15983.62
ORD0010134,CUST01408,PROD00004,STORE008,2025-03-01,5,2406.6
ORD0006114,CUST01149,PROD00053,STORE008,2025-11-17,1,5861.1
ORD0003062,CUST01209,PROD00181,STORE013,2025-10-01,3,20065.59
ORD0007830,CUST00884,PROD00208,STORE024,2025-08-30,5,22010.62
ORD0003690,CUST00233,PROD00236,STORE006,2026-04-12,2,9990.65
ORD0009021,CUST00954,PROD00010,STORE020,2025-02-17,5,9399.79
ORD0008832,CUST00652,PROD00040,STORE003,2025-04-20,4,8638.18
ORD0006500,CUST00594,PROD00047,STORE010,2025-11-16,3,18702.99
ORD0010821,CUST00838,PROD00093,STORE003,2025-08-29,4,14090.95
ORD0002953,CUST00974,PROD00177,STORE017,2025-12-29,6,17319.44
ORD0007419,CUST01300,PROD00085,STORE007,2025-09-09,3,1429.87
ORD0000516,CUST01172,PROD00122,STORE025,2025-01-05,1,21612.71
ORD0010877,CUST01341,PROD00215,STORE011,2026-03-16,1,7892.01
ORD0006079,CUST01400,PROD00257,STORE007,2026-01-26,4,19492.34
ORD0010270,CUST00948,PROD00253,STORE007,2025-01-02,2,23584.03
ORD0004389,CUST00926,PROD00138,STORE019,2025-02-03,2,15019.98
ORD0009829,CUST01321,PROD00211,STORE025,2025-08-27,5,20910.75
ORD0008913,CUST01078,PROD00170,STORE004,2025-04-30,6,16344.59
ORD0002613,CUST01339,PROD00243,STORE004,2025-10-24,4,15673.14
ORD0005193,,PROD00079,STORE019,2025-02-08,4,2742.9
ORD0007964,,PROD00227,STORE013,2025-03-12,1,18554.9
ORD0004107,CUST00868,PROD00229,STORE014,2025-09-23,5,22999.15
ORD0008128,CUST01226,PROD00124,STORE024,2026-04-05,5,7931.72
ORD0002755,CUST01370,PROD00296,STORE001,2025-07-21,4,19652.09
ORD0001048,CUST00452,PROD00167,STORE022,2025-07-05,6,15119.64
ORD0012220,CUST00250,PROD00147,STORE012,2025-07-27,3,18192.79
ORD0001902,CUST01141,PROD00035,STORE012,2025-09-01,2,12075.99
ORD0010828,CUST00938,PROD00071,STORE016,2025-09-26,6,$5335.13
ORD0008170,CUST00906,PROD00007,STORE022,2026-01-26,4,21975.59
ORD0008855,CUST01314,PROD00114,STORE012,2025-11-08,2,3114.23
ORD0005381,CUST00401,PROD00271,STORE010,2025-05-27,4,7261.62
ORD0002567,CUST00172,PROD00197,STORE013,2025-08-03,2,334.11
ORD0012052,CUST00573,PROD00005,STORE011,2026-04-19,3,13615.92
ORD0002973,CUST00138,PROD00179,STORE014,2025-03-18,3,11077.33
ORD0000198,CUST00067,PROD00209,STORE017,2025-02-06,4,21574.9
ORD0002803,CUST00587,PROD00087,STORE008,2025-06-28,6,3921.03
ORD0002667,CUST01295,PROD00294,STORE012,2025-02-12,5,7193.37
ORD0005865,CUST00885,PROD00020,STORE021,2026-02-03,2,24041.55
ORD0003166,CUST01483,PROD00211,STORE008,2025-05-02,4,21051.24
ORD0012342,CUST01443,PROD00241,STORE015,2025-05-26,5,777.15
ORD0011053,CUST01341,PROD00207,STORE017,2025-09-17,5,14422.87
ORD0005780,CUST00227,PROD00075,STORE013,2025-12-22,3,20259.04
ORD0009864,,PROD00076,STORE025,2026-04-16,2,24867.69
ORD0007833,CUST00677,PROD00035,STORE004,2025-10-07,1,9346.3
ORD0011432,CUST00615,PROD00101,STORE022,2025-09-21,2,19588.43
ORD0007839,CUST01190,PROD00106,STORE015,2025-08-25,1,20339.24
ORD0004202,CUST00620,PROD00209,STORE001,2025-11-01,1,13909.15
ORD0002217,CUST00382,PROD00040,STORE012,2025-05-02,3,22070.6
ORD0003687,CUST00068,PROD00114,STORE014,2025-11-01,5,5888.58
ORD0007589,CUST01106,PROD00046,STORE001,2025-11-21,1,226.02
ORD0002896,CUST01328,PROD00215,STORE003,2025-10-22,2,808.59
ORD0011771,CUST00449,PROD00253,STORE018,2025-11-01,3,2445.43
ORD0007958,CUST00276,PROD00002,STORE015,2025-10-21,2,4953.72
ORD0011299,CUST01196,PROD00151,STORE009,2025-09-20,2,4716.04
ORD0009168,CUST01385,PROD00270,STORE002,2025-09-04,6,618.78
ORD0000829,CUST00092,PROD00146,STORE011,2025-11-18,1,10272.31
ORD0009475,CUST01405,PROD00093,STORE005,2026-02-03,4,19347.09
ORD0001635,CUST00875,PROD00045,STORE017,2025-08-29,,24304.02
ORD0001044,CUST00828,PROD00289,STORE018,2025-12-25,1,10284.3
ORD0002203,CUST01138,PROD00003,STORE018,2025-01-17,2,23953.88
ORD0002845,CUST01368,PROD00075,STORE004,2025-11-14,2,20624.1
ORD0000023,CUST01079,PROD00053,STORE017,2025-01-22,4,19814.89
ORD0005551,CUST00624,PROD00196,STORE007,2025-03-07,6,19876.01
ORD0011148,CUST01215,PROD00194,STORE014,2025-05-30,1,23815.22
ORD0003522,CUST00473,PROD00177,STORE004,2025-02-08,2,15360.48
ORD0006060,CUST00325,PROD00177,STORE010,2025-06-20,4,6054.4
ORD0004163,CUST00468,PROD00107,STORE006,2026-03-11,6,4581.15
ORD0000727,CUST00724,PROD00208,STORE009,2026-04-06,2,17916.1
ORD0008595,CUST00044,PROD00205,STORE008,2025-04-04,3,24297.84
ORD0002592,CUST00690,PROD00300,STORE021,2025-12-03,5,1272.16
ORD0004099,CUST01120,PROD00084,STORE019,2026-04-20,5,21763.02
ORD0009060,CUST01288,PROD00257,STORE021,2025-09-30,4,15644.63
ORD0010323,CUST00920,PROD00032,STORE012,2025-10-24,2,14174.37
ORD0008958,CUST01354,PROD00140,STORE019,2025-02-26,6,23047.18
ORD0001434,CUST01243,PROD00236,STORE001,2025-08-10,5,5966.88
ORD0000722,CUST00788,PROD00195,STORE001,2025-04-16,5,19161.64
ORD0002022,CUST01178,PROD00057,STORE011,2026-03-07,5,14598.84
ORD0001923,CUST00948,PROD00276,STORE020,2026-03-10,6,22445.27
ORD0008717,CUST01415,PROD00184,STORE011,2025-10-05,5,19403.84
ORD0001278,CUST01247,PROD00257,STORE002,2026-03-02,5,7546.08
ORD0005012,CUST00991,PROD00042,STORE017,2025-05-20,4,6539.24
ORD0004692,CUST00617,PROD00064,STORE005,2025-12-14,2,12346.85
ORD0005528,CUST01310,PROD00008,STORE011,2025-06-10,5,22082.82
ORD0003037,CUST01172,PROD00156,STORE025,2025-05-12,4,22369.12
ORD0005290,CUST00685,PROD00219,STORE006,2025-04-05,5,11996.59
ORD0010970,CUST00668,PROD00094,STORE006,2025-08-29,5,12928.82
ORD0000844,CUST00141,PROD00040,STORE005,2025-01-02,1,21347.8
ORD0006998,CUST00390,PROD00232,STORE005,2025-04-14,2,14798.39
ORD0010312,CUST00688,PROD00264,STORE021,2025-07-18,6,21504.56
ORD0007557,CUST00119,PROD00288,STORE014,2025-02-26,5,10668.26
ORD0003719,CUST00749,PROD00183,STORE011,2025-01-28,5,21501.11
ORD0003068,CUST00478,PROD00009,STORE025,not_a_date,2,14802.82
ORD0007354,CUST00117,PROD00019,STORE023,2025-05-08,6,20763.65
ORD0009683,CUST01497,PROD00170,STORE021,2026-01-24,4,7267.98
ORD0005484,CUST00513,PROD00259,STORE004,2026-03-17,5,8370.97
ORD0005314,CUST01391,PROD00035,STORE010,2025-04-01,1,14902.13
ORD0007822,CUST00344,PROD00229,STORE023,2025-10-17,4,4871.51
ORD0002381,CUST00820,PROD00140,STORE017,2025-06-30,5,3799.72
ORD0012092,CUST00789,PROD00254,STORE020,,3,16883.28
ORD0005720,CUST01186,PROD00092,STORE006,2025-04-03,1,20544.14
ORD0003662,,PROD00288,STORE005,2025-06-30,5,18136.99
ORD0010788,CUST01441,PROD00265,STORE007,00/00/0000,1,17992.87
ORD0011722,CUST00090,PROD00195,STORE018,2025-05-06,2,6858.53
ORD0003433,CUST01099,PROD00001,STORE025,2025-03-20,1,13244.52
ORD0004377,CUST00301,PROD00241,STORE013,2025-06-16,2,3944.69
ORD0006659,CUST01285,PROD00273,STORE022,2026-04-10,6,10189.81
ORD0011927,CUST01297,PROD00087,STORE013,2025-12-23,6,21397.07
ORD0010632,CUST00137,PROD00083,STORE008,2025-02-11,3,579.32
ORD0007302,CUST00317,PROD00290,STORE008,2025-06-14,4,10606.43
ORD0005627,CUST01156,PROD00241,STORE018,2025-05-27,2,13413.76
ORD0005334,CUST00088,PROD00084,STORE003,2025-08-12,2,2925.82
ORD0008072,CUST00322,PROD00119,STORE017,2025-11-15,6,6671.33
ORD0003827,CUST00025,PROD00127,STORE013,2025-01-28,1,780.03
ORD0001200,CUST00144,PROD00083,STORE002,2026-04-07,3,6275.26
ORD0001316,CUST00133,PROD00228,STORE001,2025-02-22,2,14086.7
ORD0000778,CUST00856,PROD00078,STORE014,2026-04-15,5,14269.44
ORD0009816,CUST01389,PROD00291,STORE004,2026-01-30,3,7929.23
ORD0006947,CUST01175,PROD00298,STORE019,2026-03-28,2,9001.13
ORD0007596,CUST01447,PROD00205,STORE023,2025-11-28,1,10939.13
ORD0010489,CUST00276,PROD00053,STORE013,2025-09-15,3,21303.21
ORD0009246,CUST01101,PROD00111,STORE016,2025-11-03,6,942.28
ORD0011788,CUST00202,PROD00295,STORE006,2025-06-19,5,14297.15
ORD0006808,CUST00275,PROD00075,STORE015,2025-08-31,4,17479.36
ORD0009910,CUST01090,PROD00129,STORE024,2025-09-23,3,16710.97
ORD0005852,CUST00921,PROD00021,STORE024,2025-01-02,6,12824.94
ORD0010400,,PROD00280,STORE019,2025-10-10,4,5593.56
ORD0005580,CUST00389,PROD00132,STORE024,2026-03-03,3,11531.76
ORD0008919,CUST00884,PROD00120,STORE011,2026-02-14,4,12998.01
ORD0001773,,PROD00179,STORE003,2025-06-10,5,19187.3
ORD0008457,CUST01251,PROD00274,STORE016,2025-07-31,5,3345.1
ORD0010377,CUST00380,PROD00157,STORE025,2025-05-12,6,4529.62
ORD0001395,CUST00871,PROD00177,STORE006,2026-04-15,3,6464.45
ORD0006425,CUST00988,PROD00204,STORE004,2026-13-40,4,8968.94
ORD0004654,CUST00724,PROD00141,STORE002,2025-04-17,2,17113.04
ORD0004740,CUST00544,PROD00169,STORE011,2026-02-14,5,9718.3
ORD0004938,CUST01449,PROD00240,STORE024,2026-02-22,1,8752.6
ORD0001771,CUST01189,PROD00170,STORE001,2026-02-16,3,11695.93
ORD0000721,CUST00206,PROD00042,STORE014,2025-03-18,6,11186.71
ORD0000163,CUST00584,PROD00140,STORE001,2026-02-05,4,5297.34
ORD0008488,CUST00278,PROD00229,STORE014,2026-01-27,4,9262.11
ORD0003517,CUST00485,PROD00282,STORE025,2025-07-25,5,10691.88
ORD0001784,CUST01369,PROD00079,STORE021,2025-11-15,4,4433.16
ORD0009451,CUST01379,PROD00045,STORE005,2025-02-23,3,2645.69
ORD0008470,CUST00226,PROD00197,STORE007,2025-03-28,5,2876.34
ORD0000452,CUST00795,PROD00095,STORE003,2025-05-04,6,20189.27
ORD0012445,CUST00985,PROD00051,STORE011,2025-08-20,2,21824.79
ORD0003700,CUST00416,PROD00074,STORE020,2025-01-20,5,545.1
ORD0004156,CUST00679,PROD00176,STORE011,2025-09-24,3,22719.81
ORD0010668,CUST00628,PROD00297,STORE007,2025-07-30,1,15562.69
ORD0001457,CUST00279,PROD00143,STORE016,2026-04-16,2,12652.0
ORD0005824,CUST01278,PROD00242,STORE008,2025-03-21,1,21648.67
ORD0008103,CUST01225,PROD00167,STORE020,2026-01-11,1,14649.11
ORD0005332,CUST00479,PROD00072,STORE022,2025-04-06,6,18890.15
ORD0004458,CUST00221,PROD00293,STORE025,2025-01-25,4,21525.42
ORD0004286,CUST00025,PROD00058,STORE014,2026-03-31,two,22241.49
ORD0009039,CUST00858,PROD00288,STORE020,2026-01-08,5,24317.87
ORD0002093,CUST00990,PROD00155,STORE005,2026-03-19,2,5997.04
ORD0011621,CUST00715,PROD00120,STORE018,2026-03-16,4,13293.95
ORD0009963,CUST00970,PROD00110,STORE025,2025-12-03,3,16033.48
ORD0003044,CUST00730,PROD00015,STORE025,2026-02-20,6,$2730.57
ORD0011688,CUST00367,PROD00269,STORE020,2025-03-10,4,16257.0
ORD0000557,CUST00399,PROD00066,STORE011,2026-04-12,6,14371.03
ORD0003489,CUST00231,PROD00178,STORE007,2025-08-27,3,14904.5
ORD0001327,CUST00383,PROD00128,STORE002,2025-09-19,3,8132.26
ORD0011347,CUST00154,PROD00133,STORE015,2025-06-30,6,10897.19
ORD0010340,CUST01450,PROD00106,STORE021,2025-02-05,3,5119.62
ORD0005630,CUST00419,PROD00230,STORE023,2026-01-21,1,4631.96
ORD0008799,CUST01092,PROD00189,STORE018,2025-02-05,6,6824.28
ORD0007570,CUST00139,PROD00065,STORE009,2025-07-20,,10531.84
ORD0001414,CUST00130,PROD00268,STORE013,2025-02-28,4,10934.17
ORD0008875,CUST00852,PROD00022,STORE007,2025-06-17,5,7186.57
ORD0009498,CUST00426,PROD00227,STORE006,2026-02-11,1,20628.91
ORD0008625,CUST00489,PROD00283,STORE003,2025-06-17,3,10933.7
ORD0005343,CUST00048,PROD00145,STORE022,2025-04-12,1,9121.2
ORD0001472,CUST00845,PROD00177,STORE005,2025-08-30,5,6538.71
ORD0009943,CUST01032,PROD00279,STORE017,2025-07-23,6,9938.3
ORD0000102,CUST00605,PROD00133,STORE023,2025-09-08,4,6723.95
ORD0011885,CUST00034,PROD00230,STORE023,2026-04-05,5,500.68
ORD0011916,CUST01192,PROD00178,STORE003,2025-02-04,2,21172.83
ORD0010870,CUST00755,PROD00293,STORE025,2025-02-05,2,22838.31
ORD0006983,CUST00523,PROD00237,STORE018,2026-01-20,4,22162.78
ORD0008866,CUST00794,PROD00250,STORE014,2026-01-29,5,16249.65
ORD0010182,CUST00008,PROD00109,STORE025,2025-05-17,6,14690.64
ORD0000466,CUST00152,PROD00011,STORE021,2025-11-27,4,23439.69
ORD0002850,CUST00002,PROD00215,STORE020,2025-01-26,4,14226.0
ORD0002336,CUST01043,,STORE022,2026-04-22,5,20437.57
ORD0011313,CUST00084,PROD00041,STORE012,2025-01-07,4,20576.48
ORD0011141,CUST00221,PROD00172,STORE020,2025-09-18,4,9023.55
ORD0008246,CUST00873,PROD00208,STORE012,2026-03-27,1,23290.89
ORD0012500,CUST00262,PROD00293,STORE016,2026-01-31,5,3434.16
ORD0009370,CUST01293,PROD00045,STORE012,2026-01-05,3,13397.05
ORD0010533,CUST00945,PROD00038,STORE007,2025-03-14,6,1164.92
ORD0010882,CUST00528,PROD00180,STORE002,2025-11-18,2,9158.7
ORD0000043,CUST00012,PROD00138,STORE023,2026-02-11,2,18912.69
ORD0006810,CUST00339,PROD00217,STORE017,2025-12-04,2,5984.48
ORD0011334,CUST00205,PROD00220,STORE022,2025-12-06,6,20212.15
ORD0006681,CUST00021,PROD00210,STORE015,2025-12-04,6,22462.57
ORD0000454,CUST00085,PROD00258,STORE025,2026-01-07,2,19248.45
ORD0009456,CUST01457,PROD00193,STORE005,2025-08-20,3,5160.53
ORD0001335,CUST01494,PROD00002,STORE013,2025-03-16,4,20858.2
ORD0009200,CUST00081,PROD00260,STORE017,2025-05-29,,21093.9
ORD0002710,CUST01193,PROD00044,STORE011,2025-05-09,1,23467.22
ORD0007447,CUST01162,PROD00050,STORE023,2026-01-24,2,8490.92
ORD0000428,CUST00169,PROD00252,STORE001,2025-10-15,4,2742.31
ORD0008509,CUST00384,PROD00198,STORE011,2025-01-26,1,16090.7
ORD0011271,CUST00339,PROD00159,STORE025,2026-02-17,6,14645.18
ORD0009007,CUST01465,PROD00042,STORE010,2025-05-04,2,695.49
ORD0010957,CUST01033,PROD00289,STORE013,2025-11-30,4,6072.14
ORD0005756,CUST00143,PROD00236,STORE011,2025-11-28,2,6651.38
ORD0008434,CUST00897,PROD00041,STORE021,2025-05-29,6,7380.8
ORD0006091,CUST00621,PROD00297,STORE008,2025-01-08,1,10240.77
ORD0009948,CUST01366,PROD00294,STORE004,2025-12-12,1,23119.5
ORD0009160,CUST00830,PROD00189,STORE015,2026-02-22,5,24980.48
ORD0009931,CUST00026,PROD00077,STORE007,2025-03-10,6,24271.02
ORD0008764,CUST01091,PROD00294,STORE021,2026-01-12,5,20258.36
ORD0006515,CUST00013,PROD00003,STORE015,2025-04-02,4,13906.89
ORD0001733,CUST00690,PROD00082,STORE007,2025-03-20,2,3466.89
ORD0004675,CUST00667,PROD00016,STORE017,2025-05-11,5,3535.32
ORD0008008,CUST00955,PROD00065,STORE013,2025-06-26,4,8507.05
ORD0002977,CUST00988,PROD00172,STORE018,2025-06-19,1,1803.42
ORD0011620,CUST00068,PROD00128,STORE001,2025-12-27,4,5287.85
ORD0004178,CUST00653,PROD00196,STORE012,2025-11-14,5,10872.61
ORD0006860,CUST00943,PROD00051,STORE010,2026-04-14,5,18652.12
ORD0011527,CUST01245,PROD00267,STORE016,2025-04-21,5,2953.29
ORD0001777,CUST01020,PROD00243,STORE011,2025-07-03,2,4126.45
ORD0009509,CUST00849,PROD00069,STORE015,2026-01-30,5,8441.67
ORD0003740,CUST00995,PROD00263,STORE017,2025-10-03,5,13998.11
ORD0001314,CUST00771,PROD00197,STORE018,2025-11-10,2,18050.82
ORD0003798,CUST00014,PROD00197,STORE003,2026-04-22,1,6702.8
ORD0008707,CUST01332,PROD00195,STORE009,2025-06-05,5,22766.54
ORD0004536,CUST00093,PROD00108,STORE007,2025-04-06,1,4130.43
ORD0005796,CUST01031,PROD00170,STORE024,2026-04-19,3,3973.64
ORD0002284,CUST01350,PROD00076,STORE008,2026-03-21,6,2916.41
ORD0007807,CUST00353,PROD00197,STORE011,2025-05-05,1,16396.22
ORD0006968,CUST00975,PROD00112,STORE006,2025-09-08,3,23702.09
ORD0003342,CUST00964,PROD00230,STORE014,2026-01-27,1,12841.56
ORD0009407,CUST00248,PROD00238,STORE024,2026-01-03,4,3345.2
ORD0012464,CUST01027,PROD00162,STORE002,2025-09-05,1,5149.04
ORD0001097,CUST01304,PROD00220,STORE013,2025-03-02,6,23188.57
ORD0010851,CUST01439,PROD00262,STORE004,2026-01-27,4,22934.74
ORD0007254,CUST01400,PROD00297,STORE022,2025-10-08,1,10945.06
ORD0003702,CUST00139,PROD00160,STORE010,2025-09-08,2,11372.51
ORD0000713,CUST01267,PROD00293,STORE025,2025-07-01,3,23207.11
ORD0001986,CUST00136,PROD00011,STORE002,2025-12-20,6,17300.01
ORD0008135,CUST00163,PROD00148,STORE020,2025-08-05,4,6084.59
ORD0007235,CUST00992,PROD00104,STORE021,2025-01-07,4,2996.47
ORD0007366,CUST00830,PROD00136,STORE011,2025-08-16,2,6080.92
ORD0004039,CUST00902,PROD00080,STORE023,2026-02-23,6,6538.18
ORD0009059,CUST00601,PROD00037,STORE022,2025-03-06,2,17850.48
ORD0003483,CUST00654,PROD00299,STORE002,2025-06-16,4,615.74
ORD0006397,CUST00931,PROD00063,STORE014,2025-10-20,2,21190.01
ORD0007577,CUST00192,PROD00061,STORE025,2025-06-20,4,10971.02
ORD0011970,CUST00643,PROD00037,STORE015,2025-12-14,4,24368.4
ORD0006156,CUST01305,PROD00254,STORE006,2025-07-26,6,18794.1
ORD0004140,CUST00035,PROD00107,STORE014,2025-05-31,4,13145.41
ORD0011172,CUST01390,PROD00025,STORE004,2026-03-09,3,18671.12
ORD0006953,CUST00242,PROD00275,STORE025,2025-10-16,1,21548.33
ORD0011255,CUST00624,PROD00063,STORE020,2025-11-07,5,11787.84
ORD0003113,CUST00717,PROD00179,STORE010,2025-05-13,3,23870.81
ORD0004973,CUST00574,PROD00097,STORE021,2025-05-11,3,16657.65
ORD0007878,CUST01108,PROD00267,STORE009,2025-03-06,3,16785.63
ORD0000017,CUST01251,PROD00169,STORE005,2026-01-05,5,13563.22
ORD0008446,CUST00168,PROD00025,STORE014,2025-07-10,5,15464.6
ORD0002010,CUST00141,PROD00243,STORE001,2025-05-06,4,6532.36
ORD0004435,CUST01215,PROD00114,STORE019,2025-02-11,4,13376.53
ORD0012272,CUST00658,PROD00015,STORE001,2025-10-22,2,1412.03
ORD0001074,CUST01433,PROD00035,STORE025,2025-09-26,3,714.97
ORD0007376,CUST01262,PROD00236,STORE015,2025-09-24,6,2314.97
ORD0009892,CUST00749,PROD00072,STORE004,2025-01-19,2,6116.32
ORD0000929,CUST01285,PROD00293,STORE001,2025-03-30,6,6990.16
ORD0007708,CUST00691,PROD00154,STORE023,2026-01-29,4,11361.17
ORD0010030,CUST00660,PROD00026,STORE024,2025-11-05,4,17691.68
ORD0004053,CUST00754,PROD00033,STORE005,2025-04-08,4,14628.44
ORD0011915,CUST00291,PROD00159,STORE014,2025-07-31,4,3492.49
ORD0011890,CUST01146,PROD00225,STORE020,2025-03-19,6,14100.39
ORD0001718,CUST00612,PROD00097,STORE009,2025-07-18,6,8282.31
ORD0000957,CUST01305,PROD00300,STORE003,2025-09-04,1,17245.72
ORD0004668,CUST00743,PROD00187,STORE021,2026-02-01,4,17186.19
ORD0009771,CUST00105,PROD00044,STORE021,2025-07-16,3,20444.04
ORD0000684,CUST00323,PROD00124,STORE020,2026-01-31,5,7297.55
ORD0000255,CUST01143,PROD00287,STORE024,2025-11-13,2,19967.24
ORD0003847,CUST00795,PROD00284,STORE015,00/00/0000,6,2448.35
ORD0007013,CUST01043,PROD00037,STORE001,2025-05-08,3,17416.64
ORD0006877,CUST00288,PROD00253,STORE011,2025-02-17,5,13679.43
ORD0001373,CUST00228,PROD00085,STORE002,2025-04-28,2,13289.73
ORD0006025,CUST01190,PROD00059,STORE020,2026-01-20,5,2464.38
ORD0003815,CUST01076,PROD00231,STORE001,2025-05-07,5,23572.82
ORD0009777,CUST01300,PROD00159,STORE019,2025-05-03,2,21572.7
ORD0005154,CUST00773,PROD00051,STORE009,2025-08-16,2,6300.89
ORD0008422,CUST00725,PROD00019,STORE013,2025-02-23,4,15456.55
ORD0006163,CUST00388,PROD00103,STORE004,2025-12-07,6,8074.62
ORD0002423,CUST01274,PROD00299,STORE020,2025-04-12,6,1913.92
ORD0000580,CUST01462,PROD00121,STORE003,2025-06-23,3,24312.14
ORD0004130,CUST00772,PROD00119,STORE012,2026-03-03,4,8253.67
ORD0006605,CUST01388,,STORE020,2025-05-27,2,4046.05
ORD0010659,CUST00127,,STORE012,2026-04-11,4,13777.24
ORD0009416,CUST00131,PROD00131,STORE019,2026-03-09,5,593.27
ORD0006005,CUST00211,PROD00006,STORE004,2026-01-07,5,23737.36
ORD0002940,CUST01066,PROD00219,STORE007,2025-03-12,1,2953.67
ORD0012478,CUST00067,PROD00113,STORE021,2026-03-29,1,24900.88
ORD0010856,CUST00818,PROD00049,STORE001,2025-09-21,1,7208.75
ORD0007700,CUST00371,PROD00034,STORE018,2025-06-20,1,20692.32
ORD0007832,CUST00235,PROD00058,STORE020,2025-10-24,5,20206.21
ORD0010343,CUST00891,PROD00275,STORE014,2025-06-26,4,11511.97
ORD0011125,CUST00169,PROD00288,STORE014,2026-03-16,1,4168.8
ORD0010323,CUST00920,PROD00032,STORE012,2025-10-24,2,14174.37
ORD0009734,CUST00750,PROD00162,STORE021,2025-01-07,1,6294.74
ORD0001209,CUST01444,PROD00191,STORE022,2025-05-02,5,9030.5
ORD0000342,CUST00329,PROD00125,STORE013,2025-07-20,,16205.2
ORD0005515,CUST00058,PROD00030,STORE023,2025-08-25,3,16700.88
ORD0005880,CUST00721,PROD00021,STORE017,2026-01-06,4,3732.57
ORD0000307,CUST00964,PROD00018,STORE024,2025-01-24,2,22852.39
ORD0009800,CUST00663,PROD00005,STORE015,2026-04-16,two,19012.3
ORD0003475,CUST00046,PROD00247,STORE011,2026-04-03,1,16707.65
ORD0001962,,PROD00020,STORE007,2025-01-01,6,14071.38
ORD0004134,CUST00085,PROD00162,STORE020,2026-04-18,3,9844.31
ORD0012249,CUST00077,PROD00007,STORE018,2025-07-07,3,1286.7
ORD0006379,CUST00824,PROD00242,STORE002,2025-07-12,2,9151.2
ORD0010072,CUST00765,PROD00023,STORE017,2025-10-28,3,16133.86
ORD0004512,CUST00689,PROD00188,STORE008,2025-04-06,5,18444.98
ORD0006886,CUST01337,PROD00287,STORE003,2025-02-08,5,7896.64
ORD0006536,CUST00395,PROD00198,STORE002,2025-05-05,2,19546.63
ORD0008921,CUST01025,PROD00141,STORE016,,1,20604.04
ORD0008069,CUST00143,PROD00097,STORE012,2025-08-20,3,22761.23
ORD0002289,CUST00951,,STORE022,2025-09-02,4,13155.47
ORD0001056,CUST00873,PROD00051,STORE022,2026-01-28,6,22074.83
ORD0001818,CUST00424,PROD00257,STORE020,2026-03-28,4,16878.4
ORD0012154,CUST01128,PROD00015,STORE019,2026-01-31,3,14972.97
ORD0009249,CUST01330,PROD00043,STORE012,2026-01-31,6,7158.6
ORD0001416,CUST01144,PROD00247,STORE023,2025-10-08,4,3174.31
ORD0005204,CUST01213,PROD00101,STORE013,2025-05-26,6,23406.1
ORD0003800,CUST01189,PROD00065,STORE024,2025-07-13,,21197.92
ORD0008947,CUST00406,PROD00023,STORE007,2025-07-19,1,11165.85
ORD0010791,CUST01196,PROD00153,STORE005,2026-01-27,4,18045.12
ORD0012452,CUST01097,PROD00109,STORE012,2026-01-20,3,4571.88
ORD0012126,CUST00757,PROD00131,STORE024,2026-04-20,2,11673.1
ORD0007025,CUST00077,PROD00044,STORE009,2026-03-11,6,24593.08
ORD0001095,CUST00653,PROD00210,STORE001,2026-01-20,3,5838.37
ORD0005405,CUST01016,PROD00192,STORE025,2025-03-02,6,14312.5
ORD0002794,CUST01445,PROD00051,STORE019,2026-03-10,6,7839.51
ORD0012145,CUST00210,PROD00005,STORE025,2025-05-13,1,5209.4
ORD0010462,CUST01267,PROD00094,STORE005,2026-03-20,2,21578.26
ORD0000010,CUST01428,PROD00204,STORE023,2025-09-05,2,19375.99
ORD0010879,CUST00603,PROD00210,STORE018,2025-07-14,4,23765.98
ORD0006216,CUST00095,PROD00172,STORE025,2025-11-23,1,15152.52
ORD0000199,CUST00855,PROD00134,STORE023,2026-02-02,5,3156.4
ORD0009336,CUST01028,PROD00264,STORE006,2025-10-25,2,24954.73
ORD0005355,CUST00268,PROD00006,STORE012,2025-03-22,,2386.27
ORD0000153,CUST00297,PROD00253,STORE014,2025-08-23,3,8732.85
ORD0006633,CUST00931,PROD00090,STORE020,2025-01-29,2,14377.96
ORD0008549,CUST01242,PROD00280,STORE016,2025-01-21,5,15982.6
ORD0006126,CUST00169,PROD00136,STORE025,2026-04-05,3,11277.76
ORD0011893,CUST01473,PROD00177,STORE021,2025-11-10,1,13105.34
ORD0006068,CUST00401,PROD00201,STORE011,2025-03-14,5,15722.4
ORD0007361,CUST01491,PROD00183,STORE012,2025-07-31,2,8396.8
ORD0000610,CUST00420,PROD00062,STORE021,2026-02-10,6,23817.76
ORD0007705,CUST00820,PROD00152,STORE006,2025-01-05,3,8161.49
ORD0008740,CUST01432,PROD00125,STORE004,2026-02-10,4,7380.36
ORD0009934,CUST00431,PROD00184,STORE002,2025-06-10,1,3263.04
ORD0010376,CUST01479,PROD00115,STORE016,2026-04-12,4,18236.99
ORD0003324,CUST00057,PROD00123,STORE016,2025-10-13,4,abc
ORD0011707,CUST01015,PROD00044,STORE025,2025-07-07,6,2057.29
ORD0000790,CUST00859,PROD00291,STORE011,2025-03-25,3,2166.06
ORD0011513,CUST00291,PROD00236,STORE021,2025-08-30,3,4457.51
ORD0009415,CUST00903,PROD00291,STORE022,2025-07-20,3,2329.91
ORD0003756,CUST00777,PROD00270,STORE017,2025-07-10,6,10533.73
ORD0005675,CUST01500,PROD00049,STORE017,2025-07-08,3,6973.18
ORD0000397,CUST01491,,STORE023,2025-12-27,5,12346.62
ORD0008341,CUST00851,PROD00231,STORE014,2025-08-25,6,19678.27
ORD0008174,CUST00353,PROD00089,STORE024,2025-03-14,1,20788.85
ORD0012146,CUST01286,PROD00293,STORE022,2025-03-18,2,3233.36
ORD0004471,CUST01363,PROD00009,STORE010,2026-04-22,5,9073.3
ORD0010942,CUST00701,PROD00064,STORE017,2025-08-29,2,19621.39
ORD0009171,CUST01484,PROD00283,STORE005,2025-12-07,2,12356.42
ORD0009648,CUST01417,PROD00261,STORE019,2025-09-09,1,19669.43
ORD0003762,CUST01084,PROD00178,STORE014,2025-04-20,3,18996.78
ORD0009362,CUST00153,PROD00172,STORE010,2026-02-19,6,21530.65
ORD0011588,CUST00305,PROD00168,STORE005,2025-02-05,4,1358.36
ORD0009544,CUST00064,PROD00205,STORE021,2026-01-29,6,8611.82
ORD0012354,CUST00229,PROD00178,STORE005,2025-04-17,1,11344.75
ORD0003051,CUST01416,PROD00264,STORE001,2025-04-10,5,17526.04
ORD0007401,CUST00580,PROD00065,STORE017,2025-09-11,4,5148.87
ORD0011738,CUST00712,PROD00088,STORE010,2025-01-05,1,17503.94
ORD0005241,CUST00304,PROD00227,STORE012,2025-12-23,5,6174.15
ORD0009330,CUST00909,PROD00064,STORE009,2025-10-08,5,21667.33
ORD0000867,CUST00379,PROD00048,STORE005,2026-03-13,5,15132.22
ORD0008260,CUST00903,PROD00013,STORE012,2025-08-21,1,9682.29
ORD0004464,CUST01024,PROD00053,STORE009,2025-10-10,1,20140.39
ORD0004814,CUST01294,PROD00197,STORE024,2025-08-12,1,3163.83
ORD0006525,CUST01215,PROD00300,STORE009,2025-11-18,3,17248.63
ORD0012390,CUST00921,PROD00005,STORE016,2025-11-07,6,22615.11
ORD0002356,CUST00845,PROD00153,STORE002,not_a_date,4,22013.91
ORD0004118,CUST00738,PROD00210,STORE018,2025-03-09,4,3532.16
ORD0005795,CUST00842,PROD00269,STORE024,2025-10-15,2,4535.15
ORD0006138,CUST00892,PROD00064,STORE007,2025-03-21,3,4903.35
ORD0002713,CUST00200,PROD00024,STORE020,2025-09-26,6,10223.92
ORD0004302,CUST01457,PROD00242,STORE004,2025-10-14,1,8640.04
ORD0008472,CUST00398,PROD00212,STORE006,2026-01-13,5,2461.09
ORD0003073,CUST00388,PROD00209,STORE020,2025-11-21,2,20547.87
ORD0009221,CUST01290,PROD00054,STORE010,2025-12-19,5,11615.44
ORD0011832,CUST00209,PROD00004,STORE005,2025-08-15,5,8134.21
ORD0006448,CUST00497,PROD00243,STORE024,2025-11-18,4,6146.83
ORD0008346,CUST00895,PROD00090,STORE019,2025-03-22,4,936.41
ORD0001837,CUST01178,PROD00049,STORE005,2025-06-07,3,11288.2
ORD0008401,CUST00883,PROD00091,STORE007,2026-02-15,2,14227.98
ORD0007226,CUST00796,PROD00116,STORE022,2025-10-06,2,21659.55
ORD0008668,CUST00684,PROD00284,STORE002,2025-07-04,1,1383.07
ORD0002934,CUST01252,PROD00272,STORE005,2025-10-12,1,7421.23
ORD0002172,CUST01447,PROD00106,STORE011,2026-04-17,2,18206.73
ORD0010949,CUST00307,PROD00136,STORE002,2025-10-17,3,9150.14
ORD0005522,CUST01408,PROD00258,STORE011,2025-12-15,1,23992.88
ORD0009364,CUST01219,PROD00166,STORE016,2025-06-04,1,19722.85
ORD0009619,CUST01043,PROD00205,STORE007,2026-04-10,2,23426.65
ORD0011280,CUST01062,PROD00059,STORE020,2025-05-29,1,10275.68
ORD0005137,CUST01120,PROD00008,STORE009,2025-01-21,4,218.16
ORD0003044,CUST00730,PROD00015,STORE025,2026-02-20,6,$2730.57
ORD0001795,CUST00537,PROD00285,STORE018,2025-06-06,1,9828.17
ORD0012200,CUST00376,PROD00005,STORE016,2025-12-10,3,6979.45
ORD0006805,CUST01250,PROD00139,STORE019,2025-04-19,3,$21616.55
ORD0010599,CUST00190,PROD00255,STORE021,2026-04-01,5,16491.8
ORD0001294,CUST01198,PROD00230,STORE005,2025-08-16,1,2224.99
ORD0011543,CUST00640,PROD00141,STORE019,2025-03-03,4,18132.13
ORD0007526,CUST00230,PROD00019,STORE013,2025-08-04,1,16231.85
ORD0003580,CUST00182,PROD00078,STORE018,2025-10-20,2,4856.55
ORD0002514,CUST00943,PROD00193,STORE020,2025-05-13,5,16370.61
ORD0000893,CUST00756,PROD00167,STORE014,2025-12-15,4,16539.08
ORD0001893,CUST00630,PROD00138,STORE016,2025-11-23,2,19152.44
ORD0012491,CUST00452,PROD00072,STORE006,2025-07-20,1,9251.29
ORD0012259,CUST00757,PROD00017,STORE003,2025-06-22,2,4950.17
ORD0002917,CUST00452,PROD00189,STORE003,2025-05-24,2,12273.12
ORD0006861,CUST00419,PROD00205,STORE001,2025-07-31,2,19531.93
ORD0011904,CUST01204,PROD00130,STORE019,2025-12-22,1,11055.92
ORD0000562,CUST00566,PROD00074,STORE012,2025-04-25,1,11922.61
ORD0011050,CUST00979,PROD00118,STORE009,00/00/0000,2,13160.16
ORD0004542,CUST00724,PROD00206,STORE001,2025-08-19,1,16854.42
ORD0010272,CUST00397,PROD00085,STORE021,2025-12-18,6,10533.31
ORD0003816,,PROD00055,STORE023,2025-11-11,2,9920.63
ORD0010476,CUST00336,PROD00086,STORE025,2026-03-17,2,23991.02
ORD0009579,CUST00265,PROD00024,STORE003,2025-06-06,6,11416.0
ORD0007650,CUST00801,PROD00016,STORE003,2026-01-28,4,16792.02
ORD0003706,CUST00126,PROD00222,STORE015,2025-05-18,3,20313.91
ORD0008726,CUST01461,PROD00064,STORE022,2025-09-19,5,15424.65
ORD0009164,CUST01246,,STORE020,2025-04-16,2,15693.58
ORD0008914,CUST00272,PROD00124,STORE017,2025-01-08,1,5015.93
ORD0003612,CUST00084,PROD00106,STORE019,2025-07-28,5,22343.04
ORD0009596,CUST01410,PROD00103,STORE017,2025-07-19,6,24933.19
ORD0004584,CUST00746,PROD00186,STORE022,2025-03-22,4,15508.85
ORD0007597,CUST00290,PROD00065,STORE023,2025-12-20,2,24631.99
ORD0004333,CUST00083,PROD00100,STORE010,2026-01-22,3,19153.15
ORD0004073,CUST00659,PROD00232,STORE024,2026-01-25,3,6471.96
ORD0010744,CUST00724,PROD00172,STORE021,2026-02-09,6,23220.46
ORD0001182,CUST01286,PROD00137,STORE016,2026-03-18,2,9565.9
ORD0007646,CUST01415,PROD00081,STORE023,2025-08-02,3,16366.68
ORD0008767,CUST00158,PROD00020,STORE007,2026-04-01,1,4184.02
ORD0002501,CUST01481,PROD00236,STORE004,2025-02-10,5,23349.36
ORD0012374,CUST00961,PROD00251,STORE014,2025-03-25,two,17446.81
ORD0003976,CUST01316,PROD00130,STORE010,2025-01-23,3,2891.44
ORD0002627,CUST00488,PROD00205,STORE022,2025-11-20,1,4633.11
ORD0004640,CUST01390,PROD00004,STORE010,2025-09-03,3,15561.75
ORD0008056,CUST01160,PROD00125,STORE010,2025-12-16,1,24134.99
ORD0012245,CUST01318,PROD00030,STORE016,2025-11-07,4,4265.94
ORD0012391,CUST01470,PROD00110,STORE008,2026-02-21,3,15537.47
ORD0000274,CUST00231,PROD00273,STORE006,2025-02-14,5,21180.54
ORD0009907,CUST00393,PROD00210,STORE018,2025-02-15,6,2899.63
ORD0000990,CUST00843,PROD00144,STORE010,2026-02-22,5,14456.38
ORD0008489,CUST00322,PROD00022,STORE014,2026-03-20,4,15849.56
ORD0000248,CUST01220,PROD00214,STORE025,2025-05-15,6,6844.17
ORD0008486,CUST00489,PROD00266,STORE023,2026-03-19,6,6335.28
ORD0009290,CUST00433,PROD00123,STORE019,2025-03-19,6,18403.0
ORD0005304,CUST00560,PROD00025,STORE018,2026-13-40,5,5812.27
ORD0001976,CUST01032,PROD00268,STORE003,2025-10-08,5,12411.43
ORD0001277,CUST01450,PROD00034,STORE011,2025-11-09,2,1201.08
ORD0007362,CUST01142,PROD00166,STORE013,2026-01-07,5,9098.23
ORD0007062,CUST00582,PROD00060,STORE002,2026-02-03,5,10207.46
ORD0004478,CUST01406,PROD00199,STORE005,2025-07-18,5,20194.96
ORD0010806,CUST01128,PROD00112,STORE002,2025-06-07,3,18706.2
ORD0009129,CUST01280,PROD00161,STORE019,2026-01-08,6,15569.39
ORD0002961,CUST01279,PROD00007,STORE004,2025-06-12,4,12980.54
ORD0011179,CUST00465,PROD00156,STORE002,2025-10-07,1,19544.53
ORD0010982,CUST00233,PROD00186,STORE018,2026-04-19,1,2995.86
ORD0011776,CUST01323,PROD00045,STORE021,2025-04-28,5,5694.09
ORD0007348,CUST01333,PROD00230,STORE005,2026-02-04,3,17406.12
ORD0007346,CUST01400,PROD00147,STORE016,2025-03-11,6,1073.69
ORD0010987,CUST01157,PROD00217,STORE001,2025-09-03,6,19970.68
ORD0003977,CUST00926,PROD00207,STORE019,2025-03-11,2,18633.86
ORD0009278,CUST01390,PROD00246,STORE016,2026-02-25,5,15682.85
ORD0005072,CUST01088,PROD00133,STORE009,2025-10-21,2,11579.24
ORD0004860,CUST00386,PROD00195,STORE019,2025-08-19,6,21387.88
ORD0012286,CUST00032,PROD00229,STORE009,2025-10-08,4,20036.51
ORD0002414,CUST00919,PROD00210,STORE014,2025-08-09,1,23420.72
ORD0008067,CUST01373,PROD00183,STORE015,2025-05-03,5,22086.39
ORD0001796,CUST00274,PROD00001,STORE002,2026-04-21,4,4564.88
ORD0004852,CUST00017,PROD00126,STORE019,2026-01-05,6,7031.04
ORD0009634,CUST00959,PROD00120,STORE008,2025-04-24,2,8410.04
ORD0008149,CUST00777,PROD00016,STORE022,2025-12-10,4,2453.0
ORD0008051,CUST00630,PROD00213,STORE011,2026-13-40,1,14332.69
ORD0004470,CUST00529,PROD00073,STORE020,2025-03-15,3,2092.62
ORD0004894,CUST00122,PROD00169,STORE006,2025-10-31,6,20104.4
ORD0001842,CUST00974,PROD00074,STORE025,2025-10-30,5,10388.34
ORD0003184,CUST01116,PROD00269,STORE016,2025-01-24,6,7269.41
ORD0011468,CUST00952,PROD00262,STORE025,2025-02-26,4,22030.05
ORD0001462,CUST00121,PROD00180,STORE018,2025-01-31,6,17495.67
ORD0000278,CUST00930,PROD00271,STORE025,2025-08-10,6,18525.55
ORD0000644,CUST01269,PROD00245,STORE021,2025-12-14,5,14894.4
ORD0004804,CUST01208,PROD00043,STORE025,2025-10-08,4,15223.4
ORD0006693,CUST00444,PROD00037,STORE024,2025-11-09,2,14834.39
ORD0002473,CUST01313,PROD00045,STORE021,2026-03-05,two,10809.03
ORD0011314,CUST00939,PROD00187,STORE025,2025-10-18,3,17998.01
ORD0002749,CUST01130,PROD00174,STORE024,2025-04-14,2,3979.28
ORD0004833,CUST01109,PROD00062,STORE018,2025-09-08,2,18310.95
ORD0005179,CUST00675,PROD00165,STORE006,2025-02-01,1,12351.63
ORD0004594,CUST01010,PROD00218,STORE025,2026-02-18,3,14924.02
ORD0001585,CUST01310,PROD00123,STORE024,2025-12-31,3,22699.88
ORD0010612,CUST00830,PROD00078,STORE008,2025-04-01,3,24938.79
ORD0004103,CUST01196,PROD00127,STORE015,2025-10-08,1,12122.21
ORD0004439,CUST01144,PROD00188,STORE001,2025-12-26,4,22972.47
ORD0000930,CUST00322,PROD00120,STORE024,2025-04-11,1,18351.14
ORD0010223,CUST00351,PROD00283,STORE021,2026-04-18,1,3407.93
ORD0006735,CUST00236,PROD00290,STORE013,2025-12-14,6,6863.62
ORD0005384,CUST00269,PROD00123,STORE020,2025-10-11,1,13893.88
ORD0001121,CUST00316,PROD00067,STORE011,2025-09-10,5,14483.59
ORD0008196,CUST00773,PROD00278,STORE023,2025-10-30,5,8256.65
ORD0007500,CUST01268,PROD00187,STORE008,2025-02-09,6,24206.44
ORD0008902,CUST00104,PROD00089,STORE019,2025-04-17,5,2116.51
ORD0005707,CUST00640,PROD00143,STORE003,2025-11-17,1,10497.87
ORD0004984,CUST00760,PROD00033,STORE007,2025-12-03,5,12087.52
ORD0001928,CUST00328,PROD00268,STORE013,2025-04-04,5,2754.56
ORD0004135,CUST01464,PROD00270,STORE025,2025-09-14,3,4513.74
ORD0000095,CUST01164,PROD00045,STORE019,2026-04-16,4,2340.82
ORD0008738,CUST00053,PROD00288,STORE020,2025-08-28,6,11541.03
ORD0003491,CUST01318,PROD00130,STORE015,2026-01-28,4,21491.39
ORD0005943,CUST00088,PROD00290,STORE023,2025-11-20,4,11215.83
ORD0008939,CUST00442,PROD00059,STORE023,2026-03-06,1,17476.55
ORD0005276,CUST00997,PROD00080,STORE006,2025-03-04,5,14055.18
ORD0006334,CUST00125,PROD00206,STORE007,2025-10-21,2,2401.68
ORD0004745,CUST01233,PROD00136,STORE007,2025-03-26,4,22899.89
ORD0010790,CUST00106,PROD00143,STORE019,2025-03-18,6,10580.65
ORD0012035,CUST00419,PROD00218,STORE003,2025-06-05,2,4805.45
ORD0002512,CUST00830,PROD00149,STORE009,2025-10-15,1,4773.18
ORD0006530,CUST01348,PROD00020,STORE003,2025-03-28,4,21893.62
ORD0007367,CUST01274,PROD00261,STORE012,2025-11-22,2,14686.39
ORD0005282,CUST00673,PROD00102,STORE020,2026-13-40,1,23040.52
ORD0000945,CUST00111,PROD00118,STORE024,2026-03-15,6,13408.54
ORD0006699,CUST01016,PROD00284,STORE017,2025-08-26,5,5552.62
ORD0011933,CUST00638,PROD00095,STORE008,2026-03-23,1,2120.97
ORD0009902,CUST00008,PROD00296,STORE019,2026-02-26,4,4948.33
ORD0009067,CUST00767,PROD00172,STORE005,2026-01-12,6,16503.65
ORD0007693,CUST00210,PROD00201,STORE015,2025-09-23,1,16000.95
ORD0001276,CUST01449,PROD00139,STORE019,2025-12-08,1,7978.92
ORD0004968,CUST01447,PROD00130,STORE001,2025-01-24,5,2318.01
ORD0004586,CUST00632,PROD00050,STORE015,2025-11-17,6,12553.57
ORD0012408,CUST00403,PROD00108,STORE015,2025-04-15,6,13103.06
ORD0011689,CUST00537,PROD00293,STORE015,2025-11-09,4,2388.69
ORD0008714,CUST01267,PROD00003,STORE016,2025-09-04,1,14410.07
ORD0005989,,PROD00109,STORE005,2025-04-10,4,12806.47
ORD0011123,CUST01198,PROD00292,STORE007,2025-11-04,2,5284.27
ORD0010723,CUST00599,PROD00229,STORE021,2025-06-06,6,5898.64
ORD0000030,CUST01241,PROD00160,STORE011,2025-01-12,4,12882.04
ORD0002252,CUST00016,PROD00155,STORE025,2025-01-22,5,12155.1
ORD0002297,CUST00708,PROD00220,STORE025,2025-09-14,3,19933.84
ORD0005403,CUST01027,PROD00227,STORE006,2025-04-15,3,11107.04
ORD0005337,CUST00171,PROD00206,STORE015,2026-02-16,5,2903.8
ORD0002655,CUST00276,PROD00164,STORE016,2025-09-17,2,18995.81
ORD0011754,CUST01406,PROD00112,STORE006,2025-08-17,2,3876.25
ORD0010775,CUST01121,PROD00150,STORE012,2025-03-28,1,15697.25
ORD0006788,CUST00626,PROD00145,STORE020,2025-06-27,3,1640.58
ORD0005109,,PROD00093,STORE008,2025-12-25,5,24899.76
ORD0008730,CUST00874,PROD00166,STORE002,00/00/0000,3,20804.04
ORD0003180,CUST00239,PROD00257,STORE017,2026-03-10,4,18789.58
ORD0005800,CUST01293,PROD00165,STORE009,2025-07-07,4,18359.19
ORD0006819,CUST00452,PROD00076,STORE009,2025-03-16,2,6390.22
ORD0007611,CUST01083,PROD00112,STORE021,2025-10-21,3,4616.08
ORD0011424,CUST00933,PROD00136,STORE024,2025-04-29,5,14813.12
ORD0002463,CUST01312,PROD00101,STORE003,2025-05-29,4,18805.27
ORD0011136,CUST01486,PROD00299,STORE006,2025-01-15,6,19346.65
ORD0010985,CUST01302,PROD00064,STORE012,2026-01-22,2,3800.06
ORD0003685,CUST00979,PROD00213,STORE005,2025-07-27,3,21992.68
ORD0009740,CUST00027,PROD00297,STORE002,2026-01-04,4,5334.33
ORD0002959,CUST00212,PROD00141,STORE017,2025-06-08,6,5548.45
ORD0007142,CUST01436,PROD00186,STORE010,2025-03-07,4,18732.05
ORD0001125,CUST00800,PROD00196,STORE024,2025-08-22,5,8397.14
ORD0011804,CUST01082,PROD00259,STORE025,2025-12-04,5,7755.25
ORD0008238,CUST01030,PROD00123,STORE019,2025-09-06,6,855.82
ORD0002045,CUST00936,PROD00298,STORE022,2025-10-23,5,23635.01
ORD0005680,CUST01368,PROD00156,STORE020,2025-08-17,1,7812.54
ORD0011344,CUST00858,PROD00235,STORE008,2026-04-13,5,1538.45
ORD0001388,CUST00973,PROD00182,STORE023,2025-02-01,1,16428.11
ORD0010693,CUST01282,PROD00279,STORE003,2025-08-27,6,23319.62
ORD0004697,CUST00689,PROD00187,STORE014,2025-08-06,2,23961.75
ORD0006739,CUST00923,PROD00118,STORE022,2025-06-19,6,10438.62
ORD0011462,CUST01003,PROD00162,STORE018,2025-02-20,6,17874.43
ORD0005927,CUST01322,PROD00243,STORE019,2025-08-16,3,10376.01
ORD0009045,CUST01337,PROD00287,STORE012,2025-03-15,1,10053.03
ORD0006101,CUST00807,PROD00109,STORE018,2025-09-07,2,10175.73
ORD0008154,CUST00127,PROD00210,STORE019,2026-03-30,5,21186.5
ORD0004995,CUST01356,PROD00201,STORE024,2026-04-07,2,969.26
ORD0010733,CUST00339,PROD00089,STORE011,2025-12-16,6,6723.28
ORD0000708,CUST00642,PROD00062,STORE005,2026-01-25,2,3204.48
ORD0003500,CUST00705,PROD00249,STORE024,2025-09-07,5,7640.09
ORD0000797,CUST00169,PROD00043,STORE024,2025-08-08,1,3878.65
ORD0003243,CUST00248,PROD00246,STORE022,2025-01-06,2,17709.32
ORD0009602,CUST00710,PROD00121,STORE016,2025-07-25,6,15198.99
ORD0001686,CUST01415,PROD00018,STORE009,2025-07-28,3,970.7
ORD0011405,CUST00904,PROD00118,STORE002,2025-11-01,5,2295.89
ORD0009714,CUST00544,PROD00126,STORE006,2025-02-05,1,14128.44
ORD0010372,CUST01473,PROD00014,STORE015,2026-04-06,2,7743.57
ORD0009172,CUST01101,PROD00144,STORE009,2025-11-23,3,9795.84
ORD0005004,CUST00847,PROD00234,STORE015,2026-03-24,6,24197.0
ORD0001722,CUST00510,PROD00100,STORE010,2025-05-16,4,7424.96
ORD0004226,CUST00312,PROD00116,STORE003,2025-04-17,4,18934.18
ORD0010472,CUST00084,PROD00136,STORE013,2025-04-26,6,8672.68
ORD0010516,CUST01416,PROD00184,STORE015,2025-08-09,,18707.98
ORD0006242,CUST00258,PROD00232,STORE007,2025-02-16,5,5658.17
ORD0000981,CUST01487,PROD00088,STORE017,2025-12-08,5,16182.87
ORD0001874,CUST00705,PROD00224,STORE016,2025-08-06,2,7988.35
ORD0000637,CUST01422,PROD00097,STORE023,2025-09-16,1,22345.61
ORD0005730,CUST00577,PROD00152,STORE002,2025-09-04,6,21018.72
ORD0003448,CUST00637,PROD00058,STORE020,2025-11-03,4,11098.9
ORD0005127,CUST01176,PROD00147,STORE004,2026-04-17,4,19635.17
ORD0010914,CUST00039,PROD00197,STORE009,2025-05-03,5,2104.75
ORD0011503,CUST00674,PROD00259,STORE025,2025-10-29,1,9081.64
ORD0005217,CUST00493,PROD00276,STORE003,2025-01-28,3,510.16
ORD0000846,CUST00925,PROD00173,STORE004,2026-02-04,5,19185.09
ORD0000743,CUST00367,PROD00274,STORE004,00/00/0000,4,13902.95
ORD0010677,CUST01145,PROD00265,STORE004,2025-10-10,5,17329.11
ORD0002737,CUST01195,PROD00183,STORE008,2025-11-22,4,18796.3
ORD0003751,CUST00458,PROD00015,STORE018,2025-07-24,2,1385.46
ORD0001862,CUST01475,PROD00200,STORE025,2025-10-31,6,10171.93
ORD0009119,CUST00650,PROD00220,STORE008,2025-08-07,-1,23651.35
ORD0010928,CUST01065,PROD00067,STORE015,2026-01-11,4,3254.65
ORD0003975,CUST01491,PROD00153,STORE009,2026-04-07,3,11644.49
ORD0000770,CUST01256,PROD00236,STORE012,2025-07-08,5,8264.63
ORD0007049,CUST01488,PROD00016,STORE010,2025-02-16,2,12347.54
ORD0000134,CUST00385,PROD00023,STORE007,2025-06-23,3,10969.71
ORD0005526,,PROD00287,STORE019,2025-10-17,3,24511.79
ORD0002310,CUST00812,PROD00193,STORE003,2026-03-08,5,18848.18
ORD0000099,CUST00631,PROD00098,STORE024,2025-01-28,6,3448.46
ORD0000114,CUST00382,PROD00012,STORE015,2025-10-22,5,11492.68
ORD0008244,CUST00158,PROD00183,STORE005,2025-02-16,5,5381.02
ORD0007166,CUST00796,PROD00073,STORE001,2026-01-29,3,17081.71
ORD0002747,CUST00890,PROD00163,STORE022,2025-10-15,2,8550.89
ORD0002421,CUST00128,PROD00116,STORE014,2026-01-26,1,18975.6
ORD0005202,CUST00252,PROD00299,STORE004,2025-05-16,6,10889.3
ORD0000705,CUST01014,PROD00233,STORE018,2025-09-19,5,20555.78
ORD0000242,CUST01379,PROD00156,STORE004,2025-12-18,4,8659.43
ORD0010018,CUST01414,PROD00198,STORE024,2025-12-28,2,9860.03
ORD0002691,CUST00772,PROD00027,STORE004,2025-09-08,5,9685.69
ORD0011677,CUST00401,PROD00060,STORE022,2025-03-23,4,23923.08
ORD0007437,CUST01376,PROD00047,STORE010,2025-01-26,6,3802.58
ORD0005481,CUST00847,PROD00256,STORE015,2026-03-13,4,11454.75
ORD0011453,CUST00659,PROD00288,STORE014,2025-05-21,1,9044.91
ORD0008043,CUST00009,PROD00092,STORE019,2025-02-02,6,8994.02
ORD0007200,CUST00785,PROD00194,STORE023,2025-01-20,6,6804.63
ORD0000525,CUST00126,PROD00227,STORE006,2025-04-01,5,306.89
ORD0006280,CUST00421,PROD00089,STORE010,2025-11-22,1,10736.62
ORD0006933,CUST00877,,STORE006,2025-06-21,2,9170.68
ORD0004382,CUST00586,PROD00213,STORE012,2025-12-01,4,19500.58
ORD0007645,CUST01452,PROD00033,STORE021,2026-01-29,3,12781.37
ORD0005215,CUST00483,PROD00109,STORE022,2025-03-21,3,1056.27
ORD0006909,CUST00201,PROD00258,STORE004,2025-01-11,6,22884.21
ORD0005505,CUST01435,PROD00299,STORE009,2025-07-21,3,20929.84
ORD0001399,CUST00032,PROD00165,STORE008,2025-03-17,6,14954.55
ORD0009982,CUST00076,PROD00016,STORE010,2026-04-21,6,21727.24
ORD0003077,CUST01438,PROD00294,STORE015,2026-02-10,3,6094.57
ORD0002638,CUST01063,PROD00116,STORE007,2025-08-17,3,8954.68
ORD0012102,CUST00311,PROD00219,STORE022,2025-08-05,3,22736.81
ORD0003017,CUST01062,PROD00073,STORE010,2025-05-16,4,13537.34
ORD0000802,CUST00081,PROD00001,STORE007,2026-02-26,2,22441.84
ORD0005970,CUST00376,PROD00194,STORE003,2025-11-24,3,15293.42
ORD0003452,CUST00671,PROD00295,STORE016,2025-03-30,6,16036.64
ORD0009345,CUST01367,PROD00129,STORE007,2025-01-18,2,10865.57
ORD0011570,CUST01131,,STORE024,2025-02-19,3,12315.12
ORD0004691,CUST00915,PROD00135,STORE020,2025-07-12,6,19812.18
ORD0012061,CUST01363,PROD00297,STORE007,2026-04-09,4,12611.89
ORD0010629,CUST00792,PROD00289,STORE012,2025-11-02,3,16807.63
ORD0007959,CUST00244,PROD00299,STORE023,2025-07-24,1,13502.85
ORD0003493,CUST01351,PROD00135,STORE023,2025-03-30,5,12171.35
ORD0011784,CUST00813,PROD00276,STORE013,2025-10-12,6,24480.16
ORD0009203,CUST00907,PROD00260,STORE007,2025-10-26,3,1320.01
ORD0008645,CUST00057,PROD00025,STORE012,2025-10-27,4,24915.22
ORD0011320,CUST00868,PROD00187,STORE014,2025-06-11,6,9923.12
ORD0012147,CUST00019,,STORE020,2025-01-19,5,19497.85
ORD0005132,CUST00938,PROD00078,STORE014,2025-09-16,3,23747.99
ORD0008713,CUST00548,PROD00037,STORE021,2025-01-08,4,12744.69
ORD0011321,CUST00949,PROD00206,STORE010,2025-05-05,1,10026.76
ORD0004237,CUST00135,PROD00141,STORE021,2025-04-12,1,14051.91
ORD0012280,CUST00481,PROD00124,STORE013,2025-12-18,2,18433.62
ORD0005565,CUST00406,PROD00056,STORE022,2025-05-09,2,4009.22
ORD0010980,CUST00673,PROD00172,STORE006,2026-02-10,3,15792.29
ORD0004216,CUST01490,PROD00106,STORE004,2025-04-30,4,23983.66
ORD0011421,CUST00504,PROD00189,STORE021,2025-09-03,5,13552.65
ORD0005954,CUST01480,PROD00067,STORE013,2025-09-04,3,13371.01
ORD0002668,CUST01285,PROD00250,STORE009,2026-04-21,6,23307.5
ORD0005735,CUST00504,PROD00066,STORE019,2025-06-13,6,1313.18
ORD0002346,CUST00389,PROD00002,STORE012,2025-09-29,3,24906.42
ORD0000959,CUST01292,PROD00014,STORE024,2025-06-10,2,24711.81
ORD0001247,CUST00325,PROD00004,STORE008,2025-05-27,6,17801.74
ORD0003471,CUST00656,PROD00282,STORE005,2025-07-17,1,22867.52
ORD0007715,CUST00472,PROD00224,STORE017,2025-11-20,4,5996.53
ORD0011821,CUST00987,PROD00092,STORE021,2025-09-04,,8750.18
ORD0005235,CUST00202,PROD00107,STORE009,2025-10-19,2,15969.2
ORD0000699,CUST01066,PROD00089,STORE004,2025-05-30,6,18110.15
ORD0009095,CUST00572,PROD00017,STORE011,2026-01-02,3,21029.4
ORD0010782,CUST00345,PROD00061,STORE001,2026-03-15,6,14200.32
ORD0003936,CUST00197,PROD00061,STORE012,2025-01-10,1,8048.6
ORD0011834,CUST00476,PROD00173,STORE017,2025-05-21,4,3536.57
ORD0006894,CUST00558,PROD00194,STORE004,2026-03-26,4,6219.7
ORD0009781,CUST00733,PROD00147,STORE017,2025-12-18,3,23286.52
ORD0002808,CUST01018,PROD00160,STORE003,2025-07-06,1,3602.43
ORD0006423,CUST00892,PROD00157,STORE009,2026-04-09,5,4436.11
ORD0008787,CUST01275,PROD00274,STORE014,2025-02-10,5,15234.8
ORD0008247,CUST01096,PROD00025,STORE002,2025-01-11,3,7009.72
ORD0003849,CUST00987,PROD00200,STORE015,2025-07-07,1,10845.96
ORD0006767,CUST01274,PROD00199,STORE022,2025-05-19,1,13805.18
ORD0009084,CUST01110,PROD00015,STORE020,2026-04-22,1,9583.11
ORD0001657,CUST01346,PROD00188,STORE013,2025-05-22,1,7948.7
ORD0006690,CUST00719,PROD00194,STORE012,2026-01-30,1,16318.81
ORD0007038,CUST00987,PROD00232,STORE016,2025-09-26,6,12474.79
ORD0009198,CUST00943,PROD00189,STORE013,2025-05-06,6,24648.09
ORD0004176,CUST00668,PROD00207,STORE015,2025-12-02,1,3363.12
ORD0010144,CUST00630,PROD00195,STORE008,2025-03-14,3,8679.2
ORD0001002,CUST00833,PROD00018,STORE024,2026-04-16,-1,23911.83
ORD0003442,CUST01434,PROD00251,STORE009,2025-05-22,5,17757.16
ORD0008668,CUST00684,PROD00284,STORE002,2025-07-04,1,1383.07
ORD0008673,CUST00102,PROD00247,STORE015,2025-12-31,5,24170.76
ORD0010911,CUST01047,PROD00062,STORE025,2025-07-08,3,22125.0
ORD0008898,CUST01043,PROD00193,STORE011,2025-01-13,4,6878.21
ORD0002816,CUST00320,PROD00200,STORE013,2025-07-05,2,19046.48
ORD0002035,CUST00459,PROD00294,STORE017,2025-08-10,4,8066.24
ORD0008755,CUST01057,PROD00253,STORE012,2025-12-15,2,16078.99
ORD0005578,CUST01451,PROD00289,STORE022,2025-03-09,1,22250.85
ORD0002147,CUST00773,PROD00244,STORE024,2026-01-01,3,19126.72
ORD0011480,CUST00629,PROD00045,STORE007,2025-09-08,6,22209.42
ORD0003387,CUST01211,PROD00051,STORE005,2026-03-16,4,23478.18
ORD0006724,CUST00257,PROD00167,STORE008,2025-01-28,5,22452.25
ORD0003870,CUST00256,PROD00253,STORE022,2025-05-06,4,23724.88
ORD0000213,CUST00301,PROD00150,STORE013,2025-01-15,3,15973.54
ORD0008890,CUST01181,PROD00277,STORE020,2025-02-24,6,9080.45
ORD0006417,CUST00921,PROD00083,STORE016,2025-09-28,6,11833.21
ORD0002677,CUST00059,PROD00078,STORE014,2026-01-19,6,8794.84
ORD0006858,CUST00004,PROD00281,STORE017,2026-01-26,5,23409.13
ORD0011525,CUST00578,PROD00229,STORE017,2025-09-29,5,21562.25
ORD0005119,CUST00011,PROD00174,STORE019,2025-01-23,1,7695.97
ORD0001866,CUST00885,PROD00230,STORE019,2025-09-03,1,12640.94
ORD0000513,CUST00171,PROD00231,STORE022,2026-04-13,1,20166.06
ORD0001365,CUST00057,PROD00054,STORE003,2025-02-21,-1,7131.13
ORD0011008,CUST00633,PROD00169,STORE015,2025-11-02,5,6666.46
ORD0001031,CUST01083,PROD00070,STORE014,2025-11-27,1,5417.22
ORD0001159,CUST00691,PROD00144,STORE018,2025-10-29,6,8587.47
ORD0008605,CUST01477,PROD00250,STORE012,2025-05-27,3,5758.15
ORD0006942,CUST00889,PROD00056,STORE005,2025-07-15,1,19568.81
ORD0002877,CUST01238,PROD00108,STORE016,2025-03-06,1,9995.94
ORD0005278,CUST01375,PROD00098,STORE020,2025-11-23,2,4279.96
ORD0007887,CUST00096,PROD00147,STORE007,2025-01-24,1,unknown
ORD0008983,CUST00861,PROD00177,STORE018,2026-04-16,3,20867.58
ORD0011190,CUST01381,PROD00234,STORE020,2025-12-19,2,3229.59
ORD0005573,CUST00009,PROD00038,STORE011,2025-08-28,1,7021.95
ORD0008838,CUST01403,PROD00059,STORE011,2025-01-13,2,6117.14
ORD0003922,CUST00022,PROD00232,STORE005,2025-01-20,2,6129.58
ORD0005763,CUST00485,PROD00149,STORE023,2025-05-11,1,2460.85
ORD0000273,CUST00138,PROD00039,STORE019,2026-02-04,1,24359.55
ORD0012115,CUST01464,PROD00119,STORE011,2025-11-21,6,17558.32
ORD0008917,CUST01494,PROD00172,STORE020,2025-06-17,3,3186.03
ORD0005123,CUST00276,PROD00021,STORE010,2025-05-19,2,16334.83
ORD0008142,CUST00183,PROD00009,STORE023,2025-12-13,3,4198.3
ORD0000293,CUST00649,PROD00213,STORE007,2026-02-14,2,24631.03
ORD0008672,CUST01410,PROD00171,STORE015,2025-11-22,5,2797.4
ORD0002529,CUST00155,PROD00213,STORE024,2025-01-18,5,17541.11
ORD0010365,CUST00567,PROD00114,STORE021,2025-02-06,5,16929.0
ORD0002861,CUST00378,PROD00124,STORE024,2025-03-31,2,22538.71
ORD0002300,CUST00776,PROD00071,STORE014,2025-05-24,5,14260.33
ORD0005768,CUST00747,PROD00200,STORE011,2025-08-19,5,12059.98
ORD0010993,CUST00602,PROD00144,STORE002,2025-05-20,4,15564.44
ORD0008059,CUST00930,PROD00057,STORE018,2026-03-02,6,20472.58
ORD0008891,CUST01432,PROD00062,STORE008,2025-11-14,6,19148.78
ORD0005226,CUST00198,PROD00286,STORE006,2025-12-26,2,16990.31
ORD0002428,CUST00264,PROD00116,STORE011,2026-03-30,1,23086.67
ORD0003349,CUST01496,PROD00093,STORE019,2025-08-05,6,4770.5
ORD0012243,CUST01074,PROD00186,STORE002,2025-03-18,4,22558.46
ORD0002015,CUST01496,PROD00009,STORE019,2026-02-26,3,7731.51
ORD0008896,CUST00601,PROD00094,STORE005,2026-02-19,5,19293.87
ORD0002523,CUST01414,PROD00176,STORE005,2026-04-20,4,1580.84
ORD0006529,CUST01146,PROD00277,STORE002,2026-02-26,2,9038.25
ORD0000444,CUST00389,PROD00250,STORE009,2025-12-21,5,409.18
ORD0004772,CUST00848,PROD00183,STORE011,2026-01-26,5,700.94
ORD0010678,CUST00928,PROD00006,STORE023,2025-08-09,4,21575.91
ORD0007787,CUST01188,PROD00196,STORE011,2025-07-19,3,15697.29
ORD0005992,CUST00988,PROD00043,STORE023,2025-02-04,2,18584.96
ORD0006144,CUST00014,PROD00189,STORE013,2025-02-01,5,12657.45
ORD0000039,CUST01004,PROD00128,STORE003,2026-03-06,2,10169.4
ORD0008466,CUST00668,PROD00071,STORE023,2025-08-07,6,12299.42
ORD0003933,CUST00679,PROD00283,STORE001,2025-12-02,1,8330.57
ORD0011234,CUST01262,PROD00210,STORE009,2025-04-29,2,14372.84
ORD0004392,CUST01475,PROD00012,STORE024,2026-03-16,4,5315.64
ORD0007716,CUST00616,PROD00160,STORE024,2025-09-17,3,22459.26
ORD0003141,CUST01361,PROD00300,STORE016,2025-11-25,-1,3099.75
ORD0012208,CUST00297,PROD00039,STORE012,2026-03-18,6,2307.26
ORD0010384,CUST00077,PROD00209,STORE023,2026-03-10,5,3176.19
ORD0008304,CUST00433,PROD00219,STORE016,2025-01-08,3,13335.07
ORD0011685,CUST00331,PROD00032,STORE001,2025-04-15,4,24046.89
ORD0009559,CUST00159,PROD00166,STORE023,2026-03-02,4,15305.41
ORD0000966,CUST00536,PROD00126,STORE013,2025-02-15,3,15971.2
ORD0000510,CUST00554,PROD00193,STORE011,2026-03-14,3,20108.18
ORD0001517,CUST00447,PROD00100,STORE019,2025-12-24,3,7772.91
ORD0007574,CUST01252,PROD00275,STORE007,2025-05-15,4,12408.9
ORD0005645,CUST00634,PROD00162,STORE008,2025-04-01,4,9006.52
ORD0000033,CUST00833,PROD00288,STORE009,2025-12-26,4,7217.91
ORD0010492,CUST00235,PROD00115,STORE017,2025-12-14,5,5467.03
ORD0008804,CUST00725,PROD00225,STORE016,not_a_date,1,16625.89
ORD0008514,CUST01292,PROD00292,STORE014,2025-01-16,6,1905.78
ORD0010281,CUST00935,PROD00098,STORE003,2025-03-18,2,7103.69
ORD0011486,CUST00647,PROD00244,STORE022,2026-04-20,5,10785.85
ORD0000299,CUST00663,PROD00024,STORE005,2025-01-05,2,unknown
ORD0000076,CUST00052,PROD00188,STORE015,2025-08-06,6,8747.89
ORD0009121,CUST00026,PROD00294,STORE001,2025-10-12,2,21443.74
ORD0000308,CUST01105,PROD00194,STORE025,2025-03-28,5,18104.69
ORD0008819,CUST00375,PROD00088,STORE014,2025-06-13,3,11388.04
ORD0010055,CUST00900,PROD00036,STORE020,2025-11-25,1,413.44
ORD0011482,CUST00107,PROD00267,STORE004,2025-06-08,5,15945.2
ORD0000271,CUST00765,PROD00009,STORE019,2025-09-16,4,24892.01
ORD0002820,CUST00775,PROD00261,STORE021,2025-05-14,4,21549.48
ORD0009757,CUST01081,PROD00275,STORE023,2025-07-04,5,15194.38
ORD0009545,CUST01483,PROD00093,STORE017,2025-06-09,3,7234.65
ORD0007375,CUST01363,PROD00098,STORE008,2025-02-09,6,3921.24
ORD0002445,CUST01287,PROD00011,STORE022,2025-01-07,4,13424.33
ORD0006533,CUST00721,PROD00055,STORE011,2026-04-06,1,9876.91
ORD0004075,CUST01261,PROD00133,STORE022,2025-05-25,6,4269.22
ORD0008048,CUST00707,PROD00246,STORE023,2026-04-21,3,7935.71
ORD0002810,CUST01196,PROD00278,STORE020,2025-09-24,6,15397.51
ORD0006340,CUST01336,PROD00109,STORE001,2025-10-03,4,2573.44
ORD0000166,CUST00665,PROD00114,STORE003,2025-12-31,5,7302.61
ORD0004095,CUST00930,PROD00102,STORE021,2026-03-12,3,17375.52
ORD0003272,CUST01040,PROD00223,STORE025,2025-03-31,3,20326.59
ORD0012303,CUST01349,PROD00080,STORE014,2025-01-02,2,19967.53
ORD0006832,CUST00131,PROD00044,STORE012,2025-11-22,2,21275.34
ORD0011220,CUST00371,PROD00004,STORE001,2025-10-19,2,13399.46
ORD0007989,CUST01320,PROD00264,STORE003,2025-07-09,4,18627.27
ORD0007355,CUST00547,PROD00236,STORE010,2025-02-11,6,19292.49
ORD0003614,,PROD00036,STORE022,2025-08-13,1,1521.08
ORD0012071,CUST01381,PROD00138,STORE008,2026-04-19,3,1079.74
ORD0003882,CUST00209,PROD00090,STORE013,2025-10-26,5,6123.93
ORD0000663,CUST01432,PROD00221,STORE001,2025-12-22,6,13200.6
ORD0005957,CUST00978,PROD00039,STORE021,2026-03-21,6,15749.63
ORD0005831,CUST00139,PROD00123,STORE017,2025-08-20,1,23846.25
ORD0001370,CUST00355,PROD00296,STORE020,2026-02-07,3,11185.6
ORD0004321,CUST00029,PROD00097,STORE022,2026-03-02,6,11888.81
ORD0003183,CUST00763,PROD00187,STORE016,2025-04-11,2,11550.34
ORD0006374,CUST01233,PROD00012,STORE010,2025-01-12,2,2854.91
ORD0007847,CUST00940,PROD00060,STORE004,2025-07-28,5,13172.03
ORD0005679,CUST00325,PROD00259,STORE005,2025-06-17,4,11949.86
ORD0011953,CUST01317,PROD00029,STORE022,2026-03-29,3,10728.27
ORD0000463,CUST00759,PROD00020,STORE005,2025-01-04,1,17155.27
ORD0009929,CUST01012,PROD00252,STORE024,2025-04-04,3,3638.55
ORD0011562,CUST00903,PROD00077,STORE018,2026-01-18,1,11611.46
ORD0011340,CUST00418,PROD00193,STORE007,2025-05-25,6,4348.3
ORD0001228,CUST00427,PROD00275,STORE001,2025-11-30,6,4594.12
ORD0008011,CUST00127,PROD00181,STORE013,2026-01-10,2,10305.83
ORD0009293,CUST00246,PROD00057,STORE023,2025-05-31,5,4345.48
ORD0010565,CUST01464,PROD00152,STORE016,2025-01-13,2,17235.34
ORD0002291,CUST01238,PROD00150,STORE006,2026-02-24,5,24370.75
ORD0008321,CUST00250,PROD00040,STORE025,2026-01-11,5,22730.32
ORD0006688,CUST01318,PROD00187,STORE016,2025-02-15,5,14388.46
ORD0011145,CUST01161,PROD00097,STORE021,2025-04-08,2,22691.3
ORD0000423,CUST00086,PROD00184,STORE002,2026-04-11,4,20301.05
ORD0006723,CUST01069,PROD00238,STORE002,2025-11-22,1,8873.22
ORD0001557,CUST01285,PROD00007,STORE005,2025-01-26,1,15905.99
ORD0005395,CUST00555,PROD00149,STORE005,2025-08-28,1,2075.78
ORD0008009,CUST00902,PROD00215,STORE019,2025-05-31,6,1576.79
ORD0001876,CUST00484,PROD00111,STORE021,2025-08-14,6,16548.68
ORD0000236,CUST00002,PROD00129,STORE025,2025-09-10,4,15093.65
ORD0007868,CUST00049,PROD00095,STORE005,2025-01-02,1,6988.74
ORD0004274,CUST01200,PROD00100,STORE009,2025-11-06,1,19555.18
ORD0009954,CUST01366,PROD00167,STORE014,2025-12-21,3,2848.57
ORD0012388,CUST00042,PROD00247,STORE024,2026-03-30,3,5100.36
ORD0010666,CUST01169,PROD00267,STORE002,2026-02-03,6,15725.38
ORD0008322,CUST00776,PROD00290,STORE007,2025-02-27,3,18198.08
ORD0000586,CUST00087,PROD00113,STORE025,2026-03-22,2,23756.66
ORD0002168,CUST00532,PROD00202,STORE022,2025-03-17,5,10160.24
ORD0005820,CUST00580,PROD00197,STORE015,2025-12-01,5,4065.74
ORD0004447,CUST00218,PROD00035,STORE023,2026-02-08,2,22642.12
ORD0008929,CUST00555,PROD00025,STORE018,2025-12-21,1,21250.43
ORD0006042,CUST00568,PROD00156,STORE006,2026-03-17,3,10307.43
ORD0007579,CUST00386,PROD00253,STORE011,2026-01-13,6,21789.34
ORD0010007,CUST00281,PROD00158,STORE020,2026-02-14,4,19190.52
ORD0008023,CUST00757,PROD00025,STORE014,2025-11-12,6,14267.79
ORD0004539,CUST00640,PROD00269,STORE007,2025-06-08,4,13956.05
ORD0010540,CUST00140,PROD00116,STORE004,2025-11-29,6,11594.71
ORD0005151,CUST00257,PROD00264,STORE011,2025-10-02,4,18347.07
ORD0010440,CUST00582,PROD00256,STORE007,2025-09-25,5,11353.31
ORD0000254,CUST00765,PROD00013,STORE011,2025-06-16,4,19804.36
ORD0011150,CUST01199,PROD00031,STORE017,2026-04-20,6,15224.01
ORD0002393,CUST01123,PROD00127,STORE007,2026-01-12,3,18824.67
ORD0008280,CUST01310,PROD00239,STORE020,2025-08-01,1,17638.13
ORD0006647,CUST00845,PROD00147,STORE013,2025-10-27,6,20724.71
ORD0009534,CUST00612,PROD00149,STORE001,2025-05-18,2,15801.4
ORD0003880,CUST01171,PROD00117,STORE022,2025-03-13,2,24441.14
ORD0004184,CUST00587,PROD00039,STORE018,2025-03-24,2,15663.0
ORD0012127,CUST01416,PROD00229,STORE022,2025-02-03,1,16193.58
ORD0002621,CUST00927,PROD00108,STORE015,2025-10-26,5,1797.78
ORD0003510,CUST00764,PROD00207,STORE002,2025-04-08,1,11617.77
ORD0009701,CUST00535,PROD00065,STORE001,2025-03-03,6,19330.19
ORD0002642,CUST00261,PROD00048,STORE017,2025-12-12,4,15504.0
ORD0009763,CUST00973,PROD00100,STORE006,2025-08-20,1,11946.67
ORD0008759,CUST00474,PROD00218,STORE017,2025-03-07,2,14113.9
ORD0004311,CUST00379,PROD00124,STORE016,2025-05-30,6,16777.27
ORD0002266,CUST00345,PROD00154,STORE015,2025-04-07,2,13878.9
ORD0006881,CUST01161,PROD00053,STORE001,2025-02-19,5,8701.49
ORD0001906,CUST01493,PROD00116,STORE016,2025-09-20,5,abc
ORD0007697,CUST00599,PROD00036,STORE008,2025-06-24,4,6093.55
ORD0006195,CUST00606,PROD00251,STORE025,2025-11-25,3,7397.28
ORD0001954,CUST01391,PROD00022,STORE022,2026-04-12,2,20982.23
ORD0002517,CUST00289,PROD00024,STORE005,2025-01-12,2,17197.36
ORD0010371,CUST00810,PROD00029,STORE009,2025-01-14,4,7527.85
ORD0008775,CUST01266,PROD00202,STORE016,2025-09-10,5,21567.53
ORD0005978,CUST00116,PROD00229,STORE017,2026-02-19,4,21772.66
ORD0010221,CUST01394,PROD00206,STORE004,2025-08-01,5,4478.27
ORD0006381,CUST00778,PROD00215,STORE010,2025-11-26,3,19062.84
ORD0004085,CUST01056,PROD00030,STORE007,2025-03-29,3,12657.4
ORD0000065,CUST01321,PROD00197,STORE011,2025-10-31,5,19333.67
ORD0009319,CUST00440,PROD00140,STORE009,2025-08-23,1,236.89
ORD0000298,CUST00799,PROD00242,STORE001,2026-04-05,3,18281.28
ORD0010389,CUST00943,PROD00039,STORE013,2025-11-12,3,22912.98
ORD0006198,CUST01289,PROD00294,STORE006,2026-01-21,6,24560.99
ORD0006056,CUST00569,PROD00187,STORE022,2025-03-13,1,11175.71
ORD0000080,CUST00520,PROD00258,STORE001,2025-11-28,5,6934.74
ORD0000459,CUST01477,PROD00225,STORE001,2025-05-06,4,1874.16
ORD0005180,CUST00589,PROD00294,STORE020,2025-09-28,5,13057.28
ORD0002933,CUST00597,PROD00027,STORE015,2025-11-29,1,5209.75
ORD0010409,CUST00800,PROD00207,STORE022,2025-10-03,1,4143.59
ORD0011845,CUST01362,PROD00285,STORE016,2025-06-26,3,18610.25
ORD0000526,CUST00405,PROD00135,STORE005,2025-04-07,5,14449.54
ORD0007072,CUST01206,PROD00223,STORE019,2025-01-26,4,9522.59
ORD0002506,CUST00811,PROD00281,STORE001,2025-01-26,3,17213.62
ORD0011625,CUST01239,PROD00001,STORE002,2025-05-14,5,8042.8
ORD0010465,CUST00609,PROD00140,STORE005,2025-09-17,6,1546.78
ORD0000349,CUST01475,PROD00175,STORE009,2026-04-02,1,9630.32
ORD0007292,CUST01289,PROD00087,STORE019,2025-05-01,5,20511.06
ORD0007864,CUST00669,PROD00054,STORE016,2025-09-30,4,7324.63
ORD0002983,CUST01455,PROD00032,STORE006,2025-09-23,3,3275.68
ORD0009052,CUST00367,PROD00255,STORE016,2025-01-29,5,23731.56
ORD0005446,CUST00798,PROD00085,STORE022,2026-03-06,2,9585.29
ORD0005452,CUST01397,PROD00186,STORE025,2025-04-25,3,11549.87
ORD0002130,CUST01125,PROD00188,STORE012,2025-09-14,4,21698.22
ORD0003855,CUST01096,PROD00230,STORE001,2025-12-06,1,23475.99
ORD0009152,CUST00570,PROD00085,STORE023,2025-01-09,5,7729.57
ORD0002242,CUST00469,PROD00014,STORE001,2025-12-04,5,14888.32
ORD0009730,CUST00696,PROD00242,STORE024,2025-01-25,6,17714.97
ORD0008010,CUST00183,PROD00133,STORE005,2026-01-21,3,23353.68
ORD0007488,CUST01368,PROD00032,STORE025,2025-07-30,3,8973.9
ORD0007228,CUST01097,PROD00264,STORE023,2025-02-10,4,22031.49
ORD0006396,CUST00304,PROD00180,STORE004,2025-10-03,5,2625.45
ORD0005363,CUST01292,PROD00046,STORE006,2025-08-18,3,20762.05
ORD0002020,CUST00275,PROD00139,STORE012,2025-10-04,6,9073.39
ORD0006508,CUST01339,PROD00006,STORE002,2026-04-07,4,13441.64
ORD0000886,CUST00235,PROD00208,STORE019,2025-12-20,2,18707.62
ORD0003084,CUST01343,PROD00220,STORE018,2025-08-03,5,16617.1
ORD0012448,CUST00959,PROD00057,STORE013,2026-01-23,5,1722.29
ORD0002873,CUST01265,PROD00047,STORE015,2025-06-01,2,2615.34
ORD0011287,CUST01253,PROD00071,STORE014,2025-09-19,5,11424.57
ORD0012116,CUST00987,PROD00052,STORE010,2025-10-28,2,11752.19
ORD0005025,CUST00249,PROD00054,STORE022,2025-09-19,2,1620.82
ORD0012302,CUST00980,PROD00018,STORE018,2025-03-09,2,14598.41
ORD0005514,CUST00704,PROD00023,STORE024,2025-12-24,2,22703.53
ORD0006683,CUST00598,PROD00150,STORE006,2026-13-40,5,12770.37
ORD0007009,CUST01335,PROD00123,STORE008,2026-04-13,5,7876.08
ORD0011537,CUST00963,PROD00051,STORE016,2025-10-17,5,11559.21
ORD0008808,CUST00680,PROD00267,STORE010,2025-03-24,2,6507.89
ORD0008427,CUST01110,PROD00163,STORE010,2026-01-19,1,4378.18
ORD0007099,CUST01485,PROD00147,STORE020,2026-02-09,1,17221.92
ORD0002986,CUST00967,PROD00065,STORE024,2026-01-27,1,16026.88
ORD0009764,CUST01043,PROD00166,STORE010,2026-04-04,3,11615.23
ORD0003704,CUST01464,PROD00146,STORE006,2025-07-25,6,6327.32
ORD0011332,CUST00785,PROD00024,STORE012,2025-06-21,2,7176.49
ORD0007248,CUST00158,PROD00180,STORE021,2025-07-14,1,15581.48
ORD0006823,CUST01453,PROD00133,STORE023,2026-01-04,3,19316.73
ORD0000830,CUST00129,PROD00243,STORE014,2025-11-08,4,22865.51
ORD0003886,CUST01290,PROD00220,STORE025,2025-08-11,6,18281.7
ORD0007225,CUST01039,PROD00084,STORE003,2025-03-31,4,20067.46
ORD0008481,CUST00134,PROD00175,STORE003,2025-12-07,2,7862.01
ORD0012370,CUST00975,PROD00234,STORE021,2026-03-16,2,1014.48
ORD0003098,CUST01236,PROD00101,STORE019,2025-08-17,1,17469.03
ORD0003370,CUST01272,PROD00092,STORE007,2026-03-14,5,5257.52
ORD0010079,CUST01400,PROD00038,STORE002,2025-09-02,2,12085.92
ORD0006062,CUST01024,PROD00062,STORE003,2025-04-15,4,11135.61
ORD0008218,CUST00978,PROD00026,STORE022,2025-05-01,-1,21419.07
ORD0003820,CUST00094,PROD00179,STORE016,2025-12-17,4,6149.68
ORD0011679,CUST01355,PROD00140,STORE010,2025-04-04,2,6973.41
ORD0003492,CUST00590,PROD00135,STORE008,2026-04-03,6,1933.15
ORD0005400,CUST00752,PROD00039,STORE006,2026-04-11,5,2914.4
ORD0009888,CUST01130,PROD00065,STORE024,2026-03-30,1,15175.22
ORD0004206,CUST00361,PROD00237,STORE014,2025-04-06,5,10487.87
ORD0000675,CUST01360,PROD00244,STORE016,2025-03-30,4,5470.94
ORD0002980,CUST01056,PROD00175,STORE007,2025-08-25,2,22538.61
ORD0009914,CUST00889,PROD00249,STORE005,2025-10-30,3,4544.46
ORD0002332,CUST01327,PROD00288,STORE014,2025-10-07,6,19156.33
ORD0004038,CUST01419,PROD00010,STORE021,2025-05-16,4,22170.0
ORD0010214,CUST00763,PROD00066,STORE016,2025-01-10,2,10165.22
ORD0011099,CUST00163,PROD00067,STORE010,2026-01-01,1,8297.58
ORD0000892,CUST00296,PROD00076,STORE024,2026-03-21,6,19672.1
ORD0008000,CUST00108,PROD00140,STORE003,2025-11-10,5,10836.32
ORD0003484,CUST00621,PROD00135,STORE021,2026-03-04,6,5374.63
ORD0011515,CUST00486,PROD00057,STORE024,2025-02-17,3,11871.93
ORD0004602,CUST00645,PROD00117,STORE021,2026-03-26,5,6578.65
ORD0004123,CUST00902,PROD00091,STORE021,2025-09-09,6,18798.83
ORD0009112,CUST00228,PROD00066,STORE025,2025-12-06,two,11764.1
ORD0008779,CUST00692,PROD00182,STORE009,2025-01-21,4,15329.11
ORD0006658,CUST00819,PROD00292,STORE004,2025-01-31,1,18774.67
ORD0001710,CUST00258,PROD00020,STORE008,2025-05-23,1,1216.33
ORD0004456,CUST00583,PROD00175,STORE020,2025-12-19,4,13941.04
ORD0002155,CUST01010,PROD00169,STORE004,2025-07-10,2,5970.12
ORD0003020,CUST01348,PROD00073,STORE001,2025-01-26,5,9869.41
ORD0009974,CUST01200,PROD00299,STORE010,2025-11-05,6,22208.06
ORD0008810,CUST00343,PROD00052,STORE006,2025-10-08,3,17723.95
ORD0009939,CUST00658,PROD00059,STORE008,2025-06-08,6,16135.38
ORD0007591,CUST00199,PROD00208,STORE001,2025-01-13,5,17181.19
ORD0008753,CUST00431,PROD00042,STORE024,2025-03-07,1,2095.18
ORD0004190,CUST00306,PROD00031,STORE007,2025-12-07,1,19768.88
ORD0005445,CUST00352,PROD00045,STORE002,2025-03-08,1,12585.16
ORD0002680,CUST00942,PROD00064,STORE020,2025-08-01,6,9532.22
ORD0009803,CUST00212,,STORE010,2026-03-06,1,16014.85
ORD0010350,CUST01056,PROD00241,STORE002,2025-09-01,6,17681.04
ORD0005624,CUST00858,PROD00240,STORE013,2025-11-20,4,1051.4
ORD0008708,CUST00627,PROD00167,STORE007,,2,12382.52
ORD0005299,CUST00346,PROD00258,STORE018,2026-01-18,4,18980.12
ORD0007145,CUST00156,PROD00263,STORE020,2025-09-19,2,17678.22
ORD0011956,CUST00937,PROD00228,STORE011,2026-03-14,2,16928.95
ORD0001942,CUST01482,PROD00219,STORE002,2025-09-29,5,1617.91
ORD0006896,CUST01347,PROD00065,STORE001,2025-04-14,5,9985.78
ORD0009575,CUST00418,PROD00089,STORE011,2026-03-13,1,400.2
ORD0004723,CUST01014,PROD00223,STORE014,2026-02-06,2,11142.23
ORD0009793,CUST00755,PROD00104,STORE015,2026-04-02,3,24670.58
ORD0000843,CUST00200,PROD00148,STORE010,2025-11-24,5,17335.2
ORD0001297,CUST00818,PROD00134,STORE010,2026-01-24,5,3585.28
ORD0010434,CUST01479,PROD00233,STORE007,2025-06-25,5,21637.42
ORD0002830,CUST01136,PROD00138,STORE015,2025-04-27,5,20092.96
ORD0004870,CUST01275,PROD00059,STORE007,2026-03-18,2,19102.12
ORD0007576,CUST00922,PROD00227,STORE009,2025-12-23,5,20863.07
ORD0004872,CUST00431,PROD00271,STORE010,2025-02-09,5,22210.31
ORD0000465,CUST01162,PROD00062,STORE008,2025-10-07,6,1024.6
ORD0001639,CUST01007,PROD00064,STORE005,2025-11-27,4,2629.45
ORD0002201,CUST00772,PROD00296,STORE008,2025-08-14,1,21596.18
ORD0010866,CUST00258,PROD00153,STORE006,2026-02-23,6,3859.44
ORD0001880,CUST00475,PROD00274,STORE008,2026-03-02,3,301.75
ORD0011498,CUST01083,,STORE011,2025-05-11,6,11409.76
ORD0009513,CUST00552,PROD00186,STORE014,2026-03-10,3,2219.59
ORD0004970,CUST01127,PROD00241,STORE018,2025-11-20,4,16092.01
ORD0002958,CUST00156,PROD00110,STORE011,2025-12-02,2,13132.65
ORD0007473,CUST00701,PROD00284,STORE024,2025-09-25,2,5299.49
ORD0003530,CUST01149,PROD00079,STORE013,2026-03-12,1,12914.6
ORD0002157,CUST00317,PROD00193,STORE021,2026-02-20,1,19096.32
ORD0000542,CUST00306,PROD00205,STORE012,2026-02-23,1,10944.37
ORD0000233,CUST01208,PROD00111,STORE020,2025-01-05,4,7604.03
ORD0008145,CUST01121,PROD00227,STORE006,2025-12-28,3,8324.41
ORD0007923,CUST01024,PROD00300,STORE018,2025-12-06,2,$5987.26
ORD0008131,CUST01322,PROD00174,STORE005,2025-08-31,2,13820.59
ORD0008153,CUST00738,PROD00187,STORE018,2026-01-13,2,12186.79
ORD0006269,CUST01341,PROD00241,STORE008,2025-09-02,4,19012.55
ORD0011363,CUST00398,PROD00007,STORE018,2025-07-03,5,11106.08
ORD0003507,CUST01209,PROD00251,STORE024,2025-05-29,6,6252.09
ORD0003979,CUST00926,PROD00182,STORE019,2025-01-16,1,17280.83
ORD0002947,CUST00688,PROD00130,STORE020,2026-03-25,3,22282.72
ORD0001123,CUST01318,PROD00096,STORE022,2025-07-08,6,19841.27
ORD0004639,CUST00948,PROD00110,STORE014,2025-12-20,3,16549.36
ORD0004378,CUST00722,PROD00290,STORE025,2025-12-13,4,6164.03
ORD0006609,CUST01486,PROD00133,STORE009,2025-10-10,5,24654.05
ORD0001440,CUST00735,PROD00233,STORE021,2026-03-02,5,14496.21
ORD0006868,CUST01431,PROD00124,STORE002,2025-10-19,5,24586.84
ORD0008501,CUST00717,PROD00257,STORE021,,6,18174.32
ORD0011761,CUST00730,PROD00253,STORE012,2025-12-23,2,3563.52
ORD0004666,CUST00385,PROD00264,STORE005,2026-03-13,4,23305.17
ORD0011036,CUST00606,PROD00295,STORE009,2025-09-11,1,16658.22
ORD0001396,CUST01373,PROD00185,STORE009,2026-02-27,3,10773.31
ORD0009179,CUST00865,PROD00186,STORE007,2025-05-31,4,1248.92
ORD0011816,CUST00577,PROD00080,STORE023,2025-12-11,1,14603.19
ORD0000569,CUST00052,PROD00015,STORE021,2025-02-10,6,19094.98
ORD0003873,CUST01121,PROD00070,STORE005,2026-01-20,1,10354.92
ORD0002979,CUST00427,PROD00003,STORE025,00/00/0000,2,310.53
ORD0005121,CUST00597,PROD00202,STORE005,2025-08-08,4,4572.84
ORD0001014,CUST00399,PROD00088,STORE024,2025-11-07,2,23548.76
ORD0007605,CUST00088,PROD00091,STORE008,2026-13-40,5,7456.8
ORD0002365,CUST00226,PROD00088,STORE016,2025-01-08,4,9889.04
ORD0002929,CUST00617,PROD00224,STORE022,2025-04-06,3,22540.7
ORD0010354,CUST01060,PROD00090,STORE008,2025-11-20,2,19379.84
ORD0007387,CUST00849,PROD00163,STORE006,2025-12-22,6,1823.5
ORD0000998,CUST00210,PROD00047,STORE004,2025-09-27,6,15056.4
ORD0012261,CUST00557,PROD00237,STORE002,2025-01-25,5,5621.06
ORD0005682,CUST01032,PROD00300,STORE023,2025-02-17,4,16407.97
ORD0001266,CUST00520,PROD00255,STORE001,2025-01-03,2,3144.33
ORD0010948,CUST01397,PROD00222,STORE021,2025-07-11,2,17598.41
ORD0003605,CUST00431,PROD00152,STORE017,2025-12-15,3,6818.82
ORD0008963,CUST01052,PROD00129,STORE024,2025-12-02,6,23078.2
ORD0003240,CUST00386,PROD00169,STORE021,2025-09-18,1,10550.65
ORD0004301,CUST00284,PROD00213,STORE011,2025-08-22,4,6956.88
ORD0004672,CUST00673,PROD00156,STORE009,2025-07-18,6,12619.93
ORD0012137,CUST00753,PROD00138,STORE018,2025-10-16,3,18920.88
ORD0002681,CUST00848,PROD00223,STORE003,2025-06-10,1,3617.81
ORD0001326,CUST00437,PROD00244,STORE024,2025-06-24,4,22376.9
ORD0004883,CUST01169,PROD00270,STORE003,2026-02-01,1,11121.2
ORD0005587,CUST00584,PROD00045,STORE005,2025-08-01,6,11572.91
ORD0009053,CUST00840,PROD00277,STORE017,2025-08-13,5,16796.44
ORD0008563,CUST00758,PROD00228,STORE008,2025-10-19,1,7268.78
ORD0004416,CUST00093,PROD00108,STORE011,2025-05-29,3,10577.25
ORD0004316,CUST00990,PROD00293,STORE019,2025-12-07,1,15420.44
ORD0001381,CUST00299,PROD00101,STORE003,2025-04-10,1,3627.6
ORD0002156,CUST01153,PROD00255,STORE017,2025-05-13,1,8632.95
ORD0000355,CUST01366,PROD00129,STORE012,2026-01-01,1,471.21
ORD0008751,CUST01375,PROD00171,STORE014,2025-08-08,2,13471.35
ORD0004150,CUST00928,PROD00256,STORE021,2025-01-29,6,19212.52
ORD0003298,CUST01440,PROD00275,STORE019,2026-02-15,2,22502.79
ORD0006704,CUST01462,PROD00104,STORE005,2025-03-20,4,8467.55
ORD0008925,CUST00753,PROD00270,STORE003,2025-01-28,1,20692.02
ORD0004108,CUST01330,PROD00233,STORE019,2025-08-29,5,13189.71
ORD0003777,CUST01319,PROD00212,STORE011,2025-07-18,3,10420.81
ORD0008415,CUST00717,PROD00143,STORE018,2025-03-23,2,8370.29
ORD0007565,CUST01323,PROD00014,STORE021,2026-04-17,1,8593.01
ORD0005723,CUST00903,PROD00201,STORE018,2026-02-22,1,3136.93
ORD0006012,CUST01089,PROD00281,STORE014,2025-07-16,4,4967.46
ORD0010447,CUST00072,PROD00052,STORE013,2025-08-01,2,10917.58
ORD0010090,CUST00116,PROD00140,STORE001,2025-01-23,2,22525.35
ORD0000857,CUST01170,PROD00182,STORE001,2025-11-29,6,23357.91
ORD0002519,CUST00867,PROD00097,STORE008,2025-05-31,2,12979.2
ORD0007066,CUST00601,PROD00150,STORE023,2025-08-26,3,9508.61
ORD0006713,CUST00819,PROD00076,STORE024,2025-08-03,5,593.69
ORD0012296,CUST00097,PROD00018,STORE008,2026-02-24,4,3642.03
ORD0008532,CUST01249,PROD00091,STORE004,2025-09-11,1,20418.83
ORD0009994,CUST01062,PROD00145,STORE003,2025-05-02,2,2149.9
ORD0003856,CUST01287,PROD00168,STORE012,2026-03-24,4,271.83
ORD0003575,CUST01032,PROD00153,STORE007,2025-11-24,6,21004.02
ORD0006274,CUST00237,PROD00266,STORE011,2025-10-21,5,10036.03
ORD0004927,CUST00133,PROD00224,STORE024,2025-10-31,6,24721.37
ORD0009637,CUST01383,PROD00029,STORE011,2025-05-29,4,14914.45
ORD0005071,CUST01198,PROD00153,STORE008,2025-09-18,6,15920.34
ORD0011477,CUST00958,PROD00174,STORE014,2026-01-20,4,7998.43
ORD0009403,CUST00303,PROD00211,STORE017,2025-03-05,5,12922.11
ORD0011450,CUST00477,PROD00172,STORE016,2025-07-20,5,9681.15
ORD0004172,CUST00295,PROD00279,STORE008,2025-10-09,2,8992.96
ORD0003553,CUST01114,PROD00122,STORE025,2026-01-15,4,9523.83
ORD0012056,CUST01029,PROD00234,STORE016,2025-12-20,1,22704.89
ORD0002777,CUST01472,PROD00127,STORE019,2025-10-27,5,6911.9
ORD0003092,CUST00837,PROD00288,STORE007,2025-05-09,6,20753.65
ORD0000054,CUST00432,PROD00170,STORE024,2026-04-21,6,24905.24
ORD0010342,CUST00033,PROD00129,STORE008,2025-09-28,1,22818.82
ORD0006780,CUST01096,PROD00094,STORE010,2025-11-08,4,7818.35
ORD0011889,CUST01333,PROD00200,STORE003,2025-04-06,3,15496.72
ORD0003348,CUST00566,PROD00085,STORE023,2025-01-02,2,17337.64
ORD0008815,CUST00213,PROD00150,STORE001,2025-10-13,3,19720.82
ORD0009845,CUST00435,PROD00300,STORE016,2026-02-21,1,21142.8
ORD0001028,CUST00541,PROD00149,STORE024,2025-06-05,1,3028.34
ORD0004325,CUST01022,PROD00018,STORE019,2025-09-16,5,5979.27
ORD0010130,CUST01162,PROD00288,STORE017,2025-09-22,2,17312.29
ORD0000707,CUST01287,PROD00251,STORE020,2025-07-18,1,11987.75
ORD0003416,CUST01277,PROD00122,STORE003,2025-01-27,2,9825.42
ORD0004293,CUST01140,PROD00053,STORE005,2025-05-26,6,17845.75
ORD0009638,CUST01391,PROD00235,STORE013,2025-03-28,1,23805.83
ORD0006733,CUST00914,PROD00099,STORE024,2025-11-30,1,7865.45
ORD0006148,CUST01345,PROD00109,STORE016,2026-01-11,5,23417.0
ORD0001351,CUST00513,PROD00092,STORE002,2025-07-12,3,23024.63
ORD0002956,CUST00523,PROD00035,STORE002,2025-05-04,3,1676.68
ORD0009681,CUST00225,PROD00293,STORE017,2025-01-14,6,6986.5
ORD0000006,CUST00994,PROD00251,STORE021,2025-10-06,4,15006.38
ORD0007015,CUST01088,PROD00262,STORE022,2025-11-21,2,11189.1
ORD0006115,CUST01118,PROD00151,STORE013,2025-04-03,5,2848.26
ORD0002085,CUST00208,PROD00065,STORE015,2025-07-21,6,23824.94
ORD0007629,CUST01080,PROD00255,STORE017,2025-02-08,4,23603.75
ORD0011194,CUST00328,PROD00113,STORE015,2025-10-30,2,14789.36
ORD0012317,CUST00421,PROD00044,STORE024,2025-09-22,4,17057.8
ORD0010884,CUST00220,PROD00078,STORE004,2026-02-18,2,20112.39
ORD0009609,CUST00349,PROD00062,STORE005,2025-07-24,5,13757.83
ORD0011186,CUST00761,PROD00229,STORE024,2025-12-21,1,13370.09
ORD0003783,CUST00210,PROD00095,STORE012,2025-09-23,1,16533.48
ORD0006184,CUST00907,PROD00116,STORE016,2025-12-18,2,1489.83
ORD0008960,CUST00129,PROD00225,STORE002,2025-08-05,6,20076.35
ORD0006347,CUST01468,PROD00113,STORE013,2025-03-03,4,15663.15
ORD0006902,CUST00656,PROD00259,STORE001,2026-02-12,6,439.85
ORD0003053,CUST00347,PROD00096,STORE018,2026-04-02,6,15115.33
ORD0003038,CUST00938,PROD00002,STORE012,2026-03-01,6,5624.16
ORD0008669,CUST01140,PROD00295,STORE022,2025-12-25,3,23030.52
ORD0011080,CUST00288,PROD00014,STORE003,2025-11-30,4,6493.56
ORD0009550,CUST01306,PROD00179,STORE002,2025-05-31,2,16298.34
ORD0009842,CUST00842,PROD00132,STORE014,2026-02-03,4,9182.23
ORD0003619,CUST00471,PROD00130,STORE009,2025-07-25,4,710.56
ORD0007001,CUST01341,PROD00042,STORE013,2025-05-11,3,12328.57
ORD0008384,CUST00975,PROD00041,STORE009,2025-04-06,1,6763.45
ORD0003587,CUST00519,PROD00277,STORE008,2025-10-30,6,15835.24
ORD0009163,CUST01085,PROD00196,STORE006,2025-09-13,6,18333.52
ORD0005608,CUST00251,PROD00162,STORE020,,4,19248.88
ORD0000436,CUST00454,PROD00164,STORE003,2025-04-16,6,5209.66
ORD0004821,CUST01016,PROD00026,STORE003,2025-08-26,3,16824.96
ORD0003179,CUST00161,PROD00121,STORE015,2026-02-20,4,18398.88
ORD0010965,CUST00485,PROD00009,STORE007,2026-03-16,4,9920.35
ORD0005415,CUST00862,PROD00200,STORE004,2026-02-19,6,808.15
ORD0012260,CUST00990,PROD00270,STORE005,2025-11-12,2,5044.82
ORD0006811,CUST00739,,STORE009,2025-05-12,2,17399.0
ORD0008087,CUST00556,PROD00030,STORE012,2026-02-26,1,19993.67
ORD0000761,CUST01460,PROD00239,STORE012,2025-08-01,2,11662.99
ORD0008968,CUST00687,PROD00235,STORE025,2026-02-25,1,24282.78
ORD0011823,CUST00939,PROD00191,STORE002,2026-04-10,5,16603.82
ORD0009504,CUST00390,PROD00282,STORE006,2025-10-16,5,23380.98
ORD0003892,CUST00342,PROD00247,STORE017,2025-01-27,4,23237.42
ORD0001903,CUST00403,PROD00005,STORE010,2025-06-11,5,10954.65
ORD0011275,CUST00125,PROD00070,STORE023,2025-06-26,two,13646.4
ORD0003333,CUST00749,PROD00126,STORE011,2026-03-19,2,22857.63
ORD0006150,CUST00500,PROD00080,STORE014,2026-04-14,2,11303.31
ORD0004561,CUST00840,PROD00100,STORE023,2025-09-12,4,8510.88
ORD0009942,CUST00646,PROD00298,STORE010,2025-02-15,2,13609.36
ORD0000396,CUST00726,PROD00034,STORE024,2026-04-05,3,abc
ORD0003190,CUST00210,PROD00192,STORE006,2025-02-27,3,abc
ORD0004285,CUST00892,PROD00067,STORE016,2025-01-04,3,4338.62
ORD0009514,CUST00550,PROD00232,STORE011,2025-02-05,2,16307.34
ORD0002400,CUST01431,PROD00239,STORE013,2026-01-06,2,21025.88
ORD0004083,CUST00744,PROD00267,STORE010,2025-09-22,5,18131.15
ORD0008288,CUST00669,PROD00207,STORE017,2025-09-11,3,14692.02
ORD0000435,CUST01432,PROD00023,STORE007,2025-04-06,1,11512.26
ORD0011697,,PROD00095,STORE021,2025-10-24,6,20803.51
ORD0009212,CUST00241,PROD00142,STORE018,2026-04-14,5,608.04
ORD0009645,CUST00677,PROD00171,STORE023,2026-03-23,4,11448.61
ORD0009291,CUST01350,PROD00125,STORE013,2025-04-23,2,8048.1
ORD0012027,CUST01355,PROD00075,STORE020,2025-05-30,6,1001.78
ORD0007561,CUST00043,PROD00271,STORE014,2025-04-16,2,22216.45
ORD0010708,CUST00273,PROD00192,STORE022,2026-01-24,5,9355.76
ORD0010135,CUST01317,PROD00154,STORE001,2025-10-20,4,8706.72
ORD0009004,CUST00906,PROD00265,STORE019,2025-01-13,6,9294.74
ORD0001154,CUST00270,PROD00245,STORE001,2025-05-01,3,9120.52
ORD0007092,CUST01409,PROD00143,STORE010,2026-01-13,2,14061.47
ORD0011597,CUST00946,PROD00060,STORE011,2026-02-16,5,849.0
ORD0004291,CUST00571,PROD00264,STORE020,2025-12-18,4,18003.03
ORD0002596,CUST00036,PROD00240,STORE007,2025-04-27,3,3966.09
ORD0010110,CUST01157,PROD00221,STORE007,2025-07-04,2,2518.99
ORD0004555,CUST01142,PROD00046,STORE016,2025-10-14,6,621.58
ORD0007027,CUST00325,PROD00020,STORE018,2025-03-07,2,18968.44
ORD0007395,CUST00430,PROD00056,STORE017,2025-06-28,6,17291.21
ORD0006534,CUST00776,PROD00040,STORE014,2025-10-21,6,10421.75
ORD0003742,CUST00801,PROD00059,STORE013,2025-02-28,2,13938.34
ORD0002590,CUST00613,PROD00261,STORE001,2025-11-24,5,8148.42
ORD0004359,CUST01107,PROD00009,STORE021,2025-07-09,6,9746.14
ORD0000173,CUST01085,PROD00190,STORE010,2025-08-20,3,18808.81
ORD0005000,CUST00153,PROD00182,STORE007,2025-05-23,4,14039.21
ORD0000527,CUST01434,PROD00064,STORE023,2026-03-11,1,4826.73
ORD0002041,CUST00010,PROD00002,STORE017,2026-02-03,5,14357.67
ORD0010046,CUST01061,PROD00039,STORE001,2025-03-17,4,4084.0
ORD0005471,CUST00387,PROD00230,STORE005,2025-07-15,5,4612.02
ORD0006034,CUST00291,PROD00114,STORE017,2025-08-16,3,12953.05
ORD0011473,CUST01111,PROD00291,STORE015,2025-04-19,3,15909.09
ORD0000147,CUST00249,PROD00251,STORE015,2025-11-03,3,1394.33
ORD0005934,CUST00944,PROD00110,STORE016,2025-03-12,4,14338.04
ORD0008118,CUST00376,PROD00259,STORE012,2025-02-22,1,17943.24
ORD0009877,CUST01468,PROD00178,STORE025,2025-02-19,3,9190.76
ORD0011266,CUST00776,PROD00180,STORE014,2025-11-13,6,18302.42
ORD0006863,CUST01357,PROD00259,STORE010,2025-05-20,3,19584.01
ORD0001905,CUST00627,PROD00210,STORE011,2025-06-17,6,5435.77
ORD0004769,CUST00170,PROD00065,STORE015,2025-02-14,3,6335.43
ORD0009256,CUST00214,PROD00214,STORE005,2025-12-22,6,17443.97
ORD0004364,CUST00923,PROD00102,STORE021,2025-09-29,5,10802.61
ORD0008410,CUST00603,PROD00289,STORE021,2025-02-14,2,3239.64
ORD0001436,CUST01084,PROD00249,STORE020,2025-07-09,1,9197.5
ORD0003133,CUST01245,PROD00125,STORE013,2026-03-16,3,9251.75
ORD0008943,CUST00301,PROD00168,STORE019,2025-10-24,4,5643.46
ORD0005864,CUST00454,PROD00175,STORE021,2025-12-03,5,18058.36
ORD0008986,CUST00721,PROD00231,STORE018,2026-01-14,4,1076.3
ORD0004463,CUST00834,PROD00022,STORE018,2025-11-09,6,2023.11
ORD0000323,CUST00705,PROD00097,STORE021,2025-04-20,5,10230.57
ORD0008544,CUST01422,PROD00045,STORE016,2025-09-02,4,18074.62
ORD0001067,CUST01290,PROD00268,STORE007,2025-11-25,5,23743.18
ORD0000177,,PROD00276,STORE005,2026-03-12,4,15236.98
ORD0010341,CUST00561,PROD00173,STORE012,2025-11-04,1,2256.95
ORD0006470,CUST00163,PROD00016,STORE004,2025-06-04,6,8183.99
ORD0007144,CUST00932,PROD00089,STORE014,2025-01-27,3,7672.46
ORD0010318,CUST01221,PROD00158,STORE002,2025-03-09,3,17037.25
ORD0004618,CUST00367,PROD00251,STORE014,2025-10-01,1,12151.03
ORD0008905,CUST01445,PROD00282,STORE004,2025-11-21,1,17563.65
ORD0008411,CUST00696,PROD00220,STORE019,2025-10-11,3,7889.92
ORD0000768,CUST01151,PROD00139,STORE002,2025-11-19,1,12811.24
ORD0004401,CUST00615,PROD00131,STORE016,2025-04-30,2,17263.35
ORD0006496,CUST00199,PROD00196,STORE002,2025-01-11,3,24118.06
ORD0011281,CUST00681,,STORE006,2025-02-03,6,11056.0
ORD0011538,,PROD00254,STORE025,2025-12-19,3,18530.18
ORD0003597,CUST01093,PROD00023,STORE019,2025-08-13,3,17567.6
ORD0009621,CUST01419,PROD00163,STORE023,2025-02-11,6,21407.72
ORD0010106,CUST01038,PROD00116,STORE009,2026-02-25,1,287.68
ORD0006613,CUST00144,PROD00259,STORE023,2025-08-05,1,10645.57
ORD0000752,CUST00828,PROD00269,STORE015,2025-07-01,6,23590.64
ORD0003224,CUST00976,PROD00084,STORE020,2025-07-10,3,18780.92
ORD0005225,CUST00415,PROD00045,STORE001,2025-09-05,5,448.81
ORD0003636,CUST01182,PROD00068,STORE018,2026-02-02,4,14211.63
ORD0004309,CUST01499,PROD00155,STORE016,2026-02-21,2,23996.54
ORD0006336,CUST00681,PROD00173,STORE024,2025-05-06,2,785.21
ORD0001290,CUST00183,PROD00211,STORE002,2025-12-04,2,16569.79
ORD0000378,CUST01359,PROD00208,STORE009,2025-09-30,2,17939.82
ORD0004908,,PROD00296,STORE004,2025-03-18,3,4906.01
ORD0003350,CUST00586,PROD00009,STORE011,2025-12-15,3,20978.67
ORD0003048,CUST01362,PROD00184,STORE001,2025-07-23,1,18258.44
ORD0009913,CUST00012,PROD00067,STORE004,2025-08-05,5,24590.66
ORD0002800,CUST01006,PROD00195,STORE010,2025-02-06,4,4809.93
ORD0005169,CUST00284,PROD00004,STORE010,2025-09-19,6,6936.64
ORD0007963,CUST01189,PROD00039,STORE020,2025-07-31,4,24954.97
ORD0009382,CUST00556,PROD00121,STORE006,2025-05-16,4,8781.21
ORD0009169,CUST00759,PROD00256,STORE025,2025-02-20,3,11604.06
ORD0010137,CUST00441,PROD00130,STORE017,2025-05-28,3,18526.18
ORD0003070,CUST00131,PROD00260,STORE013,2025-05-21,6,1047.8
ORD0003289,CUST00984,PROD00184,STORE014,2025-01-01,4,18238.21
ORD0002231,CUST00910,PROD00171,STORE025,2026-04-10,5,9911.62
ORD0006289,CUST01451,PROD00110,STORE017,2026-04-02,3,23580.44
ORD0010546,CUST01298,PROD00053,STORE015,2026-04-02,1,24916.32
ORD0004721,CUST00846,PROD00158,STORE009,2025-11-28,1,6552.78
ORD0000528,CUST00659,PROD00117,STORE006,2025-10-31,4,15937.13
ORD0005274,CUST00584,PROD00074,STORE014,2025-04-05,3,5467.99
ORD0007193,CUST00888,PROD00043,STORE021,2025-08-04,4,unknown
ORD0001199,CUST01193,PROD00225,STORE001,2025-08-14,2,14340.42
ORD0009557,CUST00534,PROD00004,STORE022,2026-04-10,5,21509.51
ORD0010663,CUST00364,PROD00174,STORE001,2025-08-08,2,15797.86
ORD0005995,CUST00747,PROD00173,STORE018,2025-04-23,5,4039.3
ORD0012282,CUST00888,PROD00021,STORE023,2025-08-26,5,7444.34
ORD0003897,CUST01097,PROD00004,STORE006,2025-12-03,5,8088.95
ORD0012179,CUST01143,PROD00091,STORE015,2026-01-26,2,8574.7
ORD0005686,CUST00792,PROD00026,STORE022,2026-03-24,6,13167.71
ORD0011459,CUST00858,PROD00006,STORE006,2025-11-07,2,5762.82
ORD0000057,CUST00639,PROD00097,STORE007,2025-08-23,6,2482.12
ORD0003389,CUST01402,PROD00043,STORE020,2025-01-12,6,20121.73
ORD0005456,CUST01312,PROD00027,STORE003,2025-06-16,6,12370.58
ORD0003504,CUST01342,PROD00155,STORE015,2025-08-27,1,7619.49
ORD0002784,CUST01185,PROD00043,STORE025,2025-06-09,1,1331.88
ORD0000203,CUST01331,PROD00226,STORE014,2026-03-10,1,2725.03
ORD0007633,,PROD00045,STORE017,2025-09-12,2,5102.65
ORD0007478,CUST00977,PROD00067,STORE008,2025-12-15,2,18565.28
ORD0001422,CUST01206,PROD00162,STORE022,2025-04-12,1,1016.5
ORD0010566,CUST01084,PROD00246,STORE012,2025-12-01,2,8603.52
ORD0004242,CUST00011,PROD00296,STORE016,2026-03-12,2,3682.19
ORD0005116,CUST00573,PROD00063,STORE008,2025-09-20,1,-5
ORD0006407,CUST00569,PROD00229,STORE016,2025-02-26,4,22930.05
ORD0006105,CUST00377,PROD00134,STORE009,2026-02-06,6,15955.88
ORD0003445,CUST01336,PROD00061,STORE020,2025-05-12,5,12401.54
ORD0010263,CUST00520,PROD00218,STORE018,2025-07-17,5,1491.02
ORD0012067,CUST00877,PROD00240,STORE008,2026-03-10,2,10625.65
ORD0010769,CUST00827,PROD00211,STORE015,2025-02-21,3,11531.9
ORD0010895,CUST00501,PROD00220,STORE020,2025-08-15,3,1715.81
ORD0012080,CUST00120,PROD00220,STORE021,2026-03-03,3,21657.31
ORD0007567,CUST01274,PROD00096,STORE012,2025-10-30,1,17342.25
ORD0004197,CUST00046,PROD00295,STORE009,2026-01-02,1,4524.28
ORD0010468,CUST00355,PROD00035,STORE016,2026-01-06,1,7122.41
ORD0002129,CUST00373,PROD00147,STORE018,2026-01-02,1,16892.35
ORD0009900,CUST00605,PROD00186,STORE020,2025-02-24,2,2864.82
ORD0007396,CUST01191,PROD00158,STORE004,2026-01-27,2,18453.94
ORD0001042,CUST00399,PROD00090,STORE007,2026-02-04,1,4746.12
ORD0000944,CUST00953,PROD00047,STORE019,2025-03-06,1,19945.55
ORD0007125,CUST01262,PROD00128,STORE009,2025-01-05,5,4213.47
ORD0000736,CUST01449,PROD00082,STORE003,2025-01-26,5,17428.52
ORD0002889,CUST00705,PROD00112,STORE005,2025-07-17,6,5973.17
ORD0008025,CUST01103,PROD00212,STORE008,2026-01-10,1,15227.49
ORD0005372,CUST01363,PROD00106,STORE018,2025-06-29,1,6401.83
ORD0007614,CUST00605,PROD00205,STORE024,2025-02-05,6,2098.78
ORD0009674,CUST00360,PROD00115,STORE001,2026-01-10,2,4159.85
ORD0011323,CUST00238,PROD00044,STORE002,2025-07-29,4,14323.4
ORD0000072,CUST00972,PROD00182,STORE010,2025-02-10,5,8026.75
ORD0002611,CUST01276,PROD00281,STORE019,2026-04-21,1,23349.07
ORD0001629,CUST00055,PROD00096,STORE019,2025-09-06,6,15834.52
ORD0008030,CUST00517,PROD00159,STORE024,2025-08-25,1,14557.88
ORD0001714,CUST00946,PROD00171,STORE013,2025-11-01,3,13289.81
ORD0010946,CUST00016,PROD00113,STORE012,2025-05-04,5,3127.58
ORD0008151,CUST00206,PROD00088,STORE018,2025-10-12,3,19736.26
ORD0002462,CUST00117,PROD00273,STORE022,2026-04-16,6,19348.5
ORD0005243,CUST00371,PROD00044,STORE024,2025-12-11,1,10622.35
ORD0001114,CUST01040,PROD00235,STORE025,2025-08-14,1,17427.72
ORD0006891,CUST00420,PROD00180,STORE008,2025-07-05,2,24020.69
ORD0008637,CUST01147,PROD00098,STORE024,2025-03-18,1,14338.26
ORD0003307,CUST00683,PROD00044,STORE020,2026-01-24,6,5328.65
ORD0006784,CUST00837,PROD00121,STORE016,2025-04-25,5,2281.95
ORD0005146,CUST00372,PROD00175,STORE025,2025-01-04,4,9609.34
ORD0007707,CUST01484,PROD00090,STORE024,2025-03-24,1,971.65
ORD0011327,,PROD00258,STORE011,2025-04-06,1,8714.82
ORD0012177,CUST00708,PROD00152,STORE002,2025-08-06,6,10190.79
ORD0007628,CUST00955,PROD00054,STORE020,2025-12-28,1,19928.83
ORD0005584,CUST01476,PROD00205,STORE024,2025-03-14,4,12961.87
ORD0012486,CUST00023,PROD00101,STORE016,2026-02-13,2,1827.25
ORD0007680,CUST00999,PROD00085,STORE010,2025-02-23,4,20159.62
ORD0010454,CUST00865,PROD00300,STORE003,2026-01-01,6,7647.79
ORD0004222,CUST00047,PROD00128,STORE009,2025-08-09,3,14871.98
ORD0005281,CUST00944,PROD00222,STORE022,2026-02-19,6,16740.23
ORD0002825,CUST00250,PROD00180,STORE022,2025-03-15,2,3629.17
ORD0007298,CUST00556,PROD00250,STORE019,2025-09-27,3,498.13
ORD0009269,CUST00746,PROD00154,STORE011,2025-04-04,1,20193.24
ORD0011746,CUST00093,PROD00029,STORE016,2025-03-15,3,5702.85
ORD0006371,CUST00163,PROD00046,STORE017,2026-04-02,1,4390.36
ORD0010306,CUST01257,PROD00228,STORE025,2025-02-07,1,5392.15
ORD0003176,CUST00165,PROD00136,STORE021,2025-07-06,3,9140.91
ORD0002572,CUST00015,PROD00027,STORE013,2025-09-24,5,11243.31
ORD0009779,CUST01056,PROD00267,STORE007,2025-04-27,6,20080.67
ORD0002268,CUST00348,PROD00084,STORE008,2025-10-19,3,2316.66
ORD0008512,CUST00195,PROD00115,STORE007,2025-10-16,3,4567.87
ORD0001824,CUST00463,PROD00079,STORE004,2025-09-18,6,13583.02
ORD0002722,CUST00315,PROD00014,STORE013,2025-02-22,4,12087.93
ORD0005168,CUST00049,PROD00008,STORE015,2025-04-19,6,20581.69
ORD0008075,CUST01232,PROD00013,STORE021,2025-07-06,2,15609.18
ORD0010249,CUST00054,PROD00296,STORE009,2025-04-07,1,2131.06
ORD0001404,CUST00273,PROD00246,STORE004,2025-12-15,3,21017.68
ORD0003551,CUST00809,PROD00150,STORE015,2025-10-21,4,1298.32
ORD0007982,CUST00534,PROD00109,STORE008,2026-04-06,6,15898.92
ORD0005819,CUST00559,PROD00248,STORE005,2026-02-27,3,10550.76
ORD0006762,CUST00229,PROD00026,STORE014,2025-11-06,4,3175.67
ORD0007719,CUST00056,PROD00194,STORE023,2026-03-21,1,6977.63
ORD0007970,CUST00303,PROD00093,STORE005,2025-12-15,1,21467.47
ORD0008316,CUST00018,PROD00194,STORE004,2025-06-23,1,13237.19
ORD0000903,CUST00898,PROD00069,STORE001,2025-07-16,2,16183.73
ORD0002433,CUST00721,PROD00197,STORE007,2026-02-21,3,1070.43
ORD0009667,CUST01171,PROD00132,STORE018,2025-08-28,4,12069.95
ORD0009857,CUST01249,PROD00144,STORE005,2025-03-30,2,19111.36
ORD0006202,CUST00689,PROD00279,STORE008,2025-01-20,5,12397.02
ORD0002006,CUST01160,PROD00022,STORE024,2025-02-08,5,11894.46
ORD0003421,CUST00249,PROD00132,STORE017,2026-01-27,5,19971.33
ORD0006634,CUST00949,PROD00083,STORE005,2025-11-12,6,10587.58
ORD0006203,CUST00028,PROD00256,STORE024,2025-11-12,4,24237.26
ORD0011026,CUST00219,PROD00158,STORE008,2025-03-26,4,22429.41
ORD0008784,CUST00282,PROD00233,STORE018,2025-11-24,6,11812.03
ORD0005084,CUST00335,PROD00283,STORE013,2025-03-04,2,12690.33
ORD0010972,CUST00855,PROD00030,STORE001,2025-02-16,2,21958.27
ORD0008918,CUST00264,PROD00185,STORE018,2025-02-12,2,13230.71
ORD0002854,CUST00560,PROD00191,STORE015,2025-06-12,1,2212.41
ORD0008641,CUST01217,PROD00124,STORE018,2025-06-07,4,8927.24
ORD0007311,CUST01285,PROD00080,STORE002,2025-02-06,2,400.51
ORD0006132,CUST00949,PROD00286,STORE002,2025-09-06,3,14934.19
ORD0000217,CUST00644,PROD00268,STORE012,2025-09-06,4,21655.41
ORD0003806,CUST00645,PROD00060,STORE015,2025-06-08,5,16762.63
ORD0004572,CUST01023,PROD00081,STORE025,2025-10-27,1,6649.48
ORD0005564,CUST00461,PROD00252,STORE012,2025-12-19,2,$8724.15
ORD0010988,CUST00154,PROD00112,STORE016,2025-08-28,4,9670.99
ORD0010142,CUST01338,PROD00044,STORE019,2025-10-02,3,17150.67
ORD0005677,CUST01086,PROD00123,STORE003,2025-01-27,3,19180.69
ORD0000676,CUST00795,PROD00284,STORE021,2026-02-16,6,13603.86
ORD0002368,CUST00359,,STORE007,2025-05-16,6,22548.67
ORD0012119,CUST00687,PROD00118,STORE011,2026-01-04,2,15776.58
ORD0003237,CUST00878,PROD00157,STORE012,2025-03-11,5,13528.73
ORD0003677,CUST00948,PROD00266,STORE016,2026-03-20,2,15149.49
ORD0000388,CUST00884,PROD00190,STORE012,2025-07-02,2,8105.84
ORD0000244,CUST00630,PROD00257,STORE010,2025-08-30,3,19195.55
ORD0003100,CUST00708,PROD00003,STORE008,2025-02-02,5,23145.6
ORD0000991,CUST01087,PROD00259,STORE001,2025-07-08,2,18309.88
ORD0004662,CUST01058,PROD00184,STORE015,2026-03-30,4,15060.08
ORD0001878,CUST00622,PROD00278,STORE010,2025-07-10,6,19668.86
ORD0007294,CUST01455,PROD00005,STORE022,2025-09-01,1,3496.52
ORD0003269,CUST00615,PROD00265,STORE018,2025-05-02,5,5867.29
ORD0003628,CUST01066,PROD00006,STORE009,2025-06-09,2,9148.43
ORD0004748,CUST00598,PROD00078,STORE003,2025-08-15,6,12826.02
ORD0004473,CUST01382,PROD00274,STORE010,2025-07-19,4,10244.97
ORD0005303,CUST01449,PROD00166,STORE014,2025-06-03,1,5854.27
ORD0004965,CUST01091,PROD00049,STORE017,2025-08-02,1,6199.84
ORD0012459,CUST00485,PROD00005,STORE006,2025-01-04,6,23658.54
ORD0002163,CUST00540,PROD00247,STORE018,2025-09-04,6,18853.07
ORD0009812,CUST01465,PROD00179,STORE005,2026-04-07,,4904.32
ORD0007642,CUST00428,PROD00112,STORE013,2025-05-10,1,6837.72
ORD0004976,CUST00810,PROD00001,STORE003,2025-02-26,1,15780.8
ORD0002431,CUST01410,PROD00286,STORE025,2025-12-22,3,2382.24
ORD0009211,CUST00467,PROD00123,STORE002,2026-01-05,6,16008.88
ORD0002835,CUST00737,PROD00251,STORE018,2025-08-26,1,15030.05
ORD0005442,CUST00840,PROD00197,STORE014,2025-11-13,6,524.7
ORD0004121,CUST00210,PROD00194,STORE002,2025-08-19,2,17707.84
ORD0007879,CUST00446,PROD00204,STORE009,2025-02-06,5,$22688.15
ORD0000269,CUST00288,PROD00062,STORE021,2026-02-17,4,10769.17
ORD0008064,CUST00056,PROD00279,STORE002,2025-05-01,2,23147.22
ORD0000241,CUST00964,PROD00254,STORE006,2025-08-10,2,1779.15
ORD0009366,CUST01230,PROD00043,STORE024,2026-04-17,6,17663.38
ORD0007922,CUST00746,PROD00267,STORE017,,2,10984.54
ORD0008851,CUST00436,PROD00072,STORE011,2025-06-08,6,5525.96
ORD0002559,CUST00595,PROD00035,STORE013,2025-12-24,5,1379.48
ORD0010706,CUST00514,PROD00091,STORE001,2025-08-19,1,20119.41
ORD0010345,CUST01028,PROD00104,STORE013,2025-03-19,2,5276.41
ORD0011977,CUST00171,PROD00050,STORE001,2026-04-11,2,22086.06
ORD0002113,CUST00028,PROD00108,STORE010,2025-05-04,4,20360.29
ORD0012110,CUST00350,PROD00089,STORE023,2025-09-06,5,11914.41
ORD0004937,CUST00384,PROD00042,STORE021,2025-06-09,2,8070.9
ORD0001601,CUST01221,PROD00074,STORE011,2025-07-23,3,14456.56
ORD0010457,CUST00783,PROD00142,STORE013,2025-02-25,1,12263.63
ORD0000960,CUST00777,PROD00059,STORE017,2025-05-30,6,7353.07
ORD0004430,CUST00725,PROD00239,STORE004,2025-07-11,5,2452.17
ORD0001539,CUST01326,PROD00088,STORE003,2025-09-26,3,22686.57
ORD0006484,CUST00567,PROD00242,STORE003,2025-12-31,1,20776.75
ORD0005603,CUST00879,PROD00274,STORE004,2025-06-19,1,21268.4
ORD0012499,CUST00062,PROD00242,STORE021,2025-05-08,3,21811.85
ORD0006106,CUST01255,PROD00209,STORE013,2025-11-08,6,6307.45
ORD0006672,CUST00338,PROD00117,STORE002,2025-05-21,1,10074.25
ORD0006356,CUST00758,PROD00167,STORE014,2025-05-24,4,19969.48
ORD0010741,CUST00011,PROD00035,STORE014,2025-05-15,3,17492.54
ORD0008630,CUST01030,PROD00058,STORE003,2025-01-13,4,20711.94
ORD0000005,CUST01346,PROD00093,STORE010,2025-12-09,2,21894.72
ORD0000716,CUST00329,PROD00047,STORE019,2025-05-19,6,15411.19
ORD0008760,CUST00742,PROD00078,STORE012,2025-11-16,3,5495.99
ORD0001246,CUST01332,PROD00055,STORE011,2026-03-19,3,6637.39
ORD0006075,CUST00319,PROD00058,STORE010,2025-06-08,6,14401.59
ORD0012436,CUST00716,PROD00103,STORE024,2025-04-24,3,382.17
ORD0002734,CUST01026,PROD00205,STORE010,2025-08-08,3,15293.89
ORD0008721,CUST01063,PROD00036,STORE013,2025-03-13,5,7876.71
ORD0002279,CUST00820,PROD00144,STORE013,2026-01-19,1,23098.2
ORD0002476,CUST00486,PROD00015,STORE005,2025-11-08,3,3511.1
ORD0005811,CUST01448,PROD00240,STORE004,2026-01-15,4,10834.87
ORD0012284,CUST00799,PROD00177,STORE003,2025-03-04,2,2243.89
ORD0004590,CUST01073,PROD00176,STORE022,2025-06-27,5,11935.93
ORD0008533,CUST00279,PROD00254,STORE009,2025-02-11,5,19208.77
ORD0004366,CUST01139,PROD00110,STORE021,2025-11-05,5,1094.7
ORD0002662,CUST00465,PROD00090,STORE010,2026-01-13,1,9491.49
ORD0001907,CUST01157,PROD00055,STORE012,2025-04-07,4,17186.14
ORD0001696,CUST00577,PROD00212,STORE022,2025-06-19,4,6313.14
ORD0000828,CUST01473,PROD00281,STORE010,2025-08-22,5,24920.23
ORD0010207,CUST00919,PROD00134,STORE015,2025-10-31,6,19110.63
ORD0002739,CUST01127,PROD00185,STORE006,2025-04-29,5,11876.66
ORD0003730,CUST00569,PROD00210,STORE008,2025-08-09,1,21021.4
ORD0002921,CUST00328,PROD00085,STORE009,2025-07-08,5,7306.28
ORD0001727,CUST00575,PROD00196,STORE025,2025-03-20,5,23987.69
ORD0000328,CUST00749,PROD00219,STORE021,2025-03-06,1,24124.13
ORD0009797,CUST00100,PROD00243,STORE022,2025-08-25,1,3022.07
ORD0003415,CUST00781,PROD00178,STORE014,2025-11-11,6,24566.02
ORD0003987,CUST00432,PROD00030,STORE015,2026-02-17,6,16797.61
ORD0000156,CUST01307,PROD00052,STORE013,2025-02-10,5,24509.62
ORD0003229,CUST01230,PROD00095,STORE011,2025-02-04,5,22032.53
ORD0010995,CUST00931,PROD00098,STORE024,2025-08-10,2,21625.5
ORD0005705,CUST00213,PROD00227,STORE009,2025-04-13,5,16554.04
ORD0006129,CUST01398,PROD00257,STORE024,2026-04-08,6,3714.34
ORD0007550,CUST00276,PROD00129,STORE002,2025-04-25,5,15300.54
ORD0008938,CUST01137,PROD00016,STORE006,2025-02-18,5,4240.55
ORD0000482,CUST00321,PROD00197,STORE017,2025-08-15,4,4630.83
ORD0007421,CUST00462,PROD00113,STORE011,2025-07-25,3,23758.06
ORD0011083,CUST00836,PROD00107,STORE009,2025-04-27,5,22051.19
ORD0005183,CUST00883,PROD00040,STORE022,2025-12-21,6,13917.16
ORD0001978,CUST00456,PROD00120,STORE007,2025-09-01,4,7206.52
ORD0007658,CUST00014,PROD00066,STORE018,2025-08-03,6,19578.61
ORD0011043,CUST00898,PROD00240,STORE014,2025-07-28,5,17946.06
ORD0002159,CUST00315,PROD00152,STORE010,2026-03-08,4,18995.7
ORD0011911,CUST00038,PROD00010,STORE006,2026-01-17,1,17033.62
ORD0010536,CUST01381,PROD00235,STORE020,2026-01-03,4,7150.76
ORD0009012,CUST00442,PROD00211,STORE022,2025-04-27,2,12115.82
ORD0007648,CUST01425,PROD00231,STORE022,2025-08-31,3,18652.82
ORD0007195,CUST00451,PROD00178,STORE006,2025-07-07,4,8640.04
ORD0009852,CUST00380,PROD00238,STORE015,2025-08-28,4,13135.88
ORD0001823,CUST00389,PROD00080,STORE022,2025-04-13,5,19808.88
ORD0009133,CUST00055,PROD00089,STORE003,2026-03-28,1,21571.76
ORD0006346,CUST00673,PROD00069,STORE019,2025-06-21,6,15206.73
ORD0003734,CUST00086,PROD00149,STORE005,2025-10-15,1,7962.65
ORD0012097,CUST01173,PROD00094,STORE004,2025-03-03,3,13940.02
ORD0011092,CUST00770,PROD00047,STORE017,2025-03-18,5,5187.2
ORD0002694,CUST00324,PROD00094,STORE016,2026-03-12,6,11050.99
ORD0002865,CUST01095,PROD00174,STORE011,2025-10-27,4,7152.45
ORD0011025,CUST01337,PROD00242,STORE021,2026-02-08,4,7564.63
ORD0009617,CUST00617,PROD00218,STORE025,2025-10-26,4,3118.62
ORD0000581,CUST00167,PROD00212,STORE011,2025-10-07,1,12387.52
ORD0004863,CUST00944,PROD00003,STORE017,2025-01-09,5,7988.27
ORD0003097,CUST00017,PROD00027,STORE015,2026-04-15,2,7117.05
ORD0011901,CUST00852,PROD00050,STORE011,2025-07-29,2,15942.59
ORD0012114,CUST00836,PROD00072,STORE023,2026-02-16,6,13088.52
ORD0009258,CUST00778,PROD00084,STORE018,2025-02-12,6,12388.19
ORD0003720,,PROD00137,STORE021,2025-03-19,6,1450.33
ORD0001469,CUST00178,PROD00259,STORE019,2025-06-17,3,14110.09
ORD0005344,CUST00159,PROD00268,STORE009,2025-06-25,1,1657.12
ORD0001594,CUST01202,PROD00138,STORE024,2025-04-13,6,8487.26
ORD0008736,CUST00399,PROD00178,STORE020,2025-03-16,5,10943.44
ORD0010231,CUST00243,PROD00096,STORE025,2025-02-09,4,22268.98
ORD0000632,CUST01128,PROD00085,STORE024,2026-02-08,2,17147.67
ORD0008598,CUST00071,PROD00006,STORE015,2025-12-13,2,13885.99
ORD0001598,CUST00162,PROD00091,STORE011,not_a_date,3,9342.99
ORD0008490,CUST00484,PROD00120,STORE007,2025-12-15,4,11098.91
ORD0011596,CUST00071,PROD00296,STORE003,2026-01-06,1,15253.05
ORD0011985,CUST00801,PROD00101,STORE015,2025-06-26,6,24338.75
ORD0004537,CUST00470,PROD00165,STORE009,2026-03-27,5,1167.79
ORD0007281,CUST01096,PROD00236,STORE017,2025-10-07,3,3008.53
ORD0001566,CUST01405,PROD00038,STORE016,2025-11-08,3,9546.28
ORD0010284,CUST00671,PROD00105,STORE023,2025-06-20,1,1121.35
ORD0000512,CUST01473,PROD00134,STORE018,2025-05-17,2,12297.44
ORD0012032,CUST00046,PROD00277,STORE009,2025-12-24,5,2170.47
ORD0008626,CUST01203,PROD00022,STORE016,2025-12-04,1,8828.28
ORD0005651,CUST00512,PROD00119,STORE018,2025-08-24,3,2003.01
ORD0001170,CUST01005,PROD00074,STORE016,2025-04-24,6,24763.01
ORD0004678,CUST00710,PROD00181,STORE020,2025-04-18,6,20028.1
ORD0010370,CUST00853,PROD00162,STORE013,2026-03-22,2,10646.69
ORD0006951,CUST00661,PROD00171,STORE005,2026-04-19,1,6265.96
ORD0005922,CUST01148,PROD00127,STORE012,2025-11-01,6,12648.77
ORD0012383,CUST00731,PROD00069,STORE014,2026-02-18,6,8779.83
ORD0004730,CUST00572,PROD00006,STORE005,2026-02-11,6,9564.54
ORD0008954,CUST00522,PROD00132,STORE002,2025-03-14,3,9341.6
ORD0005200,CUST00896,PROD00129,STORE003,2026-04-18,4,16385.16
ORD0001032,CUST00767,PROD00064,STORE002,2025-08-20,1,16725.59
ORD0011865,CUST00267,PROD00046,STORE012,2025-09-15,2,4635.19
ORD0012000,CUST01483,PROD00077,STORE009,2025-03-12,1,20358.55
ORD0011404,CUST00467,PROD00205,STORE016,2025-05-25,2,abc
ORD0000717,CUST00996,PROD00064,STORE004,2025-04-24,2,21157.75
ORD0001637,CUST01048,PROD00096,STORE013,2025-03-03,5,12521.18
ORD0006099,CUST00631,PROD00124,STORE011,2026-01-14,4,16280.74
ORD0004007,CUST00212,PROD00079,STORE006,2025-10-05,2,22672.84
ORD0010811,CUST00320,PROD00088,STORE007,2025-07-24,2,19803.83
ORD0003505,CUST00209,PROD00129,STORE013,2025-08-16,5,24927.72
ORD0003999,CUST01255,PROD00169,STORE002,2025-07-02,5,6189.19
ORD0002633,CUST00450,PROD00247,STORE025,2025-03-15,2,14798.57
ORD0007559,CUST01280,PROD00014,STORE024,2025-12-02,5,4636.15
ORD0001472,CUST00845,PROD00177,STORE005,2025-08-30,5,6538.71
ORD0001354,CUST00332,PROD00008,STORE010,2025-07-06,3,abc
ORD0000863,CUST00601,PROD00020,STORE004,2025-12-07,1,23485.36
ORD0004423,CUST01030,PROD00036,STORE021,2025-01-23,5,22588.08
ORD0000487,CUST01087,PROD00019,STORE022,2025-02-13,1,19706.01
ORD0011064,CUST00272,PROD00021,STORE014,2025-07-11,6,9957.2
ORD0008823,CUST00172,PROD00233,STORE010,2025-03-12,6,15783.21
ORD0001800,CUST00244,PROD00223,STORE024,2025-12-04,2,5560.13
ORD0007644,CUST00890,PROD00115,STORE005,2025-08-01,5,8002.31
ORD0009324,CUST01203,PROD00189,STORE011,2025-11-30,1,18874.29
ORD0002849,CUST01430,PROD00011,STORE018,2026-04-04,3,4786.33
ORD0003007,CUST00311,PROD00215,STORE001,2025-03-10,1,12672.4
ORD0003527,CUST00129,PROD00138,STORE017,2026-01-29,1,5021.03
ORD0004785,CUST00222,PROD00271,STORE008,2025-04-01,1,3825.46
ORD0004525,CUST00981,PROD00050,STORE004,2025-04-27,6,21304.64
ORD0002305,CUST01488,PROD00143,STORE008,2025-11-05,3,19538.71
ORD0003151,CUST00710,PROD00042,STORE012,2025-05-21,2,1553.52
ORD0009716,CUST00987,PROD00204,STORE022,2026-02-13,4,10861.48
ORD0005874,CUST00001,PROD00126,STORE008,2025-05-13,1,18141.24
ORD0005255,CUST01364,PROD00217,STORE007,2025-06-25,6,24390.42
ORD0010777,CUST00912,PROD00275,STORE020,2025-01-23,6,23904.12
ORD0011095,CUST01134,PROD00037,STORE018,2026-03-24,4,14043.24
ORD0002911,CUST00779,PROD00195,STORE020,2025-09-03,2,3301.23
ORD0003430,CUST00848,PROD00170,STORE013,2025-10-31,6,16571.61
ORD0004069,CUST01284,PROD00118,STORE023,2025-01-17,6,15501.67
ORD0004627,CUST00985,PROD00044,STORE021,2025-03-03,6,13612.52
ORD0005245,CUST01478,PROD00167,STORE020,2026-01-03,1,1289.58
ORD0000718,CUST00496,PROD00236,STORE020,2026-04-15,2,22313.35
ORD0009959,CUST01400,PROD00112,STORE008,2025-06-09,3,6567.3
ORD0011681,CUST01216,PROD00044,STORE002,2025-02-25,5,11499.19
ORD0005731,CUST01316,PROD00202,STORE012,2025-10-27,3,5380.59
ORD0010003,CUST00769,PROD00294,STORE020,2026-02-17,3,12934.33
ORD0009880,CUST00214,PROD00045,STORE012,2025-01-15,5,13264.73
ORD0009335,CUST01484,PROD00243,STORE021,2025-11-01,5,21364.33
ORD0002998,CUST01244,PROD00194,STORE017,2026-02-03,2,4990.07
ORD0001553,CUST00278,PROD00080,STORE002,2025-05-23,3,2353.71
ORD0002623,CUST00620,PROD00190,STORE017,2025-11-18,5,19088.32
ORD0010819,,PROD00234,STORE013,2025-01-12,2,18542.72
ORD0001534,CUST01422,PROD00073,STORE015,2025-04-06,3,8940.02
ORD0003015,CUST00320,PROD00012,STORE007,2025-09-11,1,23568.92
ORD0012297,CUST01393,PROD00158,STORE021,2026-01-14,4,21720.0
ORD0003488,CUST00111,PROD00250,STORE013,2026-03-19,6,6138.63
ORD0011228,CUST00361,PROD00078,STORE001,2026-02-27,4,3557.97
ORD0000818,CUST01453,PROD00166,STORE015,2026-01-17,2,20422.16
ORD0005370,CUST00194,PROD00231,STORE014,2026-04-06,3,8377.99
ORD0008644,CUST00967,PROD00019,STORE011,2025-04-26,4,9606.99
ORD0010600,CUST00217,PROD00061,STORE018,2025-10-21,2,23952.39
ORD0001514,CUST01122,PROD00031,STORE003,2025-08-13,5,9763.41
ORD0001110,CUST01495,PROD00118,STORE022,2026-01-04,5,10913.8
ORD0011785,CUST01425,PROD00212,STORE014,2025-09-04,2,168.23
ORD0001702,CUST01347,PROD00288,STORE006,2025-10-31,2,5729.54
ORD0008074,CUST01276,PROD00039,STORE009,2025-01-23,3,398.99
ORD0003049,CUST01311,PROD00083,STORE015,2025-03-23,4,4421.65
ORD0008065,CUST01110,PROD00286,STORE008,2025-12-15,4,24931.05
ORD0001220,CUST00311,PROD00060,STORE007,2025-12-18,2,3084.27
ORD0004278,CUST01081,PROD00129,STORE018,2026-01-17,3,4842.16
ORD0002189,CUST00873,PROD00062,STORE016,2025-01-30,1,10659.92
ORD0006262,CUST00871,PROD00124,STORE021,2025-01-07,1,18959.32
ORD0003939,CUST00679,PROD00191,STORE006,2025-03-25,6,6226.87
ORD0008737,CUST00862,PROD00031,STORE021,2026-01-02,4,20625.62
ORD0011308,CUST00215,PROD00062,STORE017,2025-05-25,5,18236.9
ORD0002383,CUST00567,PROD00205,STORE014,2025-03-07,2,abc
ORD0012225,CUST00561,PROD00296,STORE012,2025-12-27,5,8459.15
ORD0004051,CUST00022,PROD00104,STORE003,2025-11-25,6,21007.35
ORD0005598,CUST00397,PROD00209,STORE016,2025-05-14,4,994.09
ORD0011612,CUST01353,PROD00158,STORE016,2026-02-01,3,485.65
ORD0006341,CUST01190,PROD00071,STORE002,2026-04-16,1,7276.87
ORD0003251,CUST00754,PROD00004,STORE023,2025-07-30,5,7795.11
ORD0001473,CUST00237,PROD00212,STORE024,2026-02-11,1,23989.5
ORD0007814,CUST00172,PROD00145,STORE008,2025-09-15,4,16108.51
ORD0011490,CUST00098,PROD00193,STORE006,2026-01-21,3,10753.42
ORD0001391,CUST00471,PROD00167,STORE024,2025-03-16,5,12650.58
ORD0001583,CUST01055,PROD00263,STORE021,2025-09-10,1,13414.95
ORD0008209,CUST00488,PROD00043,STORE016,2025-02-09,5,7449.59
ORD0011684,CUST01040,PROD00036,STORE018,2025-04-14,4,19054.24
ORD0009744,CUST00374,PROD00041,STORE020,2025-01-10,3,9650.9
ORD0001524,CUST00631,PROD00170,STORE004,2026-02-08,1,528.55
ORD0012422,CUST00930,PROD00221,STORE001,2025-10-28,3,14864.24
ORD0002126,CUST01221,PROD00197,STORE009,2025-03-03,4,12336.69
ORD0005078,CUST01350,PROD00074,STORE015,2025-04-28,6,2795.79
ORD0007796,CUST01113,PROD00119,STORE013,2025-08-17,2,8384.27
ORD0001813,CUST00368,PROD00139,STORE008,2025-10-09,5,22493.74
ORD0011020,CUST00178,PROD00004,STORE019,2025-12-18,3,9152.28
ORD0003443,CUST00179,PROD00033,STORE023,2025-09-27,6,7384.65
ORD0005575,CUST00820,PROD00044,STORE014,2026-03-06,3,11095.52
ORD0009320,,PROD00154,STORE022,2025-12-20,6,985.7
ORD0003136,CUST00760,PROD00227,STORE013,2025-11-09,4,4742.41
ORD0010195,CUST00892,PROD00071,STORE015,2026-02-21,4,3886.66
ORD0000967,CUST00741,PROD00265,STORE009,2025-07-13,5,3876.47
ORD0000948,CUST00475,PROD00065,STORE008,2025-11-07,1,12784.14
ORD0001998,CUST00348,PROD00029,STORE005,2025-06-21,1,940.17
ORD0010641,CUST00491,PROD00229,STORE005,2025-12-26,2,1130.97
ORD0003308,CUST00603,PROD00258,STORE012,2026-04-08,2,22677.8
ORD0008640,CUST01130,PROD00035,STORE018,2025-01-08,3,6917.65
ORD0010301,CUST00741,PROD00201,STORE024,2026-03-07,1,3462.49
ORD0001360,CUST00111,PROD00056,STORE013,2025-11-08,6,8449.95
ORD0006567,CUST01189,PROD00109,STORE007,2025-12-25,2,11899.62
ORD0006003,CUST01022,PROD00137,STORE014,2025-06-14,3,16945.82
ORD0008409,CUST01367,PROD00106,STORE012,2025-03-14,5,5023.45
ORD0000602,CUST01024,PROD00199,STORE024,2025-07-20,3,11528.43
ORD0004540,CUST00942,PROD00242,STORE024,2025-08-24,4,6507.58
ORD0011766,CUST00553,PROD00160,STORE010,2025-03-14,3,18369.34
ORD0001240,CUST00267,PROD00109,STORE001,2026-03-31,3,23546.59
ORD0006792,CUST01096,PROD00028,STORE001,2025-08-07,5,12588.24
ORD0002176,CUST00540,PROD00265,STORE017,00/00/0000,4,14844.35
ORD0001503,CUST00725,PROD00188,STORE021,2025-12-08,1,22849.36
ORD0010853,CUST00291,PROD00083,STORE004,2025-05-11,4,24843.43
ORD0002987,CUST00459,PROD00285,STORE023,2026-02-11,2,23760.76
ORD0011786,CUST00034,PROD00212,STORE010,2025-07-28,5,24047.92
ORD0012476,CUST01280,PROD00005,STORE004,2025-02-18,4,8902.11
ORD0006295,CUST00380,PROD00018,STORE015,2025-09-04,5,6075.73
ORD0007621,CUST01287,PROD00154,STORE024,2025-01-10,3,15706.27
ORD0002047,CUST00019,PROD00278,STORE024,2026-03-08,3,7610.01
ORD0000775,CUST01301,PROD00137,STORE005,2025-04-11,2,19088.4
ORD0008594,CUST00838,PROD00202,STORE003,2025-06-04,2,3659.59
ORD0001856,CUST00454,PROD00001,STORE018,2025-04-08,5,14392.39
ORD0007607,CUST01499,PROD00115,STORE022,2026-04-08,6,19241.04
ORD0007244,CUST00791,PROD00018,STORE008,2025-12-09,6,4152.98
ORD0012047,CUST00288,PROD00044,STORE012,2026-02-14,1,19358.35
ORD0008475,CUST00638,PROD00213,STORE021,2025-08-17,5,11108.31
ORD0011989,CUST00131,PROD00149,STORE023,2025-05-16,6,7675.95
ORD0002916,CUST00805,PROD00150,STORE006,2026-02-11,4,11211.14
ORD0004677,CUST00681,PROD00014,STORE015,2025-07-04,4,14952.14
ORD0003152,CUST00651,PROD00027,STORE001,2026-02-02,2,296.08
ORD0000411,CUST00125,PROD00286,STORE002,2025-03-28,6,9422.7
ORD0004844,CUST00082,PROD00165,STORE021,2025-09-21,4,13329.68
ORD0004139,CUST00943,PROD00047,STORE024,2025-03-23,2,unknown
ORD0008843,CUST01418,PROD00155,STORE006,2025-08-10,2,10394.48
ORD0007502,,PROD00142,STORE019,2025-10-09,4,7150.87
ORD0001694,CUST00614,PROD00121,STORE003,2026-04-15,3,15409.93
ORD0009692,CUST01310,PROD00129,STORE003,2025-12-14,5,13568.86
ORD0005359,CUST00645,PROD00033,STORE003,2026-01-01,6,11806.23
ORD0007920,CUST00980,PROD00200,STORE003,2025-12-14,4,10219.58
ORD0005924,CUST01181,PROD00126,STORE022,2025-06-24,5,4564.81
ORD0010735,CUST00824,PROD00280,STORE022,2026-03-03,1,1539.7
ORD0001083,CUST00917,PROD00039,STORE022,2025-05-16,5,7523.69
ORD0007233,CUST00195,PROD00233,STORE014,2026-04-13,4,24358.28
ORD0011245,CUST00367,PROD00100,STORE024,2026-01-21,2,18072.51
ORD0007259,CUST00420,PROD00209,STORE008,2025-02-01,3,10962.7
ORD0008876,CUST01416,PROD00077,STORE013,2025-09-21,1,20505.32
ORD0009210,CUST00037,PROD00032,STORE001,2025-02-16,1,21930.42
ORD0006436,CUST01176,PROD00090,STORE025,2025-02-20,3,15644.42
ORD0001229,CUST01363,PROD00155,STORE025,2026-01-27,5,abc
ORD0000222,CUST01308,PROD00007,STORE024,2026-01-15,5,22468.65
ORD0003761,CUST01206,PROD00076,STORE001,2025-06-28,6,954.45
ORD0010146,CUST01294,PROD00279,STORE015,2026-03-20,2,1456.44
ORD0004459,CUST00591,PROD00184,STORE001,2025-02-03,3,4207.44
ORD0003982,CUST01163,PROD00028,STORE015,2025-10-21,5,17645.46
ORD0001535,CUST00160,PROD00131,STORE015,2025-12-22,4,22264.71
ORD0002751,CUST00694,PROD00244,STORE003,2026-03-19,2,16077.7
ORD0009836,CUST00801,PROD00067,STORE015,2025-07-05,2,21959.87
ORD0009695,CUST00308,PROD00083,STORE016,2026-03-24,3,16264.3
ORD0009832,CUST01493,PROD00097,STORE018,2025-12-08,6,22648.69
ORD0007336,CUST01059,PROD00204,STORE012,2025-01-12,6,13570.64
ORD0000709,CUST00112,PROD00022,STORE003,2025-10-02,3,2820.42
ORD0005693,CUST00425,PROD00208,STORE010,2026-02-27,5,1370.17
ORD0009491,CUST00242,PROD00189,STORE015,2025-10-28,2,15572.9
ORD0012406,CUST01492,PROD00291,STORE025,2025-12-09,6,18773.24
ORD0006147,CUST00386,,STORE010,2025-04-05,1,17352.82
ORD0012233,CUST00004,PROD00029,STORE015,2026-01-24,3,20069.71
ORD0006716,CUST01012,PROD00051,STORE012,2025-04-25,6,8387.6
ORD0004918,CUST00637,PROD00069,STORE020,2025-11-21,6,5067.89
ORD0011553,CUST01005,PROD00195,STORE020,2025-02-05,2,6683.1
ORD0003131,CUST01139,PROD00272,STORE002,2026-03-12,3,12626.73
ORD0009467,CUST01396,PROD00297,STORE007,2026-02-20,6,1530.36
ORD0010014,CUST00926,PROD00041,STORE015,2025-06-14,1,13813.67
ORD0008290,CUST00928,PROD00268,STORE021,2025-09-04,4,22698.93
ORD0000559,CUST00040,PROD00161,STORE017,2025-03-17,1,9695.96
ORD0000337,CUST00869,PROD00104,STORE009,2025-07-25,1,23982.56
ORD0010253,CUST00663,PROD00014,STORE020,2025-07-28,6,21894.72
ORD0011142,CUST00769,PROD00214,STORE022,2025-02-24,5,18052.46
ORD0003792,CUST00328,PROD00133,STORE023,2025-10-02,5,3857.01
ORD0009952,CUST00463,PROD00179,STORE004,2025-05-14,2,12910.49
ORD0007404,CUST00779,PROD00002,STORE025,2025-07-18,6,21351.03
ORD0007059,CUST00146,PROD00006,STORE022,2026-01-19,6,12460.94
ORD0007601,CUST00729,PROD00170,STORE019,2025-12-29,2,22585.52
ORD0009035,CUST00289,PROD00117,STORE021,2025-09-04,4,22295.52
ORD0004179,CUST00754,PROD00237,STORE023,2025-06-01,5,16744.48
ORD0001581,CUST01363,PROD00071,STORE024,2025-10-12,3,23529.83
ORD0001122,CUST00079,PROD00273,STORE011,2025-07-24,6,13181.01
ORD0006653,CUST01490,PROD00153,STORE025,2026-02-16,6,17318.39
ORD0009044,CUST00496,PROD00136,STORE013,2026-03-10,5,17083.38
ORD0000215,CUST00746,PROD00261,STORE024,2025-11-13,5,10235.24
ORD0000561,CUST01491,PROD00137,STORE003,2025-04-09,4,9830.98
ORD0005358,CUST00081,PROD00187,STORE001,2025-07-25,2,7675.79
ORD0006869,CUST01000,PROD00169,STORE025,2026-02-07,4,12888.45
ORD0000212,CUST00901,PROD00151,STORE005,2025-03-07,6,20159.19
ORD0005530,CUST00685,PROD00213,STORE007,2026-04-10,2,3422.72
ORD0011297,CUST00554,PROD00045,STORE006,2026-03-04,5,5387.31
ORD0000503,CUST01209,PROD00214,STORE006,2025-04-09,3,21303.63
ORD0001093,CUST01498,PROD00225,STORE008,2025-04-29,4,21684.6
ORD0000855,CUST00465,PROD00254,STORE018,2025-11-25,4,9773.8
ORD0010609,CUST00664,PROD00133,STORE013,2026-03-11,2,24157.78
ORD0001951,CUST00923,PROD00127,STORE003,2025-07-17,6,8457.66
ORD0006492,CUST00117,PROD00199,STORE019,2025-12-21,3,16623.68
ORD0001375,CUST01495,PROD00198,STORE025,2025-10-11,5,1345.13
ORD0006915,CUST00802,PROD00082,STORE022,2026-04-10,2,16889.94
ORD0008651,CUST00739,PROD00191,STORE023,2025-09-06,4,10790.74
ORD0009115,CUST00704,PROD00154,STORE024,2025-11-05,4,8248.11
ORD0009538,CUST01329,PROD00283,STORE011,2025-03-20,3,8032.69
ORD0010167,CUST01091,PROD00188,STORE023,2025-02-24,1,16025.48
ORD0011339,CUST00926,PROD00201,STORE010,2025-01-14,4,20008.61
ORD0011355,CUST01322,PROD00245,STORE017,2025-05-06,1,24099.34
ORD0003864,CUST00517,PROD00264,STORE003,00/00/0000,2,23696.84
ORD0003724,CUST01059,PROD00039,STORE019,2026-02-26,1,21135.34
ORD0000952,CUST00421,PROD00072,STORE008,2025-09-23,6,15960.8
ORD0011937,CUST01456,PROD00090,STORE001,2025-06-10,4,16576.93
ORD0007105,CUST01257,PROD00126,STORE020,2025-07-15,1,23299.73
ORD0007571,CUST00099,PROD00191,STORE001,2026-13-40,6,4624.45
ORD0001930,CUST00700,PROD00223,STORE018,2025-10-23,1,19417.71
ORD0002441,CUST00038,PROD00128,STORE020,2025-04-02,6,13716.4
ORD0008426,CUST00172,PROD00045,STORE011,2025-12-29,4,18956.08
ORD0002856,CUST01360,PROD00287,STORE003,2025-10-10,3,14755.49
ORD0001404,CUST00273,PROD00246,STORE004,2025-12-15,3,21017.68
ORD0009985,CUST01167,PROD00295,STORE024,2025-04-02,6,11520.59
ORD0008310,CUST01430,PROD00120,STORE016,2025-02-24,2,24281.81
ORD0006088,CUST00993,PROD00258,STORE010,2025-11-19,3,19637.04
ORD0009372,CUST01349,PROD00140,STORE022,2025-01-29,2,13617.96
ORD0007230,CUST00624,PROD00119,STORE002,2025-12-15,4,24542.09
ORD0000696,CUST01225,PROD00218,STORE022,2025-11-10,6,4830.57
ORD0000961,CUST00535,PROD00082,STORE003,2025-11-04,5,20347.23
ORD0001671,CUST00991,PROD00119,STORE003,2025-04-05,5,24629.49
ORD0012474,CUST00394,PROD00129,STORE018,2025-05-10,2,4481.16
ORD0009349,CUST00101,PROD00195,STORE018,2025-07-15,3,3838.27
ORD0008045,CUST00913,PROD00091,STORE020,2025-06-27,5,1512.13
ORD0004276,,PROD00279,STORE004,2026-02-16,1,4846.05
ORD0003832,CUST00107,PROD00019,STORE009,2026-04-18,5,737.11
ORD0008307,CUST00935,PROD00040,STORE007,2025-12-28,1,18797.96
ORD0001644,CUST00444,PROD00079,STORE005,2025-09-18,2,23003.12
ORD0007249,CUST01492,PROD00114,STORE005,2025-06-07,2,1590.17
ORD0003134,CUST01392,PROD00075,STORE018,2025-05-02,2,19668.02
ORD0009037,CUST00770,PROD00199,STORE018,2025-04-06,3,5231.97
ORD0005422,CUST00108,PROD00096,STORE016,2026-02-20,2,14014.36
ORD0004014,CUST00840,PROD00099,STORE019,2025-05-15,6,15075.06
ORD0012306,CUST00303,PROD00142,STORE025,2025-03-17,6,10157.85
ORD0005207,CUST01242,PROD00025,STORE003,2026-04-22,1,3408.24
ORD0011529,CUST00267,PROD00284,STORE017,2025-04-26,2,16130.83
ORD0001333,CUST00134,PROD00265,STORE005,2025-10-03,6,6578.49
ORD0011626,CUST01463,PROD00239,STORE011,2025-08-13,3,1660.14
ORD0004133,CUST01358,PROD00268,STORE023,2025-10-27,5,9623.46
ORD0011373,CUST01209,PROD00125,STORE017,2025-04-21,4,1806.17
ORD0007431,CUST01057,PROD00020,STORE021,2025-07-23,4,8178.41
ORD0007724,CUST01030,PROD00246,STORE005,2026-04-22,1,2495.83
ORD0011906,CUST00204,PROD00072,STORE012,2025-07-21,4,21416.05
ORD0011782,CUST00271,PROD00017,STORE003,2026-02-24,4,5828.54
ORD0001366,CUST00190,PROD00191,STORE017,2025-09-22,3,13405.21
ORD0004964,CUST01191,PROD00133,STORE022,2026-02-21,1,814.76
ORD0006599,CUST00357,PROD00259,STORE021,2025-08-05,6,1840.32
ORD0006061,CUST01273,PROD00156,STORE022,2025-08-06,1,18485.23
ORD0003233,CUST00734,PROD00133,STORE004,2025-10-12,2,18124.7
ORD0009244,CUST01385,PROD00081,STORE019,2025-06-20,6,20448.05
ORD0011712,CUST01173,PROD00170,STORE012,2025-08-11,3,14206.04
ORD0000440,CUST00824,PROD00023,STORE005,2025-11-15,2,15028.98
ORD0005935,CUST00822,PROD00101,STORE017,2026-03-02,5,9569.96
ORD0010712,CUST00305,PROD00040,STORE023,2025-12-04,5,6516.75
ORD0011646,CUST01308,PROD00287,STORE009,2025-01-06,1,11131.88
ORD0009570,CUST00774,PROD00152,STORE008,2025-12-28,4,1841.4
ORD0006010,CUST01139,PROD00216,STORE016,2025-05-14,5,12371.79
ORD0010264,CUST01455,PROD00273,STORE017,2025-10-03,4,12941.47
ORD0011156,CUST00742,PROD00012,STORE020,00/00/0000,6,7627.26
ORD0000950,CUST01076,PROD00276,STORE003,2025-10-09,3,6639.33
ORD0001411,CUST01059,PROD00264,STORE002,2026-04-19,6,14515.14
ORD0009700,CUST00803,PROD00286,STORE013,2025-10-23,4,14276.01
ORD0007735,CUST00221,PROD00062,STORE012,2025-11-14,3,14421.77
ORD0001744,CUST00270,PROD00024,STORE005,2025-02-04,5,7505.73
ORD0000958,CUST00202,PROD00225,STORE018,2026-02-08,6,9382.76
ORD0007056,CUST00752,PROD00149,STORE006,2025-02-03,3,22559.21
ORD0012441,CUST00460,PROD00014,STORE016,2025-08-21,6,4337.09
ORD0008007,CUST00480,PROD00278,STORE024,2025-11-05,3,1364.24
ORD0010133,CUST01248,PROD00011,STORE008,2025-02-24,1,1408.69
ORD0003266,CUST00473,PROD00157,STORE005,2026-03-16,3,16394.57
ORD0006422,CUST01250,PROD00277,STORE001,2025-08-26,6,4806.9
ORD0010941,CUST00909,PROD00192,STORE014,2025-07-20,6,18630.39
ORD0008840,CUST00852,PROD00140,STORE015,2025-02-04,3,22917.6
ORD0008431,CUST01127,PROD00167,STORE006,2025-02-15,2,14928.15
ORD0004898,CUST00015,PROD00044,STORE007,2025-12-22,5,24042.72
ORD0000694,CUST00642,PROD00166,STORE008,2025-06-06,5,4902.97
ORD0006395,CUST00928,PROD00272,STORE002,2026-03-15,3,6318.55
ORD0005045,CUST00823,PROD00272,STORE005,2025-07-08,6,16082.72
ORD0004793,CUST00755,PROD00155,STORE007,2025-01-28,4,17558.85
ORD0004213,CUST00739,PROD00081,STORE007,2025-02-25,1,20638.86
ORD0009486,CUST00324,PROD00075,STORE006,2025-05-17,2,16126.39
ORD0003431,CUST00342,PROD00189,STORE025,2025-10-01,6,23490.64
ORD0010373,CUST00806,PROD00199,STORE023,2025-07-02,1,24049.0
ORD0005855,CUST00090,PROD00285,STORE020,2025-08-18,6,6389.1
ORD0010615,CUST00008,PROD00056,STORE003,2025-03-10,2,14753.73
ORD0011273,CUST00872,PROD00281,STORE017,2026-03-07,4,24108.12
ORD0007334,CUST00617,PROD00275,STORE024,2025-05-12,4,6870.67
ORD0002259,CUST00352,PROD00165,STORE023,2025-09-02,4,17808.45
ORD0006359,CUST00498,PROD00019,STORE001,2025-05-12,1,5718.31
ORD0005368,CUST00853,PROD00037,STORE019,2025-10-17,3,3361.77
ORD0008039,CUST00468,PROD00144,STORE014,2025-01-22,1,9159.42
ORD0004634,CUST00092,PROD00208,STORE021,2025-01-16,3,3109.77
ORD0001609,CUST00214,PROD00010,STORE001,2026-01-10,5,16193.57
ORD0006728,CUST01401,PROD00086,STORE023,2026-03-08,4,7281.56
ORD0011106,CUST00631,,STORE005,2026-01-31,1,12047.2
ORD0004715,CUST01147,PROD00273,STORE020,2025-05-26,2,13276.1
ORD0001047,CUST00443,PROD00159,STORE018,2025-11-07,6,5818.54
ORD0001646,CUST00709,PROD00287,STORE022,2026-01-03,6,14216.93
ORD0006883,CUST00371,PROD00166,STORE003,2025-11-23,2,10014.39
ORD0010439,CUST00442,PROD00047,STORE013,2025-11-14,6,15847.78
ORD0010336,CUST00196,PROD00156,STORE021,2025-04-08,4,408.66
ORD0002836,CUST01074,PROD00124,STORE001,2025-01-09,2,23176.86
ORD0007639,CUST00682,PROD00172,STORE001,2025-04-08,1,19465.94
ORD0008941,CUST00617,PROD00120,STORE001,2025-06-08,3,19042.1
ORD0002239,CUST00562,PROD00243,STORE011,2025-09-18,2,16744.33
ORD0002664,CUST01101,PROD00127,STORE019,2025-01-13,4,19957.86
ORD0008420,CUST00967,PROD00247,STORE011,2025-07-23,1,7965.1
ORD0006291,CUST00238,PROD00134,STORE003,2025-03-31,2,7089.82
ORD0011056,CUST00260,PROD00049,STORE016,2025-04-18,5,8234.62
ORD0010575,CUST00560,PROD00073,STORE015,2026-01-06,1,18472.33
ORD0000598,CUST00219,PROD00106,STORE007,2025-06-02,5,18432.21
ORD0003541,CUST01409,PROD00273,STORE022,2025-04-20,6,8663.83
ORD0001485,CUST00913,PROD00228,STORE009,2025-07-04,6,1395.51
ORD0002762,CUST00966,PROD00086,STORE025,2025-05-21,1,23583.17
ORD0010542,CUST01431,PROD00063,STORE019,2025-03-29,3,6430.83
ORD0003227,CUST00571,PROD00112,STORE020,2026-04-12,6,3980.06
ORD0002626,CUST00319,PROD00009,STORE022,2025-03-19,4,10055.05
ORD0011231,CUST00552,PROD00254,STORE021,2025-11-25,1,5888.31
ORD0012218,CUST00370,PROD00081,STORE021,2025-02-02,4,19005.05
ORD0005264,CUST00418,PROD00161,STORE025,2025-09-21,1,20468.0
ORD0010294,CUST01017,PROD00085,STORE020,2025-07-30,3,4967.33
ORD0001709,CUST00846,PROD00190,STORE011,2025-03-09,4,20038.77
ORD0011093,CUST01176,PROD00278,STORE014,2025-08-08,3,4945.48
ORD0000658,CUST00158,PROD00102,STORE016,2025-07-18,4,6338.71
ORD0000157,CUST00692,PROD00155,STORE014,2026-01-18,4,706.23
ORD0003625,CUST00100,PROD00017,STORE013,2026-03-30,3,6457.14
ORD0011072,CUST00572,PROD00162,STORE017,2025-08-12,6,24019.87
ORD0010017,CUST00620,PROD00168,STORE013,2025-04-24,3,10937.48
ORD0000194,CUST00064,PROD00106,STORE019,2025-12-17,4,11560.94
ORD0009280,CUST00562,PROD00142,STORE018,2025-10-26,4,6976.45
ORD0010438,CUST01285,PROD00117,STORE006,2025-07-26,4,21836.16
ORD0011052,CUST01406,PROD00150,STORE010,2025-11-19,4,20623.66
ORD0004760,CUST00941,PROD00152,STORE019,2025-11-03,4,9141.96
ORD0012437,CUST00602,PROD00255,STORE010,2026-02-26,5,4689.98
ORD0003400,CUST00721,PROD00253,STORE005,2025-08-22,2,13849.02
ORD0004658,CUST01361,PROD00273,STORE005,2025-12-21,6,1118.7
ORD0006551,CUST00260,PROD00251,STORE021,2025-03-23,5,14487.2
ORD0004132,CUST01129,PROD00268,STORE006,2025-03-29,3,3616.82
ORD0010136,CUST00959,PROD00276,STORE014,2025-08-02,2,1935.6
ORD0009760,CUST01457,PROD00215,STORE017,2025-07-27,6,1222.18
ORD0008923,CUST01237,PROD00052,STORE011,2026-04-18,5,19343.31
ORD0012277,CUST01447,PROD00065,STORE017,2026-03-20,3,13190.53
ORD0012305,CUST01284,PROD00255,STORE003,2025-05-14,6,10325.05
ORD0011003,CUST01046,PROD00141,STORE015,2026-03-13,1,24026.29
ORD0000901,CUST00713,PROD00156,STORE021,2025-12-19,2,11316.18
ORD0005152,CUST00547,PROD00228,STORE024,2025-01-15,4,20436.72
ORD0010498,CUST00899,PROD00202,STORE012,2025-04-06,4,12358.31
ORD0003105,CUST00286,PROD00238,STORE020,2025-12-18,3,19328.7
ORD0000782,CUST00702,PROD00191,STORE016,2025-10-08,3,14489.53
ORD0010478,CUST00206,PROD00122,STORE001,2025-01-13,6,17499.02
ORD0002884,CUST00045,PROD00095,STORE023,2025-08-09,5,16253.57
ORD0007566,CUST00100,PROD00028,STORE018,2025-11-17,2,1219.82
ORD0011792,CUST00756,PROD00098,STORE005,2026-13-40,5,18017.11
ORD0011231,CUST00552,PROD00254,STORE021,2025-11-25,1,5888.31
ORD0007416,CUST01484,PROD00185,STORE008,2026-04-04,1,19131.51
ORD0000015,CUST00696,PROD00024,STORE010,2025-10-21,4,10333.82
ORD0006938,,PROD00019,STORE012,2025-03-26,5,6813.83
ORD0010108,CUST00205,PROD00016,STORE018,2025-04-23,6,20139.87
ORD0003481,CUST00501,PROD00265,STORE025,2025-10-20,6,8508.15
ORD0000007,CUST00986,PROD00152,STORE004,2026-03-28,2,2942.33
ORD0005002,CUST00714,PROD00173,STORE025,2025-05-17,2,16893.18
ORD0004050,CUST00686,PROD00199,STORE024,2025-09-21,6,10035.68
ORD0004459,CUST00591,PROD00184,STORE001,2025-02-03,3,4207.44
ORD0010687,CUST00689,PROD00119,STORE022,2025-10-20,3,13101.96
ORD0007344,CUST00696,PROD00288,STORE004,2025-07-14,2,19542.87
ORD0011303,CUST01260,PROD00165,STORE021,2026-02-10,3,727.58
ORD0001674,CUST01274,PROD00244,STORE021,2025-05-02,5,10595.86
ORD0000214,CUST00434,PROD00299,STORE010,2025-05-13,2,14668.23
ORD0011163,CUST01328,PROD00025,STORE008,2025-11-12,4,8976.22
ORD0011973,CUST00706,PROD00113,STORE004,2025-12-24,2,19329.73
ORD0006201,CUST01331,PROD00188,STORE021,2026-04-16,1,7111.55
ORD0010886,CUST00781,PROD00195,STORE023,2025-11-06,4,3334.22
ORD0011188,CUST00574,PROD00242,STORE008,2025-08-24,4,7246.07
ORD0011498,CUST01083,,STORE011,2025-05-11,6,11409.76
ORD0009322,CUST00506,PROD00066,STORE009,2025-12-06,3,20920.35
ORD0001521,CUST00642,PROD00131,STORE005,2025-02-24,4,4713.58
ORD0010331,CUST00635,PROD00264,STORE025,2025-12-13,3,532.22
ORD0002974,CUST01118,PROD00190,STORE008,2025-05-07,3,23803.6
ORD0010784,CUST00279,PROD00021,STORE014,2025-05-21,4,11655.59
ORD0000366,,PROD00234,STORE009,2025-06-26,3,20486.46
ORD0005378,CUST00352,PROD00098,STORE007,2025-12-25,6,18160.12
ORD0008920,CUST00243,PROD00211,STORE010,2025-07-30,3,17906.81
ORD0012371,CUST00097,PROD00165,STORE023,2025-10-09,2,10463.07
ORD0004797,CUST00553,PROD00226,STORE002,2025-06-24,1,20500.04
ORD0001966,CUST00238,PROD00271,STORE025,2025-06-12,5,5863.43
ORD0003504,CUST01342,PROD00155,STORE015,2025-08-27,1,7619.49
ORD0005900,CUST00037,PROD00069,STORE024,2025-10-20,4,16564.42
ORD0003036,CUST01301,PROD00220,STORE017,2026-03-19,1,8817.43
ORD0002618,CUST00915,PROD00298,STORE011,2025-11-18,6,6598.33
ORD0007875,CUST00400,PROD00092,STORE002,2025-08-05,3,18351.85
ORD0001372,CUST00539,PROD00085,STORE021,2026-01-09,4,2042.07
ORD0012240,CUST00789,PROD00142,STORE025,2025-05-17,4,abc
ORD0006897,CUST00113,PROD00077,STORE010,2025-02-17,1,12022.31
ORD0002269,CUST01175,PROD00090,STORE020,2025-11-07,1,19733.32
ORD0009804,CUST01306,PROD00114,STORE015,2025-02-24,3,2749.01
ORD0004256,CUST00163,PROD00190,STORE015,2025-12-28,2,13669.65
ORD0007840,CUST01325,PROD00283,STORE016,2025-09-23,3,21628.22
ORD0001978,CUST00456,PROD00120,STORE007,2025-09-01,4,7206.52
ORD0006424,CUST01229,PROD00147,STORE007,2025-01-29,6,9104.91
ORD0007823,CUST00842,PROD00260,STORE001,2026-04-12,1,11155.88
ORD0010665,CUST00317,PROD00053,STORE004,2025-06-02,1,6830.32
ORD0003032,CUST00369,PROD00026,STORE020,2026-04-18,6,5868.36
ORD0000279,CUST00044,PROD00206,STORE019,2026-03-01,3,307.9
ORD0007465,CUST01232,PROD00015,STORE013,2025-01-15,2,12210.83
ORD0003473,CUST00815,,STORE021,2026-01-19,5,6784.82
ORD0007937,CUST00533,PROD00081,STORE016,2025-03-06,4,18574.46
ORD0011808,CUST01352,PROD00114,STORE004,2025-01-05,2,15635.46
ORD0008362,CUST00332,PROD00068,STORE025,2026-01-11,5,15026.96
ORD0004650,CUST01330,PROD00020,STORE005,2025-12-04,5,23697.39
ORD0012490,CUST00115,PROD00282,STORE016,2025-06-06,2,21328.05
ORD0006974,CUST01424,PROD00281,STORE003,2025-08-09,6,15881.67
ORD0011353,CUST00377,PROD00217,STORE004,2025-11-22,3,20027.04
ORD0002920,CUST00533,PROD00271,STORE015,2025-08-07,5,7443.6
ORD0006703,CUST01370,PROD00112,STORE006,2025-05-11,4,10205.9
ORD0010006,CUST00931,PROD00226,STORE017,2026-01-11,5,8423.53
ORD0004897,CUST01245,PROD00139,STORE017,2025-05-26,1,7361.3
ORD0005289,CUST00730,PROD00009,STORE017,2025-04-03,3,8484.45
ORD0004541,CUST00037,PROD00114,STORE013,2026-01-26,4,10366.58
ORD0006023,CUST00728,PROD00250,STORE015,2025-07-29,2,24416.19
ORD0006549,CUST00583,PROD00145,STORE015,2025-11-22,5,24441.56
ORD0007554,CUST00886,PROD00198,STORE003,2025-03-25,6,9776.27
ORD0010792,CUST00173,,STORE003,2026-03-22,4,22706.13
ORD0009711,CUST01040,PROD00148,STORE010,2025-04-04,2,12258.79
ORD0009505,CUST00172,PROD00262,STORE024,2026-01-06,2,22101.34
ORD0007146,CUST01233,PROD00059,STORE010,2025-06-20,6,5372.39
ORD0004264,CUST00475,PROD00256,STORE015,2026-02-18,1,24717.67
ORD0001094,CUST01105,PROD00125,STORE004,2025-12-15,5,4553.83
ORD0010361,CUST00042,PROD00184,STORE013,2025-03-18,5,20354.62
ORD0003273,CUST00583,PROD00128,STORE024,2025-11-14,5,4538.39
ORD0008240,CUST01106,PROD00222,STORE020,2025-06-05,1,1388.78
ORD0003399,CUST00472,PROD00072,STORE022,2025-11-21,6,15888.81
ORD0001270,CUST00284,PROD00244,STORE001,2025-05-17,1,1580.89
ORD0010124,CUST00571,PROD00147,STORE016,2026-04-22,4,16301.67
ORD0007279,CUST00015,PROD00012,STORE012,2025-06-20,4,6606.44
ORD0011417,CUST01035,PROD00232,STORE016,2026-03-11,3,21202.96
ORD0003323,CUST00726,PROD00098,STORE015,2025-05-10,6,11573.44
ORD0001742,CUST00473,PROD00298,STORE018,2025-03-29,3,20429.21
ORD0010621,CUST00658,PROD00180,STORE024,2025-03-26,3,10786.17
ORD0004731,CUST01195,PROD00006,STORE018,2025-05-18,5,20159.32
ORD0000247,CUST00324,PROD00081,STORE011,2025-12-01,5,24531.69
ORD0011160,CUST00901,PROD00162,STORE015,2025-03-08,4,13153.05
ORD0002481,CUST00715,PROD00253,STORE010,2026-02-20,6,8143.77
ORD0007491,CUST01167,PROD00136,STORE002,2025-07-25,6,7929.93
ORD0006720,CUST00195,PROD00238,STORE013,2025-03-14,3,15816.63
ORD0004878,CUST00798,PROD00087,STORE005,2025-05-26,6,6361.47
ORD0005556,CUST00410,PROD00033,STORE023,2026-04-22,1,2483.1
ORD0001029,CUST01136,PROD00003,STORE017,2025-06-25,4,19539.05
ORD0010200,CUST00419,PROD00187,STORE014,2025-02-08,2,15609.52
ORD0001894,,PROD00183,STORE025,2026-03-24,2,7544.44
ORD0007636,CUST00632,PROD00114,STORE017,2025-04-13,2,1288.72
ORD0010070,CUST01035,PROD00264,STORE001,2026-04-11,1,7853.39
ORD0001678,CUST01377,PROD00297,STORE021,2025-03-05,3,4664.97
ORD0005781,CUST00328,PROD00282,STORE003,2026-03-07,5,24224.66
ORD0010932,CUST01111,PROD00258,STORE010,2026-01-31,3,1227.75
ORD0000136,CUST01383,PROD00247,STORE002,2025-08-04,two,23969.04
ORD0003828,CUST00934,PROD00240,STORE001,2026-01-27,1,11196.22
ORD0001019,CUST00487,PROD00253,STORE013,2026-02-09,4,10968.98
ORD0008582,CUST01109,PROD00203,STORE015,2025-03-20,2,24940.21
ORD0004704,CUST01282,PROD00297,STORE015,2025-07-20,5,5903.11
ORD0009008,CUST00567,PROD00276,STORE010,2026-03-31,2,13869.83
ORD0005139,CUST00916,PROD00192,STORE013,2025-08-10,5,4584.09
ORD0000357,CUST01364,PROD00137,STORE004,2025-11-07,6,12273.37
ORD0002541,CUST00548,PROD00162,STORE020,2025-04-17,4,16195.37
ORD0002447,CUST00186,PROD00196,STORE010,2025-11-04,6,11017.63
ORD0005210,CUST00931,PROD00082,STORE004,2026-03-17,2,3236.37
ORD0005698,CUST00367,PROD00074,STORE017,2025-06-12,3,9166.4
ORD0007037,CUST00853,PROD00044,STORE017,2025-06-25,3,8935.61
ORD0003195,CUST00474,PROD00002,STORE001,2025-09-07,3,13600.9
ORD0005714,CUST00050,PROD00087,STORE008,2025-06-27,6,16520.67
ORD0009063,CUST00210,PROD00254,STORE001,2025-05-02,6,8845.93
ORD0002636,CUST00931,PROD00024,STORE008,2025-08-04,6,8007.14
ORD0000507,CUST01345,PROD00235,STORE022,2025-01-17,1,8423.03
ORD0002128,CUST00917,PROD00215,STORE018,2025-01-04,1,22506.81
ORD0010680,CUST00888,PROD00165,STORE002,2025-04-26,5,13641.76
ORD0011523,CUST01113,PROD00169,STORE007,2025-04-09,3,$14808.57
ORD0008762,CUST00355,PROD00033,STORE012,2025-12-15,1,12331.15
ORD0008783,CUST00411,PROD00281,STORE004,2025-06-23,3,7438.08
ORD0004824,CUST01229,PROD00206,STORE010,2025-09-09,4,850.06
ORD0002466,CUST00271,PROD00209,STORE006,2026-01-24,2,8268.91
ORD0006276,CUST00735,PROD00087,STORE019,2026-02-08,-1,8289.63
ORD0000483,CUST00049,PROD00106,STORE013,2025-05-20,5,16724.79
ORD0002142,CUST00578,PROD00109,STORE023,2025-11-14,6,17416.73
ORD0004221,CUST00062,PROD00058,STORE008,2025-03-23,6,5267.71
ORD0008555,CUST01328,PROD00106,STORE016,2026-01-13,3,9398.1
ORD0001207,CUST01405,PROD00239,STORE017,2025-10-19,5,12722.0
ORD0006324,CUST01000,PROD00008,STORE001,2026-04-16,3,22857.23
ORD0008405,CUST00931,PROD00250,STORE022,2025-03-31,6,5572.17
ORD0005361,CUST01369,PROD00202,STORE009,2026-02-20,5,8888.35
ORD0010702,CUST00014,PROD00186,STORE025,2025-07-03,2,11128.48
ORD0011802,CUST00107,PROD00270,STORE001,2025-01-02,1,7153.02
ORD0006941,CUST01113,PROD00084,STORE019,2025-07-01,4,16345.33
ORD0002645,CUST00157,PROD00160,STORE003,2025-01-27,3,22210.93
ORD0000403,CUST00848,PROD00083,STORE024,2025-11-04,2,6332.67
ORD0012120,CUST00591,PROD00062,STORE006,2025-12-23,4,10450.23
ORD0006845,CUST00551,PROD00068,STORE019,00/00/0000,5,17227.37
ORD0002852,CUST01113,PROD00220,STORE001,2025-01-25,4,1806.94
ORD0012206,CUST00057,PROD00297,STORE018,2026-01-12,5,unknown
ORD0003077,CUST01438,PROD00294,STORE015,2026-02-10,3,6094.57
ORD0007438,CUST00316,PROD00281,STORE013,2025-03-15,1,3469.37
ORD0003095,CUST00626,PROD00164,STORE002,2025-01-17,3,24863.97
ORD0010924,CUST00394,PROD00063,STORE021,2025-10-05,6,20996.17
ORD0008053,CUST00283,PROD00151,STORE003,2025-08-05,2,1172.39
ORD0000900,CUST00029,PROD00243,STORE025,2025-08-21,5,1772.58
ORD0001963,CUST00278,PROD00252,STORE007,2025-09-07,1,6711.86
ORD0011319,CUST01434,PROD00052,STORE022,2026-02-24,4,3195.4
ORD0008613,CUST00895,PROD00289,STORE008,2026-04-05,5,17343.21
ORD0003949,CUST00041,PROD00131,STORE012,2025-09-17,5,22288.72
ORD0004849,CUST00826,PROD00101,STORE010,2025-08-20,6,9304.49
ORD0000970,CUST00636,PROD00088,STORE019,2025-10-10,4,$18280.55
ORD0003291,CUST00041,PROD00050,STORE013,2025-05-14,4,16605.33
ORD0004027,CUST00774,PROD00076,STORE004,2025-04-25,1,21275.01
ORD0001990,CUST00568,PROD00279,STORE015,2026-01-12,1,14746.44
ORD0009454,CUST00623,PROD00137,STORE023,2025-07-07,6,8645.27
ORD0002318,CUST01152,PROD00198,STORE001,2025-07-06,3,24410.88
ORD0001393,CUST00074,PROD00054,STORE017,2025-07-22,1,17921.61
ORD0002521,CUST01211,PROD00269,STORE005,2025-12-11,5,375.96
ORD0012428,CUST00019,PROD00128,STORE005,2025-03-01,2,3475.71
ORD0007889,CUST00520,PROD00171,STORE017,2025-07-24,5,4933.09
ORD0002540,CUST00538,PROD00211,STORE024,2025-08-18,1,7175.7
ORD0003259,CUST00145,PROD00014,STORE021,2025-06-13,2,8059.91
ORD0001437,CUST01212,PROD00220,STORE006,2025-02-09,3,11420.33
ORD0012004,CUST00220,PROD00025,STORE005,2025-06-02,6,6284.05
ORD0003102,CUST00726,PROD00020,STORE022,2025-11-22,2,17274.82
ORD0007506,CUST01074,PROD00041,STORE024,2026-01-11,1,18333.66
ORD0000517,CUST01481,PROD00007,STORE024,2025-11-13,3,21773.47
ORD0000319,CUST00270,PROD00168,STORE014,2025-10-24,3,16580.87
ORD0003639,CUST00742,PROD00210,STORE006,2025-08-31,5,20463.24
ORD0006002,CUST00993,PROD00081,STORE014,2026-03-12,5,16655.09
ORD0004348,CUST01188,PROD00107,STORE004,2025-04-28,1,5941.98
ORD0004037,CUST00555,PROD00252,STORE014,2025-08-02,1,21139.37
ORD0010564,CUST00838,PROD00238,STORE004,2025-07-15,5,5567.54
ORD0007073,CUST01120,PROD00060,STORE017,2025-09-22,4,18981.29
ORD0007316,CUST01391,PROD00065,STORE015,2025-12-06,6,3482.16
ORD0000548,CUST00123,PROD00181,STORE004,2025-12-28,1,23830.82
ORD0007720,CUST01189,PROD00151,STORE005,2025-03-13,5,15304.2
ORD0009405,CUST00770,PROD00123,STORE006,2025-08-26,1,2160.98
ORD0009818,CUST01033,PROD00280,STORE022,2025-08-20,4,190.87
ORD0000031,CUST00619,PROD00141,STORE015,2025-12-02,2,2627.03
ORD0001738,CUST00877,PROD00234,STORE012,2025-08-07,1,11022.86
ORD0011979,CUST00117,PROD00048,STORE006,2025-05-10,1,23441.14
ORD0012412,CUST01060,PROD00275,STORE001,2025-06-21,3,23627.4
ORD0005308,CUST00417,PROD00253,STORE016,2025-05-07,5,24240.68
ORD0005960,CUST01450,PROD00212,STORE020,2025-05-20,4,20838.25
ORD0003337,CUST00631,PROD00300,STORE025,2025-08-04,6,9137.58
ORD0011533,CUST00688,PROD00153,STORE016,2025-04-04,3,8894.34
ORD0011367,,PROD00104,STORE001,2025-05-26,4,5143.88
ORD0000193,CUST00968,PROD00103,STORE011,2026-04-03,2,7430.6
ORD0000285,CUST00081,PROD00066,STORE018,2025-06-17,3,23873.32
ORD0000233,CUST01208,PROD00111,STORE020,2025-01-05,4,7604.03
ORD0005413,CUST00345,PROD00158,STORE007,2026-02-23,6,1329.03
ORD0001690,CUST01332,PROD00184,STORE005,2025-04-25,5,17444.24
ORD0011642,CUST01200,PROD00140,STORE014,2025-07-22,6,9696.94
ORD0001950,CUST00659,PROD00221,STORE003,2025-05-30,3,15876.8
ORD0006463,CUST01364,PROD00264,STORE002,2025-01-11,2,603.5
ORD0008610,CUST00664,PROD00124,STORE008,2025-09-12,1,410.37
ORD0004551,CUST01339,PROD00136,STORE007,2026-01-08,3,13098.12
ORD0004633,CUST01421,PROD00259,STORE025,2025-02-03,1,12308.58
ORD0007995,CUST00992,PROD00122,STORE013,2025-09-13,4,2093.96
ORD0009853,CUST00688,PROD00188,STORE023,2026-03-30,4,21060.32
ORD0008621,CUST00694,PROD00094,STORE007,2025-06-05,2,3310.15
ORD0006926,CUST01473,PROD00299,STORE012,2025-06-11,3,11841.2
ORD0010005,CUST00866,PROD00258,STORE011,2025-07-31,5,22962.19
ORD0004160,CUST01306,PROD00147,STORE013,2025-09-28,6,11586.83
ORD0007185,CUST00097,PROD00237,STORE010,2025-11-20,2,14588.2
ORD0008138,CUST00660,PROD00200,STORE021,2025-08-20,1,15518.52
ORD0001338,CUST01284,PROD00193,STORE009,2025-12-06,5,10641.3
ORD0007725,,PROD00111,STORE017,2025-11-11,2,18123.89
ORD0004652,CUST00339,PROD00126,STORE012,2025-01-02,4,8912.71
ORD0005124,CUST01357,PROD00166,STORE002,2025-05-13,6,23867.59
ORD0010506,CUST00275,PROD00027,STORE019,2025-12-25,4,20699.57
ORD0010775,CUST01121,PROD00150,STORE012,2025-03-28,1,15697.25
ORD0005695,CUST00888,PROD00123,STORE009,2026-03-16,6,17728.01
ORD0006772,CUST00444,PROD00234,STORE012,2025-09-29,5,10171.21
ORD0002483,CUST01239,PROD00145,STORE023,2025-04-26,3,23154.36
ORD0004149,CUST00356,PROD00099,STORE021,2026-03-12,2,21490.64
ORD0007109,CUST00763,PROD00274,STORE016,2026-04-02,4,11557.42
ORD0011004,CUST00441,PROD00042,STORE020,2025-12-07,3,12367.41
ORD0008498,CUST00814,PROD00203,STORE010,2025-02-19,4,17602.75
ORD0006561,CUST00897,PROD00284,STORE017,2026-02-01,4,16861.3
ORD0008012,CUST00116,PROD00112,STORE017,2025-03-24,3,16211.2
ORD0005926,CUST00636,PROD00209,STORE003,2025-12-27,4,17860.3
ORD0003888,CUST00453,PROD00024,STORE014,2025-12-29,3,754.06
ORD0007683,CUST00827,PROD00081,STORE003,2025-07-13,6,12296.39
ORD0002890,CUST01334,PROD00240,STORE015,2025-05-26,5,19244.23
ORD0007859,CUST00146,PROD00249,STORE007,2025-05-15,1,19439.15
ORD0010114,CUST00524,PROD00012,STORE021,2025-03-10,6,1319.29
ORD0010553,CUST00966,PROD00269,STORE003,2026-03-10,6,2932.46
ORD0009426,CUST00711,PROD00286,STORE003,2025-05-23,1,24949.48
ORD0007305,CUST00656,PROD00215,STORE006,2025-01-07,4,1237.14
ORD0012451,CUST00657,PROD00007,STORE007,2025-11-26,3,11423.09
ORD0007872,CUST00097,PROD00211,STORE015,2025-07-11,2,11062.16
ORD0004549,CUST00824,PROD00206,STORE022,2025-05-20,4,956.67
ORD0000711,CUST00082,PROD00291,STORE002,2025-11-16,1,2919.09
ORD0010953,CUST00069,PROD00094,STORE012,2025-10-10,-1,14694.36
ORD0011614,CUST00864,PROD00099,STORE021,2025-05-19,4,23261.78
ORD0005291,CUST00773,PROD00195,STORE019,2026-04-13,2,5386.27
ORD0009936,CUST00851,PROD00290,STORE009,2025-07-28,6,18923.46
ORD0006707,CUST01313,PROD00124,STORE015,2025-09-13,5,23126.55
ORD0002033,CUST00405,PROD00167,STORE008,2025-09-19,3,13577.26
ORD0009862,CUST00921,PROD00113,STORE004,2025-05-29,2,6448.2
ORD0005172,CUST01332,PROD00195,STORE013,2025-08-02,1,7523.02
ORD0009028,CUST00321,PROD00255,STORE012,2026-03-29,4,3995.7
ORD0003665,CUST00977,PROD00300,STORE011,2026-04-11,5,4163.9
ORD0010037,CUST00144,PROD00154,STORE024,2025-12-11,1,7203.83
ORD0006072,,PROD00274,STORE004,2025-05-05,3,9794.95
ORD0005579,CUST01153,PROD00157,STORE018,2025-06-01,3,14572.97
ORD0000089,CUST01453,PROD00087,STORE019,2025-09-22,6,23615.88
ORD0005040,CUST00544,PROD00070,STORE011,2026-03-03,4,3129.99
ORD0007547,CUST00388,PROD00010,STORE024,2025-09-12,4,12393.82
ORD0004354,CUST01054,PROD00108,STORE018,2025-11-21,3,9273.29
ORD0012379,CUST01323,PROD00078,STORE016,2026-04-01,2,6574.25
ORD0000101,CUST00848,PROD00116,STORE007,2025-04-01,3,22106.68
ORD0002552,CUST00150,PROD00094,STORE022,2025-12-24,4,11007.89
ORD0007476,CUST01309,PROD00138,STORE011,2025-10-20,5,12133.12
ORD0006539,CUST00095,PROD00282,STORE001,2025-01-10,4,15418.94
ORD0006149,CUST00509,PROD00078,STORE014,2025-05-07,4,4085.18
ORD0000803,CUST01005,PROD00056,STORE009,2026-03-05,5,7392.0
ORD0005312,CUST00493,PROD00297,STORE004,2025-02-07,3,3924.78
ORD0008900,CUST01385,PROD00286,STORE021,2025-11-11,3,20265.78
ORD0009520,CUST01243,PROD00126,STORE002,2025-11-13,5,14412.13
ORD0010304,CUST00679,PROD00109,STORE003,2025-06-21,4,21437.33
ORD0004912,,PROD00121,STORE010,2026-01-02,2,13647.14
ORD0010369,CUST00302,PROD00137,STORE004,2025-12-13,3,3789.66
ORD0010859,CUST00866,PROD00188,STORE003,2025-01-30,3,10098.02
ORD0003027,CUST00412,PROD00007,STORE003,2025-01-20,1,1563.08
ORD0001692,CUST01473,PROD00005,STORE006,2025-03-24,3,8841.65
ORD0011755,CUST00677,PROD00193,STORE004,2026-04-19,4,16313.3
ORD0004483,CUST00757,PROD00194,STORE006,2026-02-25,4,18688.39
ORD0011082,CUST01364,PROD00167,STORE018,2025-12-27,1,17568.87
ORD0004033,CUST00128,PROD00205,STORE007,2025-12-05,2,4095.67
ORD0005663,CUST01311,PROD00104,STORE006,2026-01-14,3,24884.95
ORD0011466,CUST00415,PROD00060,STORE023,2025-04-12,3,15444.19
ORD0007275,CUST00679,PROD00059,STORE014,2025-09-02,5,4572.78
ORD0010717,CUST00787,PROD00121,STORE023,2025-03-06,5,17243.14
ORD0004907,CUST01369,PROD00168,STORE020,2025-06-09,1,22841.55
ORD0010967,CUST01283,PROD00262,STORE015,2025-06-20,1,17068.74
ORD0007634,CUST01148,PROD00267,STORE004,2026-01-21,3,16317.52
ORD0007799,CUST00764,PROD00299,STORE003,2026-04-09,3,18567.75
ORD0004128,CUST01106,PROD00025,STORE013,2025-12-23,4,2077.72
ORD0008591,CUST01453,PROD00121,STORE008,2025-10-12,2,7099.42
ORD0003368,CUST01388,PROD00039,STORE006,not_a_date,5,24483.27
ORD0001187,CUST01408,PROD00111,STORE007,2026-01-08,4,19712.21
ORD0007730,CUST01481,PROD00199,STORE017,2025-01-20,1,23758.02
ORD0000381,CUST00084,PROD00126,STORE018,2025-05-21,2,16737.9
ORD0010140,CUST00303,PROD00118,STORE018,2025-10-01,2,13276.8
ORD0006215,CUST01193,PROD00152,STORE011,2025-05-09,4,23042.83
ORD0010997,CUST01334,PROD00042,STORE003,2025-02-10,2,23298.94
ORD0005360,CUST00560,PROD00244,STORE003,2025-01-26,6,2354.58
ORD0001275,CUST01114,PROD00283,STORE003,2025-12-25,6,14138.58
ORD0003550,CUST00798,PROD00006,STORE007,2026-03-26,1,12777.73
ORD0001619,CUST00959,PROD00002,STORE004,2025-11-27,3,22789.01
ORD0010049,CUST01280,PROD00159,STORE009,2025-10-02,1,296.18
ORD0007836,CUST01057,PROD00206,STORE001,2025-03-08,2,10148.24
ORD0011315,CUST00586,PROD00047,STORE009,2026-04-11,4,24396.5
ORD0007440,CUST00248,PROD00139,STORE001,2025-11-22,6,19320.89
ORD0004092,CUST01048,PROD00284,STORE022,2025-04-24,6,8139.45
ORD0005571,CUST00599,PROD00278,STORE020,2025-03-23,1,12587.36
ORD0010393,CUST00614,PROD00238,STORE025,2025-08-04,4,342.68
ORD0003293,CUST01251,PROD00223,STORE019,2026-03-29,5,8292.51
ORD0007805,CUST00983,PROD00088,STORE019,2025-03-24,5,-5
ORD0009186,CUST01139,PROD00096,STORE018,2025-02-14,5,3372.13
ORD0001334,CUST01174,,STORE021,2026-04-10,1,13735.6
ORD0002735,CUST00011,PROD00089,STORE009,2025-08-08,5,12873.17
ORD0006518,CUST00877,PROD00250,STORE005,2026-01-07,6,2444.64
ORD0003721,CUST00312,PROD00154,STORE011,2025-02-10,4,7742.88
ORD0009870,CUST01274,PROD00035,STORE012,2025-10-11,6,15973.94
ORD0002932,CUST01162,PROD00238,STORE005,2025-09-24,3,3038.0
ORD0005494,CUST00627,PROD00260,STORE016,2026-04-09,4,4056.09
ORD0003324,CUST00057,PROD00123,STORE016,2025-10-13,4,abc
ORD0005870,CUST01483,PROD00178,STORE019,2025-07-23,5,21619.16
ORD0002692,CUST00263,PROD00195,STORE007,2026-02-05,1,14255.15
ORD0006559,CUST00739,PROD00038,STORE011,2025-03-01,3,22474.36
ORD0001501,CUST00579,PROD00023,STORE016,2025-12-27,1,19159.88
ORD0001510,CUST00357,PROD00280,STORE012,2025-05-05,3,19035.14
ORD0010667,CUST01294,PROD00148,STORE013,2025-04-07,1,9956.28
ORD0006260,CUST00663,PROD00148,STORE004,2025-04-20,1,17322.1
ORD0006275,CUST01427,PROD00230,STORE009,2025-11-14,6,593.56
ORD0003104,CUST00193,PROD00160,STORE007,2025-02-03,3,5790.35
ORD0001699,CUST01236,PROD00126,STORE025,2025-12-28,5,6175.08
ORD0003805,CUST00020,PROD00176,STORE003,2025-03-22,6,17641.2
ORD0011241,CUST00835,PROD00131,STORE001,2025-02-20,4,6962.28
ORD0012339,CUST00135,PROD00067,STORE013,2025-12-10,1,1390.63
ORD0005920,CUST00610,PROD00091,STORE001,2025-05-27,6,19926.17
ORD0005689,CUST01334,PROD00149,STORE013,2025-12-07,4,23332.78
ORD0009430,CUST00942,PROD00062,STORE025,2025-04-16,4,10465.92
ORD0007314,CUST00802,PROD00086,STORE004,2025-06-28,3,6837.48
ORD0007202,CUST01359,PROD00121,STORE004,2025-04-19,4,12344.77
ORD0004058,CUST01439,PROD00061,STORE016,2026-02-04,1,17349.66
ORD0006583,CUST00407,PROD00005,STORE009,2025-04-18,2,20289.68
ORD0007635,CUST01451,PROD00158,STORE005,2026-02-16,3,737.33
ORD0002174,CUST00257,PROD00112,STORE017,2026-03-04,4,18092.58
ORD0000781,CUST01378,PROD00253,STORE004,2026-02-20,1,16785.02
ORD0002897,CUST00328,PROD00284,STORE003,2025-09-02,6,16252.87
ORD0009086,CUST00854,PROD00076,STORE014,2025-06-19,3,10226.25
ORD0007095,CUST00553,PROD00280,STORE017,2025-11-06,4,21053.3
ORD0011062,CUST00113,PROD00028,STORE002,2025-10-28,2,5590.7
ORD0007509,CUST00264,PROD00054,STORE004,2025-06-07,6,12805.29
ORD0007795,CUST01494,PROD00139,STORE006,2025-08-12,5,16080.77
ORD0007150,CUST00509,PROD00260,STORE010,2025-06-20,6,11447.31
ORD0004944,CUST00527,PROD00283,STORE009,2026-01-19,6,9071.04
ORD0008494,CUST00026,PROD00112,STORE022,2026-01-12,3,1024.06
ORD0007011,CUST00317,PROD00262,STORE016,2025-01-08,3,15006.52
ORD0009753,CUST00768,PROD00099,STORE003,2026-04-21,4,4138.42
ORD0000368,CUST00939,PROD00135,STORE025,2026-01-30,2,5353.12
ORD0000356,CUST00995,PROD00125,STORE019,2025-08-11,4,5651.5
ORD0009839,CUST00809,PROD00083,STORE005,2026-03-23,3,1600.78
ORD0011268,,PROD00073,STORE015,2025-05-19,5,7871.13
ORD0010612,CUST00830,PROD00078,STORE008,2025-04-01,3,24938.79
ORD0000712,CUST01474,PROD00142,STORE010,2025-04-23,4,6130.9
ORD0006071,CUST00094,PROD00210,STORE020,2025-02-03,4,11293.59
ORD0000786,CUST01043,PROD00154,STORE016,2025-01-27,6,24784.13
ORD0002442,CUST00167,PROD00277,STORE001,2025-07-15,6,5343.8
ORD0002179,CUST01075,PROD00075,STORE016,2026-01-16,2,14506.11
ORD0008173,CUST01263,PROD00021,STORE017,2025-12-12,6,1854.51
ORD0005850,CUST00656,PROD00077,STORE023,2025-05-08,4,19285.03
ORD0004151,CUST00522,PROD00170,STORE007,2025-12-28,3,13338.9
ORD0008757,CUST00440,PROD00172,STORE010,2025-06-19,6,unknown
ORD0005182,CUST00739,PROD00154,STORE024,2025-01-03,3,3672.32
ORD0002230,CUST00552,PROD00139,STORE003,2025-01-30,2,22010.64
ORD0009317,CUST00574,PROD00245,STORE012,2025-05-13,5,334.54
ORD0008096,CUST00949,PROD00029,STORE021,2025-11-07,1,12422.68
ORD0004758,CUST01036,PROD00040,STORE024,2025-07-06,4,1223.96
ORD0002599,CUST00233,PROD00159,STORE003,2026-01-13,5,22498.95
ORD0009040,CUST00073,PROD00250,STORE015,2025-11-21,3,11984.95
ORD0006095,CUST01341,PROD00183,STORE002,2026-03-01,1,1179.57
ORD0006821,CUST01180,PROD00222,STORE011,2025-01-04,4,4269.65
ORD0005218,CUST01318,PROD00254,STORE011,2025-11-01,3,23618.33
ORD0005854,CUST01476,PROD00227,STORE003,2025-05-20,5,14025.5
ORD0010922,CUST01029,PROD00242,STORE009,2026-02-16,3,19789.39
ORD0004780,CUST01227,PROD00104,STORE006,2026-02-12,2,9219.64
ORD0003120,CUST00288,PROD00045,STORE022,2025-07-11,3,20786.82
ORD0006535,CUST00832,PROD00178,STORE018,2026-01-18,4,23103.75
ORD0002347,CUST00333,PROD00140,STORE008,2026-01-16,5,22824.7
ORD0008041,CUST01052,,STORE019,2025-10-28,2,3608.08
ORD0001656,CUST01360,PROD00205,STORE008,2025-08-31,5,20730.07
ORD0005842,CUST01328,PROD00096,STORE011,2025-07-07,6,8744.09
ORD0009627,CUST01055,PROD00187,STORE021,2026-02-06,1,13187.77
ORD0003711,CUST01047,PROD00051,STORE008,2025-09-04,2,639.39
ORD0006504,CUST01049,PROD00213,STORE025,2025-05-10,2,10356.07
ORD0000563,CUST01297,PROD00002,STORE011,2025-09-05,3,20647.19
ORD0001787,CUST01324,PROD00283,STORE011,2026-01-06,1,4984.11
ORD0008648,CUST01378,PROD00114,STORE011,2025-11-18,1,10513.69
ORD0000573,CUST00584,PROD00084,STORE019,2025-01-09,2,8171.67
ORD0008259,CUST01475,PROD00045,STORE002,2025-04-30,2,9609.14
ORD0005198,CUST00869,PROD00222,STORE008,2026-02-18,6,24677.15
ORD0004998,CUST00064,PROD00211,STORE008,2025-08-04,5,7953.23
ORD0006876,CUST00918,PROD00009,STORE010,2026-03-21,2,17625.78
ORD0001668,CUST01468,PROD00221,STORE020,2025-10-18,4,11649.52
ORD0008893,CUST00499,PROD00278,STORE022,2025-08-13,4,15100.08
ORD0009138,CUST00101,PROD00271,STORE019,2025-08-06,5,903.46
ORD0005046,CUST00123,PROD00274,STORE004,2025-10-25,3,21310.13
ORD0010623,CUST00939,PROD00208,STORE013,2025-09-07,1,1551.36
ORD0000570,CUST00755,PROD00239,STORE025,2025-07-15,2,11250.12
ORD0003368,CUST01388,PROD00039,STORE006,not_a_date,5,24483.27
ORD0000408,CUST00882,PROD00130,STORE016,2025-07-25,1,4736.47
ORD0001989,CUST00989,PROD00159,STORE004,2025-03-15,6,23101.38
ORD0001788,CUST00220,PROD00115,STORE021,2025-01-21,5,19043.04
ORD0009858,CUST00185,PROD00218,STORE013,2026-04-02,1,15385.87
ORD0001389,CUST00138,PROD00199,STORE008,2026-01-01,1,6485.01
ORD0000553,CUST01485,PROD00192,STORE023,2025-08-31,2,9333.75
ORD0004379,CUST00905,PROD00152,STORE007,2025-08-01,5,16965.11
ORD0001054,CUST00192,PROD00282,STORE013,2025-07-28,5,9550.66
ORD0008433,CUST00127,PROD00226,STORE024,2025-09-21,2,20017.69
ORD0011599,CUST00662,PROD00012,STORE022,2025-03-26,6,7674.12
ORD0002547,CUST00426,PROD00074,STORE014,2025-03-07,4,7520.48
ORD0002788,CUST00411,PROD00133,STORE017,2025-06-04,6,23373.19
ORD0009094,CUST01403,PROD00260,STORE012,2025-09-18,1,5373.78
ORD0011346,CUST00335,PROD00100,STORE014,2025-07-31,3,17855.4
ORD0002048,CUST00169,PROD00281,STORE014,2025-07-18,4,24999.38
ORD0010222,CUST01447,PROD00036,STORE014,2026-03-31,4,6635.14
ORD0000352,CUST00182,PROD00186,STORE008,2025-12-26,6,12439.12
ORD0011326,CUST00465,PROD00160,STORE010,2026-04-15,2,10663.91
ORD0012264,CUST00971,PROD00251,STORE015,2025-10-19,6,7438.34
ORD0012065,CUST00982,PROD00250,STORE011,2025-06-29,4,16509.49
ORD0006850,CUST00312,PROD00073,STORE003,2025-10-26,4,3770.72
ORD0008817,CUST00546,PROD00246,STORE021,2025-11-04,3,17922.22
ORD0003615,CUST00489,PROD00184,STORE004,2025-08-03,2,13914.38
ORD0012219,CUST00779,PROD00148,STORE018,2025-06-26,3,6146.41
ORD0004560,CUST01024,PROD00294,STORE025,2025-04-17,2,23046.69
ORD0001463,CUST00188,PROD00060,STORE019,2025-11-09,3,24371.91
ORD0004472,CUST01333,PROD00227,STORE014,2025-04-08,2,8007.47
ORD0005478,CUST01292,PROD00102,STORE003,2025-10-11,2,11859.96
ORD0001703,CUST00673,PROD00257,STORE014,2025-09-02,2,15195.15
ORD0012295,CUST01090,PROD00122,STORE004,2025-10-25,4,12544.27
ORD0006710,CUST01064,PROD00154,STORE012,2026-03-20,3,6802.49
ORD0003051,CUST01416,PROD00264,STORE001,2025-04-10,5,17526.04
ORD0005044,CUST00645,PROD00108,STORE015,2025-03-20,3,13452.58
ORD0005519,CUST00262,PROD00045,STORE013,2025-06-15,3,8848.75
ORD0005251,CUST00322,PROD00237,STORE017,2025-09-17,1,21202.39
ORD0010160,CUST00584,PROD00210,STORE004,2025-05-14,2,5532.74
ORD0012368,CUST00588,PROD00078,STORE022,2025-11-18,2,23642.26
ORD0003709,CUST00435,PROD00094,STORE023,2025-08-29,3,4486.76
ORD0006479,CUST00321,PROD00040,STORE018,2026-04-16,5,21343.08
ORD0011780,CUST01493,PROD00134,STORE003,2025-08-14,1,22399.61
ORD0006899,CUST00850,PROD00173,STORE008,2025-04-24,2,14152.1
ORD0003339,CUST01163,PROD00205,STORE011,2025-02-22,1,2306.08
ORD0008642,CUST00941,PROD00036,STORE020,2025-11-25,2,22626.13
ORD0001691,CUST00658,PROD00106,STORE002,2025-08-27,6,9368.4
ORD0001562,CUST01398,PROD00030,STORE012,2025-04-29,6,19857.22
ORD0000865,CUST00844,PROD00039,STORE017,2025-06-07,3,2016.52
ORD0007869,CUST00857,PROD00150,STORE019,2025-03-24,4,1192.78
ORD0002416,CUST01315,PROD00149,STORE001,2025-06-07,3,6310.53
ORD0001805,CUST01164,PROD00058,STORE003,2025-08-17,4,21588.12
ORD0009193,CUST00513,PROD00163,STORE022,2025-07-15,3,19994.87
ORD0011211,CUST00499,PROD00267,STORE003,2026-01-23,1,2836.93
ORD0008197,CUST00272,PROD00289,STORE003,2025-10-27,5,7239.75
ORD0006526,CUST00801,PROD00274,STORE018,2025-12-10,1,2401.51
ORD0002797,CUST00245,PROD00068,STORE018,2025-06-03,4,21299.45
ORD0008441,CUST00082,PROD00171,STORE015,2025-12-19,6,8926.7
ORD0006175,CUST00690,PROD00054,STORE021,2025-03-16,5,24829.28
ORD0009698,CUST01453,PROD00090,STORE010,2026-02-23,3,19956.99
ORD0007911,CUST00814,PROD00005,STORE010,2026-04-01,5,19036.78
ORD0009265,CUST00497,PROD00054,STORE018,2025-01-17,5,16249.01
ORD0009546,CUST00401,PROD00017,STORE011,2026-01-18,2,16557.02
ORD0009043,CUST00180,PROD00298,STORE006,2025-10-18,3,3568.01
ORD0005067,CUST00902,PROD00289,STORE005,2025-07-04,4,23812.15
ORD0004115,CUST01235,PROD00014,STORE004,2026-03-07,2,unknown
ORD0006188,CUST00015,PROD00091,STORE021,2025-09-20,3,12387.08
ORD0006450,CUST01498,PROD00092,STORE015,2025-12-17,4,19790.0
ORD0000079,CUST01201,PROD00159,STORE011,2026-04-14,1,22789.36
ORD0008908,CUST00109,PROD00145,STORE010,2025-03-29,2,21195.64
ORD0007756,CUST00420,PROD00190,STORE007,2025-01-01,5,2588.9
ORD0002885,CUST00204,PROD00193,STORE005,2025-07-12,2,21065.91
ORD0012269,CUST00599,PROD00270,STORE025,2025-07-01,1,11973.95
ORD0008176,CUST01467,PROD00123,STORE011,2025-09-21,1,15152.55
ORD0010693,CUST01282,PROD00279,STORE003,2025-08-27,6,23319.62
ORD0005308,CUST00417,PROD00253,STORE016,2025-05-07,5,24240.68
ORD0002632,CUST01221,PROD00019,STORE004,2025-03-09,1,11448.84
ORD0000329,CUST00194,PROD00117,STORE015,2025-12-31,1,3138.9
ORD0007465,CUST01232,PROD00015,STORE013,2025-01-15,2,12210.83
ORD0003574,CUST01236,PROD00119,STORE007,2026-01-23,3,13699.12
ORD0003986,CUST00447,PROD00157,STORE022,2025-12-22,1,12296.82
ORD0004981,CUST00158,PROD00268,STORE025,2025-10-14,5,22296.87
ORD0004756,CUST01004,PROD00025,STORE025,2025-04-15,3,3352.09
ORD0008622,CUST01098,PROD00159,STORE009,2026-02-15,1,4859.96
ORD0006443,CUST00387,PROD00119,STORE019,2025-07-08,6,24537.16
ORD0000314,CUST01010,PROD00293,STORE007,2025-03-08,2,5599.88
ORD0005365,CUST00165,PROD00127,STORE018,2025-10-23,6,13102.21
ORD0003230,CUST01289,PROD00131,STORE016,2026-04-09,4,22466.05
ORD0004060,CUST00983,,STORE021,2025-01-29,1,18154.6
ORD0011589,CUST01301,PROD00046,STORE018,2025-04-05,6,2808.54
ORD0009937,CUST00694,PROD00260,STORE013,2025-06-05,6,15626.97
ORD0012246,CUST00264,PROD00187,STORE006,2025-01-21,2,23064.37
ORD0009279,CUST00426,PROD00136,STORE003,2025-03-18,3,19949.38
ORD0011950,CUST00950,PROD00188,STORE021,2025-01-17,6,16084.24
ORD0000730,CUST00045,PROD00200,STORE019,2025-01-11,3,9084.09
ORD0004224,CUST00801,PROD00177,STORE002,2025-06-27,6,12473.9
ORD0012152,CUST01045,PROD00192,STORE020,2025-12-06,6,21768.99
ORD0003573,CUST00566,PROD00264,STORE001,2026-04-21,2,21641.26
ORD0003932,CUST00009,PROD00016,STORE022,2026-02-08,5,7291.75
ORD0005928,CUST01321,PROD00232,STORE017,2025-09-24,6,19858.69
ORD0010164,CUST01325,PROD00181,STORE015,2025-10-13,4,16654.22
ORD0008414,CUST01427,PROD00263,STORE022,2025-01-29,5,2233.05
ORD0010446,CUST00580,PROD00144,STORE002,2025-03-02,4,1389.1
ORD0005536,CUST01040,PROD00210,STORE024,2025-08-06,2,2269.07
ORD0011931,CUST00263,PROD00056,STORE019,2025-06-25,6,6018.31
ORD0002188,CUST00218,PROD00039,STORE015,2025-09-08,-1,16333.53
ORD0010649,CUST00261,PROD00147,STORE008,2025-09-20,1,24620.21
ORD0011055,CUST00470,PROD00097,STORE024,2025-06-02,1,23040.82
ORD0007763,CUST00669,PROD00277,STORE021,2026-02-09,3,12179.1
ORD0009254,CUST01293,PROD00162,STORE019,2025-04-14,4,6104.26
ORD0000379,CUST00725,PROD00204,STORE005,2026-01-12,4,2725.11
ORD0011848,CUST01402,PROD00193,STORE021,2025-12-20,5,8250.93
ORD0003279,CUST00197,PROD00241,STORE013,2025-08-23,3,1263.32
ORD0012117,CUST00447,PROD00043,STORE020,2026-04-21,,18214.76
ORD0004853,CUST00900,PROD00192,STORE025,2025-06-11,6,16262.06
ORD0000475,CUST00910,,STORE015,2025-12-07,3,8544.36
ORD0006401,CUST00780,PROD00130,STORE005,2025-11-29,3,14485.12
ORD0010716,CUST01032,PROD00291,STORE020,2025-03-20,6,2022.37
ORD0000138,CUST00953,PROD00043,STORE012,2025-12-02,6,18356.87
ORD0004010,CUST00509,PROD00003,STORE009,2026-02-20,3,9337.46
ORD0008332,CUST01447,PROD00142,STORE024,2025-02-12,2,22541.09
ORD0005292,CUST00293,PROD00168,STORE015,2025-09-07,6,20393.25
ORD0000495,CUST00301,PROD00228,STORE004,2025-07-15,1,3519.63
ORD0008468,CUST00867,PROD00190,STORE003,2026-03-26,1,21554.96
ORD0009584,CUST00316,PROD00135,STORE025,2025-09-18,4,18775.86
ORD0003868,CUST01452,PROD00288,STORE013,2025-12-12,4,3327.24
ORD0006612,CUST01300,PROD00070,STORE013,2025-04-21,1,4692.53
ORD0006952,CUST01378,PROD00278,STORE025,2025-10-16,4,8533.09
ORD0008308,CUST00993,PROD00015,STORE020,2025-05-16,4,2668.33
ORD0009551,CUST00010,PROD00227,STORE019,2025-11-05,5,24894.7
ORD0001034,CUST01190,PROD00034,STORE010,2025-01-09,3,14416.07
ORD0009765,CUST00977,PROD00237,STORE001,2026-01-30,4,1135.5
ORD0006084,CUST01309,PROD00227,STORE016,2025-01-07,6,3401.34
ORD0008388,CUST01037,PROD00033,STORE014,2026-01-06,4,7616.53
ORD0003496,CUST01299,PROD00250,STORE010,2025-06-18,1,9928.67
ORD0004227,CUST00241,PROD00202,STORE001,2025-11-25,2,16604.1
ORD0006365,CUST00735,PROD00129,STORE020,2026-02-10,4,9718.34
ORD0000620,CUST01001,PROD00119,STORE023,2025-07-06,6,1325.27
ORD0008201,CUST00592,PROD00251,STORE009,2025-12-14,3,24792.01
ORD0010518,CUST00980,PROD00014,STORE016,2026-03-30,6,4793.48
ORD0006730,CUST01252,PROD00244,STORE011,2026-01-18,2,2357.87
ORD0001695,CUST01075,PROD00287,STORE019,2025-06-28,3,15351.34
ORD0009220,CUST00673,PROD00227,STORE010,2026-04-22,4,22116.44
ORD0002018,CUST00194,PROD00116,STORE005,2025-11-30,4,10313.04
ORD0012426,,PROD00117,STORE014,2025-04-04,2,20539.09
ORD0003392,CUST01439,PROD00270,STORE021,2025-05-09,2,4126.93
ORD0000336,CUST00340,PROD00116,STORE025,2025-11-09,6,3928.47
ORD0006931,CUST00882,PROD00153,STORE015,2025-04-12,1,3899.08
ORD0007841,,PROD00012,STORE012,2025-11-18,6,17388.76
ORD0002488,CUST00306,PROD00064,STORE016,2025-06-11,5,12451.78
ORD0009997,CUST00300,PROD00238,STORE005,2025-07-20,2,8451.85
ORD0003453,CUST00576,PROD00075,STORE005,2025-10-05,5,7126.99
ORD0003223,CUST00093,PROD00159,STORE023,2025-05-05,5,20894.63
ORD0001841,CUST00280,PROD00297,STORE020,2025-11-18,1,11209.54
ORD0002298,CUST00797,PROD00294,STORE009,2025-01-06,4,14321.27
ORD0000422,CUST00749,PROD00073,STORE008,2025-07-26,4,4830.25
ORD0010143,CUST00060,PROD00252,STORE008,2025-03-04,2,22751.4
ORD0004527,CUST01275,PROD00222,STORE020,2025-01-13,4,857.99
ORD0008187,CUST00333,PROD00025,STORE003,2026-03-15,6,21982.7
ORD0008354,CUST00356,PROD00240,STORE025,2025-06-14,4,10742.31
ORD0002177,CUST00362,PROD00030,STORE023,2026-02-03,3,19537.28
ORD0005249,CUST01414,PROD00004,STORE021,2025-03-18,1,11665.21
ORD0010855,CUST01478,PROD00147,STORE023,2025-06-06,6,3460.17
ORD0009642,CUST00537,PROD00069,STORE025,2025-03-01,4,8293.92
ORD0002295,CUST00085,PROD00087,STORE010,2025-06-07,5,5596.94
ORD0006670,CUST00649,PROD00289,STORE024,2026-01-06,2,1624.46
ORD0009626,CUST01399,PROD00232,STORE007,2025-05-10,1,5576.7
ORD0004342,CUST00988,PROD00295,STORE019,2026-02-13,1,1686.94
ORD0003981,CUST00429,PROD00265,STORE011,2026-03-18,6,15975.24
ORD0009435,CUST00533,PROD00070,STORE015,2026-03-07,1,2193.48
ORD0012350,CUST00207,PROD00167,STORE018,2025-01-01,5,15382.52
ORD0004827,CUST00343,PROD00077,STORE002,2026-04-07,3,21653.22
ORD0008159,CUST00726,PROD00040,STORE022,2025-11-16,2,824.06
ORD0010610,CUST00977,PROD00107,STORE008,2025-01-22,2,23437.71
ORD0004829,CUST01494,PROD00292,STORE024,2025-05-25,6,11570.16
ORD0010805,CUST00061,PROD00234,STORE004,2026-02-05,3,20600.06
ORD0000143,CUST00970,PROD00172,STORE018,2025-04-02,3,2925.05
ORD0010346,CUST00072,PROD00292,STORE010,2025-07-28,5,18639.89
ORD0002963,CUST00924,PROD00282,STORE009,2026-04-20,1,2416.58
ORD0002844,CUST01380,PROD00117,STORE015,2025-03-01,5,14691.79
ORD0003638,CUST01433,PROD00040,STORE009,2025-10-18,2,20168.31
ORD0006141,CUST01093,PROD00131,STORE004,2025-02-07,6,9098.12
ORD0002274,CUST00475,PROD00039,STORE002,2025-10-22,6,19042.42
ORD0009727,CUST01192,PROD00110,STORE023,2026-03-27,3,1504.5
ORD0001070,CUST00577,PROD00201,STORE006,2025-08-18,1,17900.74
ORD0002402,CUST00070,PROD00146,STORE024,2025-06-03,5,1907.32
ORD0002657,CUST00750,PROD00232,STORE023,2025-12-27,2,15095.29
ORD0009005,CUST00208,PROD00116,STORE019,2025-04-13,1,abc
ORD0010355,CUST00407,PROD00211,STORE019,2026-01-05,4,21312.14
ORD0005681,CUST01187,PROD00280,STORE013,2025-08-07,3,11159.27
ORD0000210,CUST00054,PROD00114,STORE012,2025-05-30,5,9163.7
ORD0007718,CUST00271,PROD00212,STORE015,2025-11-21,2,14178.75
ORD0011830,CUST00494,PROD00207,STORE007,2026-02-27,5,3105.79
ORD0001995,CUST01274,PROD00027,STORE002,2025-09-27,2,7741.15
ORD0011737,CUST01040,PROD00168,STORE020,2025-09-01,1,18919.25
ORD0004120,CUST00687,PROD00130,STORE017,2025-04-29,1,21679.77
ORD0010508,CUST01149,PROD00087,STORE012,2025-03-02,3,17262.99
ORD0003998,CUST00549,PROD00247,STORE016,00/00/0000,1,7406.68
ORD0005315,CUST00163,PROD00086,STORE016,2025-03-04,1,4712.24
ORD0001932,CUST00690,PROD00296,STORE001,2025-11-13,1,18486.53
ORD0010021,CUST00375,PROD00050,STORE002,2026-01-19,2,12378.34
ORD0006352,CUST00849,PROD00277,STORE024,2025-08-11,3,7050.33
ORD0009957,CUST00875,PROD00230,STORE014,2025-12-10,6,20504.04
ORD0010774,CUST00451,PROD00181,STORE015,2025-08-05,1,1279.1
ORD0011429,CUST00868,PROD00005,STORE001,2025-09-03,6,6415.1
ORD0000225,CUST01102,PROD00041,STORE002,2025-05-07,4,14232.55
ORD0004084,CUST01043,PROD00041,STORE009,2025-01-18,3,14767.53
ORD0009395,,PROD00011,STORE017,2025-08-18,1,1645.55
ORD0009049,CUST01363,PROD00249,STORE015,2025-07-28,3,11206.9
ORD0003090,CUST01358,PROD00236,STORE016,2025-01-03,3,13184.44
ORD0010087,CUST00230,PROD00258,STORE019,2026-02-27,2,21039.67
ORD0008703,CUST00648,PROD00134,STORE011,2026-04-05,3,2086.51
ORD0008088,CUST01416,PROD00282,STORE015,2025-12-14,two,24341.72
ORD0004868,CUST01198,PROD00077,STORE004,2025-09-26,1,2804.08
ORD0006624,CUST00565,PROD00130,STORE008,2025-09-12,2,20901.41
ORD0006944,CUST00771,PROD00133,STORE015,2025-07-15,5,20442.4
ORD0011846,CUST00228,PROD00053,STORE015,2026-01-01,4,16636.66
ORD0000710,CUST00550,PROD00066,STORE004,2025-04-15,,17215.1
ORD0002482,CUST00560,PROD00071,STORE002,2025-10-13,3,7252.88
ORD0004452,CUST01495,PROD00068,STORE022,2025-04-28,6,16179.98
ORD0000502,CUST00171,PROD00182,STORE020,2026-04-02,4,546.5
ORD0007630,CUST00736,PROD00032,STORE017,2026-02-15,6,19163.92
ORD0004289,CUST01199,PROD00095,STORE008,2026-02-22,3,16902.82
ORD0009497,CUST00302,PROD00172,STORE024,2026-03-05,5,19490.23
ORD0004877,CUST00007,PROD00092,STORE004,2025-05-09,2,8640.81
ORD0006205,CUST00297,PROD00049,STORE021,2026-01-28,1,19870.96
ORD0008516,CUST01472,PROD00245,STORE002,2025-04-16,3,19353.4
ORD0010370,CUST00853,PROD00162,STORE013,2026-03-22,2,10646.69
ORD0007870,CUST00771,PROD00175,STORE006,2026-03-01,6,1683.27
ORD0007821,CUST00918,PROD00223,STORE010,2025-08-20,5,15620.71
ORD0008192,CUST01345,PROD00194,STORE014,2025-11-22,3,18018.0
ORD0003285,CUST00219,PROD00235,STORE023,,6,702.89
ORD0011109,CUST00048,PROD00263,STORE009,2025-03-21,6,8085.61
ORD0007998,CUST01083,PROD00155,STORE001,2025-11-15,6,17233.59
ORD0009443,CUST01138,PROD00236,STORE011,2026-02-02,2,17208.01
ORD0006844,CUST01346,PROD00106,STORE009,2025-12-13,4,20803.37
ORD0010056,CUST00492,PROD00228,STORE025,2025-03-31,5,17644.4
ORD0001587,CUST01147,PROD00174,STORE008,2025-05-25,2,18046.11
ORD0005114,CUST01077,PROD00276,STORE002,2026-03-30,4,21613.54
ORD0003423,CUST00594,PROD00158,STORE003,2025-03-04,5,17825.75
ORD0012105,CUST00619,PROD00268,STORE022,2025-11-09,6,1205.61
ORD0004848,CUST00984,PROD00259,STORE004,2025-03-22,1,4779.47
ORD0000977,CUST00530,PROD00091,STORE018,2026-04-22,4,12536.41
ORD0012215,CUST00428,PROD00156,STORE016,2025-11-15,4,16395.66
ORD0002960,CUST00939,PROD00164,STORE012,2025-01-22,5,1390.98
ORD0012150,CUST00386,PROD00295,STORE022,2025-06-08,3,12493.72
ORD0011559,CUST00860,PROD00083,STORE015,2025-02-08,1,22291.58
ORD0005827,CUST01301,PROD00092,STORE009,2025-11-30,2,15736.17
ORD0006725,CUST01331,PROD00216,STORE007,2025-01-02,1,15409.55
ORD0001215,CUST01495,PROD00179,STORE022,2025-04-12,1,2448.01
ORD0010812,CUST00521,PROD00085,STORE011,2025-05-23,1,7673.82
ORD0006592,CUST00415,PROD00212,STORE017,2025-09-06,1,9019.54
ORD0002116,CUST01291,PROD00199,STORE005,2025-11-12,3,17141.01
ORD0002759,CUST01380,PROD00257,STORE003,00/00/0000,1,9932.24
ORD0000317,CUST00379,PROD00155,STORE011,2026-13-40,6,24352.83
ORD0007014,CUST01204,PROD00046,STORE014,2025-03-30,4,13495.12
ORD0006457,CUST01364,PROD00270,STORE019,2025-02-10,3,21536.27
ORD0010162,CUST00659,PROD00165,STORE012,2025-05-29,6,9859.85
ORD0012014,CUST00559,PROD00200,STORE015,2025-01-02,5,5343.01
ORD0007107,CUST00064,PROD00117,STORE011,2025-11-03,4,13151.38
ORD0003919,CUST00166,PROD00017,STORE017,2025-12-19,1,15518.32
ORD0012417,CUST01283,PROD00023,STORE009,2025-11-09,6,13590.72
ORD0003035,CUST00051,PROD00263,STORE003,2025-12-12,2,24628.38
ORD0007514,CUST00116,PROD00136,STORE003,2025-08-23,2,1973.61
ORD0002576,CUST01050,PROD00242,STORE010,2026-03-11,1,3721.45
ORD0007192,CUST00148,PROD00203,STORE020,00/00/0000,6,6428.97
ORD0010603,CUST01313,PROD00267,STORE003,2026-03-21,3,11574.84
ORD0008794,CUST00291,PROD00149,STORE003,2025-09-11,3,8520.75
ORD0010242,CUST00918,PROD00292,STORE016,2025-12-09,4,10132.82
ORD0001075,CUST01382,PROD00274,STORE009,2025-04-12,1,24261.88
ORD0006477,CUST01220,PROD00247,STORE021,2026-03-07,6,1250.58
ORD0010390,CUST00398,PROD00275,STORE024,2025-02-05,4,22330.38
ORD0002594,CUST00302,PROD00023,STORE008,2025-09-29,1,8941.29
ORD0011360,CUST00409,PROD00279,STORE022,2025-10-19,4,1579.06
ORD0010436,CUST00961,PROD00068,STORE017,2025-08-06,1,-5
ORD0011999,CUST00739,PROD00132,STORE011,2025-04-07,2,21818.25
ORD0010956,CUST01029,PROD00232,STORE006,2025-11-04,5,2899.3
ORD0003142,CUST00220,PROD00165,STORE001,2025-10-27,4,3804.87
ORD0011277,CUST00190,PROD00220,STORE013,2025-06-13,5,16466.08
ORD0001481,CUST00397,PROD00281,STORE008,2026-04-02,6,24911.93
ORD0008850,CUST00666,PROD00087,STORE006,2025-03-11,5,18908.44
ORD0002922,CUST00247,PROD00012,STORE010,2025-06-11,4,15693.04
ORD0009214,CUST01316,PROD00293,STORE006,2025-11-22,1,8977.35
ORD0002326,CUST01039,PROD00221,STORE011,2025-06-18,2,12634.18
ORD0005029,CUST00973,PROD00030,STORE001,2026-04-08,2,6890.0
ORD0004457,CUST01035,PROD00054,STORE001,2025-11-21,5,17641.73
ORD0004717,CUST00828,PROD00128,STORE024,2026-02-16,3,22034.85
ORD0010768,CUST01146,PROD00165,STORE004,2026-04-04,6,6421.75
ORD0004582,CUST01163,PROD00290,STORE015,2026-04-12,2,22410.76
ORD0009729,CUST00928,PROD00243,STORE006,2026-04-01,2,21613.77
ORD0012221,CUST00276,PROD00200,STORE002,2025-09-15,3,8668.5
ORD0011060,CUST00198,PROD00208,STORE007,2025-12-04,1,10706.09
ORD0005247,CUST00804,PROD00137,STORE010,2025-03-24,3,5375.09
ORD0000556,CUST00575,PROD00285,STORE011,2025-12-24,5,19876.38
ORD0000888,CUST00510,PROD00068,STORE023,2025-05-08,1,5886.76
ORD0003157,CUST00558,PROD00005,STORE020,2025-05-20,6,19748.67
ORD0009342,CUST01378,PROD00086,STORE006,2026-04-19,4,15002.47
ORD0006180,CUST00132,PROD00020,STORE019,2025-07-01,5,12018.7
ORD0006904,CUST01000,PROD00185,STORE002,2025-08-09,1,17877.2
ORD0010616,CUST00106,PROD00250,STORE022,2025-10-02,6,12641.72
ORD0000916,CUST00467,PROD00221,STORE018,2025-02-22,1,17289.77
ORD0012222,CUST00744,PROD00182,STORE012,2025-10-20,5,12579.2
ORD0010443,CUST00730,PROD00117,STORE009,2025-02-25,1,14586.52
ORD0006745,CUST01269,PROD00209,STORE013,2025-07-12,6,11559.13
ORD0009217,CUST00862,PROD00148,STORE011,2026-01-10,4,2026.17
ORD0009930,CUST00169,,STORE024,2025-06-06,1,983.7
ORD0009424,CUST00610,PROD00094,STORE001,2026-01-28,2,2729.11
ORD0012351,CUST01202,PROD00101,STORE023,2025-07-18,6,15837.56
ORD0010475,CUST01401,PROD00053,STORE008,2025-12-26,4,19993.28
ORD0010094,CUST01097,PROD00018,STORE024,2025-11-02,6,14973.9
ORD0004357,CUST01214,PROD00269,STORE023,2026-01-21,6,15713.54
ORD0009958,CUST00887,PROD00043,STORE006,2025-10-08,3,14179.4
ORD0011944,CUST01198,PROD00086,STORE002,2026-03-26,1,13398.82
ORD0011212,CUST00388,PROD00207,STORE005,2026-01-16,3,285.72
ORD0003031,CUST00688,PROD00143,STORE003,2025-11-04,3,13662.32
ORD0012337,CUST00210,PROD00207,STORE003,2025-01-14,5,13141.12
ORD0007483,CUST01122,PROD00128,STORE024,2025-07-14,3,23860.37
ORD0007322,CUST00471,PROD00123,STORE012,2025-09-16,3,21252.14
ORD0011441,CUST00415,PROD00051,STORE025,2025-09-24,6,1137.36
ORD0010276,CUST01427,PROD00098,STORE008,2025-09-26,3,14111.02
ORD0006702,CUST01478,PROD00011,STORE021,2025-07-17,4,23326.17
ORD0012257,CUST00290,PROD00285,STORE002,2026-03-28,2,10307.54
ORD0004310,CUST01374,PROD00265,STORE018,2025-12-30,6,19170.05
ORD0010262,CUST01014,PROD00050,STORE022,2025-08-05,1,5705.75
ORD0000866,CUST00615,PROD00209,STORE001,2025-06-17,1,24534.16
ORD0011575,CUST00403,PROD00004,STORE002,2025-04-15,6,21196.86
ORD0010310,CUST00820,PROD00164,STORE023,2025-07-01,3,unknown
ORD0010576,CUST01280,PROD00218,STORE011,2025-07-01,4,7154.2
ORD0005231,CUST00591,PROD00240,STORE004,2025-07-28,2,22742.06
ORD0001312,CUST01349,PROD00204,STORE006,2026-03-30,3,16053.97
ORD0000148,CUST01406,PROD00190,STORE009,2025-06-01,4,8535.92
ORD0005432,CUST01063,PROD00165,STORE024,2025-11-04,5,17760.89
ORD0004508,CUST00401,PROD00253,STORE021,2025-06-01,2,7967.0
ORD0002471,CUST00107,PROD00202,STORE008,2025-05-03,1,9996.23
ORD0004460,CUST00289,PROD00026,STORE007,2025-03-04,4,296.26
ORD0011869,CUST00751,PROD00146,STORE009,2025-08-10,6,13650.11
ORD0006097,CUST01135,PROD00071,STORE005,2025-07-27,6,12017.31
ORD0003743,CUST00835,PROD00261,STORE016,2025-06-30,6,13461.07
ORD0009150,CUST00614,PROD00196,STORE018,2025-07-23,4,9565.58
ORD0011454,CUST00989,PROD00296,STORE017,2025-12-19,3,22488.93
ORD0012444,CUST00903,PROD00282,STORE001,2025-04-04,6,17898.71
ORD0002538,CUST00328,PROD00008,STORE002,2025-04-08,2,17708.72
ORD0003296,CUST00993,PROD00176,STORE010,2025-12-31,1,3522.5
ORD0005984,CUST00944,PROD00241,STORE023,2025-06-02,1,8465.78
ORD0001033,CUST01416,,STORE020,2025-10-17,1,12758.88
ORD0005933,CUST01296,PROD00171,STORE021,2025-05-24,1,2321.51
ORD0008729,CUST00936,PROD00094,STORE006,2025-04-24,2,19586.88
ORD0009422,CUST01379,PROD00025,STORE015,2025-07-25,4,9850.8
ORD0005594,CUST00409,PROD00228,STORE008,2025-09-15,3,19392.47
ORD0003278,CUST01240,PROD00217,STORE010,2025-11-04,-1,5356.8
ORD0006069,CUST00896,PROD00268,STORE007,2025-01-18,5,23647.08
ORD0006755,CUST01440,PROD00249,STORE021,2026-03-05,1,21615.79
ORD0012402,CUST00190,PROD00291,STORE007,2025-08-25,1,13742.87
ORD0008697,CUST00031,PROD00271,STORE015,2025-01-15,3,11257.58
ORD0000980,CUST00135,PROD00073,STORE023,2025-06-01,4,15534.01
ORD0005564,CUST00461,PROD00252,STORE012,2025-12-19,2,$8724.15
ORD0007533,CUST00071,PROD00220,STORE022,2026-01-28,5,3338.97
ORD0000506,CUST00920,PROD00222,STORE011,2026-01-24,1,6929.99
ORD0011770,CUST01413,PROD00230,STORE021,2026-03-20,6,21261.44
ORD0001568,CUST00245,PROD00015,STORE009,2026-01-15,2,21077.35
ORD0005733,CUST01075,PROD00010,STORE007,2025-09-25,2,24635.69
ORD0000067,CUST00429,PROD00087,STORE001,2025-02-16,2,24728.82
ORD0001300,CUST01105,PROD00089,STORE002,2025-01-24,1,6598.59
ORD0003118,CUST00278,PROD00243,STORE006,2025-08-01,5,21153.25
ORD0007515,CUST00083,PROD00141,STORE022,2026-02-14,2,2014.74
ORD0010045,CUST00086,PROD00033,STORE002,2026-02-11,6,14054.65
ORD0006225,CUST00913,PROD00226,STORE015,2025-06-04,3,2166.66
ORD0000810,CUST00493,PROD00237,STORE005,2025-02-10,6,4007.19
ORD0007007,CUST01410,PROD00258,STORE018,2025-03-31,2,999.33
ORD0009375,CUST00693,PROD00132,STORE020,2025-11-16,6,22377.31
ORD0012263,CUST00475,PROD00203,STORE010,2025-10-03,3,1970.03
ORD0004303,CUST00267,PROD00034,STORE017,2025-12-12,4,24000.68
ORD0008806,CUST00849,PROD00022,STORE018,2025-10-24,6,13712.95
ORD0004561,CUST00840,PROD00100,STORE023,2025-09-12,4,8510.88
ORD0010900,CUST00698,PROD00267,STORE016,2025-06-23,5,202.91
ORD0007992,CUST00889,PROD00057,STORE008,2025-05-29,4,11728.75
ORD0010212,CUST00476,PROD00219,STORE024,2026-02-28,6,12324.71
ORD0002748,CUST01189,PROD00209,STORE005,2025-10-23,6,22035.3
ORD0011097,CUST00789,PROD00039,STORE006,2025-03-27,3,1780.22
ORD0006271,CUST00320,PROD00186,STORE008,2026-03-07,1,16694.16
ORD0012178,CUST00758,PROD00052,STORE009,2026-03-14,5,3649.53
ORD0011330,CUST00442,PROD00115,STORE023,2025-01-29,2,10455.53
ORD0002709,CUST01481,PROD00275,STORE016,2025-04-16,2,2281.49
ORD0008328,CUST01209,PROD00169,STORE017,2025-08-10,6,9745.72
ORD0011120,CUST01295,PROD00091,STORE024,2025-03-02,2,2048.7
ORD0006480,CUST00327,PROD00134,STORE001,2025-04-17,1,10485.82
ORD0001324,CUST00232,PROD00128,STORE012,2025-11-04,6,18923.95
ORD0000862,CUST01307,PROD00163,STORE008,2025-08-06,3,13496.48
ORD0001636,CUST00814,PROD00047,STORE002,2025-01-24,5,24406.66
ORD0005110,CUST00663,PROD00292,STORE014,2025-04-18,1,3415.41
ORD0007792,CUST01318,PROD00029,STORE011,2026-03-17,2,12884.1
ORD0006393,CUST00500,PROD00245,STORE013,2026-02-17,6,16019.2
ORD0002253,CUST00884,PROD00253,STORE021,2025-04-12,4,20763.44
ORD0009618,CUST01162,PROD00228,STORE003,2025-02-18,1,12781.66
ORD0006540,CUST01255,PROD00225,STORE018,2026-02-26,4,20511.61
ORD0005489,CUST00169,PROD00106,STORE012,2025-02-05,6,18668.39
ORD0010367,CUST00803,PROD00087,STORE003,2025-09-01,5,11144.74
ORD0003404,CUST00297,PROD00180,STORE003,2026-04-07,3,8466.73
ORD0010418,CUST01121,PROD00138,STORE011,2026-03-20,4,10940.98
ORD0004251,CUST00983,PROD00137,STORE004,2026-01-28,,5887.57
ORD0008094,CUST00308,PROD00233,STORE006,2026-03-03,5,8637.93
ORD0003258,CUST01042,PROD00092,STORE013,2026-02-25,1,abc
ORD0003667,CUST00661,PROD00064,STORE003,2026-02-15,4,21081.6
ORD0004994,CUST01165,PROD00055,STORE025,2025-05-03,5,15993.37
ORD0005814,CUST01409,PROD00151,STORE007,2025-02-21,5,13761.79
ORD0004093,CUST00340,PROD00040,STORE008,2025-07-30,3,20694.81
ORD0002614,CUST00056,PROD00078,STORE006,2026-02-28,2,11867.43
ORD0003459,CUST00684,PROD00113,STORE015,2026-02-11,6,6163.97
ORD0002658,CUST01371,PROD00076,STORE022,2025-09-18,4,5953.01
ORD0002225,CUST01136,PROD00287,STORE010,2025-11-16,6,19616.69
ORD0003670,CUST00635,PROD00094,STORE010,2026-02-28,-1,20295.96
ORD0000071,CUST00494,PROD00287,STORE013,2025-12-28,4,19381.9
ORD0003811,CUST00557,PROD00162,STORE016,2025-03-20,2,23667.19
ORD0001400,CUST01100,PROD00234,STORE017,2026-03-24,5,16577.6
ORD0001634,CUST01416,PROD00114,STORE012,2025-08-05,2,3360.69
ORD0000362,CUST00864,PROD00202,STORE023,2025-11-28,6,1140.64
ORD0006376,CUST00887,PROD00141,STORE016,2026-01-05,4,21440.4
ORD0000700,CUST01308,PROD00127,STORE007,2026-03-02,5,19780.13
ORD0001418,CUST00592,PROD00032,STORE024,2025-05-29,2,22458.87
ORD0007304,CUST01075,PROD00008,STORE006,2025-07-17,2,13820.89
ORD0000776,CUST00191,PROD00197,STORE009,2025-01-23,4,5622.9
ORD0007600,CUST00369,PROD00268,STORE021,2025-07-31,3,21307.93
ORD0006793,CUST01389,PROD00026,STORE021,2025-09-25,4,20697.6
ORD0004044,CUST00109,PROD00223,STORE003,2025-09-21,2,22636.31
ORD0008058,CUST00479,PROD00022,STORE025,2026-04-15,6,20881.17
ORD0009304,CUST00943,PROD00071,STORE023,2025-12-24,3,24543.02
ORD0005938,CUST01285,PROD00079,STORE005,2026-01-03,1,1243.21
ORD0002329,CUST01055,PROD00258,STORE025,2025-01-13,4,24687.17
ORD0002843,CUST00706,PROD00255,STORE018,2025-01-13,6,17802.66
ORD0000037,CUST00758,PROD00245,STORE019,2025-06-20,1,16124.04
ORD0002294,CUST01013,PROD00290,STORE007,2025-04-04,2,7599.53
ORD0004815,CUST01050,PROD00011,STORE024,2025-11-07,1,805.78
ORD0006843,CUST00317,PROD00087,STORE005,2026-03-25,1,13610.06
ORD0000051,CUST01475,PROD00139,STORE017,2025-07-10,3,15435.25
ORD0000260,CUST00566,PROD00276,STORE012,2025-02-26,4,23101.61
ORD0006782,CUST00668,PROD00029,STORE019,2025-03-27,3,16802.18
ORD0012214,CUST01376,PROD00184,STORE002,2026-04-05,2,12666.0
ORD0011101,CUST01281,PROD00123,STORE007,2025-01-09,5,11448.37
ORD0002967,CUST00219,PROD00188,STORE017,2026-02-14,4,10693.69
ORD0007358,CUST00977,PROD00177,STORE015,2026-02-02,2,5487.74
ORD0003210,CUST00020,PROD00222,STORE003,2026-02-15,4,5399.79
ORD0005909,CUST00513,PROD00127,STORE024,2025-03-30,4,21177.68
ORD0005407,CUST00245,PROD00134,STORE012,2025-09-28,6,2021.07
ORD0005287,CUST01402,PROD00003,STORE022,2025-04-18,5,15899.5
ORD0006064,CUST00338,PROD00143,STORE021,2026-01-02,3,13907.35
ORD0003637,CUST00992,PROD00082,STORE017,2026-02-13,4,5194.12
ORD0005877,CUST01050,PROD00050,STORE007,2025-10-22,1,7242.43
ORD0002351,CUST00556,PROD00114,STORE022,2025-11-27,1,8691.93
ORD0003191,CUST01231,PROD00204,STORE018,2026-03-31,6,10624.23
ORD0001010,CUST00754,PROD00178,STORE005,2025-11-06,1,2044.86
ORD0003654,CUST01011,PROD00073,STORE008,2025-07-23,6,13951.46
ORD0000400,CUST01041,PROD00209,STORE005,,5,24507.44
ORD0004934,CUST00370,PROD00119,STORE012,2025-04-29,4,19365.83
ORD0005736,CUST00042,PROD00171,STORE002,2025-09-19,3,23443.24
ORD0008990,CUST01219,PROD00295,STORE004,2026-01-29,5,19161.31
ORD0000445,CUST00810,PROD00022,STORE023,2025-12-20,4,3352.87
ORD0009042,CUST00900,PROD00282,STORE012,not_a_date,4,20566.38
ORD0001449,CUST01236,PROD00245,STORE011,2025-08-19,5,14752.73
ORD0006694,,PROD00150,STORE008,2025-10-04,3,23333.98
ORD0010525,CUST01497,PROD00150,STORE003,2025-08-02,1,19676.29
ORD0010408,CUST01002,PROD00029,STORE006,2025-10-05,1,2816.64
ORD0006689,CUST00741,,STORE024,2025-12-14,3,5830.58
ORD0009762,CUST01040,PROD00284,STORE015,2025-12-28,3,16151.63
ORD0001384,CUST00924,PROD00225,STORE025,2025-05-05,4,19139.31
ORD0001938,CUST00025,PROD00164,STORE007,2025-01-11,2,16882.36
ORD0011909,CUST00138,PROD00160,STORE016,2025-09-07,1,24785.27
ORD0004962,CUST00489,PROD00054,STORE001,2025-03-24,5,12671.13
ORD0009423,CUST00996,PROD00183,STORE023,2025-11-26,2,21194.22
ORD0001409,CUST00212,PROD00078,STORE004,2025-09-13,6,16539.34
ORD0002275,CUST00450,PROD00126,STORE012,2025-04-01,2,13537.77
ORD0009178,CUST00512,PROD00118,STORE016,2025-01-25,6,1094.67
ORD0005582,CUST01111,PROD00275,STORE014,2025-01-09,3,15689.55
ORD0004272,CUST00475,PROD00274,STORE012,2025-01-29,6,19684.67
ORD0010183,CUST01256,PROD00201,STORE009,2025-11-03,4,20157.44
ORD0011902,CUST01130,PROD00059,STORE011,2025-07-31,5,2866.39
ORD0001586,CUST00174,PROD00293,STORE022,2025-04-13,4,6702.19
ORD0002331,CUST00283,PROD00072,STORE004,2025-05-15,6,11466.97
ORD0011488,CUST01155,PROD00222,STORE003,2025-06-10,2,463.16
ORD0010288,CUST00373,PROD00197,STORE007,2026-04-13,6,17791.03
ORD0001361,CUST00711,PROD00118,STORE002,2025-12-12,1,17415.59
ORD0006082,CUST00973,PROD00247,STORE012,2025-08-18,3,14168.43
ORD0001816,CUST00123,PROD00231,STORE013,2025-03-25,5,17483.04
ORD0007320,CUST01305,PROD00277,STORE016,2025-11-12,6,16426.97
ORD0005906,CUST00865,PROD00250,STORE024,2025-11-27,3,11846.75
ORD0001808,CUST01053,PROD00102,STORE004,2025-01-30,6,13806.39
ORD0008696,CUST01300,PROD00161,STORE023,2025-06-05,6,17068.0
ORD0008818,CUST01410,PROD00206,STORE008,2026-04-01,4,6478.25
ORD0001408,CUST00921,PROD00084,STORE017,2026-02-10,2,6070.94
ORD0004266,CUST00645,PROD00144,STORE011,2025-07-30,5,8951.18
ORD0011698,CUST00172,PROD00032,STORE007,2025-08-20,4,6785.66
ORD0004393,CUST00316,PROD00212,STORE010,2025-08-18,3,23110.77
ORD0011734,CUST01403,PROD00225,STORE006,2025-01-19,1,14117.32
ORD0004736,CUST00381,PROD00027,STORE008,2025-09-06,4,5313.55
ORD0007160,CUST01221,PROD00129,STORE009,2025-12-19,2,13744.19
ORD0001915,CUST00480,PROD00175,STORE006,2025-10-04,1,17651.15
ORD0003173,CUST00551,PROD00288,STORE012,2025-12-10,1,19892.23
ORD0011887,CUST00485,PROD00034,STORE019,2025-04-07,5,7072.27
ORD0004297,CUST00503,PROD00161,STORE023,2026-02-08,3,19380.63
ORD0003995,CUST01400,PROD00202,STORE011,2025-05-02,2,4091.76
ORD0002562,CUST01228,PROD00275,STORE009,2025-12-14,4,758.86
ORD0003480,CUST00565,PROD00278,STORE006,2026-01-25,5,19019.49
ORD0008554,CUST00342,PROD00194,STORE018,2025-01-14,4,12605.0
ORD0012124,CUST00158,PROD00061,STORE021,2025-07-03,2,865.98
ORD0000651,CUST00962,PROD00018,STORE011,2025-12-27,3,13882.75
ORD0012281,CUST01329,PROD00059,STORE015,2025-01-04,6,22797.9
ORD0003978,CUST00790,PROD00176,STORE010,2026-01-29,6,5921.65
ORD0002001,CUST00695,PROD00239,STORE016,2025-01-31,5,7927.76
ORD0002522,CUST00990,PROD00170,STORE011,2025-05-18,1,8307.15
ORD0000796,CUST00327,PROD00168,STORE019,2025-02-21,4,21351.98
ORD0003374,CUST01441,PROD00089,STORE010,2025-11-08,2,2704.49
ORD0009867,CUST01332,PROD00222,STORE007,2026-01-03,1,21850.97
ORD0007714,CUST00396,PROD00203,STORE016,2025-12-18,5,12830.77
ORD0006455,CUST00955,PROD00074,STORE013,2026-01-26,5,18009.6
ORD0011366,CUST00797,PROD00039,STORE013,2025-12-12,4,15952.82
ORD0001303,CUST00826,PROD00047,STORE025,2025-03-22,6,16749.4
ORD0007241,CUST00910,PROD00195,STORE018,2025-11-24,5,20889.76
ORD0007866,CUST00631,PROD00080,STORE025,2025-08-13,6,6851.08
ORD0004773,CUST00299,PROD00129,STORE015,2025-03-18,3,8394.16
ORD0011813,CUST01311,PROD00049,STORE002,2026-01-23,1,24176.41
ORD0004767,CUST00934,PROD00148,STORE011,2025-02-26,2,20604.19
ORD0011764,CUST00055,PROD00091,STORE020,2025-08-13,2,10276.58
ORD0010176,CUST00352,PROD00277,STORE013,2025-02-03,2,3857.76
ORD0000380,CUST00602,PROD00292,STORE003,2025-08-15,3,24986.06
ORD0003226,CUST00481,PROD00281,STORE025,2026-03-12,1,3955.74
ORD0007858,CUST01293,PROD00192,STORE011,2025-01-11,2,816.0
ORD0005738,CUST00242,PROD00286,STORE005,2025-03-29,2,11745.62
ORD0009673,CUST00096,PROD00270,STORE016,2025-06-04,2,8535.96
ORD0007184,CUST00260,PROD00024,STORE009,2025-10-27,4,19859.77
ORD0002354,CUST01340,PROD00262,STORE003,2025-08-18,3,186.6
ORD0007927,CUST00850,PROD00268,STORE013,2025-01-13,4,16164.57
ORD0010066,CUST01411,PROD00159,STORE003,2025-09-27,1,18101.7
ORD0005437,CUST00961,PROD00160,STORE024,2025-07-08,6,2627.67
ORD0004436,CUST01028,PROD00222,STORE022,2025-01-04,4,2058.55
ORD0008469,CUST00262,PROD00165,STORE014,2025-06-22,4,$15707.14
ORD0007878,CUST01108,PROD00267,STORE009,2025-03-06,3,16785.63
ORD0006852,CUST01039,PROD00192,STORE023,2025-02-24,4,19905.56
ORD0000617,CUST00576,PROD00145,STORE024,2025-05-17,4,5187.06
ORD0003087,CUST01355,PROD00181,STORE021,2025-11-19,5,23625.79
ORD0009050,CUST00404,PROD00300,STORE015,2025-01-10,6,18068.34
ORD0005094,CUST00283,PROD00195,STORE001,2025-03-26,4,11109.41
ORD0011057,CUST00614,PROD00273,STORE025,2026-03-22,3,10495.03
ORD0002443,CUST00807,PROD00083,STORE025,2025-05-03,6,18324.92
ORD0010688,CUST00847,PROD00079,STORE001,2026-03-07,1,5231.1
ORD0002229,CUST01322,PROD00119,STORE004,2026-02-08,2,20816.58
ORD0001311,CUST00726,PROD00055,STORE025,2026-03-16,4,14588.69
ORD0011694,CUST00800,PROD00172,STORE005,2025-03-01,2,21678.14
ORD0010302,CUST00114,PROD00210,STORE020,2026-02-06,3,23258.25
ORD0002738,CUST01373,PROD00243,STORE021,2025-10-21,2,7026.69
ORD0003377,CUST00968,PROD00099,STORE010,2025-06-01,1,24755.13
ORD0012274,CUST00104,PROD00090,STORE016,2025-04-12,5,11928.04
ORD0008698,CUST00925,PROD00100,STORE020,2025-11-18,4,3914.33
ORD0006445,CUST00520,PROD00079,STORE007,2025-05-29,5,23694.03
ORD0002358,CUST00135,PROD00233,STORE006,2025-03-26,4,3883.03
ORD0004689,CUST00864,PROD00251,STORE004,2025-10-28,2,8347.82
ORD0012453,CUST00239,PROD00103,STORE021,2025-11-13,6,8551.61
ORD0007430,,PROD00212,STORE022,2025-06-15,4,8773.2
ORD0001477,CUST01360,PROD00207,STORE008,2025-08-28,6,4701.92
ORD0000606,CUST00912,PROD00196,STORE024,2025-02-19,5,24036.03
ORD0006584,CUST00493,PROD00114,STORE023,2026-01-24,5,13200.07
ORD0002211,CUST00930,PROD00086,STORE018,2025-04-16,6,7697.5
ORD0003973,CUST00105,PROD00292,STORE001,2025-05-02,6,251.21
ORD0003019,CUST00006,PROD00021,STORE002,2025-12-12,6,22032.41
ORD0010933,,PROD00131,STORE015,2025-04-01,6,197.96
ORD0002913,CUST01399,PROD00255,STORE014,2026-03-28,3,14317.6
ORD0011381,CUST00735,PROD00057,STORE005,2025-07-30,5,22927.7
ORD0003759,CUST01245,PROD00188,STORE013,2025-05-08,2,24923.27
ORD0007412,CUST01370,PROD00196,STORE017,2026-01-09,3,1232.39
ORD0011583,CUST00710,PROD00055,STORE021,2025-08-09,2,4368.52
ORD0006035,CUST00757,PROD00197,STORE003,2025-10-08,5,2172.38
ORD0001708,CUST01063,PROD00179,STORE007,2026-02-06,3,15812.89
ORD0000951,CUST00279,PROD00092,STORE002,2026-03-06,4,12339.13
ORD0006113,CUST00029,,STORE004,2025-10-01,4,24245.38
ORD0010283,CUST00971,PROD00205,STORE004,2025-04-27,4,6955.85
ORD0002457,CUST00818,PROD00124,STORE006,2025-11-01,6,3114.73
ORD0010788,CUST01441,PROD00265,STORE007,00/00/0000,1,17992.87
ORD0008629,CUST00288,PROD00266,STORE016,2026-02-18,3,1169.75
ORD0007843,CUST00572,PROD00026,STORE002,2026-02-27,2,18372.45
ORD0001112,CUST01241,PROD00173,STORE024,2025-11-19,5,12878.31
ORD0006298,CUST01357,,STORE019,2026-03-10,2,16627.76
ORD0009470,CUST01421,PROD00126,STORE003,2025-11-10,1,2083.16
ORD0008560,CUST00760,PROD00010,STORE009,2025-08-04,1,3582.37
ORD0007239,CUST00637,PROD00219,STORE018,2025-11-22,5,8491.73
ORD0000845,CUST00491,PROD00034,STORE025,2025-02-28,3,24133.82
ORD0008097,CUST00874,PROD00109,STORE007,2025-04-03,6,723.94
ORD0008496,CUST01402,PROD00059,STORE016,2026-04-17,2,17233.93
ORD0002754,CUST00842,PROD00281,STORE011,2025-05-07,5,18764.71
ORD0003650,CUST01395,PROD00293,STORE015,2026-02-27,3,7003.01
ORD0000068,CUST01260,PROD00076,STORE005,2025-01-01,2,11965.28
ORD0002404,CUST00659,PROD00078,STORE021,2025-01-17,5,11831.42
ORD0000935,CUST00326,PROD00243,STORE013,2025-01-18,two,4408.67
ORD0000622,CUST01349,PROD00191,STORE024,2025-06-14,5,13588.06
ORD0011078,CUST01052,PROD00215,STORE016,2025-08-09,1,16697.65
ORD0004395,CUST01053,PROD00183,STORE020,2025-05-24,3,15808.01
ORD0010697,CUST00178,PROD00009,STORE017,2026-03-31,1,1475.95
ORD0009341,CUST01189,PROD00006,STORE006,2025-01-08,3,2309.79
ORD0007812,CUST00134,PROD00113,STORE001,2025-04-18,1,3021.86
ORD0003852,CUST00249,PROD00199,STORE005,2025-12-24,3,758.77
ORD0008033,CUST00758,PROD00082,STORE024,2025-11-22,6,17340.6
ORD0006083,CUST00499,PROD00168,STORE010,2025-06-13,1,20300.46
ORD0004279,CUST00971,PROD00238,STORE002,2025-03-30,1,17322.03
ORD0010217,CUST00474,PROD00257,STORE019,2025-08-24,1,2578.45
ORD0001041,CUST01025,PROD00159,STORE019,2026-03-15,5,19838.62
ORD0005895,CUST00698,PROD00119,STORE009,2025-11-10,1,13380.72
ORD0007528,CUST01022,PROD00096,STORE011,2026-03-11,3,5503.96
ORD0005053,CUST01292,PROD00231,STORE007,2026-02-09,3,6592.29
ORD0005026,CUST00873,PROD00148,STORE008,2026-02-21,2,6299.39
ORD0006045,CUST00762,PROD00100,STORE023,2025-08-30,3,15371.43
ORD0001268,CUST00901,PROD00131,STORE014,2025-03-18,4,11004.7
ORD0012250,CUST01063,PROD00263,STORE006,2025-03-07,2,3771.55
ORD0000389,CUST00158,PROD00069,STORE011,2025-10-03,6,6285.35
ORD0001959,CUST00141,PROD00212,STORE003,2025-11-16,1,22348.54
ORD0008685,CUST01258,PROD00056,STORE017,2025-06-09,6,9893.18
ORD0005227,CUST01413,PROD00124,STORE005,2025-11-26,4,11946.67
ORD0007492,CUST00619,PROD00248,STORE002,2026-02-25,2,5129.42
ORD0005129,CUST01139,PROD00287,STORE022,2025-09-19,6,10573.71
ORD0011749,CUST01293,PROD00110,STORE011,2025-03-12,4,11926.24
ORD0010484,CUST00639,PROD00146,STORE004,not_a_date,6,24280.35
ORD0004682,CUST00557,PROD00191,STORE019,2026-03-27,2,9342.94
ORD0007499,CUST00687,PROD00211,STORE018,2025-01-16,2,16316.06
ORD0011437,CUST01439,PROD00159,STORE009,2025-10-27,3,19711.81
ORD0000547,CUST01023,PROD00222,STORE014,2025-12-07,2,12260.45
ORD0006598,CUST01281,PROD00212,STORE007,2025-12-18,4,11590.8
ORD0002076,CUST01342,PROD00136,STORE018,2025-09-12,6,9450.39
ORD0005176,CUST00971,PROD00222,STORE013,2025-09-04,4,21553.99
ORD0001392,CUST00547,PROD00118,STORE011,2025-01-07,2,22045.25
ORD0003271,CUST01079,PROD00196,STORE014,2025-01-20,5,6471.89
ORD0002107,CUST00572,PROD00043,STORE024,2025-01-16,2,6291.29
ORD0002052,CUST00197,PROD00268,STORE003,2025-11-06,3,2447.8
ORD0007762,CUST00067,PROD00264,STORE022,2025-03-15,6,13347.56
ORD0005913,CUST01262,PROD00067,STORE005,2026-03-30,3,3334.5
ORD0012334,CUST00322,PROD00062,STORE012,2026-04-19,3,23055.69
ORD0011418,CUST00551,PROD00119,STORE017,2025-09-26,6,8640.31
ORD0005239,CUST01158,PROD00036,STORE005,2026-03-19,5,21641.98
ORD0009802,CUST00654,PROD00116,STORE009,2025-03-30,5,12541.81
ORD0004808,CUST01443,PROD00152,STORE012,2025-06-21,2,24481.05
ORD0011877,CUST00709,PROD00029,STORE014,2026-02-17,6,14992.19
ORD0012164,CUST01080,PROD00174,STORE012,2025-11-20,1,8630.49
ORD0007436,CUST00207,PROD00127,STORE013,2025-02-10,2,8596.05
ORD0009560,CUST00329,PROD00069,STORE019,2025-04-13,1,23385.1
ORD0007974,CUST00213,PROD00233,STORE011,2025-04-01,1,926.69
ORD0009237,CUST00360,PROD00223,STORE016,2026-02-22,5,12577.72
ORD0007086,CUST00933,PROD00248,STORE013,2026-02-16,4,15214.22
ORD0008193,CUST00692,PROD00110,STORE013,2025-03-07,2,20729.04
ORD0002783,CUST00515,PROD00279,STORE003,2025-05-25,1,10101.35
ORD0008576,CUST00714,PROD00093,STORE024,2025-01-20,2,6349.45
ORD0006663,CUST00527,PROD00126,STORE010,2026-01-26,5,16212.04
ORD0009542,CUST00307,PROD00273,STORE021,2025-12-31,5,18311.63
ORD0010781,CUST00716,PROD00291,STORE023,2025-08-07,3,5195.6
ORD0001885,CUST01014,PROD00081,STORE014,2025-10-07,3,13471.38
ORD0012447,CUST00848,PROD00103,STORE025,2025-02-27,5,abc
ORD0010246,CUST01234,PROD00160,STORE004,2025-06-22,2,24809.49
ORD0011506,CUST00949,PROD00035,STORE019,2025-06-26,3,11999.0
ORD0004979,CUST00301,PROD00066,STORE022,2025-07-02,2,14980.38
ORD0011024,CUST00001,PROD00004,STORE018,2025-09-24,5,13622.71
ORD0004218,CUST01458,PROD00036,STORE016,2025-12-02,1,431.93
ORD0007082,CUST00794,PROD00286,STORE016,2025-01-30,2,23472.64
ORD0010118,CUST00548,PROD00007,STORE022,2025-07-10,5,14843.74
ORD0010426,CUST01460,PROD00069,STORE016,2026-02-26,2,461.34
ORD0007768,CUST01066,PROD00235,STORE018,2025-05-12,1,20123.96
ORD0007925,CUST00399,PROD00242,STORE017,2025-11-22,2,-5
ORD0009455,CUST00970,PROD00224,STORE024,2026-01-22,4,23209.26
ORD0008691,CUST00973,PROD00097,STORE010,2026-03-02,3,11487.58
ORD0007101,CUST00928,PROD00071,STORE012,2026-01-07,3,6926.46
ORD0012431,CUST00968,PROD00008,STORE020,2026-01-21,3,2133.33
ORD0004997,CUST00375,PROD00230,STORE003,2025-05-09,6,14153.99
ORD0001062,CUST00129,PROD00029,STORE004,2025-02-08,4,12671.9
ORD0009868,CUST00890,PROD00164,STORE018,2025-08-21,3,12805.58
ORD0012036,CUST00117,PROD00204,STORE008,2025-04-10,2,21014.66
ORD0000494,CUST01434,PROD00144,STORE023,2025-12-06,2,24406.7
ORD0004391,CUST01236,PROD00006,STORE010,2025-07-22,5,13057.02
ORD0004487,CUST00311,PROD00175,STORE024,2025-01-01,4,20803.89
ORD0012393,CUST01135,PROD00067,STORE008,2025-10-29,6,3887.37
ORD0007994,CUST00653,PROD00140,STORE008,2025-01-11,2,11398.98
ORD0003216,CUST00433,PROD00270,STORE023,2025-10-25,6,14810.94
ORD0000332,CUST01047,PROD00100,STORE005,2025-01-09,6,5663.15
ORD0008444,CUST00876,PROD00219,STORE002,2025-12-11,4,14453.14
ORD0002321,CUST01043,PROD00126,STORE007,2025-11-27,1,9999.5
ORD0008439,CUST00206,PROD00257,STORE007,2025-04-13,1,10124.18
ORD0002809,CUST00580,PROD00250,STORE024,2025-08-27,1,23365.8
ORD0011801,CUST00768,PROD00242,STORE018,2025-01-10,2,10898.36
ORD0007788,CUST01333,PROD00238,STORE008,2026-01-08,2,5651.73
ORD0000677,CUST00146,PROD00075,STORE022,2025-03-16,2,21467.46
ORD0005374,CUST00943,PROD00070,STORE011,2025-01-31,2,18253.93
ORD0005435,CUST00471,PROD00015,STORE011,2025-10-22,3,12547.98
ORD0004862,CUST00404,PROD00103,STORE019,2025-07-13,1,10262.38
ORD0004372,CUST00890,PROD00269,STORE013,2025-01-19,6,16826.7
ORD0008788,CUST01229,PROD00192,STORE001,2025-08-12,4,17442.19
ORD0002075,CUST01285,PROD00219,STORE003,2025-01-16,3,2375.85
ORD0009843,CUST00062,PROD00128,STORE017,2025-06-17,1,19879.7
ORD0004552,CUST00568,PROD00297,STORE018,2025-09-24,1,2944.76
ORD0003321,CUST01016,PROD00192,STORE020,2025-11-29,3,17150.84
ORD0008248,CUST00295,PROD00239,STORE015,2025-12-07,4,1618.52
ORD0008614,CUST00654,PROD00056,STORE009,,3,6121.96
ORD0010501,CUST00640,PROD00064,STORE002,2025-10-18,1,23490.72
ORD0011168,CUST00399,PROD00149,STORE008,2026-01-28,6,2367.4
ORD0009981,CUST01400,PROD00142,STORE008,2025-03-01,1,13980.64
ORD0003799,CUST00190,PROD00257,STORE019,2025-02-22,6,3234.89
ORD0002494,CUST00408,PROD00003,STORE003,2026-01-07,4,5875.43
ORD0012093,CUST01486,PROD00012,STORE021,2025-05-20,5,12461.48
ORD0007953,CUST00818,PROD00089,STORE025,2026-02-06,3,20856.11
ORD0001541,CUST00750,PROD00290,STORE004,2025-02-27,4,2794.44
ORD0007588,CUST01118,PROD00023,STORE025,2025-09-10,6,790.39
ORD0005431,CUST00867,PROD00035,STORE023,2025-03-28,3,14533.56
ORD0001092,CUST00352,PROD00294,STORE018,2025-09-09,3,18403.52
ORD0006043,CUST01347,PROD00241,STORE004,2025-04-30,2,4832.83
ORD0006686,CUST00715,,STORE025,2026-03-20,1,24192.66
ORD0005101,CUST00976,PROD00108,STORE008,2026-03-01,4,11314.91
ORD0004939,CUST00962,PROD00002,STORE016,2026-01-06,4,9467.66
ORD0012392,CUST00361,PROD00147,STORE006,2025-05-09,2,14030.36
ORD0006412,CUST00759,PROD00200,STORE021,2026-04-10,2,12341.7
ORD0000310,CUST00860,PROD00034,STORE004,2025-08-01,4,11691.17
ORD0004437,CUST01099,PROD00006,STORE021,2025-03-17,3,15316.44
ORD0010691,CUST00817,PROD00031,STORE004,2025-07-01,4,5843.51
ORD0010767,CUST01004,PROD00274,STORE016,2025-01-29,2,6905.12
ORD0010699,CUST00659,PROD00245,STORE009,2025-07-27,5,14877.11
ORD0012405,CUST00388,PROD00127,STORE010,2025-07-06,3,792.72
ORD0009354,CUST01195,PROD00234,STORE023,2026-04-16,3,14509.51
ORD0006987,CUST01214,PROD00091,STORE013,2025-11-23,4,5900.15
ORD0006208,CUST00038,PROD00060,STORE002,2025-01-16,1,7912.7
ORD0011598,CUST00761,PROD00064,STORE003,2026-03-26,6,1720.88
ORD0009724,CUST01273,PROD00219,STORE012,2025-06-22,2,19765.39
ORD0012468,CUST01167,PROD00116,STORE006,2025-05-22,4,15208.14
ORD0003284,CUST01104,PROD00297,STORE009,2025-12-25,4,557.57
ORD0006958,CUST00883,PROD00244,STORE015,2025-12-23,4,14872.9
ORD0006287,CUST00329,PROD00108,STORE008,2025-07-19,1,4756.62
ORD0010814,CUST00600,PROD00072,STORE013,2025-10-06,3,20401.62
ORD0004925,CUST01226,PROD00253,STORE005,2026-02-16,3,19987.23
ORD0004454,CUST01196,PROD00261,STORE025,2026-04-14,4,14583.11
ORD0006328,CUST01336,PROD00119,STORE017,2026-04-22,3,1590.28
ORD0010291,CUST00092,PROD00078,STORE005,2025-04-16,1,19153.65
ORD0005069,CUST01405,PROD00202,STORE025,2025-07-10,1,5557.52
ORD0003669,CUST00956,PROD00172,STORE015,2025-02-26,3,17445.38
ORD0012472,CUST00234,PROD00241,STORE017,2025-09-24,4,3529.78
ORD0002264,CUST00354,PROD00094,STORE012,2025-10-01,1,18911.3
ORD0002690,CUST00810,PROD00185,STORE014,2026-02-19,3,3631.8
ORD0012409,CUST01370,PROD00118,STORE011,2025-06-17,6,13180.26
ORD0000774,CUST00774,PROD00170,STORE022,2026-01-05,6,11080.56
ORD0011034,CUST00932,PROD00164,STORE019,2025-10-06,2,5329.29
ORD0000205,CUST00846,PROD00174,STORE005,2025-04-18,2,19919.49
ORD0004162,CUST01055,PROD00136,STORE024,2026-01-18,6,10866.17
ORD0002989,CUST00248,PROD00257,STORE010,2025-12-21,2,8078.13
ORD0009180,CUST01484,PROD00290,STORE016,2025-10-23,1,4718.5
ORD0011229,CUST00651,PROD00293,STORE022,2025-01-25,5,15890.73
ORD0000019,CUST01133,PROD00033,STORE021,2025-07-05,1,13038.43
ORD0006031,CUST01481,PROD00200,STORE003,2025-10-17,4,6192.48
ORD0010172,CUST01413,PROD00119,STORE014,2025-04-14,3,21194.12
ORD0000512,CUST01473,PROD00134,STORE018,2025-05-17,2,12297.44
ORD0000073,CUST01240,PROD00110,STORE006,2025-12-31,6,20865.08
ORD0003214,CUST00212,,STORE020,2025-04-22,3,15278.74
ORD0009611,CUST00445,PROD00090,STORE023,2025-09-11,2,5806.98
ORD0004267,CUST00869,PROD00015,STORE001,2026-03-12,2,24813.03
ORD0001778,CUST01162,PROD00079,STORE001,2025-07-24,4,2151.75
ORD0004236,CUST01071,PROD00005,STORE001,2026-04-13,5,12462.61
ORD0004796,CUST00301,PROD00050,STORE015,2026-01-18,1,20737.09
ORD0010025,CUST00917,PROD00292,STORE024,2025-11-19,2,18542.93
ORD0005441,CUST00053,PROD00069,STORE017,2025-11-20,3,19222.34
ORD0005317,CUST00375,PROD00179,STORE020,2025-05-06,1,22454.51
ORD0006283,CUST01253,PROD00014,STORE017,2026-01-17,5,24922.81
ORD0003329,CUST00120,PROD00017,STORE021,2026-03-12,6,1305.81
ORD0002160,CUST00758,PROD00144,STORE014,2025-01-19,4,11793.81
ORD0010561,CUST00052,PROD00195,STORE023,2026-02-16,4,1770.24
ORD0011318,CUST00785,PROD00077,STORE012,2025-05-15,4,unknown
ORD0011306,CUST00346,PROD00260,STORE022,2026-01-05,1,482.87
ORD0010071,CUST00854,PROD00013,STORE012,2025-01-13,3,10559.91
ORD0005135,CUST00571,,STORE007,2025-05-17,1,10864.33
ORD0008180,CUST00382,PROD00262,STORE010,2026-01-27,,3457.81
ORD0007933,CUST00179,PROD00136,STORE005,2026-02-16,6,2919.81
ORD0002392,CUST01347,PROD00080,STORE019,2026-01-11,6,15139.58
ORD0008061,CUST00035,,STORE022,2025-04-23,2,14289.08
ORD0001059,CUST00493,PROD00160,STORE017,2025-01-21,3,15707.13
ORD0005994,CUST00130,PROD00181,STORE014,2025-12-08,1,11902.09
ORD0006922,CUST01480,PROD00241,STORE004,2025-08-13,6,22685.94
ORD0007428,CUST00592,PROD00006,STORE010,2026-04-11,3,11480.39
ORD0006255,CUST01224,PROD00179,STORE004,2025-11-11,6,17587.08
ORD0004410,CUST00663,PROD00030,STORE005,2026-03-17,2,1270.21
ORD0007070,CUST00550,PROD00093,STORE014,2025-05-01,1,9412.14
ORD0000151,CUST00229,PROD00183,STORE024,2025-07-22,1,13352.02
ORD0004707,CUST01061,PROD00260,STORE018,not_a_date,3,16208.81
ORD0011726,CUST01244,PROD00294,STORE002,2025-06-03,3,12627.1
ORD0002706,CUST00593,PROD00008,STORE019,2025-08-14,3,7242.56
ORD0000204,CUST00538,PROD00297,STORE025,2025-07-07,1,18091.56
ORD0000662,CUST00271,PROD00289,STORE001,2026-02-11,4,12479.22
ORD0008603,CUST00642,PROD00009,STORE011,2025-11-12,1,21800.15
ORD0011983,CUST00801,PROD00280,STORE004,2025-03-30,5,10521.05
ORD0006489,CUST00896,PROD00214,STORE002,2025-09-15,3,unknown
ORD0003830,CUST00405,PROD00104,STORE002,2025-02-26,4,13265.96
ORD0000167,CUST01248,PROD00236,STORE019,2025-06-18,4,15924.1
ORD0010421,CUST00630,PROD00030,STORE012,2026-03-11,4,12858.08
ORD0011626,CUST01463,PROD00239,STORE011,2025-08-13,3,1660.14
ORD0007789,CUST01326,PROD00099,STORE013,2025-05-31,5,7789.66
ORD0010748,CUST01244,PROD00146,STORE011,2025-10-16,2,23664.68
ORD0000090,CUST00030,PROD00207,STORE014,2025-02-03,6,16790.58
ORD0011414,,PROD00136,STORE013,2025-09-05,4,23425.49
ORD0007245,CUST01333,PROD00128,STORE022,2025-01-16,4,18529.03
ORD0007272,CUST00545,PROD00004,STORE009,2026-03-20,1,15628.48
ORD0002727,CUST00268,PROD00095,STORE022,2025-07-13,2,1322.71
ORD0005208,CUST01013,PROD00040,STORE020,2025-11-14,1,17039.93
ORD0006892,CUST00056,PROD00058,STORE013,2025-03-09,6,4809.22
ORD0001549,CUST01043,PROD00142,STORE011,2025-12-03,3,21675.88
ORD0009368,CUST00457,PROD00179,STORE020,2025-08-29,2,2992.96
ORD0012089,CUST00296,PROD00110,STORE025,2026-02-10,1,11855.78
ORD0009736,CUST00877,PROD00241,STORE015,2025-07-12,2,6057.33
ORD0001707,CUST00236,PROD00246,STORE025,2025-06-04,1,12051.42
ORD0012367,CUST00971,PROD00032,STORE003,2026-01-09,3,17933.74
ORD0010474,CUST01382,PROD00050,STORE014,2025-10-07,6,10465.97
ORD0010353,CUST00795,PROD00144,STORE006,2025-09-18,3,19325.27
ORD0007032,CUST00386,PROD00170,STORE021,2025-07-28,1,17691.56
ORD0002740,CUST00730,PROD00208,STORE025,2025-04-01,1,8465.02
ORD0012348,,PROD00130,STORE008,2025-05-15,2,3903.89
ORD0012425,CUST00042,PROD00259,STORE002,2026-01-16,6,4456.39
ORD0012432,CUST01192,PROD00165,STORE016,2025-02-15,2,19244.73
ORD0011838,CUST00781,PROD00200,STORE011,2025-01-07,4,11382.06
ORD0006014,CUST00480,PROD00154,STORE015,2025-10-21,4,7021.08
ORD0003406,CUST01316,PROD00012,STORE023,2025-09-22,2,22851.16
ORD0002561,,PROD00206,STORE010,2025-10-22,4,18727.7
ORD0002535,CUST01016,PROD00139,STORE001,2025-08-11,6,16252.89
ORD0011300,CUST00485,PROD00073,STORE020,2025-12-08,6,14396.71
ORD0002199,CUST00702,,STORE002,2025-04-17,3,14645.07
ORD0003807,CUST00639,PROD00231,STORE002,2025-01-01,5,9124.79
ORD0011124,CUST01337,PROD00033,STORE007,2025-11-06,5,20164.86
ORD0004247,CUST01149,PROD00106,STORE018,2025-07-22,6,12302.62
ORD0001537,CUST00706,PROD00083,STORE008,2025-01-04,6,18835.57
ORD0012324,CUST00799,PROD00145,STORE011,2025-04-06,3,23757.2
ORD0009849,CUST00838,PROD00011,STORE002,00/00/0000,6,13296.19
ORD0011753,CUST00484,PROD00082,STORE021,2026-03-30,4,1243.35
ORD0003653,CUST00387,PROD00104,STORE001,2025-09-17,5,24194.74
ORD0005542,CUST01241,PROD00047,STORE019,2025-05-05,5,21577.13
ORD0001261,CUST00470,PROD00171,STORE003,2025-05-28,1,20352.98
ORD0010681,CUST01091,PROD00034,STORE022,2026-02-08,2,12335.95
ORD0004141,CUST00260,PROD00227,STORE024,2025-03-11,4,13696.73
ORD0003747,CUST00779,PROD00246,STORE006,2025-09-03,5,1001.73
ORD0001213,CUST00137,PROD00178,STORE006,not_a_date,2,21819.36
ORD0001421,CUST01128,PROD00071,STORE007,2026-03-20,3,7836.85
ORD0008633,CUST01064,PROD00299,STORE020,2025-07-23,5,22236.61
ORD0006322,CUST00913,,STORE022,2025-07-22,3,14435.34
ORD0005409,CUST00481,PROD00025,STORE011,2025-10-13,4,20347.26
ORD0011542,CUST00813,PROD00295,STORE012,2025-05-11,2,11357.78
ORD0006816,CUST00755,PROD00128,STORE006,2025-01-08,2,11843.23
ORD0009917,CUST00295,PROD00034,STORE024,2025-10-13,1,21290.72
ORD0011622,CUST01026,PROD00034,STORE011,2025-08-28,5,20764.62
ORD0005570,CUST00816,PROD00169,STORE005,2025-11-15,3,21253.0
ORD0001296,CUST01355,PROD00261,STORE001,2026-04-21,1,24267.13
ORD0011077,CUST01474,PROD00164,STORE005,2025-03-04,4,-5
ORD0006875,CUST00436,PROD00055,STORE005,2025-02-28,1,12309.63
ORD0006827,CUST00369,PROD00296,STORE007,2025-01-12,6,18766.48
ORD0012248,CUST00274,PROD00175,STORE002,2025-03-11,4,430.19
ORD0011440,CUST00669,PROD00293,STORE006,2025-10-21,1,16322.94
ORD0005174,CUST01405,PROD00159,STORE012,2025-09-09,4,16374.76
ORD0010883,CUST01197,PROD00204,STORE015,2025-12-07,2,2336.97
ORD0001045,CUST00048,PROD00286,STORE016,2025-03-02,2,10040.15
ORD0004708,CUST00181,PROD00018,STORE012,2025-10-10,3,19782.87
ORD0004158,CUST01330,PROD00020,STORE010,2025-09-02,1,2734.37
ORD0002403,CUST00243,PROD00009,STORE007,2025-09-11,5,20316.46
ORD0006157,CUST00838,PROD00259,STORE009,2026-03-25,6,20402.34
ORD0000002,CUST00890,PROD00035,STORE016,2025-12-30,5,15338.75
ORD0002779,CUST00442,PROD00244,STORE022,2025-12-03,4,20855.78
ORD0001838,CUST01264,PROD00260,STORE019,2025-03-25,5,22294.06
ORD0009445,CUST01153,PROD00078,STORE004,2025-12-27,3,3880.29
ORD0010855,CUST01478,PROD00147,STORE023,2025-06-06,6,3460.17
ORD0002410,CUST01247,PROD00053,STORE020,2025-11-14,3,14033.68
ORD0008398,CUST00970,PROD00229,STORE017,2025-07-10,,20035.21
ORD0004982,CUST01193,PROD00284,STORE016,2026-03-11,6,13910.09
ORD0001767,CUST00657,PROD00134,STORE019,2025-04-09,6,9655.13
ORD0001310,CUST00582,PROD00284,STORE018,2025-07-13,2,8432.68
ORD0012252,CUST00130,PROD00254,STORE017,2025-09-16,3,12700.8
ORD0008254,CUST01420,PROD00280,STORE009,2026-03-20,3,12647.56
ORD0004008,CUST01330,PROD00122,STORE021,2025-07-06,6,15863.16
ORD0004532,CUST01049,PROD00207,STORE002,2026-02-19,6,24899.99
ORD0000607,CUST00110,PROD00189,STORE007,2025-08-05,6,4891.02
ORD0007156,CUST00823,PROD00012,STORE022,2025-02-25,6,16170.34
ORD0000333,CUST00407,PROD00182,STORE017,2025-10-16,5,19531.45
ORD0009107,CUST00569,PROD00175,STORE020,2025-03-18,5,10576.2
ORD0008656,CUST01161,PROD00199,STORE001,2025-03-12,5,3250.02
ORD0001812,CUST00198,PROD00002,STORE011,2026-02-19,6,1303.37
ORD0001891,CUST00113,PROD00173,STORE002,2025-01-25,5,21314.24
ORD0002121,CUST00968,PROD00086,STORE018,2026-03-05,5,16948.49
ORD0006558,CUST00459,PROD00095,STORE001,,3,17382.69
ORD0007671,CUST01064,PROD00231,STORE003,2025-09-23,3,19267.36
ORD0012109,CUST01103,PROD00238,STORE025,2025-02-16,3,12050.86
ORD0000417,CUST00063,PROD00020,STORE018,2025-06-09,1,20209.04
ORD0004380,CUST00467,PROD00132,STORE020,2025-05-28,3,22936.3
ORD0000686,CUST00174,PROD00075,STORE025,2025-05-23,6,1142.72
ORD0004496,CUST01186,PROD00139,STORE009,2025-02-25,6,5771.59
ORD0012340,CUST01431,PROD00003,STORE014,2025-12-29,6,3091.9
ORD0001158,CUST00612,PROD00086,STORE005,2025-09-19,4,17696.63
ORD0011894,CUST00079,PROD00223,STORE013,2025-04-30,1,5918.59
ORD0004096,CUST01090,PROD00005,STORE025,2025-03-17,1,22136.03
ORD0011568,CUST00946,PROD00001,STORE002,2026-03-11,5,11459.71
ORD0001724,CUST01359,PROD00231,STORE023,2026-01-15,5,10479.78
ORD0005448,CUST00268,PROD00143,STORE012,2025-09-14,5,7440.85
ORD0009108,CUST00284,PROD00139,STORE007,2025-12-15,1,22801.57
ORD0011687,CUST00217,PROD00063,STORE005,2025-10-27,4,20339.23
ORD0006520,CUST00241,PROD00133,STORE007,2025-10-31,1,23774.4
ORD0007616,CUST00010,PROD00268,STORE020,2025-01-11,4,1248.98
ORD0001630,CUST00505,PROD00177,STORE005,2025-11-12,6,9432.19
ORD0012049,CUST00449,PROD00056,STORE014,2025-05-10,4,5203.18
ORD0011343,CUST00459,PROD00210,STORE013,2025-08-11,6,23703.55
ORD0001831,CUST01273,PROD00066,STORE015,2025-07-29,5,11198.18
ORD0007990,CUST00601,PROD00101,STORE004,2026-01-09,3,8157.74
ORD0003225,CUST01057,PROD00171,STORE017,2025-08-04,2,8642.4
ORD0011169,CUST00963,PROD00069,STORE022,2025-11-15,4,17536.0
ORD0004568,CUST00411,PROD00007,STORE022,2025-02-28,4,21260.69
ORD0002202,CUST00328,PROD00289,STORE009,2025-05-04,4,10915.8
ORD0005301,CUST00514,PROD00131,STORE001,2026-02-12,2,17052.49
ORD0012312,CUST00349,PROD00049,STORE012,2025-09-18,2,24832.54
ORD0010739,CUST01452,PROD00176,STORE022,2026-01-24,3,24793.98
ORD0009418,CUST00686,PROD00156,STORE021,2025-10-20,3,7884.84
ORD0004735,CUST01291,PROD00070,STORE009,2025-03-12,4,14070.6
ORD0003259,CUST00145,PROD00014,STORE021,2025-06-13,2,8059.91
ORD0007054,CUST01029,PROD00106,STORE020,2025-05-01,2,17008.67
ORD0010698,CUST00366,PROD00202,STORE009,2026-04-20,5,2711.96
ORD0003468,CUST01027,PROD00187,STORE024,2025-02-13,1,4392.21
ORD0001203,CUST00284,PROD00297,STORE018,2025-03-18,5,6189.23
ORD0011335,CUST00743,PROD00159,STORE020,2025-11-18,6,22180.0
ORD0003722,CUST01216,PROD00081,STORE012,2025-03-09,3,21417.9
ORD0010661,CUST00567,PROD00158,STORE001,2025-07-05,2,11525.9
ORD0011541,CUST00758,PROD00118,STORE015,2025-03-27,2,11450.45
ORD0011798,CUST00634,PROD00057,STORE003,2026-01-19,3,2464.56
ORD0001459,CUST00995,PROD00267,STORE021,2025-12-19,5,4691.79
ORD0008666,CUST00747,PROD00214,STORE011,2026-04-10,4,24115.57
ORD0006839,CUST01128,PROD00039,STORE006,2026-02-05,6,3878.38
ORD0004250,CUST00638,PROD00212,STORE014,2026-01-13,3,13003.93
ORD0001944,CUST00581,PROD00168,STORE002,2026-01-01,2,7588.52
ORD0011558,CUST00027,PROD00210,STORE025,2025-06-19,1,6176.8
ORD0010828,CUST00938,PROD00071,STORE016,2025-09-26,6,$5335.13
ORD0004954,CUST00955,PROD00021,STORE023,2026-02-27,2,22105.46
ORD0001013,CUST00978,PROD00176,STORE001,2025-07-28,5,3611.45
ORD0001988,CUST00761,PROD00123,STORE018,2025-11-15,6,2020.79
ORD0002678,CUST00061,PROD00295,STORE024,2025-12-29,6,14690.79
ORD0005185,CUST00958,PROD00119,STORE021,2025-12-18,5,10880.09
ORD0003375,CUST00758,PROD00295,STORE015,2026-01-26,6,21053.42
ORD0010511,CUST00705,PROD00040,STORE017,2025-11-23,2,1528.04
ORD0002150,CUST00635,PROD00282,STORE003,2025-01-09,1,228.04
ORD0000489,CUST00731,PROD00104,STORE024,2025-06-07,2,23955.22
ORD0003034,CUST00497,PROD00214,STORE013,2025-11-26,2,13414.67
ORD0008057,CUST00992,PROD00100,STORE007,2025-11-30,3,17999.59
ORD0005396,CUST00696,PROD00136,STORE019,2025-10-18,3,7431.74
ORD0009607,CUST01132,PROD00072,STORE021,2025-11-20,3,10635.05
ORD0009747,CUST00459,PROD00168,STORE023,2025-03-10,4,993.55
ORD0010061,CUST01123,PROD00240,STORE015,2026-04-17,4,20873.04
ORD0009357,CUST01476,PROD00251,STORE008,2025-06-26,4,3276.92
ORD0003608,CUST00889,PROD00195,STORE024,2025-04-04,5,18263.51
ORD0009767,CUST01372,PROD00098,STORE010,2026-03-18,5,19814.96
ORD0011571,CUST01204,PROD00278,STORE018,2025-11-21,4,20600.93
ORD0003533,CUST01072,PROD00200,STORE014,2026-02-19,5,2726.6
ORD0003668,CUST01238,PROD00228,STORE003,2025-01-10,3,15098.32
ORD0007722,CUST00436,PROD00175,STORE002,2025-09-05,two,15110.97
ORD0001670,CUST00972,PROD00111,STORE003,2026-04-03,2,10745.11
ORD0008389,CUST00276,PROD00277,STORE024,2026-04-11,5,20852.72
ORD0007504,CUST00781,PROD00149,STORE010,2025-11-18,2,12730.63
ORD0011088,CUST01104,PROD00256,STORE023,2025-05-25,-1,4257.42
ORD0004750,CUST00104,PROD00128,STORE011,2025-02-17,1,15844.57
ORD0008294,CUST01234,PROD00114,STORE022,2025-07-31,2,20115.99
ORD0008098,CUST00325,PROD00179,STORE004,2025-08-12,4,9770.08
ORD0009156,CUST00366,PROD00098,STORE006,2026-01-06,2,8229.21
ORD0012161,CUST00913,PROD00003,STORE014,2025-09-18,3,2380.82
ORD0008883,CUST01441,PROD00114,STORE010,2025-09-05,6,18748.74
ORD0011644,CUST00374,PROD00187,STORE024,2026-03-18,3,18393.21
ORD0009822,CUST00966,PROD00182,STORE005,2025-01-31,1,1154.99
ORD0007402,CUST01436,PROD00029,STORE005,2025-05-12,2,2625.91
ORD0010420,CUST01152,PROD00040,STORE014,2025-07-16,1,14966.92
ORD0012275,CUST00512,PROD00069,STORE004,2026-04-16,6,8567.57
ORD0003419,CUST00988,PROD00142,STORE022,2025-02-10,4,22578.39
ORD0000889,CUST00096,PROD00037,STORE022,2025-04-22,4,3454.11
ORD0007654,CUST00259,PROD00229,STORE017,2025-10-13,2,15702.9
ORD0003768,CUST00595,PROD00173,STORE011,2025-06-25,1,16505.88
ORD0001169,CUST01075,PROD00197,STORE013,2026-01-02,5,15556.06
ORD0011007,CUST00523,PROD00112,STORE001,2025-10-11,4,16356.55
ORD0005737,CUST01015,PROD00055,STORE011,2025-06-11,5,839.13
ORD0009026,CUST00526,PROD00153,STORE009,2026-03-12,1,8707.92
ORD0001403,CUST01415,PROD00032,STORE010,2025-12-26,3,12108.84
ORD0008091,CUST01285,PROD00272,STORE008,2025-04-17,5,1999.83
ORD0006587,CUST00315,PROD00254,STORE001,2026-02-03,3,293.33
ORD0009302,CUST00510,PROD00108,STORE012,2025-07-11,2,2195.61
ORD0007865,CUST00728,PROD00221,STORE011,2025-07-26,2,23089.07
ORD0008634,CUST00277,PROD00259,STORE019,2025-11-25,2,335.01
ORD0006495,CUST01022,PROD00256,STORE004,2025-10-13,1,7607.72
ORD0005024,CUST00330,PROD00146,STORE015,2025-09-28,1,7170.37
ORD0010711,CUST00992,PROD00090,STORE016,2025-11-20,3,19269.09
ORD0004931,CUST01048,PROD00296,STORE007,2025-12-10,4,16255.39
ORD0000986,CUST00799,PROD00081,STORE012,2026-03-20,3,18977.8
ORD0003558,CUST01027,PROD00200,STORE019,2026-03-30,2,1261.2
ORD0002306,CUST00033,PROD00017,STORE019,2025-02-09,2,12002.35
ORD0011051,CUST00121,PROD00136,STORE006,2026-01-14,4,13622.85
ORD0006644,CUST01446,PROD00157,STORE025,2025-03-16,5,4149.15
ORD0005164,CUST01487,PROD00258,STORE017,2025-04-17,4,4452.06
ORD0011649,CUST00391,PROD00256,STORE019,2025-04-28,6,11094.47
ORD0002549,CUST00268,PROD00052,STORE006,2025-12-27,6,13769.11
ORD0005638,CUST00655,PROD00225,STORE009,2025-11-16,1,9034.41
ORD0012188,CUST00493,PROD00292,STORE018,2025-09-24,4,19281.53
ORD0004034,CUST01062,PROD00014,STORE003,2025-10-23,2,10621.5
ORD0002119,CUST00020,PROD00062,STORE003,2025-06-24,2,23961.38
ORD0004830,,PROD00272,STORE022,2025-01-23,5,4491.49
ORD0004706,CUST00141,PROD00216,STORE002,2026-03-29,5,14457.48
ORD0012373,CUST00642,PROD00126,STORE018,2025-10-04,2,940.28
ORD0009106,CUST01102,PROD00090,STORE003,2026-01-16,5,10657.26
ORD0005043,CUST01438,PROD00044,STORE018,2025-06-18,3,21297.81
ORD0005461,CUST00459,PROD00265,STORE011,2025-01-01,3,1095.48
ORD0007665,CUST00372,PROD00026,STORE019,2025-06-19,3,11035.15
ORD0001073,CUST01008,PROD00243,STORE013,2025-10-17,1,24552.26
ORD0009020,CUST01336,PROD00257,STORE009,2025-02-04,4,11231.01
ORD0006802,CUST01065,PROD00212,STORE003,2025-10-13,4,8786.6
ORD0009502,CUST00105,PROD00246,STORE011,2026-02-23,2,14144.67
ORD0011377,CUST00415,PROD00032,STORE004,2025-06-15,5,18703.21
ORD0002245,CUST00680,PROD00182,STORE001,2025-04-18,3,2488.07
ORD0006859,CUST00064,PROD00269,STORE003,2025-01-02,1,22127.24
ORD0001945,CUST00945,PROD00106,STORE013,2025-12-23,1,22658.56
ORD0007967,CUST00551,PROD00101,STORE022,2025-06-01,3,24349.8
ORD0006701,CUST00058,PROD00228,STORE001,2025-11-27,5,9370.02
ORD0002021,CUST00719,PROD00058,STORE013,2025-02-24,1,3415.62
ORD0003613,CUST00296,PROD00193,STORE008,2025-04-05,4,11790.63
ORD0003716,CUST01464,PROD00235,STORE006,2025-06-27,1,6156.93
ORD0002793,CUST01438,PROD00045,STORE016,2025-03-11,1,5201.46
ORD0008319,CUST01485,PROD00060,STORE006,2026-03-01,6,9984.78
ORD0001870,CUST00606,PROD00156,STORE009,2025-01-23,2,15096.11
ORD0009261,CUST01270,PROD00040,STORE017,2025-02-26,4,3101.41
ORD0007409,CUST01360,PROD00254,STORE002,2025-02-18,2,8369.74
ORD0003067,CUST01007,PROD00179,STORE021,2025-11-17,4,24811.59
ORD0011781,CUST00395,PROD00072,STORE001,2025-03-07,6,15930.55
ORD0010740,CUST00767,PROD00063,STORE015,2025-04-10,2,18978.23
ORD0009263,CUST01226,PROD00082,STORE023,2025-02-10,1,11986.7
ORD0003818,CUST00146,PROD00003,STORE013,2025-08-07,1,5720.06
ORD0003050,CUST00377,PROD00218,STORE014,2026-03-02,4,11179.75
ORD0011899,CUST00365,PROD00198,STORE009,2025-07-11,3,6781.76
ORD0005726,CUST00279,PROD00143,STORE024,2026-03-31,5,1724.38
ORD0000757,CUST00766,PROD00013,STORE011,2025-01-09,4,5087.77
ORD0000597,CUST00831,PROD00105,STORE006,2026-02-16,1,1185.25
ORD0003310,CUST00973,PROD00025,STORE007,2025-03-17,4,8289.57
ORD0001304,CUST01047,PROD00256,STORE022,2025-03-26,5,6869.84
ORD0006081,CUST00809,PROD00218,STORE011,2025-07-24,6,10432.02
ORD0000656,CUST01006,PROD00090,STORE015,2026-13-40,3,21360.84
ORD0004332,CUST00556,PROD00256,STORE016,2026-03-16,5,8848.12
ORD0003804,CUST01057,PROD00054,STORE004,2025-06-09,5,15892.18
ORD0006754,CUST00609,PROD00219,STORE025,2025-06-09,6,4767.6
ORD0000824,CUST00739,PROD00176,STORE020,2025-02-23,3,8528.92
ORD0006871,CUST00068,PROD00034,STORE017,2025-08-25,6,11892.22
ORD0003674,CUST00963,PROD00231,STORE008,2026-02-09,6,10940.95
ORD0007653,CUST00415,PROD00169,STORE020,2026-03-01,6,23032.46
ORD0008664,CUST00027,PROD00107,STORE010,2025-04-11,4,5539.16
ORD0010260,CUST01121,PROD00059,STORE018,2026-02-08,5,3345.6
ORD0009566,CUST01027,PROD00155,STORE005,2025-07-14,4,22003.42
ORD0001916,CUST01218,PROD00210,STORE022,2025-05-28,5,7369.16
ORD0001148,CUST00440,PROD00215,STORE016,2025-09-26,6,21170.0
ORD0004665,CUST00174,PROD00275,STORE006,2025-12-14,4,3761.69
ORD0001655,CUST00358,PROD00206,STORE022,2025-05-27,1,12791.64
ORD0008991,CUST01069,PROD00216,STORE009,2025-04-07,5,18891.27
ORD0007349,CUST00871,PROD00026,STORE020,2025-08-31,3,20249.15
ORD0004000,CUST00643,PROD00189,STORE012,2025-01-22,6,11369.39
ORD0011189,CUST00228,PROD00160,STORE023,2025-05-16,4,4748.55
ORD0000106,CUST01397,PROD00148,STORE007,2025-09-15,3,17536.4
ORD0004729,CUST00896,PROD00207,STORE010,2025-11-11,6,3732.69
ORD0010125,CUST00383,PROD00249,STORE021,2026-02-07,5,10489.49
ORD0000070,CUST00872,PROD00242,STORE011,2025-03-02,3,12584.32
ORD0000155,CUST00157,PROD00168,STORE012,2026-01-06,1,3796.75
ORD0004100,CUST00992,PROD00281,STORE004,2025-02-02,6,15302.48
ORD0012005,CUST00238,PROD00159,STORE022,2025-10-29,2,16868.42
ORD0006687,CUST00369,PROD00146,STORE017,2025-06-25,5,1925.26
ORD0004259,CUST00064,PROD00102,STORE013,2025-11-08,1,2369.75
ORD0002338,CUST00662,PROD00105,STORE025,2025-08-23,2,11671.72
ORD0001057,CUST00390,PROD00271,STORE011,2026-04-18,5,8520.78
ORD0003425,CUST00478,PROD00158,STORE015,2025-10-29,2,14085.74
ORD0005051,CUST00689,PROD00015,STORE016,2025-09-12,3,$1282.44
ORD0011196,CUST01389,PROD00053,STORE009,2025-10-04,6,8505.14
ORD0011422,CUST01288,PROD00131,STORE006,2025-05-17,1,1317.69
ORD0010306,CUST01257,PROD00228,STORE025,2025-02-07,1,5392.15
ORD0001358,CUST00757,PROD00133,STORE013,2026-03-14,4,19614.49
ORD0009162,CUST00039,PROD00180,STORE020,2025-03-04,1,21333.41
ORD0002625,CUST01128,PROD00263,STORE015,2025-01-12,4,5253.27
ORD0003644,CUST00163,PROD00077,STORE001,2026-01-10,2,17075.47
ORD0007976,CUST00031,PROD00260,STORE024,2025-08-31,2,5993.48
ORD0001624,CUST01357,PROD00100,STORE004,2025-06-04,4,807.77
ORD0000050,CUST00818,PROD00005,STORE010,2025-05-31,1,10971.66
ORD0004245,CUST00434,PROD00059,STORE019,2025-04-20,4,19575.82
ORD0002675,CUST00053,PROD00066,STORE019,2025-10-02,6,21506.8
ORD0002251,CUST00659,PROD00277,STORE004,2026-04-20,5,4631.27
ORD0000993,CUST00565,PROD00170,STORE024,2026-03-02,2,11722.22
ORD0003054,CUST01463,PROD00276,STORE020,2025-10-25,1,11675.42
ORD0012083,CUST00661,PROD00012,STORE011,2025-05-31,6,21000.48
ORD0000197,CUST00327,PROD00126,STORE015,2025-01-04,6,24067.48
ORD0001843,CUST00624,PROD00033,STORE025,2025-07-22,4,14416.24
ORD0009125,CUST00627,PROD00095,STORE004,2025-05-01,6,316.39
ORD0006862,,PROD00016,STORE017,2025-10-13,6,8442.3
ORD0009685,CUST01094,PROD00224,STORE021,2025-02-18,5,12673.56
ORD0007386,CUST00115,PROD00277,STORE010,2025-11-13,2,2170.17
ORD0005563,CUST01469,PROD00089,STORE022,2025-01-16,6,15090.25
ORD0007053,CUST01259,PROD00237,STORE001,2026-01-18,4,21221.87
ORD0009167,CUST00462,PROD00045,STORE011,2025-06-29,6,8788.9
ORD0004915,CUST01290,PROD00125,STORE025,2025-03-13,2,399.19
ORD0011866,CUST01113,PROD00159,STORE002,2025-07-09,5,15356.11
ORD0001854,CUST00594,PROD00284,STORE020,2025-10-06,1,599.24
ORD0001186,CUST00901,PROD00062,STORE021,2025-08-23,4,4512.39
ORD0011980,CUST01471,,STORE022,2025-09-01,5,5854.61
ORD0007471,CUST00850,PROD00081,STORE023,2025-04-11,5,17335.45
ORD0001337,CUST00215,PROD00116,STORE011,2025-07-21,5,4739.99
ORD0002193,CUST00425,PROD00300,STORE006,2025-04-03,2,885.26
ORD0008371,CUST00151,PROD00058,STORE012,2026-01-05,5,11646.77
ORD0003357,CUST00385,PROD00168,STORE020,2025-01-09,3,7158.35
ORD0002964,CUST01246,PROD00020,STORE005,2025-12-03,4,19789.2
ORD0007425,CUST00090,PROD00177,STORE023,2025-04-17,3,12285.03
ORD0007981,CUST00714,PROD00134,STORE015,2025-07-03,6,2265.09
ORD0001606,CUST00401,PROD00127,STORE006,2025-06-04,4,20441.96
ORD0006575,,PROD00036,STORE019,2025-07-19,2,22355.63
ORD0000108,CUST00447,PROD00240,STORE009,2025-09-22,1,23059.7
ORD0005549,CUST00073,PROD00112,STORE024,2025-01-10,2,11799.03
ORD0010642,CUST00936,PROD00116,STORE011,2025-04-19,4,2623.99
ORD0009449,CUST01131,PROD00263,STORE002,2025-09-20,4,227.63
ORD0004228,CUST01032,PROD00040,STORE003,2025-12-10,6,24314.63
ORD0011708,CUST00057,PROD00117,STORE007,2026-01-20,4,10405.74
ORD0008974,CUST00058,PROD00122,STORE007,2025-11-07,3,21813.07
ORD0007956,CUST00306,PROD00295,STORE013,2026-04-10,4,18635.19
ORD0000904,CUST00449,PROD00283,STORE017,2025-02-26,6,23359.31
ORD0000872,CUST01415,PROD00280,STORE010,2025-02-21,5,16498.81
ORD0006469,CUST01193,PROD00108,STORE012,2025-12-05,2,22580.59
ORD0009999,CUST01062,PROD00274,STORE016,2025-08-29,1,17729.39
ORD0004094,CUST00242,PROD00257,STORE022,2025-12-04,2,1450.04
ORD0011608,CUST00716,PROD00285,STORE008,2025-05-03,3,13555.26
ORD0010002,CUST00108,PROD00292,STORE014,2025-05-17,3,10384.7
ORD0000038,CUST00295,PROD00043,STORE004,2026-03-19,5,4356.0
ORD0006415,CUST00693,PROD00140,STORE006,2025-06-20,1,17758.27
ORD0000576,CUST00664,PROD00203,STORE006,2026-01-25,3,15385.09
ORD0002817,CUST00830,PROD00188,STORE001,2025-01-05,3,9662.12
ORD0004453,CUST01392,PROD00114,STORE007,2025-07-02,1,4675.42
ORD0005750,CUST01027,PROD00079,STORE012,2025-12-14,2,19794.35
ORD0004339,CUST00781,PROD00117,STORE011,2025-06-25,1,10902.11
ORD0008627,CUST01380,PROD00223,STORE020,2025-01-07,3,17753.22
ORD0000093,CUST00839,PROD00089,STORE021,2025-01-02,6,21076.78
ORD0008592,CUST01420,PROD00242,STORE016,2025-02-25,2,9829.87
ORD0001766,CUST00307,PROD00074,STORE004,2025-12-14,4,4527.27
ORD0008417,CUST00408,PROD00104,STORE004,2025-03-20,4,2198.78
ORD0007996,CUST01436,PROD00133,STORE016,2026-01-21,1,10527.47
ORD0003718,CUST00271,PROD00168,STORE004,2025-02-15,1,12263.72
ORD0006177,CUST00257,PROD00034,STORE002,2025-02-09,5,7333.9
ORD0010388,CUST01067,PROD00037,STORE001,2025-05-22,4,21292.33
ORD0006418,CUST01281,PROD00074,STORE016,2025-12-11,4,14358.85
ORD0005041,CUST00839,PROD00056,STORE022,2025-11-15,3,16751.68
ORD0002943,CUST01113,PROD00105,STORE007,2025-08-20,2,10658.06
ORD0011960,CUST00237,PROD00260,STORE012,2026-04-21,5,4629.38
ORD0005724,CUST00324,PROD00214,STORE020,2025-01-24,4,4281.18
ORD0001938,CUST00025,PROD00164,STORE007,2025-01-11,2,16882.36
ORD0008492,CUST01401,PROD00287,STORE009,2026-04-07,2,14697.43
ORD0004996,CUST00572,PROD00157,STORE020,2025-10-26,2,19215.1
ORD0007880,CUST00212,PROD00014,STORE002,2025-10-03,6,4390.38
ORD0005325,CUST00953,PROD00030,STORE023,2025-01-06,6,13878.37
ORD0002859,CUST00330,PROD00204,STORE010,2026-02-01,3,7637.16
ORD0001925,CUST01310,PROD00232,STORE003,2025-06-18,4,507.56
ORD0010690,CUST01246,PROD00070,STORE013,2026-04-09,6,13467.77
ORD0002438,CUST00816,PROD00025,STORE021,2025-01-02,4,20558.27
ORD0011842,CUST01049,PROD00289,STORE007,2025-01-14,6,24015.0
ORD0007513,CUST01165,PROD00107,STORE001,2025-05-29,6,23946.8
ORD0001974,CUST01133,PROD00287,STORE004,2026-03-06,1,18975.34
ORD0001706,CUST00017,PROD00293,STORE015,2025-03-30,2,1670.92
ORD0008577,CUST01006,PROD00121,STORE016,2025-04-30,5,24376.72
ORD0011324,CUST00942,PROD00293,STORE013,2026-03-30,5,5753.03
ORD0008224,CUST01237,PROD00144,STORE025,2026-01-08,3,21993.64
ORD0010201,CUST00223,PROD00258,STORE015,2025-02-22,5,22460.27
ORD0011585,CUST00358,PROD00298,STORE021,2025-08-28,6,4735.55
ORD0006166,CUST01102,PROD00030,STORE004,2025-09-28,5,5668.73
ORD0001445,CUST00283,PROD00250,STORE010,2026-02-06,4,15112.76
ORD0010959,CUST00442,PROD00075,STORE007,2025-02-08,1,237.63
ORD0011457,,PROD00073,STORE018,2025-09-19,5,15838.88
ORD0007936,CUST01483,PROD00258,STORE020,2025-06-17,,21869.77
ORD0002090,CUST01278,PROD00151,STORE016,2025-12-06,4,20772.25
ORD0003853,CUST01204,PROD00286,STORE020,2025-07-09,2,23371.4
ORD0003780,CUST00318,PROD00232,STORE025,2025-01-29,3,15851.13
ORD0009984,CUST00309,,STORE021,2025-12-02,3,6599.94
ORD0009025,CUST01210,PROD00176,STORE012,2025-01-29,1,745.67
ORD0006223,CUST00112,PROD00204,STORE014,2025-01-12,3,18600.9
ORD0004308,CUST00124,PROD00296,STORE015,2025-03-30,3,20036.07
ORD0010185,CUST00689,PROD00200,STORE006,2025-05-30,1,18585.42
ORD0003094,CUST00691,PROD00275,STORE002,2026-01-06,3,740.91
ORD0001700,CUST00530,PROD00142,STORE019,2025-10-22,4,7234.46
ORD0009975,CUST01095,PROD00164,STORE022,2026-04-14,1,21185.93
ORD0006272,CUST01439,PROD00248,STORE011,2025-01-03,1,6464.71
ORD0001063,CUST00167,PROD00099,STORE020,2026-02-26,3,20615.48
ORD0009784,CUST01251,PROD00230,STORE023,2025-01-11,1,1018.87
ORD0003738,CUST01215,PROD00020,STORE004,2025-05-26,1,2104.38
ORD0005838,CUST00547,PROD00149,STORE003,2025-06-25,2,19345.14
ORD0007825,CUST00730,PROD00095,STORE005,2025-03-15,1,2514.49
ORD0006135,CUST00338,PROD00160,STORE006,2025-01-02,4,16802.42
ORD0008400,CUST00902,PROD00280,STORE013,2026-01-16,4,23347.79
ORD0006830,CUST00722,PROD00276,STORE005,2025-03-15,6,3526.69
ORD0010048,CUST00615,PROD00226,STORE017,2025-02-16,2,20052.76
ORD0006430,CUST00703,PROD00091,STORE012,2025-11-07,1,2612.85
ORD0010974,CUST00924,PROD00015,STORE008,2025-02-14,3,2355.31
ORD0010359,CUST00473,PROD00071,STORE010,2025-02-06,1,23174.96
ORD0007558,CUST00180,PROD00011,STORE018,2025-05-03,3,190.89
ORD0003952,CUST00754,PROD00169,STORE023,2025-07-06,3,16569.66
ORD0000384,CUST00500,PROD00011,STORE020,2025-08-01,4,20972.58
ORD0007711,CUST00196,PROD00246,STORE001,2025-12-03,3,10800.59
ORD0003904,CUST00728,PROD00202,STORE021,2025-02-23,4,21591.7
ORD0004712,CUST00445,PROD00293,STORE014,2025-01-22,2,12569.39
ORD0003942,CUST00717,PROD00139,STORE024,2026-03-12,1,23872.98
ORD0008942,CUST00782,PROD00291,STORE015,2025-06-01,5,15725.58
ORD0011162,,PROD00019,STORE017,2025-04-30,5,16517.36
ORD0002002,CUST00197,PROD00254,STORE008,2026-02-13,two,8438.43
ORD0004924,CUST00759,PROD00038,STORE001,2026-02-16,6,16879.37
ORD0010413,CUST00750,PROD00133,STORE022,2025-07-16,5,17512.31
ORD0003542,CUST00783,PROD00231,STORE007,2025-12-18,5,24164.32
ORD0002092,CUST00075,PROD00212,STORE004,2025-10-17,5,7687.21
ORD0011200,CUST00926,PROD00165,STORE025,2026-01-04,3,23570.64
ORD0007760,CUST00681,PROD00259,STORE013,2025-01-22,5,21901.73
ORD0002181,CUST00019,PROD00161,STORE007,2025-06-14,6,16457.5
ORD0006864,CUST00429,PROD00250,STORE005,2025-03-30,1,21034.27
ORD0009266,CUST00642,PROD00018,STORE007,2026-03-21,3,9712.0
ORD0005539,CUST00370,PROD00178,STORE019,2025-05-09,6,2102.74
ORD0010617,CUST01014,PROD00150,STORE004,2025-08-02,3,9752.52
ORD0006125,CUST00869,PROD00019,STORE009,2026-02-28,2,9658.97
ORD0008155,CUST00280,PROD00213,STORE020,2025-07-11,6,2893.92
ORD0001129,CUST00808,PROD00101,STORE005,2025-11-10,3,20687.74
ORD0003300,CUST00115,PROD00124,STORE018,2025-09-09,3,21801.64
ORD0005949,CUST01058,PROD00102,STORE002,2025-03-05,3,3006.93
ORD0006392,CUST01031,PROD00254,STORE018,2025-09-02,1,16153.89
ORD0004497,CUST00568,PROD00039,STORE009,2025-10-03,1,20215.02
ORD0006913,CUST00246,PROD00297,STORE006,2025-08-25,4,20396.66
ORD0007263,CUST00194,PROD00275,STORE016,2025-01-11,6,7362.23
ORD0010560,CUST00238,PROD00193,STORE010,2025-05-03,5,21828.48
ORD0000243,CUST01104,PROD00094,STORE007,2025-04-20,1,19106.89
ORD0002902,CUST00876,PROD00105,STORE011,2025-04-12,2,3516.76
ORD0002056,CUST00490,PROD00143,STORE014,2025-06-14,4,894.79
ORD0000083,CUST00063,PROD00242,STORE020,2025-03-30,6,11443.85
ORD0000989,CUST01494,PROD00012,STORE022,2025-06-07,1,11825.33
ORD0008955,CUST00634,PROD00256,STORE025,2026-02-09,4,4402.57
ORD0010374,CUST01472,PROD00112,STORE003,2025-09-04,2,15475.66
ORD0005052,CUST01467,PROD00261,STORE003,2026-04-02,5,17200.22
ORD0005230,CUST00462,PROD00173,STORE011,2025-02-24,3,14001.79
ORD0009303,CUST00507,PROD00181,STORE014,2025-10-06,2,17839.44
ORD0006244,CUST00061,PROD00126,STORE011,2025-07-03,4,14740.21
ORD0011022,CUST01311,PROD00068,STORE003,2025-02-15,4,8634.59
ORD0008724,CUST00789,PROD00142,STORE009,2025-01-12,3,229.68
ORD0004152,CUST01197,PROD00241,STORE007,2026-02-02,1,23546.73
ORD0004045,CUST01025,PROD00233,STORE005,2025-07-24,5,7761.93
ORD0003782,CUST00588,PROD00020,STORE012,2025-08-20,4,18627.42
ORD0010411,CUST01242,PROD00202,STORE012,2025-10-29,4,21527.78
ORD0005568,CUST01499,PROD00128,STORE002,2025-08-21,3,10159.79
ORD0005130,CUST01427,PROD00185,STORE018,2025-11-14,3,11245.99
ORD0002491,CUST00063,PROD00230,STORE001,2025-11-24,3,11305.41
ORD0009737,CUST00905,PROD00249,STORE017,2025-08-16,2,14153.88
ORD0004232,CUST00028,PROD00177,STORE020,2026-04-13,5,7131.24
ORD0004420,CUST00873,PROD00042,STORE006,2025-06-23,2,3027.44
ORD0006259,CUST00554,PROD00298,STORE011,2026-02-03,1,10839.18
ORD0005743,CUST00808,PROD00271,STORE022,2026-04-14,5,17241.98
ORD0010531,CUST00474,PROD00041,STORE008,2025-10-18,5,11646.95
ORD0007161,CUST00657,PROD00131,STORE022,2025-03-26,1,1670.36
ORD0012495,CUST00629,PROD00108,STORE023,2025-11-07,2,19766.1
ORD0000974,CUST01077,PROD00095,STORE005,2026-02-15,1,1658.69
ORD0004166,CUST00867,PROD00083,STORE008,2025-06-10,6,15431.76
ORD0011492,CUST00311,PROD00181,STORE013,2025-04-23,2,6422.77
ORD0009524,CUST01213,PROD00225,STORE002,2025-09-29,6,10185.86
ORD0012104,CUST00570,PROD00050,STORE015,2025-02-03,5,24759.97
ORD0000253,CUST00415,PROD00107,STORE022,2026-03-03,6,6509.84
ORD0000785,CUST00503,PROD00116,STORE001,2025-06-18,4,12162.39
ORD0006887,CUST00568,PROD00199,STORE020,2025-12-27,4,2196.78
ORD0004574,CUST00807,PROD00050,STORE013,2025-12-27,3,20664.14
ORD0005404,CUST00662,PROD00110,STORE021,2026-03-28,5,15515.28
ORD0012228,CUST00382,PROD00054,STORE025,2026-04-16,4,2664.82
ORD0007173,CUST00383,PROD00272,STORE001,2025-06-24,6,21185.07
ORD0000443,CUST00839,PROD00006,STORE014,2026-03-08,4,9521.72
ORD0004055,CUST00740,PROD00122,STORE012,2025-02-12,6,17188.97
ORD0010834,CUST00204,PROD00143,STORE001,2026-01-31,4,16454.42
ORD0010689,CUST00461,PROD00019,STORE006,2026-01-04,1,2924.54
ORD0006796,CUST01403,PROD00078,STORE020,2025-01-02,3,4205.33
ORD0011789,CUST01176,PROD00042,STORE003,2025-09-27,1,3348.39
ORD0004836,CUST01276,PROD00171,STORE021,2025-10-02,5,7776.34
ORD0000185,,PROD00238,STORE021,2025-02-20,2,17131.29
ORD0004502,CUST01276,PROD00290,STORE022,2025-09-15,6,12998.57
ORD0008800,CUST00183,PROD00198,STORE006,2025-12-10,1,1625.41
ORD0010541,CUST00535,PROD00129,STORE018,2026-02-19,6,16156.62
ORD0003060,CUST00256,PROD00226,STORE004,2025-10-10,4,8342.09
ORD0002037,CUST00409,PROD00252,STORE022,not_a_date,6,3837.35
ORD0011563,CUST00537,PROD00004,STORE018,2025-06-09,5,14010.71
ORD0006481,CUST01074,PROD00196,STORE011,2025-10-31,3,21184.93
ORD0002726,CUST00570,PROD00020,STORE002,2025-10-28,3,-5
ORD0011667,CUST01055,PROD00230,STORE023,2025-05-14,6,17745.32
ORD0000660,CUST00458,PROD00175,STORE022,2025-04-28,5,21161.63
ORD0009652,CUST00004,PROD00005,STORE018,2025-03-03,2,5725.24
ORD0001223,CUST00231,PROD00196,STORE013,2025-04-03,1,3368.14
ORD0002952,CUST00002,PROD00040,STORE004,2025-02-26,3,7400.57
ORD0005581,,PROD00203,STORE003,2026-04-16,6,22053.05
ORD0011756,CUST00725,PROD00271,STORE007,2025-12-10,3,17092.31
ORD0005650,CUST00211,PROD00058,STORE011,2026-04-03,6,10904.6
ORD0000911,CUST00397,PROD00096,STORE004,2026-01-27,6,7762.5
ORD0009371,CUST01113,PROD00223,STORE014,2025-02-26,2,20477.97
ORD0006243,CUST01362,PROD00268,STORE021,2025-03-25,6,2333.02
ORD0009313,CUST00446,PROD00072,STORE005,2025-08-10,3,4094.13
ORD0010595,CUST00131,PROD00199,STORE008,2025-09-27,2,4250.47
ORD0007041,CUST01051,PROD00099,STORE015,2026-03-25,3,7904.56
ORD0004110,CUST00926,PROD00151,STORE003,2025-03-01,2,7049.23
ORD0006685,CUST00249,PROD00066,STORE017,2025-09-17,2,10678.22
ORD0003549,CUST00200,PROD00057,STORE006,2025-04-17,4,4349.25
ORD0004255,CUST01051,PROD00053,STORE004,2025-05-10,6,19439.88
ORD0001030,CUST00612,PROD00122,STORE016,2026-01-13,6,22831.2
ORD0005558,CUST01235,PROD00016,STORE007,2025-07-17,6,9873.98
ORD0006661,CUST00518,PROD00001,STORE021,2025-01-12,2,9036.35
ORD0008566,CUST00312,PROD00258,STORE002,2025-02-01,4,24050.7
ORD0010000,CUST00211,PROD00222,STORE006,2025-09-12,5,12746.66
ORD0009884,CUST00832,PROD00087,STORE021,2025-07-19,3,4775.02
ORD0003725,CUST00708,PROD00011,STORE012,2026-01-09,6,18611.63
ORD0006213,CUST00600,PROD00027,STORE018,2025-01-04,2,4878.99
ORD0010624,CUST00629,PROD00296,STORE001,2026-04-15,5,23751.95
ORD0009821,CUST00013,PROD00018,STORE010,2025-11-08,4,13602.11
ORD0002024,CUST01440,PROD00147,STORE024,2026-03-30,5,20087.99
ORD0001007,CUST01224,PROD00269,STORE001,2025-06-20,2,17256.66
ORD0011935,CUST00018,PROD00132,STORE020,2025-10-20,6,15707.54
ORD0003222,CUST01080,PROD00169,STORE009,2026-03-11,5,1060.28
ORD0003752,CUST01237,PROD00228,STORE017,2025-10-19,5,14662.11
ORD0005402,CUST00516,PROD00199,STORE010,2026-03-26,2,14727.9
ORD0000850,CUST01271,PROD00045,STORE003,2025-03-24,2,3773.45
ORD0012177,CUST00708,PROD00152,STORE002,2025-08-06,6,10190.79
ORD0006152,CUST00688,PROD00260,STORE017,2026-03-09,1,14578.76
ORD0000426,CUST01119,PROD00103,STORE010,2026-01-26,3,3516.57
ORD0009682,CUST00722,PROD00097,STORE023,2026-04-16,3,23823.18
ORD0007651,CUST00177,PROD00194,STORE010,2025-01-31,1,22469.13
ORD0001660,CUST00549,PROD00037,STORE003,2025-12-11,,19195.71
ORD0000738,CUST00291,PROD00224,STORE009,2025-06-09,2,5842.85
ORD0009717,CUST01354,PROD00239,STORE017,2025-02-19,2,796.23
ORD0006884,CUST00348,PROD00080,STORE007,2025-02-08,5,16360.72
ORD0011015,CUST00200,PROD00113,STORE016,2025-02-26,5,1517.37
ORD0002417,CUST01006,PROD00132,STORE004,2025-04-26,6,4209.66
ORD0004136,CUST00321,PROD00273,STORE010,2025-06-18,4,22103.19
ORD0008769,,PROD00092,STORE004,2025-04-25,4,14968.35
ORD0009328,CUST01461,PROD00001,STORE004,2025-03-30,6,10805.68
ORD0007750,CUST01120,PROD00288,STORE021,2025-10-04,6,20530.95
ORD0001758,CUST00245,PROD00272,STORE015,2025-12-23,5,1192.8
ORD0009209,CUST01257,PROD00034,STORE017,2025-01-03,3,16025.08
ORD0011572,CUST01405,PROD00100,STORE002,2025-12-22,6,11062.77
ORD0003085,CUST00725,PROD00264,STORE007,2025-05-18,6,18726.33
ORD0004032,CUST01109,PROD00275,STORE015,2025-03-16,2,22283.0
ORD0006925,CUST00102,PROD00075,STORE021,2025-08-07,5,22458.67
ORD0005099,CUST01148,PROD00291,STORE018,2025-08-21,2,1777.51
ORD0009447,CUST00130,PROD00194,STORE013,2025-04-18,2,16289.19
ORD0005975,CUST00690,PROD00202,STORE013,2025-02-01,2,24971.1
ORD0001844,CUST00993,PROD00012,STORE018,2025-11-01,1,13898.16
ORD0011130,CUST01036,PROD00288,STORE001,2025-09-26,3,24470.12
ORD0001340,CUST01126,PROD00226,STORE010,2025-06-09,5,9621.89
ORD0010907,CUST01003,PROD00012,STORE004,2025-02-12,6,2124.31
ORD0002190,CUST00604,PROD00081,STORE020,2025-05-28,5,9392.93
ORD0005221,CUST00710,PROD00026,STORE016,2026-01-25,3,9321.45
ORD0009208,CUST00637,PROD00164,STORE015,2025-11-17,3,2771.29
ORD0009150,CUST00614,PROD00196,STORE018,2025-07-23,4,9565.58
ORD0004129,CUST00612,PROD00178,STORE020,2025-07-25,5,8383.53
ORD0005342,CUST00172,PROD00248,STORE022,2026-03-15,3,5336.59
ORD0011112,CUST00146,PROD00133,STORE003,2026-01-13,2,18846.6
ORD0002767,CUST01316,PROD00143,STORE005,2026-03-02,6,14517.09
ORD0008606,CUST00659,PROD00121,STORE013,2025-07-20,3,15522.76
ORD0000826,CUST01349,PROD00259,STORE009,2025-09-28,5,9858.65
ORD0008476,CUST00618,PROD00152,STORE014,2025-12-29,6,7985.29
ORD0001817,CUST00937,PROD00224,STORE008,2025-10-12,2,$4556.16
ORD0001529,CUST00279,PROD00004,STORE010,2026-04-18,6,8462.62
ORD0012158,CUST00052,PROD00261,STORE015,2025-01-01,1,6084.05
ORD0002702,CUST01425,PROD00043,STORE012,2025-10-25,6,12132.71
ORD0004792,CUST00416,PROD00122,STORE001,2026-01-31,3,12127.55
ORD0010915,CUST00691,PROD00256,STORE017,,2,15504.79
ORD0001875,CUST00366,PROD00095,STORE006,2025-06-19,1,15283.36
ORD0002644,CUST00092,PROD00160,STORE012,2025-02-23,5,13504.26
ORD0005956,CUST01452,PROD00225,STORE020,2025-08-29,1,6530.5
ORD0004434,CUST00730,PROD00173,STORE004,2026-02-21,5,2507.99
ORD0002439,CUST00104,PROD00146,STORE001,2026-03-01,5,6258.87
ORD0012291,CUST00656,PROD00263,STORE020,2025-04-23,5,12794.82
ORD0007374,CUST00573,PROD00084,STORE006,2025-02-22,5,13183.6
ORD0005523,CUST00107,PROD00217,STORE013,2025-02-05,5,23398.09
ORD0008602,CUST01165,PROD00083,STORE023,2026-03-25,3,16175.09
ORD0011690,CUST01391,PROD00113,STORE010,2025-11-26,5,12436.78
ORD0012366,,PROD00237,STORE011,2025-11-01,6,13816.22
ORD0007079,CUST00603,PROD00111,STORE003,2026-02-10,6,4208.64
ORD0003866,CUST00287,PROD00099,STORE017,2025-07-12,3,16700.33
ORD0007773,CUST00224,PROD00070,STORE022,2025-09-17,2,16686.22
ORD0011969,CUST00391,PROD00136,STORE003,2025-08-03,6,5857.28
ORD0011758,CUST01039,PROD00043,STORE024,2026-01-03,5,18826.02
ORD0009856,CUST00737,PROD00067,STORE023,2025-06-09,4,$20644.45
ORD0011113,CUST00416,PROD00076,STORE012,2025-08-09,3,abc
ORD0008647,CUST00739,PROD00006,STORE004,2026-04-10,2,21025.33
ORD0000861,CUST01487,PROD00175,STORE004,2026-02-07,5,20299.11
ORD0004204,CUST00478,PROD00135,STORE017,2025-02-05,6,9267.21
ORD0006176,CUST00873,PROD00051,STORE025,2025-08-01,2,8533.17
ORD0004669,CUST01082,PROD00270,STORE022,2026-04-09,6,2119.76
ORD0000400,CUST01041,PROD00209,STORE005,,5,24507.44
ORD0000008,CUST00589,PROD00215,STORE015,2025-08-06,3,6297.8
ORD0004866,CUST00139,PROD00009,STORE010,2026-02-04,2,21473.97
ORD0001206,CUST00092,PROD00136,STORE025,2026-02-20,5,12300.29
ORD0012192,CUST01003,PROD00019,STORE020,2025-03-21,4,6451.32
ORD0008152,CUST00420,PROD00195,STORE020,2026-02-06,3,24459.89
ORD0011342,CUST01023,PROD00051,STORE020,2025-08-22,6,3671.97
ORD0011500,,PROD00037,STORE022,2025-10-12,6,21906.29
ORD0000398,CUST00274,PROD00203,STORE007,2025-10-03,6,11384.98
ORD0011556,CUST00993,PROD00146,STORE001,2026-01-14,3,1096.15
ORD0002526,CUST01468,PROD00202,STORE010,2025-03-21,2,5454.09
ORD0007420,CUST00074,PROD00192,STORE014,2025-12-07,5,unknown
ORD0010069,CUST01142,PROD00083,STORE011,2025-03-19,1,8101.6
ORD0007682,CUST01100,PROD00044,STORE011,00/00/0000,4,3196.46
ORD0002420,,PROD00087,STORE003,2025-06-29,4,24765.9
ORD0011155,CUST00686,PROD00181,STORE006,2025-10-28,2,22223.46
ORD0007410,CUST00738,PROD00046,STORE009,2026-01-08,6,16049.75
ORD0004426,CUST01464,PROD00206,STORE001,2025-09-21,1,-5
ORD0008574,CUST00708,PROD00263,STORE004,2026-03-22,4,5378.28
ORD0000361,CUST00489,PROD00185,STORE019,2025-11-06,6,17776.24
ORD0001800,CUST00244,PROD00223,STORE024,2025-12-04,2,5560.13
ORD0010089,CUST01283,PROD00152,STORE024,2025-04-29,2,5017.0
ORD0009672,CUST00941,PROD00118,STORE001,2025-09-16,6,2696.57
ORD0012407,CUST00501,PROD00284,STORE024,2025-05-05,5,13668.7
ORD0008320,CUST00447,PROD00022,STORE011,2025-01-19,1,21144.98
ORD0011076,CUST01017,PROD00300,STORE006,2025-02-03,1,3703.11
ORD0005901,CUST00587,PROD00137,STORE015,2025-12-08,2,19457.08
ORD0008962,CUST01118,PROD00186,STORE018,2025-06-27,5,5504.22
ORD0007091,CUST01373,PROD00013,STORE006,2026-03-29,5,17665.85
ORD0007337,CUST01011,PROD00095,STORE001,2025-12-05,1,14002.57
ORD0001515,CUST00978,PROD00135,STORE002,2025-09-03,6,22401.65
ORD0007813,CUST00135,PROD00145,STORE014,2025-04-05,3,20846.03
ORD0005552,CUST01400,PROD00118,STORE011,2025-10-13,4,2159.46
ORD0011094,CUST00789,PROD00058,STORE010,2025-02-09,3,580.69
ORD0003280,CUST00256,PROD00282,STORE017,2026-01-26,2,262.58
ORD0003428,CUST01496,PROD00202,STORE016,2025-05-11,1,20224.54
ORD0009522,CUST00380,PROD00078,STORE023,2026-04-18,1,4248.28
ORD0009705,CUST00419,PROD00016,STORE018,2026-01-30,4,13017.08
ORD0008485,CUST01008,PROD00041,STORE008,2025-06-23,3,2306.45
ORD0006133,CUST00878,PROD00070,STORE001,2025-10-08,5,4855.37
ORD0012176,CUST00608,PROD00109,STORE023,2025-01-14,2,20824.76
ORD0004257,CUST00639,PROD00110,STORE023,2025-02-07,4,22307.07
ORD0009118,CUST00085,PROD00067,STORE010,2025-06-01,2,9772.02
ORD0005250,CUST00339,PROD00227,STORE013,2025-06-13,6,12580.61
ORD0002247,CUST00487,PROD00026,STORE017,2025-10-30,4,12205.09
ORD0004404,CUST01351,PROD00170,STORE013,2025-02-14,4,8717.55
ORD0003026,CUST01343,PROD00112,STORE013,2026-03-03,5,17862.29
ORD0004757,CUST01123,PROD00050,STORE001,2026-01-16,4,1157.85
ORD0000111,CUST00661,PROD00054,STORE021,2025-01-05,3,21752.83
ORD0010383,CUST00587,PROD00259,STORE003,2026-03-14,5,7894.04
ORD0010931,CUST00636,PROD00229,STORE016,2025-03-03,2,14524.41
ORD0010517,CUST00746,PROD00292,STORE025,2025-06-11,3,14574.07
ORD0007741,CUST01111,PROD00105,STORE013,2025-01-14,1,22540.9
ORD0012434,CUST01305,PROD00132,STORE012,2026-01-07,6,19913.92
ORD0000842,CUST00852,PROD00083,STORE014,2025-07-05,2,18269.67
ORD0007021,CUST01296,PROD00154,STORE017,2025-12-14,4,2613.45
ORD0009969,CUST00235,PROD00281,STORE005,2025-09-13,4,18859.84
ORD0003171,CUST00266,PROD00042,STORE009,2026-02-04,6,17974.19
ORD0001670,CUST00972,PROD00111,STORE003,2026-04-03,2,10745.11
ORD0007138,CUST01498,PROD00213,STORE010,2025-02-09,1,495.16
ORD0005298,CUST00179,PROD00280,STORE002,2025-07-22,4,21771.71
ORD0005356,CUST00130,PROD00099,STORE009,2025-04-11,1,10765.36
ORD0011276,CUST00592,PROD00024,STORE009,2026-01-20,1,3666.89
ORD0002030,CUST00598,PROD00291,STORE005,2025-01-23,1,11014.0
ORD0008557,CUST01421,PROD00198,STORE011,2025-03-15,2,255.78
ORD0010008,CUST00442,PROD00108,STORE002,2025-02-08,2,16089.68
ORD0006441,CUST00947,PROD00049,STORE009,2025-10-30,4,22883.84
ORD0011073,CUST00128,PROD00046,STORE024,2025-01-23,3,17906.23
ORD0009556,CUST00091,PROD00158,STORE004,2025-02-23,3,12560.96
ORD0012162,CUST00110,PROD00034,STORE001,2026-04-05,4,16445.69
ORD0007380,CUST00899,PROD00051,STORE009,2025-10-21,2,17158.63
ORD0001022,CUST01066,PROD00105,STORE012,2025-11-08,4,10036.08
ORD0006411,CUST01311,PROD00276,STORE011,2025-03-09,4,20334.23
ORD0005047,CUST01346,PROD00160,STORE002,2025-03-10,2,20006.95
ORD0008456,CUST01214,PROD00295,STORE008,2025-02-24,5,21049.07
ORD0003515,CUST00365,PROD00271,STORE011,2025-07-23,3,17045.62
ORD0009151,CUST01302,PROD00131,STORE014,2025-03-03,5,21444.4
ORD0003860,CUST01329,PROD00029,STORE011,2025-03-30,1,15585.28
ORD0011400,CUST00146,PROD00209,STORE023,2026-03-17,6,2958.01
ORD0012031,CUST01279,PROD00248,STORE004,2026-04-16,4,23225.59
ORD0006123,CUST01156,PROD00259,STORE020,2026-04-08,4,3125.36
ORD0004159,CUST01143,PROD00276,STORE003,2025-08-04,3,19749.57
ORD0011403,CUST00497,PROD00084,STORE007,2025-01-12,1,4618.51
ORD0008464,CUST00165,PROD00250,STORE016,2025-02-12,2,2080.75
ORD0011252,CUST01314,PROD00153,STORE022,2026-03-15,2,20354.73
ORD0003931,CUST00798,PROD00051,STORE014,2025-08-26,4,6707.99
ORD0012112,CUST00146,PROD00276,STORE013,2025-02-02,5,7519.83
ORD0005878,CUST01278,PROD00177,STORE002,2025-09-14,3,5992.75
ORD0010404,CUST00835,PROD00007,STORE012,2025-10-24,5,12910.74
ORD0000564,CUST01151,PROD00075,STORE009,2025-06-10,3,12194.74
ORD0003182,CUST00823,PROD00196,STORE025,2025-01-13,4,13665.98
ORD0006533,CUST00721,PROD00055,STORE011,2026-04-06,1,9876.91
ORD0000161,CUST00895,PROD00141,STORE024,2025-05-22,6,19490.98
ORD0008842,CUST00850,PROD00258,STORE008,2025-10-04,5,7373.39
ORD0004648,CUST00011,PROD00176,STORE005,2026-02-04,4,15539.95
ORD0007694,CUST01364,PROD00293,STORE012,2025-06-20,two,15300.66
ORD0010054,CUST01039,PROD00098,STORE003,2025-07-11,1,15134.34
ORD0011264,CUST01328,PROD00289,STORE007,2025-07-11,5,11471.94
ORD0005659,CUST01107,PROD00296,STORE005,2026-03-30,2,7621.23
ORD0009990,CUST00571,PROD00024,STORE013,2025-12-01,3,3870.32
ORD0009072,CUST00570,PROD00266,STORE002,2025-10-01,1,18037.43
ORD0007123,CUST00271,PROD00056,STORE021,2025-01-25,4,9600.22
ORD0003657,CUST00822,PROD00249,STORE003,2025-09-30,3,18576.94
ORD0010035,CUST01463,PROD00112,STORE008,2025-05-01,5,5062.97
ORD0011263,CUST01445,PROD00254,STORE007,2025-03-16,4,19202.3
ORD0001560,CUST00764,PROD00100,STORE002,2025-08-02,2,12657.95
ORD0006882,CUST00088,PROD00010,STORE003,2026-03-06,4,15108.86
ORD0000402,CUST01204,PROD00062,STORE025,2025-09-29,1,15404.18
ORD0000543,CUST01356,PROD00089,STORE005,2025-04-22,5,23659.17
ORD0003016,CUST01419,PROD00072,STORE022,2025-03-16,4,10668.57
ORD0011860,CUST01304,PROD00032,STORE011,2026-02-12,4,3492.35
ORD0003139,CUST00416,PROD00154,STORE008,2025-07-10,4,22090.87
ORD0010333,CUST00145,PROD00200,STORE018,,1,22020.5
ORD0007451,CUST00586,PROD00029,STORE025,2026-04-05,5,18877.4
ORD0006131,CUST01379,PROD00294,STORE004,2026-02-23,2,23310.86
ORD0012144,CUST01306,PROD00223,STORE003,2025-06-16,2,9645.57
ORD0002057,CUST00769,PROD00295,STORE020,2025-10-25,5,6372.01
ORD0006153,CUST00600,PROD00198,STORE018,2025-08-23,4,16058.11
ORD0001124,CUST00107,PROD00138,STORE001,2025-07-04,6,22383.71
ORD0002792,CUST00783,PROD00031,STORE003,2025-02-20,3,19712.03
ORD0001914,CUST00697,PROD00246,STORE008,2026-04-09,5,571.5
ORD0007663,CUST01173,PROD00127,STORE020,2025-07-03,4,9127.03
ORD0005106,CUST00038,PROD00001,STORE020,2025-03-30,1,11880.91
ORD0010357,CUST00511,PROD00252,STORE006,2025-10-30,3,21643.65
ORD0005685,CUST00643,,STORE010,2025-08-13,6,5376.63
ORD0001863,CUST01222,PROD00183,STORE021,2025-07-03,2,579.59
ORD0011260,CUST01381,PROD00287,STORE017,2025-07-28,2,20406.18
ORD0002539,CUST01042,PROD00183,STORE021,2026-02-12,4,22093.5
ORD0004239,CUST00832,PROD00173,STORE018,2026-03-28,4,7434.84
ORD0007656,CUST00275,PROD00115,STORE010,2025-05-25,4,19083.38
ORD0008217,CUST00911,PROD00153,STORE003,2025-04-21,5,12152.96
ORD0004477,CUST01063,PROD00164,STORE019,2026-02-05,1,3498.55
ORD0008989,CUST00801,PROD00099,STORE013,2026-02-03,5,21489.77
ORD0011768,CUST00386,PROD00084,STORE008,2025-05-10,2,24375.42
ORD0004211,CUST01266,PROD00270,STORE020,2025-11-27,1,13968.04
ORD0010274,CUST00541,PROD00069,STORE007,2025-01-18,2,23304.51
ORD0001068,CUST00843,PROD00074,STORE002,2025-11-23,6,9303.77
ORD0001615,CUST01391,PROD00256,STORE002,2025-11-26,1,12505.92
ORD0003013,CUST00517,PROD00197,STORE008,2025-07-31,6,12708.13
ORD0008303,CUST00323,PROD00289,STORE022,2025-01-30,3,1913.88
ORD0001924,CUST01293,PROD00038,STORE005,2025-04-07,3,13291.08
ORD0006603,CUST00335,PROD00190,STORE006,2025-07-13,5,16848.82
ORD0008752,CUST01005,PROD00209,STORE014,2025-01-30,3,19346.04
ORD0005366,CUST00128,PROD00064,STORE004,2025-06-21,3,20550.51
ORD0002883,CUST00998,PROD00044,STORE020,2025-11-27,1,201.23
ORD0007801,CUST00696,PROD00173,STORE003,2025-07-02,5,7902.85
ORD0002982,CUST01326,PROD00114,STORE009,2025-07-09,3,1880.36
ORD0006461,CUST00339,PROD00194,STORE020,2026-03-04,4,7940.38
ORD0003436,CUST00866,PROD00249,STORE014,2025-01-10,6,12455.95
ORD0001345,CUST00972,PROD00041,STORE014,2025-04-27,6,18245.71
ORD0005722,CUST00098,PROD00261,STORE019,2025-02-26,6,8952.25
ORD0002224,CUST01399,PROD00018,STORE008,2026-02-21,4,14585.25
ORD0005438,CUST01202,PROD00112,STORE020,2025-10-02,3,18284.62
ORD0000270,CUST00997,PROD00025,STORE017,2025-09-20,1,22837.61
ORD0000190,CUST00187,PROD00190,STORE001,2026-02-09,6,15093.36
ORD0007775,CUST00339,PROD00163,STORE011,not_a_date,2,17538.0
ORD0010464,CUST01477,PROD00245,STORE021,2025-03-01,4,7748.91
ORD0008519,CUST00233,PROD00101,STORE011,2025-07-26,3,15830.89
ORD0008692,,PROD00099,STORE015,2025-04-27,2,18741.44
ORD0003028,CUST01207,PROD00027,STORE017,2025-02-03,5,14777.81
ORD0010098,CUST00723,PROD00173,STORE013,2025-12-03,5,8624.27
ORD0005892,CUST00402,PROD00092,STORE012,2025-08-01,6,22896.87
ORD0003376,CUST00107,PROD00053,STORE006,2025-03-21,1,12948.01
ORD0002995,CUST01458,PROD00219,STORE004,2025-11-20,6,14553.65
ORD0004980,CUST00867,PROD00238,STORE005,2025-07-13,6,2264.4
ORD0002894,CUST00165,PROD00232,STORE016,00/00/0000,4,24234.53
ORD0004960,CUST01191,PROD00217,STORE008,2025-04-22,4,22295.02
ORD0010975,CUST01207,PROD00138,STORE022,2025-08-16,6,17359.66
ORD0010710,CUST00265,PROD00258,STORE010,2025-02-17,5,7282.9
ORD0003008,CUST00822,PROD00179,STORE018,2025-12-09,5,17986.53
ORD0009087,CUST01029,PROD00273,STORE019,2025-04-01,5,13901.74
ORD0008272,CUST01224,PROD00219,STORE009,2025-11-06,2,9250.59
ORD0011269,CUST01445,PROD00010,STORE004,2025-10-23,2,690.14
ORD0006018,CUST00448,PROD00249,STORE010,2025-11-24,2,13802.97
ORD0007917,CUST00159,PROD00208,STORE020,2026-01-26,3,23611.71
ORD0000022,CUST01133,PROD00128,STORE001,2026-01-22,1,21160.23
ORD0001039,CUST00750,PROD00297,STORE013,2025-05-08,6,23805.59
ORD0012485,CUST00078,PROD00287,STORE018,2026-03-29,5,12591.22
ORD0008055,CUST00539,PROD00298,STORE002,2026-01-17,2,9248.59
ORD0009665,CUST00943,PROD00288,STORE014,,2,22708.77
ORD0006828,CUST00877,PROD00081,STORE021,2025-09-17,6,9125.86
ORD0005586,CUST00747,PROD00097,STORE013,2025-10-24,1,23103.51
ORD0008639,CUST00725,PROD00271,STORE019,2025-11-10,4,8249.83
ORD0011861,CUST01014,PROD00233,STORE019,2025-01-23,5,4943.56
ORD0004887,CUST00138,PROD00197,STORE017,2025-06-22,1,22650.33
ORD0003516,CUST01442,PROD00080,STORE004,2025-10-24,6,19983.44
ORD0006404,CUST00917,PROD00164,STORE019,2025-07-11,1,800.02
ORD0001780,CUST00057,PROD00189,STORE019,2025-03-19,6,23197.04
ORD0006066,CUST01375,PROD00257,STORE010,2025-12-31,1,12446.88
ORD0008478,CUST01001,PROD00112,STORE020,2025-02-24,5,16539.17
ORD0006757,CUST00948,PROD00113,STORE001,00/00/0000,3,5215.42
ORD0009057,CUST00834,PROD00170,STORE003,2026-03-16,5,18072.58
ORD0001791,CUST00311,PROD00049,STORE006,2025-06-01,1,9397.01
ORD0008829,,PROD00021,STORE020,2025-01-05,4,189.79
ORD0003768,CUST00595,PROD00173,STORE011,2025-06-25,1,16505.88
ORD0002480,CUST00102,PROD00274,STORE014,2025-08-26,1,3456.24
ORD0001289,CUST00105,PROD00264,STORE015,2025-02-24,5,21129.63
ORD0001452,CUST00996,PROD00024,STORE011,2025-03-06,4,19520.63
ORD0002991,CUST00126,PROD00005,STORE015,2025-01-25,1,3788.71
ORD0003487,CUST00289,PROD00002,STORE019,2026-03-16,3,19226.89
ORD0008833,CUST00483,PROD00061,STORE015,2026-03-09,two,3511.59
ORD0007638,CUST00114,PROD00227,STORE017,2026-03-20,4,11263.86
ORD0001505,CUST01274,PROD00111,STORE010,2025-12-20,6,453.29
ORD0004422,CUST01432,PROD00161,STORE012,2025-12-30,5,19747.99
ORD0011987,CUST01103,PROD00007,STORE024,2026-03-25,4,12451.31
ORD0002818,CUST00976,,STORE022,2026-03-16,1,2212.63
ORD0006044,CUST00506,PROD00029,STORE025,2025-04-14,4,8505.43
ORD0005621,CUST00130,PROD00093,STORE011,2025-11-16,5,11294.75
ORD0001780,CUST00057,PROD00189,STORE019,2025-03-19,6,23197.04
ORD0003890,CUST00684,PROD00163,STORE023,2025-12-04,3,14906.73
ORD0007285,CUST00262,PROD00132,STORE012,2026-02-16,2,7280.4
ORD0006908,CUST00595,PROD00199,STORE024,2025-01-31,3,16124.4
ORD0011166,CUST01448,PROD00234,STORE002,2026-02-09,3,8548.41
ORD0011427,CUST01464,PROD00113,STORE019,2026-01-08,2,16541.56
ORD0002909,CUST00305,PROD00125,STORE023,2025-03-15,6,1967.77
ORD0005406,CUST00738,PROD00123,STORE001,2026-02-19,1,11698.24
ORD0012330,CUST00500,PROD00195,STORE015,2025-11-02,4,21012.44
ORD0002821,CUST00083,PROD00263,STORE015,2025-01-02,1,21942.18
ORD0001746,CUST01356,PROD00068,STORE010,2025-01-30,1,22044.84
ORD0011316,CUST00908,PROD00108,STORE011,2025-03-16,5,23881.36
ORD0004800,CUST01105,PROD00192,STORE013,2025-07-13,5,2844.75
ORD0009159,CUST00091,PROD00060,STORE011,2025-09-10,3,3097.42
ORD0006929,CUST01250,PROD00013,STORE019,2025-05-14,5,23519.23
ORD0010923,CUST00738,PROD00215,STORE023,2025-01-08,6,17787.44
ORD0011682,CUST01001,PROD00161,STORE014,2025-05-07,4,18234.95
ORD0005801,CUST01042,PROD00237,STORE018,2025-12-08,6,24462.6
ORD0004775,CUST01289,PROD00243,STORE024,2026-01-06,1,3727.74
ORD0006620,CUST00165,PROD00171,STORE011,2025-11-22,4,13581.73
ORD0008375,CUST01237,PROD00286,STORE003,2025-10-24,1,906.13
ORD0008309,CUST00844,PROD00235,STORE019,2025-09-01,1,13864.44
ORD0010103,CUST00156,PROD00280,STORE007,2025-11-01,6,9337.34
ORD0004466,CUST01160,PROD00181,STORE001,2025-12-15,4,437.14
ORD0000955,CUST00692,PROD00016,STORE002,2026-02-01,1,19534.18
ORD0005591,CUST00458,PROD00110,STORE018,2025-02-04,5,2639.92
ORD0004701,CUST01189,PROD00047,STORE001,2026-01-03,5,10521.77
ORD0002232,CUST01253,PROD00069,STORE002,2025-09-12,1,3694.68
ORD0004355,CUST00169,PROD00066,STORE012,2025-10-08,6,12248.61
ORD0005113,CUST00061,PROD00102,STORE006,2025-10-10,2,491.95
ORD0010348,CUST01186,PROD00001,STORE023,2026-02-21,5,11882.47
ORD0012493,CUST00862,PROD00258,STORE005,2026-02-26,6,8860.43
ORD0011986,CUST00980,PROD00019,STORE017,2025-12-22,1,8380.86
ORD0008579,CUST00052,PROD00193,STORE017,2025-11-02,3,23101.02
ORD0009002,CUST00334,PROD00136,STORE010,2026-01-16,5,2146.63
ORD0005543,CUST00956,PROD00009,STORE017,2025-04-26,3,16733.82
ORD0008981,CUST01194,PROD00279,STORE019,2025-01-08,2,388.59
ORD0004367,CUST00936,PROD00240,STORE022,2025-04-22,6,13019.36
ORD0006638,CUST00485,PROD00070,STORE007,2025-11-07,5,16710.26
ORD0011059,CUST00051,PROD00159,STORE022,2026-04-06,6,7386.08
ORD0006304,CUST00147,PROD00066,STORE019,2025-06-14,2,2263.92
ORD0006594,CUST00413,PROD00098,STORE002,2025-02-17,5,11590.79
ORD0001087,CUST00926,PROD00105,STORE022,2025-07-23,3,20825.21
ORD0004198,CUST00182,PROD00283,STORE002,2025-12-04,3,18002.99
ORD0001063,CUST00167,PROD00099,STORE020,2026-02-26,3,20615.48
ORD0007116,CUST00477,PROD00116,STORE025,2026-02-10,5,9899.36
ORD0008123,CUST01478,PROD00145,STORE009,2026-03-26,6,20529.71
ORD0006482,CUST00874,PROD00207,STORE002,2025-06-10,2,22901.41
ORD0009533,,PROD00219,STORE016,2025-08-11,6,8307.26
ORD0001833,CUST00859,PROD00297,STORE018,2025-12-21,6,6286.7
ORD0007844,CUST00534,PROD00261,STORE020,2025-06-07,3,4374.13
ORD0007397,CUST00536,PROD00168,STORE019,2025-04-01,6,4434.84
ORD0000849,CUST00388,PROD00280,STORE009,2026-04-13,6,602.95
ORD0001072,CUST00281,PROD00177,STORE001,2026-01-17,5,19996.87
ORD0011101,CUST01281,PROD00123,STORE007,2025-01-09,5,11448.37
ORD0005170,CUST00530,PROD00180,STORE014,2025-09-05,4,23102.98
ORD0009485,CUST01391,PROD00239,STORE018,2025-10-13,6,23720.89
ORD0002125,CUST01261,PROD00241,STORE005,2025-12-13,2,22359.87
ORD0006930,CUST00663,PROD00030,STORE021,2025-12-30,5,3043.23
ORD0002042,CUST01164,PROD00047,STORE004,2026-02-13,3,3109.91
ORD0002672,CUST00203,PROD00117,STORE025,2025-12-08,3,20968.76
ORD0006820,CUST00197,PROD00105,STORE019,2025-09-05,3,19972.36
ORD0001309,CUST00091,PROD00254,STORE018,2025-09-07,6,6315.57
ORD0010297,CUST00905,PROD00075,STORE018,2025-10-05,6,8497.17
ORD0011489,CUST00304,PROD00262,STORE015,2025-10-22,1,1034.42
ORD0007915,CUST00158,PROD00252,STORE017,2025-06-27,3,2984.23
ORD0009259,CUST01461,PROD00127,STORE005,2026-03-13,1,9398.81
ORD0011096,CUST00117,PROD00117,STORE015,2025-04-14,3,18844.2
ORD0008186,CUST00712,PROD00267,STORE004,2025-03-25,2,10301.37
ORD0000762,CUST00106,PROD00126,STORE005,2025-06-01,6,23080.26
ORD0000752,CUST00828,PROD00269,STORE015,2025-07-01,6,23590.64
ORD0001369,CUST00986,PROD00254,STORE018,2025-02-10,2,5017.71
ORD0007585,CUST00417,PROD00167,STORE003,2025-12-05,3,abc
ORD0001934,CUST00959,PROD00296,STORE002,2025-10-14,3,7993.23
ORD0002223,CUST01494,PROD00116,STORE011,2026-01-03,3,8314.74
ORD0006122,CUST01001,PROD00144,STORE012,2025-11-20,1,13951.02
ORD0000808,CUST00927,PROD00184,STORE017,2025-12-28,3,7447.28
ORD0008363,CUST00851,PROD00187,STORE025,2025-06-05,4,16820.49
ORD0004903,CUST00620,PROD00158,STORE014,2025-09-20,5,24495.36
ORD0007800,CUST01173,PROD00261,STORE024,2025-07-11,6,21900.13
ORD0003772,CUST00635,PROD00194,STORE004,2025-04-14,4,5481.69
ORD0007692,CUST01131,PROD00217,STORE015,2025-08-22,1,24674.51
ORD0010746,CUST00444,PROD00223,STORE002,2025-02-17,1,12082.21
ORD0008916,CUST00498,PROD00244,STORE014,2026-03-13,2,4504.03
ORD0012338,CUST00633,PROD00036,STORE004,2026-03-31,6,24967.74
ORD0004747,CUST00728,PROD00099,STORE009,2025-02-01,3,4562.65
ORD0011230,CUST00676,PROD00197,STORE001,2025-03-18,2,22875.79
ORD0004916,CUST00642,PROD00127,STORE025,2025-10-02,3,4099.31
ORD0000550,CUST00444,PROD00214,STORE016,2025-11-20,1,23927.89
ORD0008027,CUST00567,PROD00063,STORE015,2026-03-03,5,5228.73
ORD0001663,CUST01211,PROD00165,STORE015,2026-02-17,5,12491.78
ORD0010804,CUST00250,PROD00280,STORE002,2025-04-07,2,19443.06
ORD0001775,CUST00373,PROD00204,STORE014,2025-03-23,6,16499.63
ORD0001344,CUST00505,PROD00196,STORE023,2025-02-06,1,8878.84
ORD0008387,CUST00408,PROD00260,STORE024,2026-01-08,2,20868.16
ORD0002261,,PROD00247,STORE005,2025-03-28,6,14674.85
ORD0000680,CUST00538,PROD00209,STORE002,2025-06-14,4,1216.29
ORD0001991,CUST01143,PROD00244,STORE005,2025-05-11,6,9835.9
ORD0006428,CUST01201,PROD00058,STORE013,2025-08-08,2,23629.38
ORD0001960,CUST01427,PROD00237,STORE011,2025-06-21,6,22307.35
ORD0010158,CUST01314,PROD00034,STORE024,2025-03-15,2,20695.4
ORD0003679,CUST01457,PROD00158,STORE008,2025-11-28,5,21683.74
ORD0000870,CUST00162,PROD00119,STORE002,2026-01-25,3,7890.49
ORD0010548,CUST00696,PROD00222,STORE010,2025-12-24,6,20624.82
ORD0000820,CUST01161,PROD00095,STORE001,2025-08-01,2,23864.1
ORD0010028,CUST00480,PROD00108,STORE015,2025-06-14,1,18643.13
ORD0002634,CUST00794,PROD00284,STORE020,2026-04-09,2,5714.01
ORD0012231,CUST00304,PROD00265,STORE021,2025-02-18,2,5579.44
ORD0007382,CUST00627,PROD00246,STORE013,2025-10-01,6,23720.09
ORD0002436,CUST00926,PROD00134,STORE009,2025-07-20,6,20049.05
ORD0009835,CUST00628,PROD00267,STORE007,2025-08-17,6,331.09
ORD0012038,CUST01458,PROD00298,STORE015,2026-03-20,5,15631.52
ORD0008846,CUST01417,PROD00292,STORE004,2026-02-25,2,2040.44
ORD0001805,CUST01164,PROD00058,STORE003,2025-08-17,4,21588.12
ORD0010973,CUST00001,PROD00192,STORE018,2025-09-28,5,4438.63
ORD0001078,CUST00822,PROD00056,STORE015,2025-08-26,5,23190.1
ORD0006600,CUST01116,PROD00294,STORE013,2026-02-01,1,492.22
ORD0002508,CUST01498,PROD00046,STORE018,2025-01-04,3,6222.36
ORD0010968,CUST01030,PROD00133,STORE001,2026-01-27,3,5775.54
ORD0002036,CUST00384,PROD00076,STORE023,2025-03-27,1,4329.09
ORD0005197,CUST01460,PROD00046,STORE022,2025-07-23,2,8305.24
ORD0011759,CUST01177,PROD00074,STORE010,2025-12-04,6,22765.79
ORD0006394,CUST00978,PROD00215,STORE009,2025-04-16,5,11830.03
ORD0010736,CUST00178,PROD00110,STORE006,2026-03-11,3,11825.13
ORD0004148,CUST01304,PROD00189,STORE016,2025-08-06,2,8651.76
ORD0008330,CUST00041,PROD00080,STORE011,2026-02-07,3,21366.89
ORD0002659,CUST00806,PROD00287,STORE025,2025-01-20,6,5328.18
ORD0004762,CUST00720,PROD00220,STORE004,2025-04-21,1,20074.06
ORD0007080,CUST00405,PROD00141,STORE023,2025-08-14,3,8359.42
ORD0007850,CUST00856,PROD00225,STORE017,2025-12-25,6,7398.35
ORD0009708,CUST00648,PROD00285,STORE004,2025-02-08,3,10943.03
ORD0002210,CUST00860,PROD00232,STORE013,2025-03-29,6,8378.52
ORD0005150,CUST00150,PROD00126,STORE021,2025-04-07,4,8558.69
ORD0009069,CUST00401,PROD00163,STORE004,2025-03-13,4,13643.49
ORD0011967,CUST00823,PROD00165,STORE012,2025-08-31,6,22501.73
ORD0001901,CUST01051,PROD00243,STORE017,2026-02-20,5,22257.17
ORD0003106,CUST01377,PROD00120,STORE008,2026-03-03,4,$15567.95
ORD0007612,CUST00033,PROD00007,STORE006,2025-03-26,3,23322.27
ORD0009196,CUST01083,PROD00124,STORE002,2026-03-03,1,5074.03
ORD0001739,CUST00291,PROD00245,STORE020,2026-02-21,5,8782.23
ORD0008529,CUST01283,PROD00226,STORE004,2025-09-04,5,14372.76
ORD0004370,CUST01381,PROD00216,STORE012,2025-12-15,3,19517.53
ORD0010695,CUST00859,PROD00071,STORE010,2025-09-11,3,5781.22
ORD0007204,CUST00972,PROD00060,STORE002,2025-07-21,4,1348.87
ORD0010461,CUST01339,PROD00261,STORE013,2025-06-21,5,21586.86
ORD0002379,CUST00871,PROD00131,STORE017,2026-02-22,1,17542.82
ORD0006585,CUST00491,PROD00054,STORE022,2026-01-29,5,9756.64
ORD0003750,CUST00432,PROD00181,STORE014,2025-09-22,3,590.9
ORD0005056,CUST00561,PROD00290,STORE013,2025-05-06,3,19888.94
ORD0006054,CUST01347,PROD00292,STORE016,2026-04-22,-1,20288.78
ORD0008763,CUST00587,PROD00195,STORE014,2025-08-10,1,23517.11
ORD0004387,CUST00719,PROD00200,STORE022,2025-12-27,4,5241.46
ORD0001532,CUST01216,PROD00217,STORE010,2025-04-29,2,9971.75
ORD0008773,CUST00234,PROD00152,STORE009,2025-09-01,3,5192.37
ORD0001922,CUST00106,PROD00092,STORE005,2025-10-26,1,11111.52
ORD0007250,CUST00999,PROD00252,STORE005,2025-08-03,3,17985.64
ORD0010208,CUST00336,PROD00300,STORE008,2026-03-11,6,10057.08
ORD0000472,CUST00615,PROD00074,STORE002,2026-03-27,4,10347.73
ORD0011856,CUST01005,PROD00198,STORE017,2026-04-06,2,9146.87
ORD0003274,CUST00274,PROD00284,STORE011,2025-05-18,3,667.47
ORD0000431,CUST00629,PROD00293,STORE018,2026-01-14,2,16077.17
ORD0008044,CUST00192,PROD00156,STORE015,2026-03-01,3,22586.48
ORD0005746,CUST00773,PROD00003,STORE015,2025-07-13,2,5595.18
ORD0007907,CUST00092,PROD00136,STORE007,2025-01-17,4,11703.23
ORD0010209,CUST01334,PROD00051,STORE013,2026-04-10,4,21630.09
ORD0002807,CUST00706,PROD00173,STORE006,2025-12-02,3,4511.18
ORD0003556,CUST01022,PROD00076,STORE002,2026-03-09,3,13708.16
ORD0001435,CUST01143,PROD00285,STORE017,2025-08-30,6,14208.95
ORD0003537,CUST00301,PROD00171,STORE020,2026-01-24,3,9948.71
ORD0008312,CUST01005,PROD00159,STORE014,2025-01-09,1,2245.74
ORD0011751,CUST00353,PROD00071,STORE006,2025-09-03,4,7271.01
ORD0009181,CUST00478,PROD00041,STORE021,2026-03-26,1,13419.97
ORD0001968,CUST00857,PROD00254,STORE013,2026-03-17,3,17425.04
ORD0003909,CUST01145,PROD00072,STORE017,2026-04-11,4,5695.81
ORD0002579,CUST00963,PROD00022,STORE024,2025-05-06,1,11397.99
ORD0002970,CUST00414,PROD00102,STORE006,2026-03-22,4,1781.97
ORD0004850,CUST00473,PROD00293,STORE006,2025-04-24,2,3565.51
ORD0007766,CUST01131,PROD00285,STORE014,2025-06-06,5,16115.1
ORD0008870,CUST00272,PROD00250,STORE020,2026-01-04,5,18455.72
ORD0001427,CUST01326,PROD00202,STORE012,2025-12-29,3,21707.47
ORD0001383,CUST01498,PROD00252,STORE022,2025-02-13,5,18375.98
ORD0005688,CUST00741,PROD00279,STORE015,2026-02-10,2,13088.53
ORD0002479,CUST00230,PROD00295,STORE021,2025-01-22,2,24234.02
ORD0004170,CUST00502,PROD00295,STORE017,2025-05-04,1,17391.16
ORD0009061,CUST01499,PROD00221,STORE022,2026-02-08,5,10766.14
ORD0005753,CUST01452,PROD00169,STORE016,2025-12-20,4,9430.67
ORD0001620,CUST00096,PROD00183,STORE005,2025-02-02,4,23320.86
ORD0007097,CUST01062,PROD00218,STORE008,2025-06-02,5,22835.86
ORD0012025,CUST01099,PROD00057,STORE024,2025-02-09,3,23314.58
ORD0002558,CUST01330,PROD00248,STORE002,2026-13-40,3,16483.02
ORD0002385,CUST01238,PROD00271,STORE014,2025-03-08,3,14694.88
ORD0003023,CUST00574,PROD00107,STORE005,2025-07-25,4,21953.68
ORD0001362,CUST00872,PROD00083,STORE006,2025-05-31,1,4496.46
ORD0011067,CUST01146,PROD00298,STORE004,2025-09-14,6,12522.74
ORD0003577,CUST00669,PROD00044,STORE016,2025-05-10,two,8551.09
ORD0004717,CUST00828,PROD00128,STORE024,2026-02-16,3,22034.85
ORD0001987,CUST01212,PROD00140,STORE004,2025-05-19,5,5495.02
ORD0005715,CUST01309,PROD00016,STORE014,2025-05-10,4,11195.99
ORD0009815,CUST00119,PROD00173,STORE020,2025-07-04,3,24270.91
ORD0000549,CUST00977,PROD00149,STORE005,2025-09-11,2,13041.25
ORD0010726,CUST00249,PROD00128,STORE004,2026-02-03,1,509.42
ORD0000534,,PROD00046,STORE011,2026-04-14,5,19318.94
ORD0007365,,PROD00027,STORE002,2025-05-14,2,8683.6
ORD0003197,CUST00162,PROD00177,STORE019,2025-03-16,2,18708.48
ORD0003672,CUST01232,PROD00041,STORE017,2025-02-05,5,6057.7
ORD0006642,CUST00823,PROD00191,STORE016,2025-01-27,3,16089.41
ORD0002153,CUST00656,PROD00242,STORE008,2026-01-17,5,8523.46
ORD0009540,CUST00428,PROD00201,STORE002,2025-10-14,4,4100.62
ORD0009387,CUST00084,PROD00110,STORE009,2025-05-12,3,15120.88
ORD0003040,CUST01382,PROD00126,STORE001,2026-04-22,5,10901.36
ORD0007388,CUST00916,PROD00289,STORE024,2025-01-15,1,16058.81
ORD0004183,CUST00908,PROD00059,STORE010,2026-04-01,5,9209.06
ORD0009615,CUST00556,PROD00278,STORE022,2025-03-26,2,24771.13
ORD0002509,CUST01316,PROD00052,STORE019,2025-11-05,2,4223.97
ORD0001626,CUST00816,PROD00271,STORE021,2025-03-26,6,2308.09
ORD0011116,CUST01288,PROD00117,STORE004,2025-12-02,1,3227.58
ORD0006919,CUST00527,PROD00285,STORE016,2026-03-01,1,22260.69
ORD0002892,CUST00502,PROD00228,STORE001,2025-06-01,6,3089.0
ORD0008654,CUST00946,PROD00078,STORE019,2025-04-08,5,1185.43
ORD0003897,CUST01097,PROD00004,STORE006,2025-12-03,5,8088.95
ORD0000921,CUST01204,PROD00210,STORE004,2026-04-01,3,16129.03
ORD0012156,CUST00263,PROD00200,STORE013,2025-06-24,2,18234.57
ORD0002914,CUST00699,PROD00108,STORE017,2025-02-20,2,1174.92
ORD0010381,CUST00217,PROD00082,STORE009,2026-03-20,6,14643.06
ORD0001102,CUST00327,PROD00045,STORE013,2025-07-07,6,21855.25
ORD0003458,CUST00403,PROD00154,STORE018,2026-03-14,1,1938.94
ORD0004585,CUST01002,PROD00240,STORE001,2025-06-21,1,3023.44
ORD0005259,CUST01340,PROD00015,STORE008,2025-08-04,3,6964.31
ORD0004119,CUST01437,,STORE002,2025-08-03,4,851.34
ORD0007075,CUST00396,PROD00215,STORE008,2025-05-14,3,unknown
ORD0005830,CUST00956,PROD00282,STORE022,2026-04-01,1,9237.47
ORD0004298,CUST01110,PROD00104,STORE021,2025-12-12,2,12162.32
ORD0000908,CUST01369,PROD00285,STORE020,2025-09-29,5,20005.02
ORD0005097,CUST00704,PROD00111,STORE016,2025-07-02,1,9125.63
ORD0008165,CUST01108,PROD00243,STORE023,2025-01-02,5,12525.61
ORD0002345,CUST00368,PROD00033,STORE020,2025-08-13,3,20515.22
ORD0006089,CUST00306,PROD00024,STORE017,2025-02-28,1,3949.96
ORD0007068,CUST01415,PROD00199,STORE020,2025-06-20,4,8304.3
ORD0004337,CUST00908,PROD00115,STORE008,2026-01-02,1,15352.92
ORD0000681,CUST00809,PROD00015,STORE007,2025-07-11,6,18203.41
ORD0011952,CUST01140,PROD00010,STORE014,2025-06-29,4,22677.67
ORD0003239,CUST01252,PROD00091,STORE023,2025-11-22,1,11603.42
ORD0007373,CUST00903,PROD00187,STORE021,2025-10-16,5,8804.16
ORD0009355,CUST00225,PROD00053,STORE025,2025-10-26,4,2883.01
ORD0010277,CUST00138,PROD00118,STORE010,2025-02-02,2,22446.53
ORD0004991,CUST01405,PROD00016,STORE016,2026-02-03,5,16484.42
ORD0001772,CUST00341,PROD00006,STORE012,2026-01-28,5,17125.45
ORD0007327,CUST00307,PROD00210,STORE003,2025-11-04,3,18031.44
ORD0000572,CUST00561,PROD00234,STORE009,2025-08-21,2,17701.47
ORD0004319,CUST00740,PROD00236,STORE003,2026-01-24,4,7789.86
ORD0006399,CUST00871,PROD00205,STORE025,2025-02-11,1,17348.0
ORD0002721,CUST00283,PROD00087,STORE010,2025-05-29,6,2525.07
ORD0005321,CUST00771,PROD00176,STORE007,2026-03-12,2,23484.42
ORD0003101,CUST00864,PROD00071,STORE011,2025-02-26,5,24821.25
ORD0007331,CUST01260,PROD00050,STORE009,2026-04-18,3,21292.62
ORD0011586,CUST01088,PROD00101,STORE014,not_a_date,2,24480.28
ORD0004501,CUST00875,PROD00272,STORE005,2025-09-09,2,2454.33
ORD0004469,CUST00452,PROD00280,STORE012,2025-09-07,5,16398.45
ORD0008226,CUST01446,PROD00297,STORE017,2025-09-28,6,16750.12
ORD0005764,CUST01269,PROD00251,STORE024,2025-06-18,3,11464.14
ORD0005998,CUST00896,PROD00100,STORE001,2025-03-17,6,3911.33
ORD0012016,CUST00995,PROD00284,STORE006,2025-12-25,1,16251.33
ORD0002965,CUST00211,PROD00208,STORE020,2025-11-27,5,17393.78
ORD0001554,CUST00998,PROD00143,STORE021,2026-04-19,2,18318.89
ORD0000232,CUST00239,PROD00227,STORE003,2025-10-05,4,5055.3
ORD0012358,CUST00700,PROD00286,STORE019,2025-11-07,5,24764.39
ORD0001908,CUST00600,PROD00143,STORE013,2025-09-03,4,2327.42
ORD0008826,CUST00927,PROD00222,STORE017,2025-02-20,2,626.15
ORD0002384,CUST00473,PROD00220,STORE002,2025-08-26,4,10170.32
ORD0003534,CUST00259,PROD00066,STORE007,2025-11-17,2,2027.64
ORD0001224,CUST00086,PROD00062,STORE020,2025-03-11,6,943.15
ORD0008732,CUST00951,PROD00120,STORE012,2025-03-14,2,8285.17
ORD0004801,CUST01240,PROD00228,STORE012,2025-02-18,1,8961.96
ORD0003010,CUST00417,PROD00113,STORE011,2026-01-01,3,12763.86
ORD0011134,,PROD00177,STORE019,2025-11-21,5,18099.65
ORD0009831,CUST00291,PROD00124,STORE011,2026-02-03,5,24085.05
ORD0005504,CUST01390,PROD00171,STORE020,2025-12-28,5,1820.41
ORD0007886,CUST00555,PROD00109,STORE009,2025-09-11,2,4610.46
ORD0003512,CUST01262,PROD00016,STORE022,2025-08-13,1,18985.77
ORD0004686,CUST00746,PROD00146,STORE018,2026-01-13,3,14294.39
ORD0007369,CUST00243,PROD00160,STORE012,2026-01-17,1,8324.18
ORD0011837,CUST01303,PROD00141,STORE005,2025-07-05,2,22367.47
ORD0006187,CUST00699,PROD00201,STORE006,2025-09-04,4,19932.87
ORD0005662,CUST01307,PROD00069,STORE013,2025-01-04,2,13455.05
ORD0001776,CUST01225,PROD00163,STORE014,2025-08-20,2,6809.99
ORD0005089,CUST00861,PROD00252,STORE016,2025-11-16,3,4686.63
ORD0004231,CUST00422,PROD00031,STORE014,2025-01-12,4,21760.71
ORD0004635,CUST00876,PROD00137,STORE002,2025-08-21,4,1039.94
ORD0012484,CUST00832,PROD00174,STORE020,2025-05-28,3,7525.35
ORD0007381,CUST00556,PROD00241,STORE009,not_a_date,5,5256.53
ORD0001315,CUST00880,PROD00014,STORE009,2025-03-19,4,12865.76
ORD0002533,CUST01032,PROD00156,STORE005,2026-01-08,6,7298.45
ORD0011547,CUST01472,PROD00262,STORE012,2026-01-17,2,21611.24
ORD0007158,CUST00901,PROD00080,STORE011,2025-04-29,2,19798.24
ORD0006501,CUST00534,,STORE024,2025-11-19,4,12418.08
ORD0011447,CUST00266,PROD00211,STORE006,2026-04-19,3,10658.14
ORD0005825,CUST01377,PROD00029,STORE023,2025-08-11,4,9689.37
ORD0010382,CUST01134,PROD00237,STORE015,2026-03-09,5,14245.93
ORD0005399,CUST01281,PROD00154,STORE013,2026-04-06,2,12715.83
ORD0008500,CUST01467,PROD00240,STORE017,2025-06-05,5,12872.99
ORD0011683,CUST00642,PROD00251,STORE019,2026-03-01,1,21091.82
ORD0006626,CUST00721,PROD00245,STORE014,2025-09-28,4,3501.33
ORD0005506,CUST01346,PROD00151,STORE010,2025-06-14,4,6397.82
ORD0009679,CUST00479,PROD00278,STORE006,2026-01-23,4,11631.01
ORD0007481,CUST00611,PROD00202,STORE022,2026-01-04,4,7235.45
ORD0012048,CUST00910,PROD00010,STORE020,2025-08-23,4,18901.69
ORD0010591,CUST00847,PROD00171,STORE018,2025-07-04,1,19582.24
ORD0007587,CUST01017,PROD00001,STORE017,2025-08-23,1,4393.89
ORD0011084,CUST00038,PROD00019,STORE010,2025-05-04,6,24213.09
ORD0011736,CUST00629,PROD00024,STORE011,2025-11-10,3,9835.19
ORD0008619,CUST00710,PROD00292,STORE008,2025-03-22,5,22358.43
ORD0009428,CUST00459,PROD00168,STORE002,2025-08-04,6,19966.14
ORD0001313,CUST01239,PROD00216,STORE023,2025-11-09,6,7183.54
ORD0000471,CUST00527,PROD00083,STORE012,2026-02-17,6,670.29
ORD0007698,CUST00552,PROD00066,STORE010,2026-02-23,4,20832.79
ORD0007674,CUST01469,PROD00123,STORE018,2026-03-23,3,7871.69
ORD0001385,CUST01361,PROD00151,STORE021,2025-03-27,6,17011.18
ORD0009234,CUST00070,PROD00211,STORE017,2026-01-10,2,4924.72
ORD0001117,CUST00383,PROD00014,STORE020,2026-02-04,4,6981.27
ORD0009971,CUST00117,PROD00059,STORE011,2025-10-12,2,18044.02
ORD0000113,CUST00206,PROD00096,STORE012,2025-10-07,3,4194.23
ORD0010295,CUST00286,PROD00258,STORE015,2025-06-21,2,19322.82
ORD0008305,CUST00794,PROD00291,STORE025,2025-12-30,6,5670.04
ORD0002670,CUST00027,PROD00083,STORE006,2025-02-18,1,12913.46
ORD0001098,CUST00929,PROD00245,STORE023,2025-09-12,1,10156.08
ORD0008970,CUST01411,PROD00010,STORE023,2026-01-29,3,15706.2
ORD0008656,CUST01161,PROD00199,STORE001,2025-03-12,5,3250.02
ORD0009477,CUST00342,PROD00175,STORE007,2025-09-28,2,7791.43
ORD0009979,CUST01027,PROD00290,STORE021,2025-01-16,2,16296.26
ORD0005967,CUST01148,PROD00048,STORE024,2025-04-01,1,16580.48
ORD0002566,CUST00104,PROD00279,STORE002,2025-08-02,5,22019.42
ORD0003686,CUST00783,PROD00071,STORE005,2025-03-20,3,6653.22
ORD0008522,CUST00623,PROD00286,STORE021,2026-01-01,5,21714.49
ORD0010189,CUST01195,PROD00048,STORE014,2025-04-06,4,11065.95
ORD0006588,CUST00636,PROD00126,STORE025,2026-04-21,5,22935.14
ORD0010850,CUST00904,PROD00131,STORE019,2025-06-04,6,2455.47
ORD0005451,CUST01495,PROD00170,STORE002,2025-08-02,4,18109.99
ORD0001192,CUST00484,PROD00284,STORE018,2025-03-27,2,6025.9
ORD0006103,CUST00200,PROD00249,STORE002,2025-05-01,5,18279.31
ORD0005862,CUST00052,PROD00175,STORE002,2025-02-27,5,20995.39
ORD0008079,CUST00437,PROD00267,STORE006,2025-06-13,4,9692.37
ORD0004831,CUST00100,PROD00254,STORE012,2026-01-18,1,10696.73
ORD0005806,CUST01301,PROD00055,STORE016,2025-12-25,3,23220.41
ORD0000126,CUST00965,PROD00282,STORE022,2026-04-13,4,17514.68
ORD0004631,CUST01377,PROD00053,STORE023,2026-04-11,6,24155.89
ORD0003460,CUST01080,PROD00205,STORE013,2026-04-21,6,12226.36
ORD0006519,CUST00327,PROD00091,STORE018,2026-03-19,2,7589.91
ORD0002583,CUST01096,PROD00115,STORE001,2025-05-23,5,19454.95
ORD0004498,CUST00995,PROD00263,STORE008,2026-02-14,3,17412.47
ORD0009515,CUST00607,PROD00133,STORE013,2025-10-06,6,5428.86
ORD0007174,CUST00988,PROD00093,STORE024,2025-08-17,5,6169.89
ORD0008581,CUST00593,PROD00091,STORE020,2025-01-30,5,18158.78
ORD0011359,CUST01326,PROD00021,STORE018,2025-10-02,3,2303.47
ORD0011001,CUST01488,PROD00210,STORE017,2025-01-14,5,8197.77
ORD0000564,CUST01151,PROD00075,STORE009,2025-06-10,3,12194.74
ORD0003096,CUST01221,PROD00090,STORE018,2025-03-26,3,10112.19
ORD0012258,CUST00251,PROD00295,STORE019,2025-07-26,5,6383.78
ORD0008256,CUST00160,PROD00275,STORE006,2026-03-13,2,10265.14
ORD0001272,CUST01284,PROD00013,STORE025,2025-01-26,1,19908.32
ORD0006171,CUST00874,PROD00007,STORE017,2025-05-01,4,21173.89
ORD0001582,CUST01425,PROD00165,STORE009,2025-12-14,6,3909.94
ORD0000429,CUST00992,PROD00200,STORE010,2026-01-30,4,24808.34
ORD0003839,CUST00114,PROD00160,STORE020,2025-10-26,6,19954.64
ORD0006637,CUST00478,PROD00286,STORE014,2025-04-22,6,13508.03
ORD0002173,CUST00822,PROD00244,STORE014,2025-11-06,6,3588.32
ORD0008716,CUST00639,PROD00299,STORE012,2026-03-15,1,7102.38
ORD0011600,CUST00331,PROD00176,STORE002,2025-03-27,1,2971.27
ORD0007004,,PROD00244,STORE021,2025-03-24,2,22218.09
ORD0008239,CUST00244,PROD00070,STORE003,2025-11-14,2,9240.24
ORD0003900,CUST01186,PROD00162,STORE025,2025-11-26,3,1826.08
ORD0002869,CUST00693,PROD00150,STORE012,2026-03-11,2,23283.3
ORD0006760,CUST00306,PROD00297,STORE007,2026-02-16,1,23373.66
ORD0008022,CUST00702,PROD00171,STORE012,2026-04-19,2,15196.55
ORD0006764,CUST00121,PROD00138,STORE004,2026-03-07,1,11584.01
ORD0011016,CUST00091,PROD00146,STORE015,2025-11-26,1,12789.8
ORD0005919,CUST00812,PROD00274,STORE016,2026-03-24,5,20829.8
ORD0001165,CUST00485,PROD00068,STORE021,2026-03-21,1,20012.91
ORD0001454,CUST01018,PROD00001,STORE023,2026-01-11,5,598.84
ORD0003302,CUST01054,PROD00037,STORE021,2025-05-08,4,19050.69
ORD0001170,CUST01005,PROD00074,STORE016,2025-04-24,6,24763.01
ORD0000864,CUST00281,PROD00133,STORE013,2026-03-12,2,7124.6
ORD0002430,CUST01246,PROD00037,STORE016,2026-04-16,6,997.78
ORD0007754,CUST00580,PROD00017,STORE011,2026-01-23,6,22331.94
ORD0005829,CUST01437,PROD00086,STORE017,2025-02-07,6,10943.25
ORD0000584,CUST00535,PROD00117,STORE008,2025-10-13,1,16172.25
ORD0006248,,PROD00216,STORE009,2025-12-19,2,6890.18
ORD0003198,CUST01448,PROD00059,STORE022,2025-01-30,6,4316.53
ORD0011530,CUST01268,PROD00094,STORE023,2025-06-13,6,21087.09
ORD0004049,CUST01010,PROD00039,STORE021,2025-01-18,5,23546.43
ORD0001592,CUST00547,PROD00190,STORE015,2025-12-20,6,9851.55
ORD0003812,CUST00938,PROD00168,STORE022,2026-02-09,4,15051.14
ORD0003579,CUST00054,PROD00084,STORE024,2026-04-10,1,7710.82
ORD0003413,CUST00675,PROD00182,STORE014,2025-10-14,2,5630.86
ORD0012193,CUST00280,PROD00188,STORE014,2025-07-06,2,12780.39
ORD0000833,CUST00809,PROD00136,STORE001,2025-04-24,5,5846.14
ORD0009788,CUST00832,PROD00132,STORE010,2025-12-27,6,15679.92
ORD0004413,CUST00734,PROD00129,STORE017,2025-04-01,4,14932.39
ORD0010636,CUST00048,PROD00051,STORE005,2025-03-11,6,2864.27
ORD0011216,CUST01483,PROD00092,STORE005,2025-06-18,6,22894.12
ORD0005413,CUST00345,PROD00158,STORE007,2026-02-23,6,1329.03
ORD0003994,,PROD00096,STORE008,2025-03-12,1,19159.74
ORD0000418,CUST00597,PROD00056,STORE012,2025-09-23,6,4633.36
ORD0009940,CUST00602,PROD00162,STORE024,2025-03-24,3,6303.6
ORD0000191,CUST01340,PROD00200,STORE018,2026-03-12,5,21606.44
ORD0007063,CUST00059,PROD00221,STORE013,2026-02-16,1,10289.3
ORD0006726,CUST00678,PROD00111,STORE016,2025-04-17,4,24658.99
ORD0004978,CUST00933,PROD00293,STORE010,2025-08-30,2,1326.03
ORD0008366,CUST01302,PROD00239,STORE021,2025-11-10,4,1969.64
ORD0001160,CUST00865,PROD00187,STORE011,2025-05-28,6,21063.17
ORD0007921,CUST00993,PROD00083,STORE006,2026-04-13,6,6570.09
ORD0009088,CUST00549,PROD00138,STORE025,2025-05-05,3,9812.67
ORD0003150,CUST01053,PROD00232,STORE016,2025-05-30,1,11135.46
ORD0004779,CUST00171,PROD00268,STORE003,2025-12-19,4,11422.95
ORD0008373,CUST00414,PROD00230,STORE021,2026-03-31,3,713.6
ORD0003599,CUST00793,PROD00011,STORE011,2025-01-27,3,4180.62
ORD0011709,CUST01209,PROD00148,STORE020,2025-09-11,3,15178.53
ORD0009383,CUST01165,PROD00161,STORE003,2025-11-17,6,12918.95
ORD0003477,CUST00990,PROD00192,STORE012,2025-12-13,1,3956.44
ORD0009639,CUST00949,PROD00269,STORE004,2026-04-07,2,18616.91
ORD0007987,CUST01050,PROD00156,STORE012,2025-10-13,4,3094.64
ORD0001648,CUST00118,PROD00194,STORE006,2025-06-22,5,24823.63
ORD0004327,CUST01480,PROD00156,STORE018,2025-12-17,4,21651.01
ORD0000555,,PROD00120,STORE011,2025-09-01,6,22906.09
ORD0010448,CUST01272,PROD00215,STORE016,2025-08-21,2,19330.46
ORD0002192,,PROD00090,STORE004,2025-01-05,4,23890.54
ORD0004722,CUST01145,PROD00100,STORE025,2026-01-25,6,19159.85
ORD0001789,CUST00090,PROD00140,STORE019,2025-04-25,5,21313.94
ORD0010213,CUST00876,PROD00119,STORE020,2026-03-19,4,9734.23
ORD0011818,CUST00068,PROD00026,STORE020,2025-02-09,3,8451.74
ORD0004002,CUST00151,PROD00100,STORE014,2026-02-10,3,6746.9
ORD0002898,CUST01122,PROD00029,STORE014,2026-01-05,6,1993.35
ORD0003965,CUST00576,PROD00200,STORE004,2025-05-07,6,3053.27
ORD0003058,CUST01125,PROD00097,STORE018,2025-09-30,3,23995.86
ORD0005277,CUST00034,PROD00103,STORE012,2025-06-09,6,18966.65
ORD0004948,CUST01351,PROD00182,STORE004,2026-04-15,6,17644.38
ORD0001740,CUST00646,PROD00128,STORE024,2025-11-25,1,4462.99
ORD0000182,CUST01407,PROD00163,STORE017,2025-04-26,5,13382.83
ORD0000200,CUST01244,PROD00274,STORE023,2026-02-28,1,11047.25
ORD0006776,CUST00528,PROD00250,STORE011,2025-01-09,5,24701.55
ORD0003498,CUST00311,PROD00122,STORE005,2025-07-10,5,9262.96
ORD0007685,CUST00405,PROD00033,STORE010,2025-04-21,1,17512.65
ORD0003146,CUST00110,PROD00258,STORE016,2025-03-21,2,20529.41
ORD0000021,CUST00470,PROD00149,STORE006,2025-04-21,3,8387.83
ORD0002646,CUST01335,PROD00053,STORE025,2025-11-28,2,23414.79
ORD0001871,CUST00806,PROD00248,STORE009,2025-08-05,6,8672.16
ORD0002600,CUST00548,PROD00268,STORE024,2025-09-14,2,5156.44
ORD0001197,CUST01170,PROD00171,STORE009,2026-02-01,3,14503.58
ORD0004846,CUST00679,PROD00092,STORE014,2025-03-11,6,4415.86
ORD0008147,CUST01242,PROD00025,STORE019,2026-03-04,2,11531.49
ORD0000345,CUST00311,PROD00106,STORE015,2026-01-25,2,16855.12
ORD0008195,CUST00206,PROD00054,STORE008,2025-11-07,3,6518.72
ORD0005229,CUST00815,,STORE015,2025-09-01,2,11178.76
ORD0002185,CUST01080,PROD00133,STORE005,2026-03-17,2,11999.89
ORD0005037,CUST00068,PROD00185,STORE005,2025-12-12,2,2023.38
ORD0001926,CUST01190,PROD00271,STORE010,2026-02-20,3,23147.2
ORD0010926,,PROD00160,STORE017,2025-04-01,1,20520.38
ORD0005941,CUST00810,PROD00094,STORE011,2025-06-15,1,8147.02
ORD0008047,CUST01422,PROD00015,STORE009,2025-09-11,5,24010.31
ORD0007640,CUST00653,PROD00248,STORE021,2025-07-16,6,22334.29
ORD0009583,CUST00139,,STORE009,2025-10-03,3,20121.11
ORD0011972,CUST00349,PROD00177,STORE019,2025-04-08,6,856.22
ORD0010204,CUST00240,PROD00025,STORE012,2025-11-23,6,19948.45
ORD0000360,CUST01317,PROD00051,STORE019,2026-01-27,1,3069.21
ORD0010216,CUST01145,PROD00142,STORE004,2025-09-19,6,5014.35
ORD0006086,CUST01092,PROD00258,STORE018,2025-10-04,1,790.91
ORD0005188,CUST00333,PROD00045,STORE009,2025-02-15,2,1531.9
ORD0001597,CUST00783,PROD00033,STORE014,2025-03-06,2,22662.73
ORD0009461,CUST00379,PROD00150,STORE006,2025-08-19,2,5889.64
ORD0008391,CUST00532,PROD00127,STORE018,2026-03-26,5,7426.51
ORD0008650,CUST00738,PROD00015,STORE012,2025-09-19,5,667.38
ORD0007480,CUST00144,PROD00286,STORE014,2025-09-15,5,20362.68
ORD0005023,CUST01209,PROD00294,STORE005,2025-10-21,3,10187.99
ORD0005295,CUST00958,PROD00091,STORE007,2025-05-10,6,17046.44
ORD0007119,CUST00863,PROD00156,STORE001,2025-07-23,5,6433.69
ORD0007383,CUST01193,PROD00109,STORE023,2025-07-20,5,10535.11
ORD0000473,CUST01109,PROD00117,STORE013,2025-06-30,2,21027.36
ORD0005823,CUST00379,PROD00202,STORE003,2025-12-26,2,6545.55
ORD0004935,CUST00162,PROD00267,STORE020,2025-05-01,5,9275.31
ORD0004592,CUST01428,PROD00100,STORE014,2025-09-12,3,6897.82
ORD0004205,CUST00414,PROD00110,STORE020,2025-12-21,6,15641.81
ORD0010254,CUST00303,PROD00262,STORE020,2025-09-09,4,9362.85
ORD0002578,CUST00035,PROD00263,STORE025,2026-02-25,2,20936.96
ORD0010149,CUST00288,PROD00245,STORE023,2025-07-14,3,856.04
ORD0006021,,PROD00243,STORE005,2025-09-02,4,806.55
ORD0003202,CUST01052,PROD00081,STORE009,2025-04-09,4,3233.32
ORD0012090,CUST00134,PROD00023,STORE024,2025-01-22,3,9517.18
ORD0001888,CUST01370,PROD00157,STORE006,2025-03-13,6,21066.2
ORD0003042,CUST00194,PROD00286,STORE019,2025-03-13,1,18712.85
ORD0011850,CUST01155,PROD00081,STORE014,2026-04-02,3,15011.07
ORD0007568,CUST01035,PROD00019,STORE012,2026-04-21,3,22294.82
ORD0007613,CUST01316,PROD00250,STORE018,2025-04-14,3,4053.19
ORD0007078,CUST00324,PROD00107,STORE001,2025-05-30,5,16217.13
ORD0006057,CUST01231,PROD00205,STORE006,2026-01-09,5,22383.68
ORD0006121,CUST01197,PROD00182,STORE016,2025-06-08,6,16026.06
ORD0001883,CUST00511,PROD00202,STORE005,2025-02-16,6,4743.15
ORD0003107,,PROD00097,STORE003,2025-02-21,6,18163.35
ORD0000530,CUST00514,PROD00177,STORE024,2025-12-02,2,13334.19
ORD0002505,CUST01244,PROD00254,STORE009,2025-08-24,6,16813.23
ORD0000647,CUST01411,PROD00180,STORE022,2025-07-14,4,24866.76
ORD0009018,CUST00968,PROD00290,STORE001,2025-12-22,5,15566.73
ORD0001498,CUST00856,PROD00026,STORE003,2025-04-20,3,2908.2
ORD0006809,CUST00113,PROD00273,STORE011,2025-12-14,5,7752.71
ORD0000220,CUST00423,PROD00115,STORE005,2026-01-09,3,15274.73
ORD0000208,CUST00605,PROD00228,STORE011,2025-10-18,4,17534.11
ORD0011499,CUST01409,PROD00106,STORE015,2025-09-01,1,24388.11
ORD0009082,CUST00220,PROD00098,STORE015,2025-05-13,1,15684.46
ORD0010042,CUST01185,PROD00095,STORE006,2025-11-14,2,1727.81
ORD0004415,CUST00482,PROD00259,STORE015,2025-10-07,1,276.96
ORD0007182,CUST00673,PROD00028,STORE019,2025-12-07,5,21786.51
ORD0011290,CUST01317,PROD00186,STORE013,2025-09-26,3,8549.84
ORD0000942,CUST00572,PROD00162,STORE009,2026-01-11,5,5471.56
ORD0007276,CUST00760,PROD00037,STORE015,2025-12-19,1,6301.29
ORD0007923,CUST01024,PROD00300,STORE018,2025-12-06,2,$5987.26
ORD0001770,CUST00038,PROD00157,STORE017,2025-11-03,5,12552.53
ORD0010810,CUST00613,PROD00214,STORE021,2026-03-27,4,6568.14
ORD0001210,CUST01306,PROD00274,STORE013,2026-04-18,1,19997.5
ORD0006606,CUST00207,PROD00234,STORE020,2025-03-05,4,358.44
ORD0007005,CUST01302,PROD00250,STORE023,2025-02-08,5,2716.14
ORD0006343,CUST00198,PROD00201,STORE006,2025-12-21,3,11301.83
ORD0008569,CUST00942,PROD00123,STORE020,2025-11-10,5,20972.82
ORD0008222,CUST00388,PROD00236,STORE012,2025-10-07,3,17107.29
ORD0010074,CUST00531,PROD00065,STORE002,2026-03-06,3,12062.29
ORD0010738,CUST00569,PROD00093,STORE008,2025-05-22,4,9048.69
ORD0012497,CUST01084,PROD00118,STORE012,2025-06-26,1,10974.17
ORD0012438,CUST01312,PROD00109,STORE002,2026-01-29,6,13562.11
ORD0002405,CUST01212,PROD00277,STORE014,2025-12-10,6,8281.54
ORD0009977,CUST00291,PROD00228,STORE010,2025-02-11,1,7521.5
ORD0002401,CUST00138,PROD00157,STORE024,2026-03-13,6,16584.17
ORD0008620,CUST00295,PROD00133,STORE009,2025-08-12,3,8994.66
ORD0008141,CUST01378,PROD00149,STORE012,2025-03-28,5,18424.71
ORD0004933,CUST01057,PROD00011,STORE016,2025-05-21,6,22977.56
ORD0005279,CUST00757,PROD00017,STORE003,2025-12-08,6,24732.82
ORD0007124,CUST01108,PROD00017,STORE003,2025-09-29,6,4539.34
ORD0000805,CUST01242,PROD00134,STORE006,2025-09-21,6,19435.47
ORD0011536,CUST01196,PROD00061,STORE009,2025-12-20,6,2762.95
ORD0004329,CUST00587,PROD00138,STORE011,2025-03-10,4,8019.05
ORD0005288,CUST01061,PROD00210,STORE017,2026-01-16,2,21988.09
ORD0004111,CUST01251,PROD00070,STORE024,2025-04-20,5,24779.45
ORD0000251,CUST00855,PROD00003,STORE025,2025-07-29,4,1524.39
ORD0009307,CUST00915,PROD00255,STORE003,2025-09-30,4,13832.69
ORD0010861,CUST00419,PROD00235,STORE019,2025-08-23,1,1053.7
ORD0001879,CUST01224,PROD00115,STORE020,not_a_date,4,8257.5
ORD0004989,CUST01027,PROD00210,STORE017,2026-02-09,1,16183.23
ORD0011791,CUST00656,PROD00008,STORE019,2025-08-15,2,3787.76
ORD0005821,CUST00092,PROD00105,STORE014,2025-12-22,5,682.85
ORD0007200,CUST00785,PROD00194,STORE023,2025-01-20,6,6804.63
ORD0005845,CUST01067,PROD00129,STORE019,2026-03-04,3,5564.31
ORD0009572,CUST00761,PROD00071,STORE010,2025-03-02,1,22653.0
ORD0001688,CUST00078,PROD00198,STORE009,2025-04-06,5,10751.62
ORD0009334,CUST00274,PROD00027,STORE018,2025-01-11,1,12791.57
ORD0006544,CUST00589,PROD00124,STORE023,2025-01-14,5,5901.25
ORD0001804,CUST01090,PROD00112,STORE004,2025-09-19,3,18358.56
ORD0002511,CUST00295,PROD00246,STORE007,2025-10-17,6,3461.55
ORD0004195,CUST00346,PROD00146,STORE010,2025-03-30,1,18459.1
ORD0007947,CUST01001,PROD00120,STORE005,2025-12-28,6,17637.88
ORD0002240,CUST01290,PROD00205,STORE009,2026-04-09,4,2706.71
ORD0005416,CUST01219,PROD00212,STORE008,2025-06-08,6,11229.97
ORD0005888,CUST01062,PROD00113,STORE012,2026-04-19,3,15892.21
ORD0005833,CUST00909,PROD00286,STORE025,2025-06-01,6,14068.26
ORD0001184,CUST01372,PROD00233,STORE013,2026-01-09,6,13911.92
ORD0012423,CUST00201,PROD00253,STORE020,2026-02-07,5,11778.4
ORD0006191,CUST01092,PROD00061,STORE011,2026-02-06,2,3944.0
ORD0005535,CUST00996,PROD00284,STORE010,2026-01-21,5,12121.11
ORD0004778,CUST00006,PROD00164,STORE015,2025-04-02,1,19349.14
ORD0003584,CUST00996,PROD00014,STORE007,2025-09-14,1,8733.18
ORD0000335,CUST01421,PROD00272,STORE006,2025-12-15,3,4094.93
ORD0007782,CUST00514,PROD00020,STORE020,2026-04-21,4,18774.0
ORD0000272,CUST00670,PROD00276,STORE016,2025-11-21,3,14434.16
ORD0008052,CUST00425,PROD00149,STORE018,2025-10-14,2,19830.78
ORD0008163,CUST01353,PROD00217,STORE007,2025-10-18,2,11994.89
ORD0010040,CUST01035,PROD00057,STORE021,2025-12-25,1,440.42
ORD0010534,CUST00476,PROD00260,STORE016,2026-04-05,6,10068.08
ORD0012382,CUST00885,PROD00075,STORE008,2026-04-02,5,4005.5
ORD0006675,CUST00589,PROD00117,STORE008,2025-10-31,6,24385.34
ORD0005230,CUST00462,PROD00173,STORE011,2025-02-24,3,14001.79
ORD0002951,CUST00192,PROD00289,STORE007,2025-12-01,3,1390.47
ORD0004869,CUST00146,PROD00259,STORE018,2025-11-09,6,15431.57
ORD0009978,CUST00344,PROD00086,STORE017,2026-03-08,6,8327.32
ORD0002827,CUST00027,PROD00275,STORE009,2025-03-21,4,8269.54
ORD0006426,CUST01016,PROD00240,STORE022,2025-05-23,5,6512.8
ORD0010173,CUST00766,PROD00119,STORE016,2025-05-30,1,4641.94
ORD0009614,CUST01368,PROD00042,STORE009,2025-11-01,5,14665.07
ORD0010314,CUST00973,PROD00264,STORE017,2025-10-24,5,24008.48
ORD0009238,CUST00692,PROD00230,STORE002,2026-02-24,4,6260.22
ORD0000769,CUST01068,PROD00191,STORE001,2026-02-13,4,10174.79
ORD0003969,CUST00995,,STORE017,2026-03-01,6,8916.23
ORD0001079,CUST00022,PROD00105,STORE006,2025-11-05,6,2676.17
ORD0005228,CUST00452,PROD00251,STORE014,2025-08-14,3,8677.22
ORD0006096,CUST00639,PROD00172,STORE018,2025-11-25,3,992.83
ORD0002101,CUST00511,PROD00002,STORE022,2025-04-26,4,5952.52
ORD0011010,CUST00120,PROD00246,STORE016,2026-02-06,1,21979.51
ORD0000706,CUST01163,PROD00216,STORE007,2025-08-07,3,1417.18
ORD0011475,CUST01124,PROD00149,STORE006,2026-01-25,1,7593.68
ORD0011602,CUST00373,PROD00203,STORE015,2025-01-29,1,4998.67
ORD0002837,CUST00150,PROD00013,STORE010,2026-04-11,1,15608.18
ORD0012158,CUST00052,PROD00261,STORE015,2025-01-01,1,6084.05
ORD0008593,CUST01082,PROD00275,STORE009,2025-10-02,5,2909.11
ORD0001949,CUST01268,PROD00031,STORE023,2025-10-06,1,15721.79
ORD0011883,CUST00963,PROD00122,STORE013,2025-01-23,,20708.34
ORD0002548,CUST00270,PROD00114,STORE019,2025-02-21,3,22345.73
ORD0009011,CUST00896,PROD00101,STORE012,2025-04-05,4,23185.67
ORD0003438,CUST00983,PROD00138,STORE024,2026-03-02,3,14427.12
ORD0000531,CUST01400,PROD00129,STORE010,2025-02-02,2,1756.64
ORD0001407,CUST00549,,STORE007,2025-10-31,5,16270.13
ORD0006170,CUST00651,PROD00297,STORE003,2026-02-01,1,16892.69
ORD0006181,CUST00377,PROD00217,STORE017,2025-07-11,4,10547.23
ORD0012457,CUST01456,PROD00044,STORE004,2025-06-06,1,17013.72
ORD0003661,CUST01265,PROD00067,STORE012,2025-01-24,1,14350.71
ORD0002454,CUST01481,PROD00145,STORE008,2025-12-15,1,2433.11
ORD0005223,CUST00111,PROD00300,STORE021,2025-08-27,5,15261.32
ORD0007323,CUST00714,PROD00234,STORE005,2025-05-15,5,16289.06
ORD0011862,CUST00098,PROD00075,STORE024,2025-01-20,6,1366.66
ORD0008430,CUST00512,PROD00087,STORE008,2025-03-04,6,9327.75
ORD0007675,CUST00362,PROD00144,STORE002,2026-01-29,2,15439.97
ORD0009388,CUST01094,PROD00105,STORE001,2025-01-26,3,15482.9
ORD0004101,CUST00578,PROD00241,STORE022,2025-10-04,3,15279.93
ORD0003385,CUST00886,PROD00122,STORE024,2026-03-30,3,8239.58
ORD0001827,,PROD00011,STORE013,2025-02-18,4,12401.26
ORD0009105,CUST00986,PROD00121,STORE002,2025-06-25,6,8984.79
ORD0002650,CUST00923,PROD00229,STORE018,2025-03-14,1,21861.7
ORD0012328,CUST00006,PROD00078,STORE007,2025-08-30,6,12862.92
ORD0012033,CUST00328,PROD00251,STORE015,2025-07-03,6,2783.19
ORD0011444,CUST00170,PROD00197,STORE011,2025-05-14,6,12528.48
ORD0003518,CUST01387,PROD00128,STORE012,2025-09-07,2,19796.08
ORD0011394,CUST00758,PROD00206,STORE010,2026-01-26,6,8284.38
ORD0012175,CUST01331,PROD00205,STORE012,2026-03-08,1,10872.25
ORD0002335,CUST00031,PROD00243,STORE007,2026-01-28,5,14596.65
ORD0002472,CUST00889,PROD00005,STORE012,2025-09-29,1,3362.25
ORD0008961,CUST01080,PROD00193,STORE008,2025-12-24,4,3484.24
ORD0011495,CUST00850,PROD00216,STORE016,2025-08-14,1,23069.86
ORD0011531,CUST00628,PROD00048,STORE025,2025-08-30,2,22062.21
ORD0002432,CUST00490,PROD00086,STORE018,2025-05-18,5,8775.77
ORD0000353,CUST00886,PROD00216,STORE002,2026-01-30,6,2763.97
ORD0003598,CUST01486,PROD00112,STORE004,2025-06-26,5,2454.33
ORD0010908,CUST00589,PROD00101,STORE023,2026-02-13,3,15256.22
ORD0010427,CUST01204,PROD00219,STORE020,2026-03-07,5,7723.82
ORD0003115,CUST00166,PROD00300,STORE008,2025-09-02,3,2480.11
ORD0003114,CUST01295,PROD00221,STORE002,2025-11-17,5,20621.36
ORD0009750,CUST00497,PROD00277,STORE024,2025-05-10,1,8850.45
ORD0000996,CUST00428,PROD00182,STORE007,2025-06-11,5,6554.27
ORD0011803,CUST00408,PROD00096,STORE006,2025-01-07,4,1145.67
ORD0002573,CUST00850,PROD00272,STORE005,2025-07-02,3,17129.84
ORD0007360,CUST01027,PROD00246,STORE013,2025-07-04,3,23945.11
ORD0000975,CUST00097,PROD00063,STORE013,2025-03-05,3,20897.22
ORD0006471,CUST00757,PROD00203,STORE015,2025-02-16,2,23866.64
ORD0010386,CUST00076,PROD00287,STORE014,2025-04-07,4,20856.46
ORD0008200,CUST00604,PROD00239,STORE005,2025-01-29,6,22497.13
ORD0005479,CUST01107,PROD00025,STORE024,2025-02-04,2,17151.21
ORD0010050,CUST00417,PROD00158,STORE025,2025-06-23,3,6371.74
ORD0008105,CUST00747,PROD00107,STORE025,2025-04-11,4,10775.7
ORD0002149,CUST00502,PROD00119,STORE022,2025-04-30,5,21583.17
ORD0005181,CUST00276,PROD00286,STORE017,2025-08-28,4,24902.29
ORD0011002,CUST01467,PROD00210,STORE020,2025-07-27,3,8227.32
ORD0009472,CUST00680,PROD00096,STORE021,2025-06-24,1,7886.8
ORD0000898,CUST00123,PROD00235,STORE017,2025-02-26,3,5215.42
ORD0002206,CUST01239,PROD00116,STORE005,2026-01-24,4,17562.75
ORD0006722,CUST00869,PROD00158,STORE022,2025-07-02,5,19312.13
ORD0000390,CUST01186,PROD00066,STORE004,2025-10-02,5,17752.59
ORD0008848,CUST00181,PROD00107,STORE013,2026-04-10,3,10555.04
ORD0004605,CUST00443,PROD00102,STORE024,2025-07-26,5,9391.06
ORD0009694,CUST01056,PROD00046,STORE020,2025-12-12,2,5887.44
ORD0005162,CUST01484,PROD00256,STORE010,2025-09-08,1,6960.24
ORD0004546,CUST00536,PROD00226,STORE005,2026-02-09,4,6646.49
ORD0005774,CUST00065,PROD00243,STORE023,2026-04-05,2,20157.15
ORD0006228,CUST01279,PROD00253,STORE023,2025-03-25,6,19245.57
ORD0011202,CUST00008,PROD00296,STORE016,2025-09-23,5,17446.97
ORD0001659,CUST00357,PROD00035,STORE012,2026-01-04,1,10788.76
ORD0009218,CUST00636,PROD00219,STORE018,2025-07-11,5,22253.78
ORD0001898,CUST01095,PROD00016,STORE008,2025-04-22,2,3251.57
ORD0011350,CUST00261,PROD00101,STORE009,2026-02-22,5,17682.41
ORD0003995,CUST01400,PROD00202,STORE011,2025-05-02,2,4091.76
ORD0009228,CUST00928,PROD00014,STORE022,2025-08-06,5,20323.86
ORD0003966,CUST01497,PROD00293,STORE020,2026-03-29,6,12057.23
ORD0004774,CUST00863,PROD00234,STORE005,2025-07-27,1,16910.14
ORD0010423,CUST01116,PROD00081,STORE022,2025-02-19,5,9614.39
ORD0007462,CUST00341,PROD00082,STORE006,2025-09-29,2,24791.52
ORD0010248,CUST00048,PROD00087,STORE012,2025-11-28,3,24997.22
ORD0002276,CUST00276,PROD00083,STORE010,2025-10-31,4,2477.11
ORD0000728,CUST00473,PROD00195,STORE020,2025-12-18,4,24022.28
ORD0005206,CUST01209,PROD00235,STORE007,2026-01-08,4,12112.45
ORD0001997,CUST00025,PROD00077,STORE018,2025-12-01,4,11298.97
ORD0003683,CUST01284,PROD00016,STORE024,2025-01-05,1,14255.46
ORD0005296,CUST01307,PROD00129,STORE014,2025-01-24,4,10034.28
ORD0011895,CUST00545,PROD00007,STORE019,2026-01-23,6,2338.81
ORD0007781,CUST00227,PROD00050,STORE010,2025-03-22,5,24242.62
ORD0009924,CUST01333,PROD00100,STORE006,2026-03-11,2,22460.99
ORD0004614,CUST00546,PROD00202,STORE014,2025-04-22,two,1077.97
ORD0010964,CUST00771,PROD00106,STORE016,2025-01-27,3,20441.95
ORD0008868,CUST01290,PROD00096,STORE013,2025-12-30,5,12918.48
ORD0000485,CUST00406,PROD00078,STORE014,2026-03-21,3,11794.21
ORD0004287,CUST01472,PROD00035,STORE021,2025-06-06,4,5236.64
ORD0003993,CUST01192,PROD00175,STORE005,2026-01-28,5,8425.81
ORD0000238,CUST01322,PROD00154,STORE009,2025-05-21,5,6338.2
ORD0008003,CUST01144,PROD00198,STORE023,2025-05-13,3,12361.27
ORD0003526,CUST00983,PROD00291,STORE014,2026-03-29,4,19250.34
ORD0012416,CUST01074,PROD00246,STORE002,2025-09-29,3,20892.53
ORD0006741,CUST01110,PROD00080,STORE012,2025-03-02,1,16210.89
ORD0009967,CUST01077,PROD00231,STORE007,2025-02-02,2,230.71
ORD0006485,CUST00064,PROD00017,STORE010,2026-04-03,3,1456.9
ORD0001156,CUST00281,PROD00170,STORE018,2025-06-16,4,10489.67
ORD0005634,CUST01044,PROD00213,STORE002,2025-08-18,3,11027.18
ORD0004402,CUST01106,PROD00226,STORE025,2026-01-17,5,22072.25
ORD0004174,CUST00079,PROD00277,STORE022,2025-07-07,1,23674.15
ORD0011215,CUST00517,PROD00165,STORE014,2026-01-08,6,22146.34
ORD0004770,CUST00368,PROD00212,STORE014,2026-03-15,4,8882.04
ORD0011873,CUST00513,PROD00244,STORE007,2025-03-26,4,1074.99
ORD0002555,CUST01305,PROD00083,STORE011,2026-01-18,4,17921.04
ORD0007076,CUST00684,PROD00054,STORE005,2026-04-10,6,9850.0
ORD0001802,CUST00297,PROD00092,STORE003,2025-06-06,2,4698.09
ORD0000140,CUST00787,PROD00233,STORE001,2025-12-10,4,16397.36
ORD0007356,,PROD00008,STORE009,2025-03-20,2,1282.17
ORD0008781,CUST01446,,STORE003,2026-03-13,1,21928.21
ORD0009795,CUST00808,PROD00060,STORE013,2025-11-07,2,7322.44
ORD0008445,CUST00732,PROD00010,STORE017,2025-08-07,3,17839.14
ORD0001402,,PROD00264,STORE025,2026-01-27,2,22137.26
ORD0002282,CUST00022,PROD00008,STORE019,2025-03-30,3,5822.49
ORD0002602,CUST00812,PROD00264,STORE009,2025-03-23,1,14328.21
ORD0008250,CUST00966,PROD00189,STORE003,2025-01-10,1,24575.45
ORD0009710,CUST00210,PROD00103,STORE007,2026-02-13,3,10569.38
ORD0010162,CUST00659,PROD00165,STORE012,2025-05-29,6,9859.85
ORD0002616,CUST00878,PROD00162,STORE009,2025-11-23,6,13622.5
ORD0001565,CUST00047,PROD00083,STORE020,2026-03-29,1,10480.41
ORD0001157,CUST01196,PROD00260,STORE014,2025-05-24,4,13542.04
ORD0004036,CUST00749,PROD00258,STORE019,2026-03-28,3,3563.25
ORD0012002,CUST00150,PROD00070,STORE006,2025-04-10,6,14575.79
ORD0009464,CUST01228,PROD00232,STORE021,2025-02-03,6,4122.29
ORD0003371,CUST00199,PROD00113,STORE010,2025-10-20,5,19090.78
ORD0007743,CUST00697,PROD00111,STORE024,2025-07-17,4,598.41
ORD0002098,CUST00819,PROD00142,STORE010,2026-01-28,6,20486.25
ORD0005263,CUST00842,PROD00103,STORE011,2025-09-11,1,11718.65
ORD0006229,CUST00807,,STORE011,2026-04-13,5,11695.06
ORD0011839,CUST01491,PROD00207,STORE004,2025-07-02,6,16000.82
ORD0008078,CUST00184,PROD00013,STORE013,2025-04-23,6,12098.62
ORD0005879,CUST01167,PROD00203,STORE010,2025-05-19,6,2645.61
ORD0000839,CUST01117,PROD00103,STORE001,2025-06-18,6,10823.09
ORD0007098,CUST00251,PROD00277,STORE023,2025-01-20,2,8190.27
ORD0006873,CUST00252,PROD00082,STORE013,2025-08-14,3,15535.07
ORD0000312,CUST00638,PROD00244,STORE016,2025-12-03,3,3335.74
ORD0011661,CUST00221,PROD00164,STORE005,2025-03-30,4,23420.87
ORD0007604,CUST00563,PROD00181,STORE007,2025-09-30,5,24090.23
ORD0000294,CUST01039,PROD00185,STORE016,2025-08-22,3,12792.07
ORD0007944,CUST01280,PROD00107,STORE008,2025-08-13,4,18120.94
ORD0005156,CUST01353,PROD00250,STORE010,2025-10-14,3,5044.84
ORD0010507,CUST01383,PROD00143,STORE018,2025-04-07,4,1786.75
ORD0005050,CUST01288,PROD00171,STORE021,2025-01-16,2,12773.39
ORD0000281,CUST00531,PROD00115,STORE019,2025-09-30,6,19229.3
ORD0006698,CUST00194,PROD00262,STORE003,2026-01-29,3,6512.28
ORD0003622,CUST01341,PROD00067,STORE007,2026-03-27,3,11025.5
ORD0009224,CUST00770,PROD00178,STORE014,2025-10-01,1,14229.11
ORD0003264,CUST00192,PROD00292,STORE009,2025-11-17,1,20893.89
ORD0002915,CUST00563,PROD00016,STORE013,2025-08-08,3,4217.14
ORD0009833,CUST01352,PROD00171,STORE003,2025-11-22,4,21931.37
ORD0000611,CUST00063,PROD00244,STORE006,2026-01-07,1,2947.78
ORD0009723,CUST01278,PROD00079,STORE001,2025-05-20,5,18085.11
ORD0010568,CUST00675,PROD00185,STORE004,2025-02-05,2,4890.71
ORD0008953,,PROD00202,STORE020,2025-05-24,2,5774.16
ORD0004619,CUST00226,PROD00168,STORE004,2025-09-23,4,7580.89
ORD0011235,CUST01148,PROD00186,STORE011,2025-11-18,3,1126.84
ORD0007617,CUST00775,PROD00219,STORE011,2025-08-17,5,22157.45
ORD0001273,CUST00916,PROD00249,STORE022,2025-05-10,4,3239.44
ORD0010016,CUST00239,PROD00076,STORE002,2025-06-22,3,20942.92
ORD0005457,CUST00348,PROD00081,STORE016,2026-04-10,5,18825.12
ORD0008906,CUST00898,PROD00211,STORE008,2025-06-22,2,675.44
ORD0007400,CUST01433,PROD00239,STORE009,2026-04-12,2,8423.63
ORD0001245,CUST00845,PROD00117,STORE005,2025-09-29,2,21521.27
ORD0000724,CUST01023,PROD00260,STORE020,2025-11-07,4,20979.74
ORD0005284,CUST00826,PROD00235,STORE022,2025-08-13,5,747.57
ORD0002301,CUST01410,PROD00240,STORE006,2026-01-11,2,12965.58
ORD0003006,CUST00197,PROD00023,STORE003,2026-04-11,4,17764.65
ORD0006560,CUST00387,PROD00169,STORE006,2025-02-17,3,11782.66
ORD0000188,CUST01031,PROD00042,STORE020,2025-01-12,5,18343.88
ORD0000520,CUST01443,PROD00072,STORE007,2025-04-06,6,23175.06
ORD0010483,CUST00960,PROD00291,STORE023,2025-06-09,3,23147.96
ORD0007637,CUST01219,PROD00183,STORE022,2026-02-15,1,16311.57
ORD0004899,CUST01441,PROD00204,STORE019,2025-03-03,5,4860.59
ORD0000343,CUST01212,PROD00100,STORE008,2025-05-22,3,1902.71
ORD0005140,CUST01428,PROD00072,STORE025,2026-02-01,1,20866.93
ORD0009243,CUST01288,PROD00261,STORE017,2026-01-01,1,24580.94
ORD0007247,CUST00723,PROD00032,STORE022,2026-02-20,4,19931.14
ORD0008360,CUST00353,PROD00111,STORE005,2025-06-20,2,7745.59
ORD0012287,CUST01490,PROD00200,STORE024,2025-07-13,2,13533.92
ORD0007903,CUST00271,PROD00062,STORE010,2026-01-15,6,9614.76
ORD0007171,CUST00147,PROD00016,STORE019,2025-10-04,6,8874.92
ORD0001295,CUST00046,PROD00276,STORE017,2025-05-29,6,14753.04
ORD0009826,CUST01318,PROD00165,STORE009,2025-08-24,3,20188.96
ORD0001305,CUST01229,PROD00217,STORE018,2026-01-07,5,3888.36
ORD0012029,CUST01376,PROD00227,STORE010,2025-05-28,1,11834.21
ORD0005186,CUST00565,PROD00018,STORE002,2025-03-13,4,20040.1
ORD0011214,CUST01466,,STORE009,2026-03-24,4,12122.72
ORD0002796,CUST00331,PROD00267,STORE018,2025-02-17,6,2343.38
ORD0005784,CUST00529,PROD00296,STORE022,2026-03-27,5,1739.94
ORD0001099,CUST00484,PROD00208,STORE017,2025-01-08,2,21523.51
ORD0006413,CUST00548,PROD00282,STORE009,2025-06-22,3,8515.31
ORD0000363,CUST00902,PROD00236,STORE019,2025-07-24,5,1076.31
ORD0002733,CUST00844,PROD00146,STORE011,2025-04-06,2,5531.97
ORD0002842,CUST01045,PROD00285,STORE020,2025-04-24,2,710.93
ORD0011974,CUST00737,PROD00039,STORE022,2025-11-03,1,903.79
ORD0002659,CUST00806,PROD00287,STORE025,2025-01-20,6,5328.18
ORD0011963,CUST01130,PROD00240,STORE013,2026-13-40,6,2683.44
ORD0001728,CUST01340,PROD00046,STORE021,2025-08-13,6,24311.13
ORD0008809,CUST00386,PROD00052,STORE009,2025-06-20,5,7021.97
ORD0004263,CUST00778,PROD00260,STORE025,2026-02-03,3,23133.75
ORD0005286,CUST00773,PROD00159,STORE023,2026-04-21,5,5666.23
ORD0011797,CUST01248,PROD00037,STORE004,2025-07-14,6,14018.51
ORD0012087,CUST00420,PROD00232,STORE011,2025-05-13,5,18766.6
ORD0001141,CUST01393,PROD00148,STORE009,2025-06-06,2,338.92
ORD0011395,CUST00478,PROD00062,STORE022,2025-11-24,1,11839.84
ORD0002141,CUST01329,PROD00268,STORE025,2025-03-22,3,22335.78
ORD0000347,CUST00211,PROD00242,STORE008,2026-02-25,6,11041.06
ORD0012046,CUST00228,PROD00071,STORE015,2026-04-18,1,16744.4
ORD0005236,CUST00104,PROD00224,STORE006,2026-01-15,4,15525.44
ORD0008287,CUST00622,PROD00110,STORE013,2025-09-02,5,4314.27
ORD0005785,CUST00829,PROD00014,STORE021,2026-01-04,5,7411.26
ORD0006235,CUST01378,PROD00105,STORE015,2025-08-29,1,23088.76
ORD0008785,CUST00332,PROD00196,STORE001,2025-06-18,2,21989.23
ORD0012363,CUST00496,PROD00149,STORE008,2026-04-12,1,14355.62
ORD0001132,CUST00802,PROD00114,STORE007,2026-04-18,5,24017.8
ORD0008184,CUST00122,PROD00175,STORE024,2025-03-29,6,11903.88
ORD0003244,CUST01447,PROD00093,STORE010,2025-11-27,2,16313.84
ORD0003749,CUST00230,PROD00149,STORE015,2025-08-23,2,15862.0
ORD0010230,CUST00405,PROD00268,STORE009,2025-12-31,1,15622.32
ORD0000514,CUST00653,PROD00261,STORE004,2026-02-17,1,20297.26
ORD0006822,CUST01006,PROD00102,STORE008,2025-08-04,3,622.28
ORD0000997,CUST01452,PROD00063,STORE013,2025-03-14,6,5663.69
ORD0010885,CUST00153,PROD00095,STORE010,2025-12-08,2,6490.41
ORD0005917,CUST00578,PROD00270,STORE010,2025-04-27,4,24882.73
ORD0008899,CUST00826,PROD00080,STORE001,2025-06-08,4,13266.73
ORD0007540,CUST00627,PROD00040,STORE011,2026-04-08,6,14840.25
ORD0011223,CUST01031,PROD00264,STORE002,2026-01-04,1,6261.0
ORD0004553,CUST01348,PROD00159,STORE014,2025-05-14,3,2587.24
ORD0006841,CUST00400,PROD00250,STORE025,2025-05-28,4,6855.26
ORD0001572,CUST00755,PROD00214,STORE013,2026-03-26,4,23858.06
ORD0000003,CUST00365,PROD00020,STORE014,2025-07-14,6,6687.38
ORD0004142,CUST00876,PROD00278,STORE023,2025-04-06,6,19478.23
ORD0012489,CUST00836,,STORE023,2025-03-22,6,7232.28
ORD0011245,CUST00367,PROD00100,STORE024,2026-01-21,2,18072.51
ORD0003294,CUST00570,PROD00166,STORE025,2026-02-05,1,16195.97
ORD0003814,CUST00922,PROD00136,STORE009,2025-11-11,5,15740.58
ORD0010488,CUST01384,PROD00248,STORE013,2025-04-10,1,1140.45
ORD0005988,CUST00261,PROD00294,STORE008,2026-02-27,2,19431.87
ORD0000691,CUST01176,PROD00071,STORE016,2025-09-08,3,2411.04
ORD0004940,CUST01144,PROD00283,STORE025,2025-12-04,3,14223.61
ORD0005672,CUST00575,PROD00047,STORE025,2025-12-26,6,24080.85
ORD0010317,CUST00795,PROD00297,STORE025,2025-07-07,1,14341.47
ORD0004029,CUST00087,PROD00029,STORE018,2025-09-19,2,22128.84
ORD0007418,CUST00749,PROD00272,STORE020,2026-03-09,2,11910.78
ORD0009977,CUST00291,PROD00228,STORE010,2025-02-11,1,7521.5
ORD0000511,CUST00870,PROD00209,STORE023,2025-06-27,3,3438.65
ORD0002565,CUST01272,PROD00228,STORE005,2025-03-03,2,9965.04
ORD0002937,CUST01441,PROD00139,STORE011,2025-07-22,1,17986.53
ORD0000365,CUST00050,PROD00169,STORE004,2026-02-15,3,23028.64
ORD0003470,CUST01141,PROD00126,STORE001,2025-06-24,6,12503.62
ORD0001793,CUST00892,PROD00279,STORE014,2025-07-25,5,12562.66
ORD0003262,CUST00887,PROD00299,STORE022,00/00/0000,4,15058.72
ORD0007595,CUST00099,,STORE008,2025-12-10,5,7329.9
ORD0012118,CUST01444,PROD00033,STORE005,2025-10-26,3,19678.42
ORD0002500,CUST00199,PROD00164,STORE023,2025-06-13,4,14650.59
ORD0008365,CUST01434,PROD00281,STORE001,2026-02-19,1,5165.59
ORD0007487,CUST01301,PROD00136,STORE021,2026-01-17,1,19930.15
ORD0008453,CUST01052,PROD00250,STORE004,2025-09-29,4,15859.65
ORD0005268,CUST01312,PROD00118,STORE023,2025-06-11,2,11275.43
ORD0005605,CUST00860,PROD00066,STORE011,2026-02-03,3,24613.3
ORD0002752,,PROD00215,STORE007,2026-04-22,6,15688.62
ORD0001001,CUST00276,PROD00208,STORE021,2025-01-21,3,24986.17
ORD0000371,CUST00467,PROD00163,STORE010,2025-02-16,1,22867.16
ORD0009326,CUST01012,PROD00070,STORE023,2026-01-16,5,19636.95
ORD0005368,CUST00853,PROD00037,STORE019,2025-10-17,3,3361.77
ORD0004742,CUST00762,PROD00236,STORE017,2025-01-02,4,14106.32
ORD0004656,CUST01248,PROD00183,STORE007,2026-04-17,1,14026.89
ORD0008892,CUST01194,PROD00255,STORE025,2026-02-12,6,11819.44
ORD0001652,CUST00565,PROD00054,STORE008,2025-06-11,1,12216.34
ORD0009412,CUST01434,PROD00010,STORE002,2025-03-13,3,21765.0
ORD0002460,CUST00964,PROD00004,STORE016,2025-07-06,4,23806.53
ORD0005856,CUST00619,PROD00284,STORE022,2026-01-11,6,18226.07
ORD0000277,CUST00312,PROD00170,STORE003,2025-06-23,2,16248.82
ORD0009500,CUST01386,PROD00236,STORE018,2025-11-10,1,6143.74
ORD0008748,CUST00131,PROD00248,STORE009,2025-11-02,4,8153.72
ORD0008102,CUST00815,PROD00180,STORE013,2025-03-29,2,1738.7
ORD0008951,CUST00278,PROD00016,STORE020,2025-09-29,5,12295.4
ORD0004506,CUST00970,PROD00232,STORE010,2025-08-02,3,21691.02
ORD0004929,CUST00890,PROD00120,STORE019,2025-04-05,5,8078.71
ORD0008709,CUST00368,PROD00011,STORE004,2025-02-18,3,9622.07
ORD0002014,CUST00553,PROD00043,STORE005,2025-12-07,6,22859.48
ORD0001525,CUST00066,PROD00293,STORE002,2025-08-04,6,22391.5
ORD0008886,CUST01082,PROD00186,STORE021,2025-12-26,5,$20835.09
ORD0004636,CUST01081,PROD00105,STORE025,2025-06-04,5,17066.15
ORD0007670,CUST01048,PROD00277,STORE011,2026-03-22,6,3796.61
ORD0003292,CUST01153,PROD00093,STORE007,,3,17403.21
ORD0007919,CUST01119,PROD00132,STORE003,2026-02-09,5,11160.54
ORD0007729,CUST00873,PROD00041,STORE014,2025-02-01,5,24692.25
ORD0003002,CUST00374,PROD00066,STORE003,2025-05-13,5,2037.08
ORD0010685,CUST00578,PROD00128,STORE019,2026-03-15,3,20422.82
ORD0005654,CUST01090,PROD00005,STORE020,2026-01-12,5,5176.5
ORD0001577,CUST00387,PROD00116,STORE019,2025-06-04,4,8693.18
ORD0000787,CUST01212,PROD00154,STORE009,2025-10-12,1,20628.11
ORD0012341,CUST00281,PROD00293,STORE025,2025-08-03,4,11869.84
ORD0006372,CUST00219,PROD00197,STORE012,not_a_date,2,17079.41
ORD0003175,CUST01084,PROD00191,STORE003,2025-10-27,1,22071.49
ORD0007770,CUST00030,PROD00164,STORE002,not_a_date,6,1936.63
ORD0003334,CUST01387,PROD00067,STORE014,2025-11-20,4,24598.76
ORD0012290,CUST01232,PROD00132,STORE020,2025-06-16,1,11858.9
ORD0008252,CUST00640,PROD00123,STORE019,2025-05-02,4,24844.12
ORD0009130,CUST01400,PROD00060,STORE019,2026-02-23,4,16626.28
ORD0010131,CUST00964,PROD00150,STORE010,2025-09-10,2,6090.28
ORD0007962,CUST00862,PROD00185,STORE012,2026-01-21,5,15523.76
ORD0011507,CUST00824,PROD00091,STORE025,2025-01-26,1,387.78
ORD0007134,CUST01169,PROD00102,STORE008,2026-13-40,2,6089.72
ORD0004052,CUST00823,PROD00194,STORE010,2025-10-23,4,24239.94
ORD0001009,CUST00246,PROD00213,STORE001,2025-07-20,5,17051.0
ORD0007721,CUST00157,PROD00046,STORE020,2025-05-15,2,6768.95
ORD0000239,CUST01389,PROD00288,STORE017,2025-02-27,3,15704.15
ORD0002649,CUST01094,PROD00039,STORE024,2025-08-13,1,14632.07
ORD0007618,CUST01029,PROD00082,STORE023,2025-07-09,3,3366.45
ORD0007599,,PROD00020,STORE006,2026-01-17,6,9631.89
ORD0009865,CUST01005,PROD00174,STORE021,2026-01-10,3,5221.47
ORD0006673,CUST01493,PROD00119,STORE001,2025-03-10,6,6265.53
ORD0005220,CUST00126,PROD00073,STORE010,2026-01-21,5,7543.52
ORD0009754,CUST00135,PROD00018,STORE018,2025-06-17,6,20624.52
ORD0005911,CUST01458,PROD00244,STORE020,2025-04-07,3,16162.1
ORD0009365,CUST00900,PROD00255,STORE002,2025-02-15,1,11773.09
ORD0003568,CUST01187,PROD00201,STORE015,2025-03-31,1,11639.93
ORD0005192,CUST01072,PROD00256,STORE011,2025-05-29,3,3465.73
ORD0003893,CUST00352,PROD00183,STORE019,2025-01-09,1,17249.17
ORD0011086,CUST00236,PROD00171,STORE008,2025-11-05,6,16140.99
ORD0004356,CUST01282,PROD00007,STORE009,2025-02-21,4,5595.14
ORD0012332,CUST00726,PROD00034,STORE016,2026-02-19,1,3175.95
ORD0010023,CUST00914,PROD00289,STORE023,2026-01-06,6,5490.5
ORD0009616,CUST00440,PROD00099,STORE005,2026-01-08,2,12627.49
ORD0006140,CUST00294,PROD00221,STORE024,2025-04-17,2,20803.38
ORD0002580,CUST00837,PROD00100,STORE002,2025-05-18,5,7562.73
ORD0006444,CUST01235,PROD00198,STORE014,2025-10-24,6,10902.93
ORD0010880,CUST00237,PROD00061,STORE016,2025-03-30,2,12033.6
ORD0002221,CUST00502,PROD00184,STORE003,2025-07-11,1,3976.01
ORD0000729,CUST01154,PROD00125,STORE021,2026-01-01,6,1757.67
ORD0004885,CUST00532,PROD00044,STORE024,2025-03-29,2,161.31
ORD0005881,CUST01447,PROD00289,STORE011,2025-03-08,2,19888.52
ORD0008906,CUST00898,PROD00211,STORE008,2025-06-22,2,675.44
ORD0000123,CUST00353,PROD00155,STORE010,2026-03-16,1,4737.15
ORD0006532,CUST00938,PROD00032,STORE008,2025-11-13,3,23187.89
ORD0010482,CUST00298,PROD00134,STORE023,2026-01-15,4,7654.42
ORD0002757,CUST01309,PROD00122,STORE020,2026-01-24,5,18838.46
ORD0004384,CUST00445,PROD00017,STORE002,2025-02-16,2,18497.52
ORD0008001,CUST00401,PROD00034,STORE020,2026-04-01,1,16174.83
ORD0009922,CUST00432,PROD00133,STORE019,2025-06-09,4,3270.07
ORD0003607,CUST01404,PROD00195,STORE017,2025-01-06,3,18579.83
ORD0007944,CUST01280,PROD00107,STORE008,2025-08-13,4,18120.94
ORD0003424,CUST00532,PROD00236,STORE019,2025-07-05,6,1337.32
ORD0007271,CUST01373,PROD00287,STORE015,2025-04-25,4,24572.66
ORD0005340,CUST01039,PROD00204,STORE009,2025-04-30,2,10892.91
ORD0005971,CUST01245,PROD00105,STORE022,2025-05-02,4,16803.96
ORD0009143,CUST00858,PROD00166,STORE002,2025-09-29,6,10161.84
ORD0008556,CUST01006,PROD00273,STORE012,2025-12-28,two,8292.83
ORD0008263,CUST00806,PROD00173,STORE025,2025-09-11,6,16859.21
ORD0005313,CUST00400,PROD00125,STORE013,2025-04-22,6,19032.53
ORD0010068,CUST00097,PROD00199,STORE012,2025-07-31,1,3027.75
ORD0005560,CUST00623,PROD00246,STORE006,2025-05-07,5,1979.9
ORD0003003,CUST00500,PROD00007,STORE015,2025-05-26,1,9141.87
ORD0011794,CUST01353,PROD00065,STORE002,2026-03-09,6,23159.17
ORD0003432,CUST01359,PROD00096,STORE006,2026-01-03,5,22669.9
ORD0004575,CUST01241,PROD00010,STORE010,2025-12-04,6,24522.14
ORD0002434,CUST00151,PROD00286,STORE012,2025-06-27,5,186.17
ORD0002348,CUST00570,PROD00126,STORE002,2026-03-23,6,3795.45
ORD0008352,CUST00405,PROD00131,STORE006,2025-10-25,4,12624.34
ORD0004252,CUST00181,PROD00067,STORE002,2025-08-23,4,5815.43
ORD0001386,CUST01003,PROD00087,STORE001,2025-10-12,2,21710.1
ORD0004703,CUST00676,PROD00242,STORE018,2025-02-17,3,19184.07
ORD0004985,CUST00157,PROD00066,STORE007,2025-09-30,5,13495.56
ORD0010588,CUST00253,PROD00209,STORE024,2026-02-25,1,2044.06
ORD0000374,CUST00897,PROD00186,STORE025,2025-06-15,2,23988.81
ORD0007562,CUST00448,PROD00299,STORE020,2025-01-23,6,24258.83
ORD0005771,CUST00823,PROD00278,STORE024,2025-01-27,5,2549.79
ORD0010477,CUST00079,PROD00279,STORE013,2025-03-13,1,17168.7
ORD0003005,CUST01010,PROD00059,STORE003,2025-12-26,3,1072.98
ORD0003315,CUST00456,,STORE015,2025-09-02,6,10628.72
ORD0001252,CUST00515,PROD00246,STORE004,2025-05-09,2,20943.74
ORD0000532,CUST01012,PROD00177,STORE024,2026-02-23,1,15553.16
ORD0009774,CUST01204,PROD00077,STORE001,2025-05-11,1,14022.78
ORD0005509,CUST01078,PROD00193,STORE016,2025-05-11,5,9232.13
ORD0003671,CUST00488,PROD00299,STORE014,2025-06-27,2,9729.15
ORD0007490,CUST00913,PROD00216,STORE021,2025-11-28,5,800.33
ORD0011526,CUST00290,PROD00153,STORE011,2025-03-05,6,15548.45
ORD0000650,CUST00193,PROD00233,STORE013,2025-11-06,6,8533.96
ORD0000704,CUST01128,PROD00202,STORE001,2025-05-11,1,4844.86
ORD0011197,CUST01093,PROD00212,STORE003,2025-04-10,2,9960.77
ORD0007402,CUST01436,PROD00029,STORE005,2025-05-12,2,2625.91
ORD0002222,CUST01336,PROD00170,STORE012,2026-03-29,1,2971.02
ORD0005674,CUST00803,PROD00095,STORE012,2025-05-09,2,17177.3
ORD0009054,CUST01368,PROD00145,STORE024,2025-06-19,2,23798.18
ORD0006256,CUST00305,PROD00122,STORE009,2025-06-13,6,10650.85
ORD0012311,CUST01385,PROD00041,STORE003,2026-03-16,3,22641.12
ORD0002527,CUST00378,PROD00222,STORE021,2026-04-13,6,19510.2
ORD0007131,CUST00252,PROD00161,STORE021,2025-12-20,4,8277.3
ORD0000807,CUST00806,PROD00174,STORE022,2026-02-19,2,17418.48
ORD0001689,CUST00952,PROD00226,STORE003,2025-10-17,1,22085.89
ORD0002629,CUST01120,,STORE005,2025-10-04,5,16228.96
ORD0008213,CUST00250,PROD00186,STORE009,2025-03-01,2,4206.25
ORD0012314,CUST00148,PROD00239,STORE016,2025-03-28,5,23577.63
ORD0003640,CUST01366,PROD00296,STORE013,2025-08-07,3,7615.36
ORD0011655,CUST01495,PROD00151,STORE023,2025-03-03,3,20994.6
ORD0009573,CUST00882,PROD00268,STORE016,2025-03-25,3,12343.65
ORD0002333,CUST00823,PROD00227,STORE001,2025-04-06,4,9860.24
ORD0005470,CUST00157,PROD00036,STORE017,2025-09-11,5,12529.77
ORD0009548,CUST00479,PROD00228,STORE001,2025-09-12,4,16003.9
ORD0006602,CUST00327,PROD00250,STORE019,2026-03-20,1,7892.71
ORD0009126,CUST01126,PROD00225,STORE006,2025-10-08,5,23866.55
ORD0002556,CUST01033,PROD00252,STORE003,2025-09-27,5,19392.63
ORD0002584,CUST00142,PROD00109,STORE009,2025-10-26,6,14522.9
ORD0001237,CUST01195,PROD00255,STORE001,2025-08-21,1,5837.25
ORD0010328,CUST01414,PROD00009,STORE010,2025-09-06,1,10647.55
ORD0005815,CUST00998,PROD00209,STORE015,2026-03-19,4,3517.01
ORD0009682,CUST00722,PROD00097,STORE023,2026-04-16,3,23823.18
ORD0005161,CUST00879,PROD00063,STORE017,2025-10-04,2,7368.18
ORD0002999,CUST00545,PROD00009,STORE001,2025-03-19,5,17877.99
ORD0010637,CUST00380,PROD00022,STORE019,2025-03-31,3,5678.46
ORD0005112,CUST00719,PROD00059,STORE015,2025-11-14,3,11220.17
ORD0003836,CUST01157,PROD00209,STORE023,2025-03-24,3,9444.54
ORD0005090,CUST00431,PROD00163,STORE023,2026-01-21,3,5543.02
ORD0011662,CUST00099,PROD00248,STORE022,2025-12-17,6,19477.11
ORD0011835,CUST00291,PROD00068,STORE008,2025-03-09,3,22728.05
ORD0005932,CUST00236,PROD00287,STORE011,2025-04-28,6,11039.95
ORD0005039,CUST00897,PROD00126,STORE024,2025-10-14,3,20435.11
ORD0007175,CUST01062,PROD00102,STORE001,2025-10-15,6,21370.39
ORD0007873,CUST00069,PROD00029,STORE019,2025-03-02,2,24784.2
ORD0003865,CUST00474,PROD00001,STORE002,2025-09-20,6,18535.69
ORD0012020,CUST00617,PROD00188,STORE022,2025-04-08,4,23331.66
ORD0008339,CUST00315,PROD00002,STORE005,2025-12-20,1,10105.4
ORD0011582,CUST01341,PROD00079,STORE025,2025-02-08,5,1505.34
ORD0001306,CUST00804,PROD00297,STORE022,2025-01-26,4,16664.9
ORD0008350,CUST00543,PROD00156,STORE014,2026-01-03,3,11774.19
ORD0009413,CUST00707,PROD00228,STORE014,2025-04-05,3,12499.33
ORD0009177,CUST00929,PROD00024,STORE003,2025-08-18,4,21565.73
ORD0005125,CUST00822,PROD00075,STORE004,2025-05-14,4,21937.03
ORD0009394,CUST00690,PROD00289,STORE019,2025-08-09,5,822.92
ORD0001668,CUST01468,PROD00221,STORE020,2025-10-18,4,11649.52
ORD0010067,CUST01490,PROD00077,STORE012,2025-04-19,5,15941.2
ORD0001130,CUST00603,PROD00096,STORE021,2025-03-10,2,15903.63
ORD0000119,CUST00341,PROD00154,STORE020,2025-04-12,6,23579.73
ORD0011643,CUST00008,PROD00172,STORE001,2025-01-14,4,12994.97
ORD0011063,CUST00033,PROD00132,STORE015,2025-03-01,3,19976.4
ORD0011153,CUST00342,PROD00110,STORE021,2026-04-14,3,22374.03
ORD0004230,,PROD00097,STORE025,2026-03-17,5,15359.48
ORD0000350,CUST00524,PROD00058,STORE021,2025-03-28,4,10733.88
ORD0009531,CUST00243,PROD00083,STORE011,2025-04-12,2,6424.19
ORD0009384,CUST01345,PROD00257,STORE004,2025-09-14,6,14544.98
ORD0005375,CUST01265,PROD00181,STORE021,2025-04-04,5,16161.67
ORD0003011,CUST00424,PROD00184,STORE016,2025-02-25,1,15063.06
ORD0004265,CUST00056,PROD00102,STORE010,2025-12-18,6,6926.37
ORD0000848,CUST00570,PROD00043,STORE012,2025-07-18,1,8928.02
ORD0007006,CUST00746,PROD00177,STORE007,2025-07-06,6,14554.04
ORD0011261,CUST00538,PROD00179,STORE013,2025-01-16,2,16244.12
ORD0003116,CUST01364,PROD00156,STORE012,2025-12-17,3,7919.71
ORD0009720,CUST00852,PROD00274,STORE009,2026-01-13,5,2941.46
ORD0006669,CUST00704,PROD00184,STORE020,2025-09-10,6,22521.51
ORD0011047,CUST01127,PROD00015,STORE012,2025-03-21,4,3051.84
ORD0004277,CUST01420,PROD00133,STORE025,2026-02-22,1,6127.62
ORD0002449,CUST00271,PROD00103,STORE002,2025-08-28,2,15181.8
ORD0005999,CUST01121,PROD00091,STORE020,2025-07-02,2,19964.85
ORD0010563,CUST01061,PROD00151,STORE006,2026-03-16,3,4161.07
ORD0003790,CUST00170,PROD00168,STORE005,2025-06-15,4,9864.07
ORD0010929,CUST01489,PROD00178,STORE020,2025-03-04,1,23799.58
ORD0011408,CUST01250,PROD00176,STORE024,2025-05-21,5,18683.78
ORD0005818,CUST01177,PROD00035,STORE011,2025-08-04,5,7828.17
ORD0009772,CUST00332,PROD00200,STORE013,2025-02-11,5,14177.57
ORD0006299,CUST00676,PROD00116,STORE021,2025-10-22,1,21608.36
ORD0011476,CUST00743,PROD00129,STORE020,2025-07-18,2,12667.14
ORD0012082,CUST01398,PROD00076,STORE014,2025-09-01,2,24490.18
ORD0008381,CUST00912,PROD00214,STORE024,2025-02-21,2,17420.16
ORD0009351,CUST01180,PROD00083,STORE022,2025-03-01,1,13602.66
ORD0011130,CUST01036,PROD00288,STORE001,2025-09-26,3,24470.12
ORD0007829,CUST00476,PROD00109,STORE004,2025-02-08,4,22390.5
ORD0005882,CUST00261,PROD00116,STORE001,2025-05-19,4,24904.96
ORD0003063,CUST01092,PROD00226,STORE003,2025-06-07,6,2986.65
ORD0003248,CUST00193,PROD00279,STORE004,2025-05-29,6,19803.93
ORD0003872,CUST01241,PROD00071,STORE005,2025-09-29,1,19336.69
ORD0001607,CUST00649,PROD00159,STORE007,2025-08-20,6,20268.39
ORD0000462,CUST01095,PROD00009,STORE020,2025-06-14,6,4372.39
ORD0006390,CUST01115,PROD00131,STORE013,2026-02-12,2,22066.94
ORD0007394,CUST00186,PROD00117,STORE002,2025-08-19,4,13032.96
ORD0003581,CUST00677,PROD00189,STORE017,2025-09-04,6,14635.23
ORD0004942,,PROD00213,STORE005,2025-01-06,1,6056.35
ORD0008531,CUST01241,PROD00151,STORE024,2025-11-25,,24051.23
ORD0007234,CUST00753,PROD00066,STORE003,2025-08-03,3,3933.19
ORD0001037,CUST01173,PROD00193,STORE025,2025-10-10,6,7515.83
ORD0004513,CUST01047,PROD00242,STORE006,2025-08-14,1,24677.23
ORD0001127,CUST01110,PROD00091,STORE025,2025-07-11,6,8664.39
ORD0006516,CUST01039,PROD00146,STORE012,2025-02-22,3,11495.35
ORD0005380,CUST01255,PROD00125,STORE019,2025-08-05,5,10111.96
ORD0005414,CUST01302,PROD00037,STORE009,2025-08-06,6,10481.7
ORD0003014,CUST01298,PROD00199,STORE010,2026-02-20,6,20819.1
ORD0004806,CUST00434,PROD00193,STORE010,2025-09-23,6,12564.26
ORD0009089,CUST00169,PROD00073,STORE024,2026-02-12,5,17155.34
ORD0010694,CUST01386,PROD00193,STORE003,2026-02-10,3,4106.57
ORD0005257,CUST00678,PROD00146,STORE013,2025-03-03,3,13855.49
ORD0012262,CUST00891,PROD00078,STORE013,2025-12-13,2,15667.42
ORD0012403,CUST00449,PROD00067,STORE008,2025-02-22,6,4924.04
ORD0004956,CUST00287,PROD00265,STORE003,2026-02-10,4,1718.74
ORD0003117,CUST00451,PROD00233,STORE023,2025-08-02,1,23106.59
ORD0010983,CUST00062,PROD00264,STORE021,2025-04-08,2,14923.65
ORD0012384,CUST00747,PROD00171,STORE023,2025-06-23,6,11186.23
ORD0003441,CUST01401,PROD00169,STORE020,2025-09-15,6,4092.22
ORD0008731,CUST01330,PROD00198,STORE002,2025-05-14,3,14690.68
ORD0011365,CUST00058,PROD00133,STORE002,2025-02-20,3,19279.39
ORD0005905,CUST00875,PROD00240,STORE019,2025-08-06,6,1390.94
ORD0000171,CUST00524,PROD00207,STORE002,2025-02-10,6,21329.45
ORD0000104,CUST00921,PROD00088,STORE002,2025-10-03,5,9734.17
ORD0005787,CUST00754,PROD00099,STORE015,2025-12-28,6,5788.71
ORD0001149,CUST00200,PROD00122,STORE014,2025-01-24,4,21311.25
ORD0003351,CUST00496,PROD00274,STORE014,2025-02-04,2,22878.45
ORD0005793,CUST00306,PROD00123,STORE025,2025-08-05,1,1415.27
ORD0001447,CUST01130,PROD00075,STORE009,2025-10-31,1,15272.51
ORD0000041,CUST01011,PROD00130,STORE014,2026-03-04,3,18551.7
ORD0011805,CUST00389,PROD00289,STORE003,2025-05-17,2,17400.35
ORD0009148,CUST00125,PROD00179,STORE005,2025-12-05,3,22884.96
ORD0003359,CUST01322,PROD00116,STORE012,2026-01-18,1,13501.17
ORD0012034,CUST00333,PROD00253,STORE011,2025-11-21,6,499.69
ORD0000918,CUST00957,PROD00212,STORE018,2025-12-15,6,1954.21
ORD0010619,CUST00534,PROD00121,STORE021,2026-01-27,6,11949.61
ORD0004896,CUST01405,PROD00053,STORE021,2025-10-26,3,4126.8
ORD0001260,CUST00837,PROD00232,STORE004,2025-12-31,2,1488.99
ORD0011440,CUST00669,PROD00293,STORE006,2025-10-21,1,16322.94
ORD0012349,,PROD00198,STORE008,2025-11-21,1,20278.18
ORD0000040,CUST00970,PROD00268,STORE024,2025-01-31,5,19050.45
ORD0000135,CUST00787,PROD00093,STORE014,2025-07-18,2,7231.36
ORD0005866,CUST00484,PROD00036,STORE004,2025-10-19,4,17586.14
ORD0008099,CUST01091,PROD00090,STORE004,2025-08-02,2,12304.18
ORD0011485,CUST00731,PROD00298,STORE004,2025-02-17,5,23870.22
ORD0009295,CUST00434,PROD00002,STORE001,2025-05-03,4,4453.73
ORD0012329,CUST01246,PROD00266,STORE008,2025-03-28,-1,15686.59
ORD0007071,CUST01075,PROD00280,STORE006,2025-12-27,6,7860.85
ORD0000300,CUST00263,PROD00266,STORE005,2026-01-26,2,17422.49
ORD0010469,CUST00879,PROD00214,STORE017,2025-01-15,4,16104.18
ORD0007625,CUST00090,PROD00071,STORE020,2025-06-19,6,10200.01
ORD0006566,CUST00086,PROD00141,STORE024,2025-08-08,3,1833.48
ORD0003972,CUST00529,PROD00121,STORE019,2025-05-05,4,9988.75
ORD0009603,CUST01307,PROD00010,STORE025,2025-10-04,4,673.47
ORD0008215,CUST01080,PROD00108,STORE009,2025-09-01,1,4773.04
ORD0004480,CUST01473,PROD00277,STORE013,2025-04-08,4,345.77
ORD0007199,CUST01165,PROD00024,STORE002,2026-02-18,4,7485.87
ORD0005797,CUST00423,,STORE009,2025-10-22,5,17822.86
ORD0006160,CUST00813,PROD00064,STORE023,2026-03-24,6,19459.35
ORD0008862,CUST00518,PROD00053,STORE001,2025-07-14,6,8754.35
ORD0009231,CUST00922,PROD00227,STORE022,2026-04-11,3,15071.51
ORD0008326,CUST01145,PROD00077,STORE024,2025-10-18,2,9165.62
ORD0011880,CUST00609,PROD00100,STORE021,2025-07-21,2,10839.65
ORD0005483,CUST00714,PROD00153,STORE011,2025-04-17,5,abc
ORD0010113,CUST01119,PROD00193,STORE004,2025-03-23,2,23392.64
ORD0008395,CUST00697,PROD00177,STORE023,2025-11-30,3,805.55
ORD0003486,CUST01009,PROD00053,STORE011,2025-03-31,4,20047.47
ORD0006966,CUST01246,PROD00162,STORE020,2025-10-16,4,15679.55
ORD0011522,CUST00037,PROD00104,STORE004,2025-09-24,5,9857.04
ORD0012015,CUST01424,PROD00237,STORE005,2026-01-12,1,23380.6
ORD0000646,CUST01435,PROD00243,STORE013,2025-08-05,5,19279.22
ORD0012042,CUST01217,PROD00225,STORE017,2025-07-25,1,9611.91
ORD0002148,CUST01127,PROD00199,STORE023,2026-02-11,3,10196.35
ORD0008134,CUST00619,PROD00295,STORE015,2025-03-04,2,19188.74
ORD0011914,CUST00839,PROD00015,STORE003,2025-02-05,4,8630.89
ORD0006924,CUST01189,PROD00189,STORE012,2025-01-27,1,23936.21
ORD0008236,CUST00601,PROD00117,STORE001,2026-02-12,6,12966.91
ORD0004165,CUST01095,PROD00239,STORE023,2025-12-04,4,870.83
ORD0010265,CUST00053,PROD00097,STORE020,2026-02-15,1,3684.64
ORD0008395,CUST00697,PROD00177,STORE023,2025-11-30,3,805.55
ORD0000163,CUST00584,PROD00140,STORE001,2026-02-05,4,5297.34
ORD0003109,CUST00563,PROD00086,STORE013,2025-08-24,3,4738.57
ORD0002013,CUST00032,PROD00074,STORE011,2025-10-28,2,$5484.64
ORD0007726,CUST01035,PROD00099,STORE019,2026-04-15,5,22025.87
ORD0008265,CUST00759,PROD00182,STORE020,2025-06-23,1,5276.62
ORD0008959,CUST00978,PROD00081,STORE007,2025-01-15,1,22372.8
ORD0007622,CUST01412,PROD00120,STORE019,2025-09-27,,10075.13
ORD0007978,CUST00180,PROD00112,STORE011,2025-04-14,6,10748.27
ORD0006655,CUST01382,PROD00282,STORE019,2025-08-23,5,23358.3
ORD0008132,CUST01336,PROD00165,STORE003,2025-10-20,2,24787.0
ORD0007231,CUST00952,PROD00248,STORE005,2025-08-16,1,2633.1
ORD0005898,CUST00181,PROD00233,STORE016,2025-01-14,1,16996.91
ORD0012498,CUST01423,PROD00130,STORE003,2026-02-22,2,19840.58
ORD0010105,CUST00235,PROD00136,STORE002,2026-04-09,6,11417.7
ORD0006705,CUST00007,PROD00254,STORE020,2026-01-14,5,1456.53
ORD0000759,CUST01210,PROD00072,STORE021,2025-03-14,3,9999.57
ORD0002485,CUST00248,PROD00281,STORE020,2025-06-29,4,8794.34
ORD0007280,CUST01453,PROD00270,STORE002,2025-06-09,4,10487.29
ORD0008770,CUST00280,PROD00098,STORE005,2025-05-13,5,8973.98
ORD0010320,CUST00002,PROD00255,STORE015,2025-09-30,4,4970.77
ORD0008907,CUST00003,PROD00233,STORE025,2025-06-23,3,14350.77
ORD0001060,CUST00061,PROD00085,STORE016,2025-12-08,2,174.31
ORD0010661,CUST00567,PROD00158,STORE001,2025-07-05,2,11525.9
ORD0000461,CUST00651,PROD00030,STORE004,2025-09-23,6,1768.51
ORD0005194,CUST00567,,STORE014,2025-05-10,5,11517.86
ORD0007730,CUST01481,PROD00199,STORE017,2025-01-20,1,23758.02
ORD0002164,CUST01362,PROD00032,STORE007,2025-06-07,1,12243.9
ORD0010031,CUST01308,PROD00041,STORE003,2025-10-03,2,15158.99
ORD0005460,CUST01390,PROD00300,STORE019,2025-01-31,5,1460.47
ORD0000609,CUST00072,PROD00062,STORE010,2026-04-22,2,6678.73
ORD0012319,CUST00974,PROD00213,STORE012,2025-08-13,6,10879.99
ORD0007620,CUST01141,PROD00169,STORE009,2025-01-22,6,16019.65
ORD0002227,CUST00808,PROD00084,STORE019,2026-02-20,4,3436.73
ORD0008140,CUST01264,PROD00252,STORE012,2026-04-12,5,5317.23
ORD0011127,CUST01360,PROD00260,STORE021,2025-05-17,1,13708.18
ORD0005339,CUST01225,PROD00004,STORE006,2025-04-07,3,2531.89
ORD0005191,CUST00821,PROD00182,STORE009,2025-06-25,5,13364.66
ORD0007510,CUST01468,PROD00011,STORE001,2025-02-05,3,6516.0
ORD0012395,CUST00413,PROD00250,STORE017,2025-03-04,1,17279.8
ORD0006128,CUST00758,PROD00095,STORE014,2025-06-26,3,7205.63
ORD0003928,CUST00865,PROD00219,STORE020,2025-08-30,4,20928.29
ORD0002994,CUST00991,PROD00229,STORE016,2026-03-04,1,18971.17
ORD0002717,CUST01478,PROD00037,STORE012,2026-01-16,3,4603.27
ORD0011587,CUST00220,PROD00066,STORE008,2025-04-23,1,8235.87
ORD0010338,CUST00365,PROD00153,STORE001,2025-01-11,3,7689.4
ORD0009056,CUST00827,PROD00090,STORE005,2025-05-15,1,10220.47
ORD0003434,CUST00503,PROD00192,STORE007,2025-09-19,1,11004.22
ORD0011198,CUST00309,PROD00125,STORE012,2026-04-17,5,18838.33
ORD0002419,CUST00829,PROD00050,STORE001,2025-09-11,1,12480.59
ORD0002544,CUST00569,PROD00040,STORE009,2025-09-17,5,22860.29
ORD0008517,CUST01069,PROD00218,STORE018,2025-03-15,4,10051.01
ORD0003834,CUST00731,PROD00172,STORE019,2025-04-27,4,11276.31
ORD0003620,CUST01451,PROD00015,STORE013,2025-05-13,5,24625.03
ORD0000582,CUST00128,PROD00269,STORE014,2025-12-22,6,19774.76
ORD0007002,CUST01190,PROD00095,STORE024,2025-12-20,4,5060.07
ORD0003972,CUST00529,PROD00121,STORE019,2025-05-05,4,9988.75
ORD0000229,CUST00131,PROD00068,STORE017,2025-04-27,3,1662.5
ORD0001851,CUST01239,PROD00086,STORE022,2025-07-21,6,12942.03
ORD0010394,CUST01191,PROD00193,STORE005,2025-03-19,1,22140.81
ORD0006906,CUST00012,PROD00010,STORE008,2025-11-21,5,6503.51
ORD0010303,CUST00324,PROD00064,STORE004,2025-11-02,1,17460.55
ORD0000183,CUST00828,PROD00254,STORE025,2026-04-19,4,7264.14
ORD0009863,CUST01208,PROD00126,STORE017,2025-04-20,4,17823.29
ORD0006405,CUST01337,PROD00224,STORE024,2026-01-11,2,19943.11
ORD0004212,CUST01082,PROD00036,STORE019,2025-06-04,4,16984.06
ORD0006308,CUST00572,PROD00269,STORE025,2026-03-25,3,17829.93
ORD0011006,CUST00500,PROD00130,STORE009,2025-11-08,6,19388.27
ORD0003601,CUST00978,PROD00212,STORE004,2025-09-05,1,2821.44
ORD0010505,CUST00176,PROD00177,STORE019,2025-03-07,6,4542.87
ORD0008535,CUST01500,PROD00252,STORE022,2025-02-11,5,10632.49
ORD0010059,CUST01407,PROD00200,STORE007,2025-07-12,two,1541.35
ORD0003161,CUST00354,PROD00037,STORE002,2025-05-06,3,2638.2
ORD0010193,CUST00574,PROD00175,STORE008,2025-08-15,2,unknown
ORD0007584,CUST00906,PROD00185,STORE013,2026-03-13,4,23795.18
ORD0010573,CUST00970,PROD00247,STORE006,2026-04-19,,7804.26
ORD0009866,CUST00957,PROD00103,STORE021,2025-08-28,3,22835.01
ORD0008383,CUST00696,PROD00118,STORE020,2026-03-27,5,21635.08
ORD0009404,CUST00015,PROD00241,STORE021,2026-03-24,6,18575.54
ORD0000372,CUST01310,PROD00208,STORE011,2025-04-06,5,12505.24
ORD0005719,CUST01153,PROD00283,STORE023,2026-01-24,2,-5
ORD0009090,CUST00287,PROD00022,STORE019,2025-10-27,2,11544.52
ORD0006257,CUST00301,PROD00034,STORE025,2025-05-12,4,7272.61
ORD0011244,CUST01182,PROD00191,STORE002,2025-05-06,1,783.91
ORD0001918,CUST01059,PROD00153,STORE020,2025-08-23,6,15434.54
ORD0002260,CUST00277,PROD00208,STORE006,2025-05-17,1,18530.45
ORD0009859,CUST00728,PROD00090,STORE007,2025-05-21,5,19831.91
ORD0008612,CUST00976,PROD00215,STORE020,2025-12-21,4,19135.02
ORD0011816,CUST00577,PROD00080,STORE023,2025-12-11,1,14603.19
ORD0009879,CUST01152,PROD00267,STORE013,2026-03-30,5,21842.9
ORD0004569,CUST00745,PROD00015,STORE002,2025-04-25,1,2013.65
ORD0001910,CUST00134,PROD00159,STORE008,2025-03-11,2,20368.77
ORD0001763,CUST00225,PROD00253,STORE004,2026-04-09,2,4511.25
ORD0010178,CUST00577,PROD00245,STORE009,2025-04-13,6,7387.8
ORD0000756,CUST00612,,STORE020,2025-06-03,4,9656.92
ORD0000874,CUST00552,PROD00027,STORE005,2025-10-29,1,2493.73
ORD0002978,CUST01105,PROD00138,STORE014,2025-11-06,4,13769.12
ORD0009834,CUST00285,PROD00028,STORE010,2025-01-21,4,12155.64
ORD0000933,CUST01483,PROD00105,STORE012,2026-01-25,6,18951.25
ORD0001749,CUST00658,PROD00134,STORE014,2026-03-03,1,15614.12
ORD0002396,CUST00506,PROD00131,STORE017,2026-03-20,2,1364.06
ORD0007842,CUST00135,PROD00035,STORE016,2025-06-07,5,6565.51
ORD0003693,CUST01251,PROD00115,STORE007,2026-01-13,3,15328.86
ORD0003956,CUST01214,PROD00281,STORE008,2026-01-24,1,17759.73
ORD0007885,CUST00057,PROD00173,STORE017,2025-02-11,4,8938.09
ORD0012183,CUST00496,PROD00058,STORE023,2025-03-22,4,19870.43
ORD0011949,CUST00951,PROD00124,STORE006,2025-10-22,5,2751.53
ORD0007106,CUST00015,PROD00123,STORE015,2025-10-14,5,4333.25
ORD0010815,CUST01116,PROD00153,STORE002,2025-02-13,4,10971.56
ORD0001849,CUST01191,PROD00275,STORE018,2025-05-30,1,24931.45
ORD0007660,CUST01368,PROD00193,STORE016,2025-08-21,3,9804.06
ORD0008292,CUST00684,PROD00272,STORE001,2025-08-13,5,21484.53
ORD0007029,CUST00381,PROD00110,STORE015,2025-10-12,5,16216.53
ORD0008432,CUST00876,PROD00182,STORE013,2026-04-04,1,5101.86
ORD0004307,,PROD00042,STORE004,2025-05-04,5,21428.03
ORD0010996,CUST00224,PROD00180,STORE022,2025-05-29,3,4034.14
ORD0012482,CUST00431,PROD00290,STORE001,2025-03-04,5,16324.22
ORD0012271,CUST01283,PROD00094,STORE025,2026-04-14,3,8140.18
ORD0002039,CUST00125,PROD00011,STORE001,2025-05-08,5,13047.08
ORD0006601,CUST00818,PROD00259,STORE022,2026-04-10,5,1722.9
ORD0007563,CUST00802,PROD00201,STORE023,2025-09-10,4,16122.77
ORD0000458,CUST00131,PROD00116,STORE006,2025-12-03,6,4979.33
ORD0005766,CUST00949,PROD00019,STORE009,2025-01-21,5,23826.19
ORD0010360,CUST01059,PROD00207,STORE022,2025-07-26,5,16195.23
ORD0009768,CUST00849,PROD00146,STORE025,2025-03-27,6,5906.3
ORD0005163,CUST01037,PROD00186,STORE008,2025-02-25,6,1728.47
ORD0000044,CUST01001,PROD00280,STORE016,00/00/0000,3,23992.96
ORD0012463,CUST00020,PROD00134,STORE006,2025-06-01,5,23462.99
ORD0003535,CUST01347,PROD00086,STORE011,2025-02-12,2,20156.83
ORD0006499,CUST01124,PROD00196,STORE011,2026-01-11,1,6676.93
ORD0000169,CUST00655,PROD00178,STORE015,2026-01-16,2,11629.4
ORD0000868,CUST00206,PROD00186,STORE004,2026-01-29,1,24369.78
ORD0001417,CUST00172,PROD00152,STORE007,2025-02-17,3,9685.34
ORD0011364,CUST01082,,STORE007,2026-01-27,5,17363.66
ORD0008754,CUST01285,PROD00037,STORE008,2025-12-25,2,16153.62
ORD0003422,CUST00661,PROD00126,STORE018,2025-10-19,2,23775.85
ORD0004628,CUST00328,PROD00094,STORE008,2025-02-18,6,10068.3
ORD0000735,CUST00075,PROD00196,STORE012,2025-02-16,1,19053.65
ORD0009239,CUST01116,PROD00189,STORE009,2026-01-16,4,225.06
ORD0008397,CUST01303,PROD00205,STORE004,2026-03-05,1,19062.53
ORD0009841,CUST01393,PROD00071,STORE008,2026-04-04,1,1922.04
ORD0005625,CUST00794,PROD00085,STORE024,2025-06-13,5,14494.38
ORD0007845,CUST00474,PROD00227,STORE020,2025-08-08,2,10239.44
ORD0008116,CUST00614,PROD00204,STORE014,2025-11-18,1,17361.67
ORD0001641,CUST01447,PROD00046,STORE016,2025-11-19,6,19874.83
ORD0006281,CUST00195,PROD00047,STORE020,2025-01-19,3,21566.62
ORD0000968,CUST01154,PROD00063,STORE008,2025-05-18,4,3859.44
ORD0008772,CUST01286,PROD00069,STORE014,2025-03-07,6,24978.57
ORD0004020,CUST00077,PROD00222,STORE021,2026-01-05,4,740.36
ORD0003369,CUST00740,PROD00266,STORE004,2026-01-24,4,11598.78
ORD0007534,CUST00472,PROD00121,STORE014,2025-01-08,1,2613.49
ORD0003737,CUST00442,,STORE001,2026-01-27,5,1194.52
ORD0006429,CUST01192,PROD00171,STORE001,2025-03-30,6,11847.79
ORD0002370,CUST01291,PROD00095,STORE021,2025-09-25,3,8450.1
ORD0005626,CUST00146,PROD00104,STORE025,2026-13-40,3,564.87
ORD0005758,CUST00549,PROD00081,STORE020,2025-11-10,5,5866.43
ORD0010832,CUST01280,PROD00040,STORE022,2025-04-13,4,17041.83
ORD0004021,CUST00138,PROD00175,STORE022,2025-01-29,1,4440.19
ORD0011777,CUST00464,PROD00119,STORE012,2025-11-20,4,4297.36
ORD0002966,CUST01441,,STORE016,2025-02-17,6,2705.34
ORD0010630,CUST00643,PROD00194,STORE024,2026-02-27,6,22639.88
ORD0008864,CUST00952,PROD00079,STORE024,2026-03-24,1,4809.31
ORD0005178,CUST01375,PROD00176,STORE021,2025-06-09,2,14714.97
ORD0002127,CUST01097,PROD00102,STORE016,2025-01-21,3,20961.91
ORD0008944,CUST00033,PROD00011,STORE003,2025-09-27,5,11372.07
ORD0008636,CUST01030,PROD00184,STORE002,2025-01-27,3,9675.62
ORD0003990,CUST00006,PROD00252,STORE017,2025-10-26,5,unknown
ORD0001225,CUST01481,PROD00176,STORE022,2026-01-25,6,23149.44
ORD0004753,CUST00649,PROD00281,STORE011,2025-11-17,1,13654.06
ORD0004865,CUST01187,PROD00140,STORE009,2026-01-03,1,1652.02
ORD0004351,CUST01342,PROD00107,STORE009,2025-08-17,1,5229.69
ORD0005034,CUST00529,PROD00056,STORE021,2026-03-05,1,2971.53
ORD0007262,CUST00534,PROD00049,STORE023,2025-03-15,4,11674.55
ORD0001752,CUST00961,PROD00076,STORE011,2025-02-02,5,21824.41
ORD0005527,CUST00491,PROD00216,STORE024,2025-07-28,2,abc
ORD0010831,CUST00577,PROD00148,STORE024,2025-10-23,3,11966.91
ORD0008251,CUST00442,PROD00198,STORE014,2026-03-17,5,8818.0
ORD0009134,CUST01042,PROD00242,STORE001,2025-01-03,6,1247.2
ORD0000628,CUST00088,PROD00176,STORE017,2025-06-24,6,3754.5
ORD0004601,CUST01485,PROD00140,STORE022,2025-07-23,6,13176.83
ORD0008004,CUST00030,PROD00060,STORE020,2025-06-26,2,16008.95
ORD0005696,CUST01393,PROD00018,STORE008,2025-12-20,1,1667.42
ORD0003521,CUST01094,PROD00276,STORE007,2025-04-20,3,19510.4
ORD0006787,CUST00565,PROD00226,STORE020,2026-01-11,1,7701.02
ORD0009142,CUST00250,PROD00250,STORE007,2025-07-20,5,1242.92
ORD0012310,CUST01254,PROD00095,STORE022,2025-05-04,6,9389.85
ORD0004657,CUST00669,PROD00003,STORE001,2025-02-10,3,3331.37
ORD0005640,CUST00775,PROD00225,STORE016,2025-11-01,5,12132.04
ORD0000715,CUST00451,PROD00088,STORE013,2025-01-09,2,13611.53
ORD0000364,,PROD00222,STORE022,2025-04-03,1,5518.58
ORD0012318,CUST00225,PROD00199,STORE006,2025-03-23,1,18260.94
ORD0002516,CUST00327,PROD00115,STORE024,2025-11-30,5,21706.53
ORD0009599,CUST00271,PROD00194,STORE018,2025-11-13,6,22718.61
ORD0006279,CUST01495,PROD00079,STORE013,2025-07-23,4,12707.36
ORD0000202,CUST00082,PROD00187,STORE013,2025-11-19,6,23195.64
ORD0004768,CUST00579,PROD00229,STORE008,2025-05-06,2,1236.62
ORD0001423,CUST00035,PROD00235,STORE025,,4,22912.58
ORD0010627,CUST00760,PROD00153,STORE002,2025-09-18,1,7874.02
ORD0011723,CUST01268,PROD00243,STORE021,2025-09-04,4,9885.03
ORD0006975,CUST00069,PROD00182,STORE024,2025-02-22,6,2305.7
ORD0007211,CUST01389,PROD00220,STORE024,2025-07-09,3,13552.91
ORD0007884,CUST00771,PROD00243,STORE019,2025-07-28,2,22280.76
ORD0005248,CUST01154,PROD00215,STORE019,2025-03-22,1,6434.13
ORD0011501,CUST00718,PROD00207,STORE020,2026-01-03,1,17249.85
ORD0000488,CUST00044,PROD00005,STORE002,2025-06-10,3,21337.13
ORD0012053,CUST01332,PROD00058,STORE005,2025-03-06,1,10282.33
ORD0009790,CUST00996,PROD00212,STORE012,2026-01-10,1,3820.8
ORD0000100,CUST00777,PROD00147,STORE006,2025-06-11,3,3639.59
ORD0012196,CUST01109,PROD00041,STORE010,2025-01-30,3,21048.1
ORD0004217,CUST00883,PROD00205,STORE016,2026-04-19,1,24793.78
ORD0007024,CUST00061,PROD00034,STORE022,2025-09-09,5,7094.04
ORD0000858,CUST00694,PROD00213,STORE024,2026-03-18,1,24244.16
ORD0007194,CUST00563,PROD00248,STORE003,2025-10-21,1,12294.54
ORD0006534,CUST00776,PROD00040,STORE014,2025-10-21,6,10421.75
ORD0007583,CUST00121,PROD00110,STORE014,2025-08-08,4,7384.77
ORD0010095,CUST00566,PROD00033,STORE019,2025-05-09,6,21334.62
ORD0002635,CUST01447,PROD00262,STORE022,2025-11-08,4,16584.62
ORD0000025,CUST01410,PROD00127,STORE002,2026-02-21,3,18785.4
ORD0011733,CUST01416,PROD00203,STORE008,2026-04-22,4,21262.52
ORD0005487,CUST01176,PROD00162,STORE012,2025-01-26,2,5990.73
ORD0008412,CUST01015,PROD00281,STORE016,2025-02-05,1,11521.6
ORD0001163,CUST00279,PROD00004,STORE002,2025-06-07,1,4025.19
ORD0006630,CUST01430,PROD00249,STORE017,2025-08-07,6,8017.79
ORD0001895,CUST01084,PROD00152,STORE004,2025-10-25,4,3109.2
ORD0009983,CUST00368,PROD00131,STORE013,2025-03-03,1,20878.15
ORD0009632,CUST00745,PROD00260,STORE012,2026-04-09,5,13042.42
ORD0007778,CUST01156,PROD00278,STORE015,2026-03-07,1,1707.17
ORD0003698,CUST00341,PROD00221,STORE025,2025-08-27,2,18582.58
ORD0003437,CUST01251,PROD00205,STORE009,2025-04-23,3,20072.5
ORD0011984,CUST00394,PROD00025,STORE001,2025-04-30,2,21703.07
ORD0000655,CUST01098,PROD00025,STORE009,2025-09-22,5,3074.06
ORD0003917,CUST00136,PROD00081,STORE020,2025-06-30,6,18306.96
ORD0012352,CUST00415,PROD00129,STORE007,2025-08-09,1,15037.47
ORD0001466,CUST00903,PROD00028,STORE019,2025-01-17,2,5110.3
ORD0011691,CUST01395,PROD00196,STORE002,2025-01-12,1,5662.45
ORD0009947,CUST00952,PROD00234,STORE001,2025-05-13,3,16982.44
ORD0007765,CUST00927,,STORE007,2025-07-08,1,3962.1
ORD0009481,CUST00337,PROD00284,STORE019,2025-05-01,1,6519.34
ORD0004573,CUST01237,PROD00007,STORE003,2025-09-26,1,21620.57
ORD0000321,CUST00030,PROD00074,STORE021,2025-05-02,1,20909.17
ORD0009286,CUST01267,PROD00299,STORE004,2026-04-08,2,10817.17
ORD0010743,CUST00761,PROD00289,STORE003,2026-04-03,4,-5
ORD0009359,CUST01180,PROD00219,STORE017,2025-04-15,3,13100.28
ORD0003356,CUST00535,PROD00234,STORE010,2025-01-02,3,20716.2
ORD0008660,CUST00895,PROD00214,STORE025,2025-09-06,6,3471.41
ORD0007867,CUST00631,PROD00080,STORE017,2025-03-20,6,3510.87
ORD0005073,CUST00733,PROD00080,STORE022,2026-02-07,2,-5
ORD0005244,CUST00383,PROD00091,STORE002,2025-12-01,6,unknown
ORD0004685,CUST00035,PROD00253,STORE002,2025-06-19,6,7232.82
ORD0011809,CUST00637,PROD00140,STORE006,2026-02-24,5,21948.76
ORD0007157,CUST00197,PROD00179,STORE025,2025-11-24,5,11440.18
ORD0000853,CUST00886,PROD00054,STORE017,2025-04-08,4,5427.15
ORD0008013,CUST01039,PROD00268,STORE006,2025-04-18,2,3029.77
ORD0011253,CUST01356,PROD00277,STORE003,2026-03-19,3,23315.77
ORD0002317,CUST00686,PROD00021,STORE023,2026-03-05,4,16297.83
ORD0011384,CUST01147,PROD00181,STORE013,2025-07-21,5,15787.51
ORD0001511,CUST00766,PROD00291,STORE011,2025-07-18,2,1285.76
ORD0001927,CUST00203,PROD00137,STORE007,2026-03-24,4,12484.04
ORD0003992,CUST00659,PROD00145,STORE001,2025-07-29,2,22619.12
ORD0003809,CUST01353,PROD00258,STORE015,2025-01-12,5,5435.1
ORD0012267,CUST01077,PROD00269,STORE023,2026-01-25,6,1687.09
ORD0003132,CUST00186,PROD00150,STORE021,2025-07-09,2,1571.03
ORD0004734,CUST00285,PROD00296,STORE005,2025-11-29,2,16674.98
ORD0005747,CUST01495,PROD00030,STORE025,2026-02-12,3,21302.35
ORD0003825,CUST01150,PROD00194,STORE025,2026-02-22,6,15958.32
ORD0006732,CUST01104,PROD00252,STORE005,2025-06-16,6,803.25
ORD0011595,CUST00682,PROD00092,STORE002,2025-01-27,6,8798.22
ORD0003305,CUST00719,PROD00114,STORE001,2025-01-12,6,unknown
ORD0011390,CUST00182,PROD00089,STORE001,2025-11-12,3,12262.02
ORD0012429,CUST00452,PROD00260,STORE017,2026-04-12,4,15463.36
ORD0001251,CUST00713,PROD00191,STORE010,2025-05-07,4,21111.11
ORD0007703,CUST01241,PROD00102,STORE004,2026-03-11,2,2565.2
ORD0008661,CUST00922,PROD00099,STORE021,2025-04-23,5,2860.31
ORD0001101,CUST00351,PROD00093,STORE008,2025-12-12,6,8830.2
ORD0010311,CUST00089,PROD00257,STORE011,2025-09-23,3,6641.39
ORD0009154,CUST00539,PROD00098,STORE015,2026-01-10,5,6889.84
ORD0002789,CUST01134,PROD00134,STORE005,2025-04-12,1,5356.82
ORD0009908,CUST00606,PROD00171,STORE008,2025-11-29,5,7144.12
ORD0005070,CUST00121,PROD00119,STORE024,2026-02-02,6,24466.46
ORD0007993,CUST00791,PROD00042,STORE014,2025-01-06,1,10819.26
ORD0011826,CUST00851,PROD00005,STORE003,2026-01-01,4,2180.6
ORD0010809,CUST00199,PROD00253,STORE009,2025-12-26,5,13858.07
ORD0010351,CUST01429,PROD00117,STORE020,2025-07-19,2,6773.45
ORD0006327,CUST01047,PROD00015,STORE022,2025-10-17,5,abc
ORD0003733,CUST00019,PROD00001,STORE015,2025-06-10,4,23497.76
ORD0005739,CUST00215,PROD00031,STORE020,2025-05-28,1,12160.07
ORD0008484,CUST00449,,STORE016,2026-03-29,3,7434.91
ORD0002622,CUST00133,PROD00165,STORE016,2025-10-25,5,1593.24
ORD0006794,CUST00149,PROD00150,STORE010,2025-11-24,1,10808.15
ORD0000087,CUST01456,PROD00032,STORE011,2025-05-23,1,21468.57
ORD0006344,CUST00612,PROD00066,STORE010,2025-09-02,4,14038.18
ORD0009419,CUST00866,PROD00088,STORE021,2025-03-16,6,23101.99
ORD0006155,CUST00550,PROD00100,STORE003,2025-06-27,2,10514.48
ORD0005309,CUST01294,PROD00283,STORE001,2026-03-25,1,19431.01
ORD0004660,CUST00255,PROD00017,STORE019,2025-01-29,2,22764.68
ORD0000292,CUST00430,PROD00062,STORE016,2026-01-19,6,15180.48
ORD0010605,CUST00773,PROD00072,STORE008,2025-05-11,2,1024.86
ORD0005540,CUST00273,PROD00121,STORE001,2025-05-25,1,3483.46
ORD0010887,CUST00228,PROD00104,STORE023,2025-02-10,4,24326.64
ORD0010413,CUST00750,PROD00133,STORE022,2025-07-16,5,17512.31
ORD0006323,CUST00347,PROD00157,STORE012,2025-08-14,,7818.37
ORD0010963,CUST00713,PROD00217,STORE021,2025-10-13,4,6858.23
ORD0004468,CUST00936,PROD00135,STORE011,2025-10-13,4,10890.13
ORD0006531,CUST01470,PROD00025,STORE024,2025-05-04,6,10045.7
ORD0008895,CUST00321,PROD00126,STORE013,2026-01-01,1,15925.18
ORD0009100,CUST00951,PROD00261,STORE024,2025-08-07,3,6109.87
ORD0006927,CUST00870,PROD00131,STORE005,2025-10-31,4,17245.0
ORD0003945,CUST00179,PROD00060,STORE011,2025-06-13,2,20454.22
ORD0006678,CUST00968,PROD00233,STORE005,2026-01-27,3,15961.82
ORD0006032,CUST00656,PROD00093,STORE011,2025-09-02,4,6386.71
ORD0001483,CUST00652,PROD00117,STORE013,2025-06-02,6,abc
ORD0011389,CUST00254,PROD00123,STORE009,2025-08-17,2,6096.57
ORD0006589,CUST00778,PROD00220,STORE017,2026-02-20,3,11762.46
ORD0010690,CUST01246,PROD00070,STORE013,2026-04-09,6,13467.77
ORD0005653,CUST01330,PROD00189,STORE002,2026-03-20,6,10430.64
ORD0006840,CUST00457,PROD00200,STORE011,2025-07-06,4,17245.13
ORD0011815,CUST01004,PROD00264,STORE010,2025-01-14,5,12131.5
ORD0006825,CUST00600,PROD00022,STORE016,2025-09-23,6,13595.19
ORD0008568,CUST01467,PROD00271,STORE022,2025-11-19,4,6929.96
ORD0007737,CUST01220,PROD00056,STORE020,2026-03-30,4,21084.9
ORD0002011,CUST00834,PROD00028,STORE005,2025-05-31,2,19025.47
ORD0008026,CUST00946,PROD00078,STORE017,2025-11-18,3,8232.98
ORD0010128,CUST01467,PROD00097,STORE024,2025-05-29,6,abc
ORD0009960,CUST00783,PROD00249,STORE019,2026-01-14,4,14599.02
ORD0001516,CUST01026,PROD00137,STORE023,2026-04-01,6,3263.86
ORD0001920,CUST00760,PROD00252,STORE011,2025-06-28,6,17792.97
ORD0002787,CUST00149,PROD00021,STORE008,2026-03-09,3,3737.83
ORD0005757,CUST01134,PROD00035,STORE008,2025-07-17,3,6216.0
ORD0001490,CUST00057,PROD00053,STORE008,2025-02-21,1,23783.39
ORD0003217,CUST01199,PROD00028,STORE013,2025-03-27,5,24454.04
ORD0004442,CUST00335,PROD00070,STORE002,2026-03-17,5,21807.61
ORD0009421,CUST01260,PROD00234,STORE025,2025-10-26,6,5544.73
ORD0010535,CUST00047,PROD00004,STORE001,2026-02-21,6,23471.58
ORD0000567,CUST00400,PROD00269,STORE017,2025-07-12,3,6318.43
ORD0012343,CUST01171,PROD00100,STORE004,2026-01-05,4,20004.07
ORD0002563,CUST00665,PROD00264,STORE014,2025-05-18,6,11179.0
ORD0000265,CUST00045,PROD00072,STORE025,2025-12-25,1,21787.52
ORD0004726,CUST00638,PROD00199,STORE017,2025-06-06,4,16644.22
ORD0008816,CUST00715,PROD00008,STORE022,2025-12-12,1,17645.28
ORD0011014,CUST00065,PROD00262,STORE003,2025-10-04,5,17839.35
ORD0009225,CUST01301,PROD00298,STORE013,2025-03-11,5,22189.73
ORD0000623,CUST01310,PROD00178,STORE014,2025-07-10,2,14568.26
ORD0002786,CUST00855,PROD00214,STORE004,2025-01-17,4,22912.07
ORD0012362,CUST01045,PROD00190,STORE021,2025-08-23,5,6371.99
ORD0001981,CUST00396,PROD00263,STORE021,2025-04-06,4,24237.72
ORD0007732,CUST00554,PROD00216,STORE017,2025-12-25,1,2119.23
ORD0002610,CUST00301,PROD00196,STORE012,2025-08-01,3,14143.69
ORD0001550,CUST00197,PROD00264,STORE005,2025-09-02,2,18101.2
ORD0000394,CUST00133,PROD00088,STORE001,2025-11-29,5,11294.44
ORD0010179,CUST00811,PROD00202,STORE016,2025-03-15,2,8244.58
ORD0000219,CUST00778,PROD00008,STORE022,2025-06-08,1,8657.82
ORD0006446,CUST00387,PROD00286,STORE022,2025-07-02,2,18067.12
ORD0010186,CUST00307,PROD00214,STORE005,2025-02-11,4,11445.83
ORD0005149,CUST01430,PROD00106,STORE001,2025-05-18,2,22561.57
ORD0004716,CUST00922,PROD00267,STORE004,2025-08-10,4,19357.18
ORD0002665,CUST00956,PROD00107,STORE010,2026-03-10,3,19898.52
ORD0005983,CUST00335,PROD00163,STORE019,2025-08-14,6,13671.51
ORD0000591,CUST01438,PROD00042,STORE019,2026-03-01,3,12802.34
ORD0000973,CUST00728,PROD00009,STORE025,2026-03-15,5,19498.55
ORD0009885,CUST00100,PROD00192,STORE021,2025-07-26,1,19484.53
ORD0001725,CUST01420,PROD00203,STORE018,2026-02-10,1,961.84
ORD0011069,CUST00308,PROD00032,STORE016,2026-01-22,3,5989.29
ORD0001308,CUST00530,PROD00046,STORE019,2025-08-07,4,2945.45
ORD0011298,CUST00201,PROD00232,STORE023,2026-04-21,5,21357.24
ORD0008745,CUST00532,PROD00105,STORE012,2025-11-12,,15289.03
ORD0011703,CUST00249,PROD00127,STORE003,2025-02-12,6,24457.89
ORD0012304,CUST00422,PROD00028,STORE016,2025-04-30,5,21416.99
ORD0007489,CUST00365,PROD00156,STORE003,2025-07-28,2,10657.1
ORD0010718,CUST00925,PROD00158,STORE003,2026-04-14,3,8857.51
ORD0007529,CUST01432,PROD00019,STORE016,2025-02-08,2,12556.68
ORD0001140,CUST01145,PROD00167,STORE001,2025-09-07,5,8112.97
ORD0004630,CUST00520,PROD00187,STORE020,2025-06-02,6,14768.0
ORD0003715,CUST00520,PROD00012,STORE021,2025-04-08,5,13537.53
ORD0002985,CUST01115,PROD00240,STORE007,2025-10-16,1,13449.0
ORD0002838,CUST01459,,STORE008,2025-06-20,3,2068.45
ORD0005120,CUST00608,PROD00225,STORE006,2025-11-15,2,9862.04
ORD0002158,CUST01226,PROD00237,STORE006,2025-01-10,2,18398.65
ORD0003843,CUST01164,PROD00156,STORE025,2025-03-21,4,17407.59
ORD0000763,CUST00767,PROD00028,STORE012,2026-03-31,4,22748.39
ORD0010537,CUST00944,PROD00234,STORE024,2025-08-25,1,15217.08
ORD0008073,CUST00295,PROD00030,STORE008,2025-06-26,1,11950.88
ORD0001751,CUST01110,PROD00117,STORE018,2025-12-13,4,3979.04
ORD0010047,CUST01490,PROD00073,STORE021,2025-09-12,6,22926.69
ORD0006483,CUST00175,PROD00139,STORE008,2025-01-22,3,13630.76
ORD0003796,CUST00779,PROD00195,STORE021,2026-04-17,5,20332.51
ORD0002340,CUST00830,PROD00150,STORE006,2025-12-23,1,5275.23
ORD0004776,CUST00644,PROD00058,STORE001,2025-07-02,1,22248.09
ORD0006490,CUST00681,PROD00193,STORE005,2025-01-05,3,11884.05
ORD0007842,CUST00135,PROD00035,STORE016,2025-06-07,5,6565.51
ORD0009838,CUST00629,PROD00111,STORE018,2026-02-24,2,4026.26
ORD0004507,CUST00437,PROD00154,STORE017,2025-03-15,5,23766.2
ORD0001218,CUST00170,PROD00108,STORE022,2025-11-08,5,12571.65
ORD0010634,CUST00602,PROD00013,STORE021,2025-09-05,1,-5
ORD0011918,CUST00783,PROD00056,STORE009,2026-02-21,2,22968.58
ORD0010601,CUST00143,PROD00127,STORE001,2025-01-11,6,8164.95
ORD0007904,CUST00790,PROD00018,STORE010,2025-02-07,4,16784.4
ORD0007309,CUST00935,PROD00276,STORE005,2026-03-20,5,24306.08
ORD0000178,CUST00253,PROD00050,STORE013,2025-02-26,2,5400.93
ORD0006870,CUST00536,PROD00091,STORE004,2026-01-24,5,3170.0
ORD0000995,CUST01407,PROD00030,STORE010,2025-04-21,2,5235.3
ORD0007251,CUST00155,PROD00047,STORE012,2025-11-08,6,24117.85
ORD0002220,CUST00395,PROD00127,STORE007,2025-03-27,2,313.03
ORD0005777,CUST01037,PROD00237,STORE006,2025-06-07,2,$10342.98
ORD0004046,CUST01070,PROD00032,STORE020,2025-03-17,2,12889.34
ORD0008474,CUST00385,PROD00104,STORE010,2025-08-31,4,457.52
ORD0002496,CUST00867,PROD00028,STORE012,2025-02-01,5,11084.94
ORD0004643,CUST00799,PROD00132,STORE008,2025-08-08,6,23713.34
ORD0009501,CUST01254,PROD00110,STORE009,2025-03-24,4,14048.8
ORD0004632,CUST00509,PROD00256,STORE014,2025-06-21,5,11230.47
ORD0003076,CUST00354,PROD00198,STORE021,2025-05-13,6,10673.34
ORD0008904,CUST00448,PROD00300,STORE004,2025-10-24,3,22475.95
ORD0011765,CUST01093,PROD00189,STORE003,2025-06-25,3,23494.73
ORD0002244,CUST00341,PROD00055,STORE003,2026-03-17,3,17323.42
ORD0012327,CUST00199,PROD00158,STORE014,2025-08-26,3,6298.6
ORD0010175,CUST00119,PROD00169,STORE017,2025-05-12,2,20173.2
ORD0004971,CUST00393,,STORE025,2025-11-07,1,7146.49
ORD0009703,CUST00339,PROD00098,STORE015,2025-10-15,4,2272.22
ORD0005896,CUST01244,PROD00177,STORE011,2026-03-04,6,24754.54
ORD0001227,CUST00076,PROD00151,STORE019,2025-06-22,2,10871.5
ORD0011358,CUST00856,PROD00248,STORE001,2025-05-08,3,4952.79
ORD0004116,CUST01082,PROD00147,STORE010,2025-08-05,4,15160.46
ORD0003167,CUST01101,PROD00290,STORE022,2025-11-29,6,17053.5
ORD0000983,CUST00860,PROD00067,STORE012,2025-09-28,6,18171.93
ORD0001134,CUST01402,PROD00168,STORE006,2026-01-05,5,19073.23
ORD0005713,CUST01408,,STORE025,2025-07-11,2,15471.14
ORD0000585,CUST00050,PROD00027,STORE021,2025-01-22,6,5754.17
ORD0002080,CUST01299,PROD00154,STORE013,2025-02-15,1,2810.71
ORD0009635,CUST01028,PROD00109,STORE016,2025-04-05,5,24167.41
ORD0009899,CUST01095,PROD00108,STORE012,2025-06-04,1,17112.1
ORD0011019,CUST01423,PROD00033,STORE019,2025-02-08,6,19670.56
ORD0006264,CUST01097,PROD00220,STORE019,2025-08-20,6,18772.83
ORD0011910,CUST00716,,STORE011,2026-02-17,1,24495.93
ORD0008638,CUST01337,PROD00210,STORE002,2025-10-07,3,17587.1
ORD0000928,CUST00927,PROD00285,STORE023,2025-02-19,2,818.45
ORD0000999,CUST00956,PROD00064,STORE018,2025-04-12,1,15220.44
ORD0005658,CUST00705,PROD00193,STORE007,2025-04-16,6,6139.97
ORD0002429,CUST00011,PROD00241,STORE014,2026-01-23,3,2043.98
ORD0008878,CUST00828,PROD00037,STORE010,2025-10-17,1,18870.11
ORD0003569,CUST00242,PROD00171,STORE008,2025-11-23,1,15019.27
ORD0005013,CUST00306,PROD00222,STORE005,2025-09-12,3,7620.38
ORD0003590,CUST01367,PROD00224,STORE002,2025-04-25,1,9786.18
ORD0004113,CUST00373,PROD00233,STORE011,2025-12-24,6,24777.5
ORD0001921,CUST01065,PROD00065,STORE017,2025-10-31,6,2912.37
ORD0011226,CUST01243,PROD00215,STORE011,2025-12-18,4,5688.72
ORD0012058,CUST01009,PROD00285,STORE004,2025-07-03,6,3760.45
ORD0005601,CUST00872,PROD00282,STORE021,2025-05-04,5,12454.58
ORD0004182,CUST00492,PROD00199,STORE005,2025-02-12,5,17795.33
ORD0005615,CUST00652,PROD00295,STORE013,2025-04-23,4,1831.94
ORD0002428,CUST00264,PROD00116,STORE011,2026-03-30,1,23086.67
ORD0008530,CUST00806,PROD00084,STORE003,2025-08-29,4,19624.06
ORD0005759,CUST00451,PROD00006,STORE007,2025-07-03,5,19107.39
ORD0001341,CUST01411,PROD00047,STORE011,2025-06-10,3,14770.55
ORD0002776,CUST00348,PROD00180,STORE025,2025-07-25,5,834.37
ORD0004417,CUST00782,PROD00219,STORE001,2025-01-31,3,14747.03
ORD0001376,CUST00718,PROD00087,STORE012,2025-03-31,3,23707.5
ORD0011193,CUST01483,PROD00056,STORE011,2026-02-13,3,6868.29
ORD0010820,CUST01197,PROD00205,STORE020,2025-03-25,6,22833.13
ORD0004679,CUST00755,PROD00171,STORE017,2025-02-01,5,2083.4
ORD0001195,CUST00856,PROD00063,STORE016,2026-01-13,6,16168.47
ORD0011100,CUST00328,PROD00035,STORE005,2026-02-09,1,19887.72
ORD0003935,CUST01420,PROD00088,STORE017,2025-06-01,1,14720.76
ORD0002114,CUST00220,PROD00255,STORE024,2025-08-27,1,14803.9
ORD0011888,CUST00561,PROD00138,STORE020,2025-12-01,6,15250.54
ORD0001779,CUST00716,PROD00278,STORE003,2025-03-10,2,20266.6
ORD0012008,CUST00359,PROD00261,STORE007,2025-07-09,2,7499.21
ORD0009830,CUST00019,PROD00195,STORE009,2025-09-10,6,12981.33
ORD0005629,CUST00835,PROD00123,STORE006,2025-12-07,6,18942.25
ORD0004583,CUST00744,PROD00241,STORE004,2025-11-27,6,21129.62
ORD0002344,CUST01251,PROD00215,STORE015,,1,24848.01
ORD0004030,CUST00478,PROD00238,STORE015,2025-08-21,6,7101.25
ORD0010499,CUST00381,PROD00141,STORE004,2026-04-19,2,12839.06
ORD0001460,CUST00537,PROD00232,STORE008,2025-08-03,1,3535.81
ORD0004566,CUST00451,PROD00285,STORE001,2026-02-14,5,16361.08
ORD0012141,CUST00300,PROD00017,STORE023,2025-02-17,5,2338.79
ORD0002976,CUST01351,PROD00073,STORE004,2025-12-25,4,22649.73
ORD0006696,CUST00429,PROD00064,STORE005,2025-11-23,5,4213.92
ORD0010112,CUST00414,PROD00053,STORE016,2026-02-27,3,3412.13
ORD0011633,CUST00370,PROD00294,STORE024,2025-08-25,5,4105.94
ORD0005275,CUST01268,PROD00242,STORE002,2026-02-09,5,2075.34
ORD0009622,CUST00533,PROD00177,STORE022,2025-05-12,3,20661.37
ORD0010309,CUST01129,PROD00167,STORE021,2025-11-14,2,6449.61
ORD0005038,CUST00634,PROD00136,STORE006,2026-02-06,6,21635.54
ORD0007891,CUST00169,PROD00249,STORE025,2025-12-20,4,24614.3
ORD0002148,CUST01127,PROD00199,STORE023,2026-02-11,3,10196.35
ORD0011680,CUST01060,PROD00268,STORE011,2025-06-10,6,24422.06
ORD0002534,CUST00077,PROD00243,STORE023,2025-03-09,3,18238.93
ORD0008825,CUST00820,PROD00271,STORE021,2025-04-06,3,18823.99
ORD0011017,CUST00549,PROD00142,STORE023,2026-03-15,3,6493.37
ORD0002886,CUST01466,PROD00144,STORE023,2026-01-14,4,1740.16
ORD0010322,CUST00452,PROD00106,STORE007,2025-08-27,4,19968.57
ORD0011452,CUST00198,PROD00057,STORE021,2025-05-22,6,17965.58
ORD0000753,CUST01241,PROD00296,STORE023,2025-05-09,6,10219.19
ORD0002186,CUST00825,PROD00067,STORE015,2025-01-31,6,5275.11
ORD0006420,CUST01191,PROD00140,STORE006,2025-08-07,6,22052.85
ORD0011338,CUST00771,PROD00004,STORE017,2026-03-15,6,23932.52
ORD0007916,CUST01235,PROD00088,STORE022,2025-10-25,4,4586.87
ORD0000777,CUST00621,PROD00007,STORE005,2025-04-10,2,10546.64
ORD0005055,CUST00970,PROD00253,STORE016,2026-02-03,4,6439.83
ORD0006537,CUST00770,PROD00263,STORE016,2026-02-19,2,23164.3
ORD0002289,CUST00951,,STORE022,2025-09-02,4,13155.47
ORD0010085,CUST00074,PROD00136,STORE004,2025-04-26,4,2633.01
ORD0011994,CUST00764,PROD00180,STORE005,2025-07-27,5,2577.99
ORD0010773,CUST01375,PROD00196,STORE019,2025-02-18,5,8700.6
ORD0005518,CUST00454,PROD00153,STORE001,2025-11-13,6,12260.08
ORD0001076,CUST00416,PROD00233,STORE008,2026-04-22,1,23440.46
ORD0006831,CUST00416,PROD00043,STORE014,2025-01-11,4,9425.9
ORD0003840,CUST00369,PROD00197,STORE021,2025-04-20,4,24501.68
ORD0001794,CUST00611,PROD00005,STORE004,2025-06-17,5,2876.92
ORD0008502,CUST00729,PROD00239,STORE023,2025-02-20,5,12005.68
ORD0012234,CUST01251,PROD00280,STORE018,2025-09-03,6,16388.53
ORD0006315,CUST00348,PROD00064,STORE008,2026-01-15,1,10692.63
ORD0002689,CUST00433,PROD00126,STORE025,2025-06-05,3,1707.28
ORD0003469,CUST00732,PROD00165,STORE024,2025-04-22,6,20985.01
ORD0011819,CUST01223,PROD00143,STORE005,2025-07-16,2,22882.93
ORD0007256,CUST00815,PROD00028,STORE022,2026-04-22,2,813.8
ORD0006747,CUST00481,PROD00140,STORE001,2025-04-05,1,175.07
ORD0011609,CUST00695,PROD00034,STORE006,2025-04-27,4,8491.82
ORD0002503,CUST00616,PROD00208,STORE019,2025-07-18,2,10827.68
ORD0007288,CUST01434,PROD00181,STORE010,2025-05-15,4,2799.81
ORD0000553,CUST01485,PROD00192,STORE023,2025-08-31,2,9333.75
ORD0007468,CUST00380,PROD00080,STORE009,2025-12-12,3,abc
ORD0008803,CUST00745,PROD00149,STORE024,2025-06-24,2,2092.57
ORD0010315,CUST01184,PROD00148,STORE020,2026-03-20,6,20842.21
ORD0007837,CUST00431,PROD00207,STORE006,2025-06-23,6,21037.08
ORD0003567,CUST01176,PROD00052,STORE007,2025-03-14,4,24837.73
ORD0003261,CUST00073,PROD00090,STORE008,2025-07-15,4,9648.44
ORD0007102,CUST00309,PROD00246,STORE018,2025-11-05,,1734.03
ORD0000297,CUST01336,PROD00154,STORE008,2025-11-26,6,2248.62
ORD0007269,CUST00317,PROD00194,STORE005,2025-04-16,4,11997.9
ORD0011991,CUST00127,PROD00023,STORE005,2025-10-14,4,21673.88
ORD0008687,CUST01459,PROD00172,STORE018,2026-01-20,1,16531.29
ORD0001864,CUST00794,PROD00150,STORE004,2025-10-17,5,6637.32
ORD0008499,CUST01028,PROD00137,STORE016,2025-09-13,5,19798.43
ORD0010452,CUST00147,PROD00065,STORE002,2025-10-12,1,10848.67
ORD0004625,CUST00065,PROD00096,STORE025,2025-07-26,4,870.48
ORD0002146,,PROD00024,STORE005,2025-02-06,1,9302.28
ORD0011392,CUST00779,,STORE006,2026-01-28,5,15341.87
ORD0007888,CUST00933,PROD00235,STORE006,2025-08-27,2,3713.68
ORD0010165,CUST00116,PROD00231,STORE009,00/00/0000,5,3505.15
ORD0008548,CUST00595,PROD00101,STORE001,2025-04-23,6,24238.43
ORD0001320,CUST01091,PROD00257,STORE008,2025-08-12,5,1171.04
ORD0001801,CUST00370,PROD00058,STORE020,2025-08-12,2,17914.25
ORD0007286,CUST01109,PROD00275,STORE004,,4,21835.39
ORD0011859,CUST00751,PROD00117,STORE011,2025-09-10,2,1802.57
ORD0009663,CUST01358,PROD00295,STORE018,2025-10-23,4,5385.01
ORD0005474,CUST00788,PROD00025,STORE008,2026-01-13,2,24637.58
ORD0005728,CUST00346,PROD00188,STORE002,2025-09-07,6,18928.31
ORD0008674,CUST00561,PROD00055,STORE010,2026-03-23,5,24499.81
ORD0010817,CUST01369,PROD00020,STORE004,2025-05-19,2,20041.62
ORD0010512,CUST00079,PROD00283,STORE014,2025-08-20,1,20224.2
ORD0007739,CUST00135,PROD00251,STORE021,2025-12-25,4,8027.31
ORD0009127,CUST00064,PROD00251,STORE008,2026-01-13,4,24400.09
ORD0007372,CUST00214,PROD00202,STORE021,2025-11-27,1,5065.91
ORD0003673,CUST00365,PROD00154,STORE021,2026-02-10,5,23818.87
ORD0006509,CUST00543,PROD00113,STORE014,2025-03-20,3,14483.02
ORD0009120,CUST01083,PROD00147,STORE012,2025-02-20,5,5461.08
ORD0011221,CUST00306,PROD00115,STORE010,2026-03-20,2,16596.36
ORD0004764,CUST00013,PROD00248,STORE016,2026-01-04,6,22436.72
ORD0009582,CUST00562,PROD00067,STORE007,2026-01-14,5,1553.88
ORD0006077,CUST00873,PROD00099,STORE019,2025-09-28,1,20747.59
ORD0011603,CUST01207,PROD00249,STORE008,2025-11-12,5,355.71
ORD0006750,CUST00809,PROD00186,STORE024,2026-01-07,4,22077.77
ORD0007441,CUST00589,PROD00169,STORE010,2026-01-13,2,3769.22
ORD0011787,CUST00468,PROD00261,STORE015,2025-10-15,3,23859.79
ORD0007045,CUST00247,PROD00246,STORE017,2026-02-09,2,15503.54
ORD0005294,CUST01470,PROD00085,STORE016,2025-05-19,1,18232.24
ORD0007914,CUST00382,PROD00207,STORE016,2025-03-01,5,1921.37
ORD0006662,CUST00834,PROD00139,STORE006,2025-08-04,2,24471.83
ORD0009512,CUST00635,PROD00118,STORE017,2025-06-06,1,23965.65
ORD0010808,CUST00734,PROD00279,STORE023,2025-10-11,4,13033.34
ORD0001318,CUST01291,PROD00209,STORE009,2025-01-01,5,13735.79
ORD0002352,CUST01081,PROD00297,STORE025,2025-11-30,1,2708.46
ORD0008473,CUST00400,PROD00148,STORE004,2025-01-13,2,19637.68
ORD0007265,CUST01312,PROD00103,STORE005,2026-01-09,4,13277.45
ORD0007055,CUST00262,,STORE002,2026-02-11,2,16954.75
ORD0005399,CUST01281,PROD00154,STORE013,2026-04-06,2,12715.83
ORD0009149,CUST00876,PROD00132,STORE025,2025-08-09,6,18618.0
ORD0001269,CUST00162,PROD00181,STORE019,2026-03-02,1,13186.71
ORD0011265,CUST01307,PROD00065,STORE002,2025-06-11,6,24968.9
ORD0002364,CUST00867,PROD00058,STORE024,2025-07-17,5,22131.27
ORD0005126,CUST01357,PROD00100,STORE010,2026-03-16,5,21765.01
ORD0010229,CUST01116,PROD00272,STORE007,2025-03-31,2,18890.35
ORD0012155,CUST00126,PROD00184,STORE013,2026-02-25,1,21346.11
ORD0002597,CUST00198,PROD00289,STORE024,2025-08-30,4,16674.95
ORD0011150,CUST01199,PROD00031,STORE017,2026-04-20,6,15224.01
ORD0007767,CUST01064,PROD00182,STORE007,2025-05-10,6,1679.52
ORD0001964,CUST00860,PROD00107,STORE014,2025-09-18,2,23350.63
ORD0011976,CUST00373,PROD00140,STORE017,2025-12-17,4,2485.07
ORD0002969,CUST00790,PROD00225,STORE012,2025-09-24,5,18435.7
ORD0009114,CUST01441,PROD00096,STORE010,2026-02-23,3,22456.47
ORD0004091,CUST00762,PROD00037,STORE018,2025-08-06,3,10347.41
ORD0001350,CUST01217,PROD00294,STORE010,2025-10-25,2,7573.03
ORD0010161,CUST00897,PROD00097,STORE024,2025-03-28,2,11881.41
ORD0006955,CUST00421,PROD00022,STORE011,2025-08-10,2,525.56
ORD0000969,CUST01048,PROD00117,STORE011,2025-07-07,3,16583.9
ORD0006737,CUST01133,PROD00143,STORE001,2026-01-02,5,23704.19
ORD0009807,CUST00389,PROD00233,STORE022,2025-03-08,2,23839.29
ORD0002367,CUST01280,PROD00062,STORE015,2026-02-16,1,15944.73
ORD0002860,CUST01022,PROD00093,STORE011,2025-12-12,1,13357.87
ORD0011739,CUST00148,PROD00233,STORE012,2025-10-31,3,760.74
ORD0004544,CUST00371,PROD00276,STORE005,2026-04-21,1,14588.56
ORD0002954,CUST01316,PROD00031,STORE018,2025-09-26,1,5535.92
ORD0001116,CUST00917,PROD00200,STORE016,2025-12-03,2,13550.86
ORD0011463,CUST00211,PROD00219,STORE005,2026-04-16,3,14397.56
ORD0001208,CUST00898,PROD00179,STORE022,2026-01-05,2,17378.99
ORD0004295,CUST00491,PROD00021,STORE009,2025-05-25,5,7648.13
ORD0005390,CUST00767,PROD00204,STORE023,2025-12-19,2,6497.34
ORD0011250,CUST00108,PROD00044,STORE020,2025-12-16,5,8585.61
ORD0006348,CUST00265,PROD00013,STORE015,2026-01-18,2,22677.15
ORD0005093,CUST01185,PROD00096,STORE003,2025-01-07,3,3124.39
ORD0009898,CUST00932,PROD00009,STORE021,2025-09-11,1,14223.93
ORD0010416,CUST00584,PROD00101,STORE010,2025-04-28,4,17568.04
ORD0008865,CUST00832,PROD00134,STORE022,2025-04-14,3,23537.4
ORD0004928,CUST01375,PROD00107,STORE019,2026-03-09,2,12212.09
ORD0008604,CUST00059,PROD00159,STORE017,2025-06-26,4,18728.84
ORD0004664,CUST00675,PROD00168,STORE008,2025-07-11,5,20772.2
ORD0001618,CUST00881,PROD00205,STORE022,2025-04-10,3,10257.43
ORD0008774,CUST00218,PROD00173,STORE021,2025-03-05,1,6776.8
ORD0008887,CUST00200,PROD00072,STORE019,2025-01-19,6,3978.32
ORD0001016,CUST00687,PROD00173,STORE014,2025-01-19,1,2441.78
ORD0000263,CUST01151,PROD00046,STORE015,2025-10-07,2,8296.88
ORD0008355,CUST00527,PROD00274,STORE021,2026-03-17,3,3333.04
ORD0010275,CUST01427,PROD00283,STORE013,2025-03-31,3,13727.88
ORD0010181,CUST00342,PROD00260,STORE019,2026-02-04,4,20147.45
ORD0009227,CUST00789,PROD00294,STORE019,2025-08-23,2,18258.36
ORD0006503,CUST00090,PROD00034,STORE011,2025-12-09,1,5799.17
ORD0008329,CUST00914,PROD00075,STORE004,2025-09-06,1,22471.33
ORD0012357,CUST00375,PROD00146,STORE016,2025-03-25,1,8655.68
ORD0011031,CUST01458,PROD00037,STORE019,2026-01-05,6,24525.82
ORD0005848,CUST01009,PROD00217,STORE023,2025-05-18,2,2933.16
ORD0002375,CUST01130,PROD00137,STORE019,2026-02-22,4,10215.97
ORD0003185,CUST00340,PROD00072,STORE007,2026-01-03,6,16433.63
ORD0002373,CUST00441,PROD00209,STORE020,2026-04-20,1,14701.34
ORD0000869,CUST00684,,STORE004,2025-10-26,2,14473.82
ORD0008335,CUST00005,PROD00088,STORE010,2025-11-30,2,24214.51
ORD0004855,CUST01153,PROD00041,STORE015,00/00/0000,3,5215.42
ORD0007028,CUST00584,PROD00281,STORE015,2025-07-26,3,12669.2
ORD0000424,CUST01351,PROD00051,STORE017,2025-06-14,1,16638.29
ORD0001764,CUST01009,PROD00199,STORE024,2025-10-13,3,6356.87
ORD0001065,CUST01328,PROD00143,STORE003,2025-02-07,3,15802.07
ORD0012400,CUST00447,PROD00260,STORE009,2025-10-10,1,21735.3
ORD0007332,CUST01109,PROD00042,STORE003,2025-03-03,5,23816.66
ORD0011892,CUST00913,PROD00156,STORE025,2025-05-14,1,15556.26
ORD0000383,CUST00463,PROD00226,STORE021,2025-06-01,2,3762.61
ORD0000895,CUST00424,PROD00200,STORE012,2026-03-16,2,21768.28
ORD0010449,CUST01033,PROD00123,STORE007,2025-04-02,2,20269.52
ORD0007459,CUST01226,PROD00280,STORE019,2026-03-19,4,17736.18
ORD0008311,CUST00853,PROD00293,STORE005,2025-03-28,-1,8724.15
ORD0010417,CUST00108,PROD00120,STORE010,2025-08-27,6,3671.4
ORD0002515,CUST00339,PROD00225,STORE016,2025-12-30,2,15605.44
ORD0000490,CUST00136,PROD00186,STORE020,2026-03-01,3,14648.7
ORD0006318,CUST00475,PROD00039,STORE015,2026-01-01,5,7644.66
ORD0002571,CUST00205,PROD00089,STORE009,2025-01-03,4,10859.19
ORD0011201,CUST01027,PROD00147,STORE002,2025-02-04,1,7176.14
ORD0001040,CUST00301,PROD00170,STORE019,2026-01-31,1,7466.03
ORD0012131,CUST01421,PROD00165,STORE005,2025-12-27,4,837.82
ORD0009973,CUST00159,PROD00296,STORE003,2026-01-26,5,20179.61
ORD0000078,CUST00022,PROD00101,STORE015,2025-01-03,3,13221.16
ORD0005036,CUST00508,PROD00206,STORE021,2026-02-06,5,5216.99
ORD0008017,CUST00955,PROD00210,STORE008,2026-04-22,5,9145.01
ORD0011406,CUST00087,PROD00102,STORE011,2026-01-18,1,5300.39
ORD0011853,CUST01465,PROD00279,STORE006,2026-02-16,3,17891.24
ORD0006918,CUST01309,PROD00256,STORE006,2025-01-02,1,3683.24
ORD0000045,CUST00660,PROD00237,STORE023,2026-03-16,4,12933.61
ORD0011157,CUST00891,PROD00010,STORE024,2026-02-20,3,13421.93
ORD0012023,CUST00370,PROD00161,STORE018,2025-06-13,4,11824.16
ORD0008167,CUST01411,PROD00045,STORE004,2026-02-12,6,5877.4
ORD0004763,CUST00649,PROD00258,STORE007,2026-03-21,1,7905.96
ORD0004702,CUST00105,PROD00151,STORE007,2025-07-09,1,11920.19
ORD0008199,CUST01196,PROD00143,STORE024,2025-06-30,5,11063.57
ORD0011574,CUST00778,PROD00163,STORE018,2026-02-14,3,2642.03
ORD0006865,CUST00884,PROD00254,STORE016,2025-10-14,4,5428.49
ORD0000919,CUST01124,PROD00226,STORE023,2025-04-20,2,5635.19
ORD0011197,CUST01093,PROD00212,STORE003,2025-04-10,2,9960.77
ORD0003712,CUST00477,PROD00142,STORE011,2026-03-06,2,15782.42
ORD0005167,CUST01199,PROD00269,STORE006,2026-02-07,1,7953.97
ORD0003666,CUST00212,PROD00176,STORE018,2026-04-14,6,22727.57
ORD0007370,CUST00790,PROD00109,STORE025,2025-08-07,2,12137.2
ORD0001616,CUST00336,PROD00013,STORE023,2025-06-24,5,10361.42
ORD0006192,CUST00425,PROD00089,STORE005,2025-12-14,5,11419.82
ORD0004559,CUST00763,PROD00294,STORE009,2025-05-07,2,1970.3
ORD0004349,CUST01470,PROD00242,STORE025,2026-03-30,6,17519.18
ORD0009811,CUST01374,PROD00291,STORE003,2025-10-31,3,23121.54
ORD0009488,CUST00930,PROD00155,STORE018,2026-02-07,3,13202.64
ORD0005789,CUST00658,PROD00189,STORE019,2025-01-12,4,24277.93
ORD0000703,CUST00522,PROD00037,STORE009,2026-02-21,1,24167.87
ORD0007655,CUST00971,PROD00245,STORE016,2025-01-01,4,8312.84
ORD0003043,CUST01367,PROD00217,STORE020,2025-07-28,2,11938.11
ORD0011176,CUST00577,PROD00215,STORE005,2025-05-29,1,9388.73
ORD0009751,CUST00803,PROD00018,STORE016,2026-02-11,1,16578.7
ORD0007461,CUST00616,PROD00100,STORE017,2025-08-10,2,1741.09
ORD0004859,CUST00941,PROD00081,STORE002,2025-01-18,5,6901.1
ORD0009003,CUST01478,PROD00275,STORE018,2025-07-17,6,20555.74
ORD0011283,CUST00617,PROD00237,STORE022,2025-03-16,1,21109.01
ORD0004597,CUST00161,PROD00179,STORE012,2025-05-03,6,20257.34
ORD0007560,CUST01376,PROD00245,STORE013,2025-07-30,4,5526.38
ORD0010818,CUST01442,,STORE018,2025-07-29,1,2665.56
ORD0007861,CUST00360,PROD00056,STORE021,2025-10-11,2,14431.29
ORD0001377,CUST00635,PROD00066,STORE004,2026-01-20,6,14003.68
ORD0005642,CUST00359,PROD00194,STORE011,2025-08-27,3,18803.63
ORD0010802,CUST01366,PROD00135,STORE005,2025-10-29,4,745.31
ORD0005538,CUST00533,PROD00105,STORE013,2025-04-04,5,21895.08
ORD0003753,CUST00761,PROD00053,STORE021,2025-05-26,3,8764.98
ORD0002103,CUST00133,PROD00271,STORE017,2025-08-03,3,14729.16
ORD0007384,CUST01295,PROD00047,STORE023,2026-02-17,5,16682.77
ORD0010762,CUST00753,PROD00075,STORE021,2025-11-10,5,9242.84
ORD0008046,CUST00759,PROD00165,STORE005,2025-04-07,2,12117.35
ORD0010904,CUST00793,PROD00219,STORE013,2026-04-13,4,4965.33
ORD0005980,CUST01340,PROD00187,STORE025,2025-12-19,2,21860.08
ORD0001994,CUST01422,PROD00110,STORE006,2025-10-01,4,2627.02
ORD0006743,CUST00268,PROD00010,STORE016,2025-05-21,3,14539.44
ORD0005961,CUST00972,PROD00078,STORE024,2026-01-20,1,11567.67
ORD0005466,CUST00988,PROD00193,STORE023,2025-11-11,2,8442.68
ORD0007026,CUST00309,PROD00288,STORE001,2025-02-23,,7477.12
ORD0003009,CUST00536,PROD00240,STORE011,2025-10-12,5,11474.5
ORD0007090,CUST00243,PROD00068,STORE001,2025-05-16,5,7747.61
ORD0004705,CUST01139,PROD00197,STORE002,2025-05-05,5,17088.99
ORD0011224,CUST00945,PROD00092,STORE022,2025-10-02,3,15247.43
ORD0004429,CUST00217,PROD00016,STORE003,2026-02-20,2,21410.84
ORD0002341,CUST01212,PROD00275,STORE022,2026-03-29,6,5975.28
ORD0002398,CUST00389,PROD00044,STORE005,2025-01-16,2,10150.91
ORD0006293,CUST01008,PROD00120,STORE023,2025-04-03,4,21593.51
ORD0011664,CUST01392,PROD00237,STORE004,2025-08-10,6,18947.02
ORD0011219,CUST00024,PROD00192,STORE019,2025-05-27,3,6662.42
ORD0003343,CUST01327,PROD00210,STORE017,2025-05-24,4,16772.9
ORD0006383,CUST01111,PROD00117,STORE006,2025-02-04,5,22384.09
ORD0010287,CUST01005,PROD00169,STORE009,2026-02-01,1,5795.36
ORD0005612,CUST01492,PROD00255,STORE010,2026-01-21,2,21137.05
ORD0003728,CUST00644,PROD00184,STORE016,2025-07-20,1,22369.29
ORD0001138,CUST01034,PROD00055,STORE018,2025-07-07,6,9871.8
ORD0009041,CUST00586,PROD00224,STORE012,2026-01-19,5,8568.23
ORD0006973,CUST00473,PROD00077,STORE019,2026-02-20,5,11182.35
ORD0000741,CUST00964,PROD00217,STORE006,2025-04-11,2,576.97
ORD0011374,CUST01103,PROD00073,STORE015,2025-06-23,5,17257.95
ORD0008859,CUST00536,PROD00236,STORE017,2025-08-20,2,357.31
ORD0009425,CUST00657,PROD00247,STORE019,2025-07-27,5,12421.69
ORD0006748,CUST00804,PROD00191,STORE011,2025-06-05,4,9555.48
ORD0001133,CUST01173,PROD00053,STORE011,2025-02-10,4,4235.88
ORD0012022,CUST00179,PROD00044,STORE007,2025-11-10,3,7315.03
ORD0002216,CUST01363,PROD00053,STORE019,2025-03-26,2,14936.29
ORD0000144,CUST00869,PROD00273,STORE025,2025-02-10,4,21777.31
ORD0004343,CUST00734,PROD00108,STORE013,2025-07-28,6,23115.12
ORD0010121,CUST00078,PROD00082,STORE014,2025-11-22,3,4653.98
ORD0005944,CUST01429,PROD00008,STORE022,2026-01-01,5,346.88
ORD0010936,CUST01399,PROD00265,STORE009,2026-01-11,6,6669.96
ORD0003797,CUST00540,PROD00063,STORE020,2025-07-29,2,16787.97
ORD0002698,CUST00556,PROD00148,STORE022,2025-07-24,3,21893.87
ORD0004579,CUST00372,PROD00019,STORE019,2025-01-24,6,9950.93
ORD0008467,CUST00374,PROD00177,STORE011,2025-09-09,5,6288.89
ORD0008971,CUST01161,PROD00099,STORE025,2025-09-09,3,14306.51
ORD0009023,CUST00653,PROD00248,STORE023,2025-01-30,4,3454.92
ORD0008980,CUST00254,PROD00002,STORE003,2026-04-07,6,6124.98
ORD0010925,CUST00843,PROD00259,STORE013,2025-09-01,3,14625.06
ORD0011900,CUST01046,PROD00049,STORE013,2025-05-20,3,14689.2
ORD0000670,CUST00380,PROD00299,STORE014,2025-04-29,1,14057.71
ORD0011922,CUST00546,PROD00193,STORE008,2025-01-20,3,17191.21
ORD0006015,CUST00837,PROD00118,STORE007,2026-03-17,4,14492.35
ORD0010053,CUST00974,PROD00256,STORE002,2025-03-08,2,5496.34
ORD0003916,CUST01256,PROD00221,STORE025,2025-06-17,2,15786.38
ORD0000245,CUST00211,PROD00154,STORE020,2025-03-21,2,14339.56
ORD0007590,CUST00294,PROD00003,STORE017,2025-05-12,2,21199.83
ORD0008483,CUST00662,PROD00215,STORE020,2025-12-20,5,23005.93
ORD0001984,CUST00477,PROD00044,STORE020,2025-07-02,1,18145.41
ORD0002219,CUST00071,PROD00300,STORE008,2025-06-28,2,22483.99
ORD0003086,CUST01038,PROD00102,STORE010,2025-04-28,5,18574.02
ORD0000518,CUST00145,PROD00080,STORE019,2025-08-24,6,24146.26
ORD0007816,CUST00283,PROD00069,STORE016,2025-12-05,4,734.9
ORD0008854,CUST00833,PROD00182,STORE015,2025-05-03,4,7984.81
ORD0004288,CUST00945,PROD00297,STORE022,2025-06-13,3,17473.37
ORD0006641,CUST01154,PROD00212,STORE014,2025-07-04,1,1650.83
ORD0009297,CUST01276,PROD00088,STORE009,2025-09-10,3,3031.06
ORD0001983,CUST00342,PROD00021,STORE009,2025-03-29,1,16431.94
ORD0006028,CUST00923,PROD00154,STORE017,2025-12-15,6,14950.58
ORD0001523,CUST00383,PROD00294,STORE023,2025-04-24,2,5588.05
ORD0011618,CUST00888,PROD00068,STORE015,2026-02-20,1,1599.97
ORD0005893,CUST00291,PROD00235,STORE014,2025-05-03,6,4206.33
ORD0011469,CUST00192,PROD00266,STORE024,2025-03-26,5,1777.45
ORD0009081,CUST00647,PROD00262,STORE009,2025-08-31,3,10760.74
ORD0004374,CUST00192,PROD00153,STORE019,2025-08-08,5,abc
ORD0006622,CUST00160,PROD00146,STORE006,2025-12-09,1,unknown
ORD0001486,CUST00920,PROD00172,STORE012,2025-07-23,1,9200.92
ORD0010513,CUST01052,PROD00002,STORE017,2025-04-13,4,22973.94
ORD0004700,CUST01148,PROD00183,STORE025,2026-02-16,1,7642.83
ORD0000801,CUST00635,PROD00170,STORE004,2025-02-12,1,24908.44
ORD0000837,CUST01189,PROD00110,STORE018,2026-02-04,6,13876.13
ORD0012442,CUST00616,PROD00166,STORE008,2025-07-12,6,5744.4
ORD0002490,CUST00837,PROD00053,STORE014,2025-08-05,2,7843.48
ORD0001131,CUST01400,PROD00273,STORE024,2026-02-09,5,21191.57
ORD0002435,CUST01116,PROD00041,STORE024,2025-06-14,6,20222.85
ORD0005500,CUST00740,PROD00260,STORE020,2026-01-29,2,11430.67
ORD0008931,CUST01015,PROD00196,STORE013,2025-02-18,1,3700.06
ORD0010793,CUST00435,PROD00232,STORE023,2025-01-15,5,13147.24
ORD0003000,CUST00331,PROD00145,STORE005,2025-12-31,6,9589.57
ORD0000133,CUST01228,PROD00204,STORE003,2025-09-13,6,5867.33
ORD0008221,CUST00327,PROD00050,STORE001,2025-09-29,5,8635.56
ORD0003634,CUST00985,PROD00018,STORE003,2026-04-08,5,24225.65
ORD0011029,CUST00589,PROD00275,STORE018,2026-01-05,1,18097.5
ORD0006744,CUST00569,PROD00192,STORE014,2025-02-09,4,23788.92
ORD0006011,CUST00520,PROD00256,STORE014,2025-08-17,1,14768.56
ORD0008298,CUST01276,PROD00189,STORE020,2025-06-12,6,9733.44
ORD0003048,CUST01362,PROD00184,STORE001,2025-07-23,1,18258.44
ORD0008734,CUST01208,PROD00106,STORE002,2025-10-16,3,21551.19
ORD0010286,CUST01003,PROD00108,STORE009,2026-03-05,1,9866.54
ORD0011436,CUST00910,PROD00284,STORE002,2026-02-15,3,15810.27
ORD0008796,CUST00928,PROD00108,STORE011,2026-03-27,2,5187.1
ORD0000195,CUST01236,PROD00228,STORE008,2025-09-14,2,24324.21
ORD0004620,CUST00538,PROD00237,STORE016,,5,15901.11
ORD0008777,CUST00723,PROD00052,STORE007,2025-06-02,2,10654.52
ORD0003071,CUST00351,PROD00293,STORE025,2025-11-26,1,10127.28
ORD0012336,CUST00003,PROD00259,STORE016,2026-01-24,1,5221.16
ORD0004188,CUST00198,PROD00035,STORE020,2025-02-17,6,17787.68
ORD0009604,CUST00265,PROD00128,STORE022,2025-12-16,5,3791.85
ORD0008429,CUST01345,PROD00006,STORE023,2025-07-29,2,18792.34
ORD0001693,CUST01084,PROD00083,STORE015,2025-08-07,4,-5
ORD0007569,CUST00605,PROD00160,STORE003,2025-05-28,5,14411.75
ORD0011807,CUST00044,PROD00187,STORE007,2025-11-27,5,13016.13
ORD0003312,CUST01393,PROD00145,STORE007,2025-07-26,6,14939.07
ORD0011638,CUST00966,PROD00237,STORE022,2026-03-10,6,13183.24
ORD0003948,CUST00912,PROD00142,STORE018,2025-05-02,5,614.22
ORD0006029,CUST00710,PROD00186,STORE015,2026-02-14,1,6231.8
ORD0010032,CUST00276,PROD00101,STORE014,2025-06-09,5,10649.96
ORD0002651,CUST00476,PROD00155,STORE025,2025-08-07,6,6785.19
ORD0005058,CUST00891,PROD00005,STORE013,2025-09-19,5,13372.01
ORD0009192,CUST00973,PROD00164,STORE021,2025-04-22,two,13704.95
ORD0011451,CUST00943,PROD00110,STORE014,2025-03-16,1,5590.14
ORD0007728,CUST01388,PROD00189,STORE020,2025-09-08,3,23514.79
ORD0009191,CUST01186,PROD00049,STORE017,2025-12-04,6,10196.58
ORD0008653,CUST01196,PROD00050,STORE020,2025-04-26,3,12264.72
ORD0009656,CUST00422,PROD00054,STORE008,2025-02-25,4,18431.07
ORD0003844,CUST00560,PROD00260,STORE016,2026-04-21,6,18110.94
ORD0001666,CUST01276,PROD00255,STORE004,2025-02-15,2,18264.76
ORD0000476,CUST00817,PROD00069,STORE024,2025-04-22,5,5266.99
ORD0004871,CUST01286,PROD00126,STORE012,2025-06-14,4,24282.6
ORD0001146,CUST00602,PROD00233,STORE004,2025-04-14,3,20715.84
ORD0004067,CUST00362,PROD00007,STORE012,2025-12-07,1,3842.64
ORD0005068,CUST01369,PROD00054,STORE023,2025-03-05,4,7521.72
ORD0001026,CUST00894,PROD00293,STORE004,2025-09-06,4,15715.5
ORD0005081,CUST00794,,STORE015,2025-05-19,4,22965.33
ORD0010092,CUST01358,PROD00263,STORE012,2026-03-14,2,8678.25
ORD0006439,CUST01422,PROD00090,STORE019,2025-05-15,3,10600.17
ORD0005939,,PROD00064,STORE001,2025-05-11,1,2570.82
ORD0008175,CUST00371,PROD00028,STORE010,2025-12-04,3,13048.62
ORD0000688,CUST00700,PROD00156,STORE018,2025-06-07,5,8278.13
ORD0000129,CUST00819,PROD00168,STORE010,2025-08-06,6,18299.75
ORD0002397,CUST00516,PROD00127,STORE004,2025-09-28,3,5123.53
ORD0004494,CUST00306,,STORE005,2025-12-31,2,18181.19
ORD0001551,CUST00333,PROD00001,STORE002,2025-11-11,2,13847.32
ORD0009473,CUST00793,PROD00214,STORE018,2025-02-15,4,17795.15
ORD0003794,CUST00946,PROD00121,STORE015,2025-01-22,1,7610.05
ORD0001453,CUST00006,PROD00296,STORE005,2025-07-07,2,21137.42
ORD0008984,CUST01345,PROD00291,STORE022,2025-06-05,1,2784.99
ORD0009001,CUST01093,PROD00242,STORE011,2025-08-09,3,$1167.38
ORD0004240,CUST01426,PROD00278,STORE023,2025-11-16,5,13868.68
ORD0005518,CUST00454,PROD00153,STORE001,2025-11-13,6,12260.08
ORD0007960,CUST00676,PROD00187,STORE002,2025-08-10,4,23440.95
ORD0006321,CUST00474,PROD00279,STORE004,2025-04-17,1,5699.8
ORD0007208,CUST01246,PROD00014,STORE017,2025-11-14,6,6541.77
ORD0009949,CUST00534,PROD00017,STORE014,2025-09-10,3,16128.5
ORD0004001,CUST00305,PROD00019,STORE002,2025-05-09,4,2971.62
ORD0010763,CUST00613,PROD00031,STORE003,2025-05-28,3,23705.57
ORD0007503,CUST00950,PROD00032,STORE014,2025-12-09,4,16315.56
ORD0002248,CUST00945,PROD00072,STORE009,2025-03-06,4,15195.8
ORD0005330,CUST00344,PROD00058,STORE013,2025-01-13,6,17079.39
ORD0003056,CUST00663,PROD00175,STORE020,2025-03-19,4,12084.77
ORD0010397,CUST00427,PROD00242,STORE018,2025-07-18,5,8376.64
ORD0007149,CUST01325,PROD00002,STORE016,2025-02-13,6,24745.06
ORD0003758,CUST00871,PROD00156,STORE012,2025-12-09,4,1279.03
ORD0004032,CUST01109,PROD00275,STORE015,2025-03-16,2,22283.0
ORD0006258,CUST00666,PROD00097,STORE025,2025-08-10,2,2598.96
ORD0008031,CUST00798,PROD00076,STORE010,2025-07-04,2,13823.61
ORD0009613,CUST00803,PROD00030,STORE017,2025-11-26,2,13971.47
ORD0012054,CUST00774,PROD00263,STORE016,2025-02-24,2,11827.2
ORD0000574,CUST00254,PROD00027,STORE011,2025-03-14,5,12005.97
ORD0000235,CUST01317,PROD00100,STORE019,2025-08-22,6,15418.17
ORD0003871,CUST01287,PROD00212,STORE012,2025-02-05,3,18157.29
ORD0006778,CUST00311,PROD00045,STORE003,2026-01-27,3,9639.17
ORD0007996,CUST01436,PROD00133,STORE016,2026-01-21,1,10527.47
ORD0002165,CUST00468,PROD00272,STORE001,2025-06-01,2,22233.38
ORD0006878,CUST00163,PROD00273,STORE011,2025-01-13,5,20325.96
ORD0010091,CUST01365,PROD00174,STORE018,2025-07-04,1,12596.92
ORD0005770,CUST01408,PROD00129,STORE001,2026-04-11,3,$11833.03
ORD0003736,CUST01220,PROD00229,STORE015,2025-12-18,1,7755.89
ORD0005744,CUST01086,PROD00203,STORE011,2026-01-22,6,23345.77
ORD0000115,CUST01423,PROD00223,STORE024,2025-05-05,4,11918.27
ORD0004024,CUST00235,PROD00196,STORE006,2025-11-29,6,1986.06
ORD0008085,CUST01393,PROD00187,STORE022,2025-06-07,3,7673.01
ORD0003785,CUST01289,PROD00085,STORE025,2025-01-07,5,22081.66
ORD0004943,CUST00667,PROD00297,STORE012,2026-02-26,1,15330.55
ORD0004612,CUST00472,PROD00273,STORE015,2025-04-16,6,14598.43
ORD0007863,CUST00752,PROD00188,STORE011,2025-03-25,-1,22890.34
ORD0008631,CUST01407,PROD00193,STORE019,2025-09-29,5,5845.67
ORD0003962,CUST00770,PROD00032,STORE001,2025-08-23,5,5014.57
ORD0004353,CUST00403,PROD00064,STORE021,2026-02-20,6,13504.54
ORD0001919,CUST01194,PROD00190,STORE015,2026-03-25,2,14091.84
ORD0010450,CUST00777,PROD00107,STORE016,2025-07-31,2,1768.5
ORD0003651,CUST00105,PROD00118,STORE024,2025-10-01,4,1526.74
ORD0002656,CUST01356,PROD00107,STORE004,2025-09-13,3,14619.96
ORD0011573,CUST00711,PROD00243,STORE018,2025-02-18,4,20691.44
ORD0007130,CUST00648,PROD00069,STORE010,2026-04-02,1,23747.44
ORD0000116,CUST00518,PROD00192,STORE020,2025-07-25,3,12141.56
ORD0007083,CUST00782,PROD00108,STORE014,2025-09-27,3,11251.62
ORD0008380,CUST00355,PROD00196,STORE007,2026-02-19,2,21802.68
ORD0001374,CUST00981,PROD00176,STORE008,2025-10-29,4,8741.12
ORD0003472,CUST00374,PROD00214,STORE009,2025-07-09,2,23568.47
ORD0009733,CUST00764,PROD00138,STORE010,2026-02-19,6,19508.08
ORD0006437,CUST01131,PROD00002,STORE003,not_a_date,6,9576.47
ORD0005853,CUST00220,PROD00139,STORE017,2025-10-26,6,2837.29
ORD0005335,CUST00958,PROD00289,STORE012,2025-09-28,6,7359.82
ORD0002822,CUST01307,PROD00211,STORE014,2025-12-11,5,15047.7
ORD0011386,CUST00123,PROD00059,STORE011,2025-12-28,6,991.98
ORD0000326,CUST00523,PROD00175,STORE016,2025-02-19,5,11489.45
ORD0000823,CUST00415,PROD00093,STORE014,2025-11-20,1,19305.87
ORD0002510,CUST00738,PROD00222,STORE016,2026-03-12,2,5542.79
ORD0005826,CUST00832,PROD00166,STORE010,2025-04-30,6,255.73
ORD0007423,CUST00316,PROD00285,STORE009,2026-02-03,2,15371.23
ORD0010925,CUST00843,PROD00259,STORE013,2025-09-01,3,14625.06
ORD0000392,CUST01438,PROD00284,STORE008,2026-03-05,4,6837.97
ORD0002782,CUST00146,PROD00223,STORE016,2025-02-07,5,5530.28
ORD0000433,CUST00386,PROD00181,STORE018,2025-12-17,1,20620.09
ORD0002993,CUST01002,PROD00111,STORE022,2025-12-04,1,8817.65
ORD0010524,CUST01414,PROD00244,STORE006,2025-03-16,4,1479.07
ORD0008035,CUST00946,PROD00221,STORE013,2025-08-20,2,1392.3
ORD0008253,CUST01124,PROD00139,STORE015,2025-02-16,6,20453.51
ORD0005541,CUST00831,PROD00006,STORE004,2025-02-25,4,9852.76
ORD0009525,,PROD00281,STORE006,2025-12-29,5,4241.16
ORD0000029,CUST00311,PROD00049,STORE024,2025-04-10,5,19846.61
ORD0011183,CUST00212,PROD00100,STORE025,2025-09-27,1,14809.94
ORD0003257,CUST00615,PROD00167,STORE003,2025-01-29,6,15890.93
ORD0009769,CUST00956,PROD00187,STORE010,2025-02-06,1,24356.72
ORD0002115,CUST01336,PROD00285,STORE014,2025-02-23,1,19549.76
ORD0012322,CUST00132,PROD00146,STORE006,2025-07-13,1,22685.89
ORD0000474,CUST00427,PROD00208,STORE014,2025-08-20,4,11595.45
ORD0003112,CUST01016,PROD00115,STORE017,2025-12-13,2,13917.08
ORD0000024,CUST00322,PROD00145,STORE010,2026-01-31,1,5865.63
ORD0006151,CUST01477,PROD00220,STORE015,2025-11-11,3,10945.27
ORD0005421,CUST00167,PROD00213,STORE002,2026-01-25,1,22757.89
ORD0010180,CUST00204,PROD00205,STORE001,2025-01-24,5,6291.86
ORD0002714,CUST00656,PROD00217,STORE010,2025-08-21,2,8367.11
ORD0011993,CUST00146,PROD00140,STORE017,2025-04-01,5,24069.14
ORD0004741,CUST00667,PROD00231,STORE022,2025-12-08,4,16345.39
ORD0000825,CUST00989,PROD00257,STORE007,2025-12-15,2,3822.98
ORD0010593,CUST01000,PROD00124,STORE012,2025-03-03,1,6003.55
ORD0001005,CUST00018,PROD00006,STORE006,2026-02-20,2,20535.67
ORD0000612,CUST00481,PROD00234,STORE019,2025-05-19,6,14002.5
ORD0007468,CUST00380,PROD00080,STORE009,2025-12-12,3,abc
ORD0003774,CUST00057,PROD00016,STORE019,2025-06-10,1,7382.58
ORD0003980,CUST00531,PROD00128,STORE011,2025-09-21,5,16358.65
ORD0005798,CUST01228,PROD00077,STORE012,2025-11-25,1,19954.51
ORD0001530,CUST00935,PROD00172,STORE025,2025-10-06,5,13978.62
ORD0002094,CUST00557,PROD00108,STORE010,2025-08-03,1,7784.88
ORD0003565,CUST01356,PROD00059,STORE023,2025-01-28,5,11348.12
ORD0003341,CUST00567,PROD00206,STORE014,2025-06-06,1,7902.18
ORD0012066,CUST00392,PROD00291,STORE018,2025-09-09,6,5439.02
ORD0004791,CUST00802,PROD00187,STORE024,2025-08-02,2,5723.12
ORD0008927,CUST00760,PROD00128,STORE011,2025-07-23,6,19667.94
ORD0003474,CUST00810,PROD00002,STORE015,2026-03-03,5,15296.33
ORD0001759,CUST00710,PROD00284,STORE014,2025-12-09,6,15412.64
ORD0002731,CUST00357,,STORE006,2025-03-01,5,9563.99
ORD0011799,CUST00790,PROD00151,STORE023,2026-04-19,6,20579.83
ORD0002847,CUST01222,PROD00295,STORE001,2025-10-10,3,20385.88
ORD0004886,CUST00339,PROD00150,STORE021,2025-07-24,1,12266.97
ORD0004782,CUST01290,PROD00190,STORE009,2025-10-26,5,7154.62
ORD0009189,CUST00659,PROD00115,STORE007,2025-02-27,6,9528.93
ORD0002377,CUST00920,PROD00001,STORE005,2025-06-12,3,6170.73
ORD0009719,CUST01249,PROD00111,STORE016,2025-09-07,3,2147.22
ORD0002637,CUST01006,PROD00168,STORE015,2026-03-18,5,15412.46
ORD0003641,CUST00018,PROD00121,STORE007,2025-09-17,2,13616.26
ORD0000618,CUST00050,PROD00140,STORE007,2026-02-19,2,17288.43
ORD0003456,CUST00521,PROD00224,STORE021,2025-02-12,6,1375.47
ORD0001050,CUST00036,PROD00146,STORE001,2026-03-31,3,24006.51
ORD0007237,CUST00888,PROD00141,STORE014,2025-02-21,6,20811.98
ORD0012430,CUST00140,PROD00285,STORE013,2026-03-27,4,21649.64
ORD0001499,CUST01474,PROD00094,STORE012,2025-10-29,6,17206.68
ORD0010803,CUST01055,PROD00111,STORE004,2026-03-14,6,21586.19
ORD0008585,CUST01103,PROD00212,STORE015,2025-12-26,6,17843.3
ORD0011049,CUST01377,PROD00198,STORE017,2025-04-03,6,19242.59
ORD0009935,CUST01359,PROD00211,STORE008,2025-07-13,5,5076.92
ORD0005816,CUST00344,PROD00225,STORE002,2025-06-09,2,18495.33
ORD0012130,CUST00044,PROD00013,STORE023,2025-11-16,6,6418.04
ORD0004500,CUST01412,PROD00156,STORE002,2025-02-28,2,2552.22
ORD0006224,CUST00346,PROD00151,STORE019,2025-07-07,2,24176.52
ORD0010349,CUST00069,PROD00035,STORE025,2026-04-21,3,9603.07
ORD0005871,CUST00326,PROD00027,STORE015,00/00/0000,3,15604.07
ORD0009311,CUST00009,PROD00109,STORE017,2025-05-26,4,21353.87
ORD0009136,CUST00736,PROD00121,STORE005,2025-10-05,6,4295.24
ORD0007666,CUST00527,PROD00134,STORE016,2026-03-25,4,9047.57
ORD0006849,CUST00076,PROD00197,STORE022,2026-01-04,5,5112.07
ORD0005767,CUST01180,PROD00214,STORE015,2025-06-08,5,1836.13
ORD0006765,CUST01176,PROD00241,STORE015,2025-04-14,5,10853.93
ORD0009427,CUST00756,PROD00030,STORE016,2025-08-12,4,13833.97
ORD0004318,CUST00739,PROD00105,STORE018,2025-11-28,2,20749.28
ORD0009417,CUST00137,PROD00136,STORE001,2025-01-11,6,21979.15
ORD0000186,CUST00786,PROD00298,STORE021,2025-07-30,4,24360.05
ORD0004334,CUST00306,PROD00032,STORE006,not_a_date,4,24377.97
ORD0011516,CUST00299,PROD00202,STORE022,2026-03-29,1,18727.51
ORD0010329,CUST00564,PROD00091,STORE005,2026-02-28,1,3347.91
ORD0009919,CUST00410,PROD00251,STORE004,2025-09-23,1,17119.87
ORD0003885,CUST01066,PROD00143,STORE025,2026-01-18,2,20065.66
ORD0009316,CUST00280,PROD00267,STORE025,2025-10-05,4,23543.74
ORD0003055,CUST01196,PROD00124,STORE011,2025-03-11,5,13456.2
ORD0010589,CUST00880,PROD00036,STORE019,2025-05-05,1,22123.85
ORD0000061,CUST00873,PROD00300,STORE024,2026-01-28,3,9276.78
ORD0001143,CUST00232,PROD00247,STORE020,2025-04-12,4,4245.65
ORD0001332,CUST00824,PROD00033,STORE016,2026-04-12,6,12183.35
ORD0005412,CUST00489,PROD00245,STORE018,2025-07-16,6,17061.78
ORD0008016,CUST00748,PROD00297,STORE004,2026-02-01,5,11661.56
ORD0011729,CUST00237,PROD00035,STORE017,2025-04-29,5,249.8
ORD0009625,CUST00540,PROD00131,STORE006,2025-11-11,2,16492.06
ORD0000267,CUST00378,PROD00165,STORE015,2025-06-20,2,11600.97
ORD0000231,CUST01100,PROD00027,STORE011,2025-09-02,6,1965.41
ORD0012207,CUST00867,PROD00278,STORE024,2025-08-29,4,1191.22
ORD0004955,CUST01390,PROD00089,STORE007,2025-02-27,6,20664.58
ORD0009901,CUST00456,PROD00049,STORE005,2025-08-15,3,7413.76
ORD0003022,CUST00655,PROD00045,STORE019,2025-06-23,1,14053.04
ORD0002131,CUST00065,PROD00008,STORE006,2026-03-21,6,6533.8
ORD0000427,CUST00406,PROD00150,STORE021,2025-07-13,4,10195.32
ORD0007602,CUST01087,PROD00163,STORE013,2025-07-25,5,12752.49
ORD0008480,CUST00965,PROD00144,STORE002,2026-01-29,3,1593.39
ORD0010431,CUST01152,PROD00152,STORE010,2025-01-12,2,17261.78
ORD0002212,CUST01205,PROD00251,STORE009,2025-10-28,5,18760.63
ORD0007378,CUST00944,PROD00151,STORE007,2025-05-16,4,1432.31
ORD0002140,CUST00020,PROD00112,STORE007,2026-02-21,3,1303.55
ORD0009976,CUST00986,PROD00148,STORE006,2025-03-09,4,2135.44
ORD0010109,CUST00225,PROD00226,STORE008,2026-01-07,3,20834.28
ORD0006578,CUST00646,PROD00144,STORE012,2025-03-02,4,13865.29
ORD0002104,CUST01100,PROD00012,STORE013,2026-02-01,4,6602.81
ORD0003057,CUST00889,PROD00166,STORE020,2025-01-13,4,9597.52
ORD0003872,CUST01241,PROD00071,STORE005,2025-09-29,1,19336.69
ORD0007218,CUST01102,PROD00003,STORE010,2025-04-10,3,21009.31
ORD0002766,CUST01213,PROD00153,STORE025,2025-06-15,4,10011.99
ORD0000062,CUST00826,PROD00131,STORE018,2025-04-14,5,16093.74
ORD0003241,CUST00132,PROD00035,STORE007,2025-08-29,2,-5
ORD0007094,CUST00572,PROD00062,STORE008,2025-09-07,6,9808.02
ORD0002059,CUST00110,PROD00049,STORE002,2026-03-28,5,3578.01
ORD0010653,CUST00509,PROD00255,STORE011,2025-12-16,6,12221.63
ORD0010849,CUST00575,PROD00194,STORE022,2025-07-23,4,12476.45
ORD0004381,CUST00015,PROD00103,STORE018,not_a_date,5,8794.48
ORD0004015,CUST01390,PROD00211,STORE002,2025-12-22,1,13060.78
ORD0000211,CUST00629,PROD00082,STORE019,2026-01-01,6,7722.82
ORD0003951,CUST00634,PROD00068,STORE006,2025-04-23,5,24792.61
ORD0005754,CUST00882,PROD00215,STORE018,2025-01-27,3,23686.64
ORD0002753,,PROD00166,STORE009,2025-05-27,2,23513.63
ORD0006759,CUST01453,PROD00271,STORE003,2025-08-02,6,22290.44
ORD0003850,CUST00746,PROD00287,STORE021,2025-04-28,-1,12020.62
ORD0010243,CUST00096,PROD00027,STORE006,2025-11-28,2,491.08
ORD0007390,CUST00041,PROD00190,STORE011,2025-06-03,6,21170.5
ORD0011149,CUST00627,PROD00218,STORE013,2025-05-18,3,13057.73
ORD0005798,CUST01228,PROD00077,STORE012,2025-11-25,1,19954.51
ORD0004713,CUST00379,PROD00002,STORE022,2025-10-06,6,22253.42
ORD0012364,CUST01396,PROD00282,STORE012,2025-04-19,6,11282.68
ORD0009116,CUST00898,PROD00036,STORE004,2025-07-11,2,21015.28
