store_id,total_revenue
ST1,74620.59
ST10,84338.09000000001
ST2,82743.53
ST3,99221.31000000003
ST4,68508.20999999999
ST5,76661.84999999999
ST6,84674.32999999999
ST7,62217.47000000001
ST8,92759.90000000001
ST9,79141.23
