order_id,customer_id,product_id,store_id,order_date,quantity,unit_price,coupon_code
ORD0019668,CUST00853,PROD00025,STORE025,2026-04-26,6,11086.77,
ORD0019970,CUST01140,PROD00261,STORE001,2026-04-26,6,10110.67,
ORD0018913,CUST00054,PROD00161,STORE018,2026-04-26,1,2996.2,
ORD0019960,CUST00825,PROD00299,STORE022,2026-04-26,6,3515.38,FEST50
ORD0019047,CUST00581,PROD00204,STORE003,2026-04-26,4,16796.33,FEST50
ORD0018617,CUST01434,PROD00199,STORE016,2026-04-26,4,16736.66,
ORD0019092,CUST01203,PROD00099,STORE014,2026-04-26,2,15928.33,FEST50
ORD0019044,CUST00348,PROD00100,STORE006,2026-04-26,1,15001.0,SAVE10
ORD0020226,CUST00201,PROD00004,STORE011,2026-04-26,3,14638.12,
ORD0020293,CUST01468,PROD00050,STORE014,2026-04-26,1,16062.17,WELCOME5
ORD0018573,CUST01031,PROD00062,STORE022,2026-04-26,4,23362.15,
ORD0019196,CUST00587,PROD00089,STORE022,2026-04-26,5,9259.68,
ORD0020106,CUST00874,PROD00072,STORE013,2026-04-26,5,22870.76,FEST50
ORD0019759,CUST01009,PROD00128,STORE024,2026-04-26,5,13486.74,
ORD0020369,CUST00653,PROD00194,STORE009,2026-04-26,1,3302.36,
ORD0020263,CUST00737,PROD00251,STORE010,2026-04-26,5,23702.47,SAVE10
ORD0020277,CUST01474,PROD00146,STORE015,2026-04-26,4,6349.5,
ORD0020140,CUST00540,PROD00208,STORE019,2026-04-26,2,9447.34,
ORD0019929,CUST00687,PROD00288,STORE009,2026-04-26,3,16536.44,
ORD0018792,CUST00412,PROD00040,STORE005,2026-04-26,3,21363.69,
ORD0020088,CUST01222,PROD00217,STORE015,2026-04-26,1,21892.91,FEST50
ORD0018661,CUST01284,PROD00164,STORE016,2026-04-26,2,3269.93,
ORD0018829,CUST00399,PROD00218,STORE001,2026-04-26,6,9456.71,
ORD0020414,CUST00998,PROD00108,STORE012,2026-04-26,2,5213.63,SAVE10
ORD0019048,CUST00663,PROD00274,STORE009,2026-04-26,2,16747.86,FEST50
ORD0020192,CUST01150,PROD00027,STORE008,2026-04-26,1,3145.87,
ORD0018899,CUST00969,PROD00165,STORE001,2026-04-26,3,15260.19,
ORD0019961,CUST00947,PROD00249,STORE017,2026-04-21,6,17679.77,
ORD0019683,CUST00988,PROD00022,STORE004,2026-04-26,4,6367.51,
ORD0018664,CUST00055,PROD00201,STORE010,2026-04-26,1,1442.47,FEST50
ORD0019959,CUST00716,PROD00094,STORE021,2026-04-26,2,22010.26,
ORD0019367,CUST00165,PROD00212,STORE020,2026-04-18,3,8254.6,WELCOME5
ORD0020128,CUST01382,PROD00108,STORE012,2026-04-26,4,20820.4,SAVE10
ORD0019156,CUST00786,PROD00023,STORE003,2026-04-26,6,19230.15,
ORD0018584,CUST00415,PROD00056,STORE008,2026-04-26,6,6527.78,
ORD0019898,CUST00710,PROD00086,STORE017,2026-04-26,6,15776.71,
ORD0019056,CUST00133,PROD00016,STORE012,2026-04-26,5,3977.16,WELCOME5
ORD0018794,CUST01408,PROD00242,STORE006,2026-04-26,6,9242.05,
ORD0020304,CUST00807,PROD00004,STORE008,2026-04-26,2,7062.84,
ORD0019589,CUST00795,PROD00160,STORE013,2026-04-26,4,20871.81,WELCOME5
ORD0020444,CUST00593,PROD00275,STORE014,2026-04-26,2,16839.22,
ORD0018812,CUST00762,PROD00030,STORE010,2026-04-26,6,3541.77,SAVE10
ORD0018650,CUST01230,PROD00171,STORE011,2026-04-26,5,3680.26,
ORD0020014,CUST01216,PROD00278,STORE007,2026-04-26,5,19705.89,SAVE10
ORD0018541,CUST01170,PROD00056,STORE010,2026-04-26,5,3476.51,
ORD0018826,CUST00870,PROD00076,STORE002,2026-04-26,5,12517.18,SAVE10
ORD0019553,CUST01200,PROD00113,STORE015,2026-04-26,5,4173.61,
ORD0020157,CUST00521,PROD00191,STORE023,2026-04-26,2,21171.01,
ORD0019466,CUST00796,PROD00293,STORE014,2026-04-21,5,21481.94,
ORD0019022,CUST00656,PROD00186,STORE012,2026-04-17,4,22030.51,WELCOME5
ORD0020051,CUST00161,PROD00247,STORE007,2026-04-26,2,17931.75,FEST50
ORD0020159,CUST01132,PROD00234,STORE008,2026-04-26,4,21970.85,
ORD0019802,CUST00890,PROD00184,STORE011,2026-04-17,6,13227.72,
ORD0018672,CUST00963,PROD00015,STORE009,2026-04-26,5,20579.76,FEST50
ORD0019403,CUST00434,PROD00105,STORE005,2026-04-26,3,13775.35,FEST50
ORD0019449,CUST01047,PROD00120,STORE023,2026-04-26,4,21426.16,
ORD0018613,CUST01361,PROD00105,STORE013,2026-04-26,3,17349.05,
ORD0020224,CUST00393,PROD00209,STORE006,2026-04-26,6,1508.47,FEST50
ORD0019854,CUST00502,PROD00165,STORE008,2026-04-26,6,16311.54,FEST50
ORD0020260,CUST00955,PROD00285,STORE003,2026-04-26,1,12534.28,FEST50
ORD0019147,CUST00673,PROD00254,STORE023,2026-04-26,3,12617.02,
ORD0018661,CUST01284,PROD00164,STORE016,2026-04-26,2,3269.93,
ORD0019883,CUST01162,PROD00242,STORE018,2026-04-23,3,2061.43,FEST50
ORD0019873,CUST00208,PROD00170,STORE002,2026-04-26,4,7480.69,
ORD0020093,CUST00438,PROD00167,STORE019,2026-04-26,3,22646.61,
ORD0019249,CUST00978,PROD00131,STORE011,2026-04-26,5,20542.12,
ORD0020113,CUST00572,PROD00269,STORE004,2026-04-26,4,13400.85,FEST50
ORD0018764,CUST00409,PROD00258,STORE024,2026-04-26,3,9030.43,
ORD0019166,CUST00021,PROD00259,STORE004,2026-04-23,3,4177.31,SAVE10
ORD0019390,CUST01312,PROD00247,STORE012,2026-04-19,3,1537.45,
ORD0020393,CUST00316,PROD00114,STORE011,2026-04-26,4,20412.98,SAVE10
ORD0020099,CUST00899,PROD00204,STORE023,2026-04-26,1,24788.47,
ORD0018952,CUST01098,PROD00231,STORE001,2026-04-26,4,24569.47,WELCOME5
ORD0019950,CUST00752,PROD00196,STORE007,2026-04-26,5,9183.77,SAVE10
ORD0020450,CUST00763,PROD00175,STORE016,2026-04-26,2,4508.12,
ORD0019280,CUST00073,PROD00204,STORE007,2026-04-26,5,21848.97,
ORD0018805,CUST01148,PROD00245,STORE018,2026-04-26,5,16273.7,SAVE10
ORD0019331,CUST00083,PROD00199,STORE019,2026-04-26,1,16926.93,
ORD0018652,CUST00643,PROD00195,STORE019,2026-04-26,2,4293.92,
ORD0019269,CUST00313,PROD00299,STORE022,2026-04-26,1,5849.21,FEST50
ORD0018850,CUST00060,PROD00295,STORE017,2026-04-26,3,21396.27,
ORD0019313,CUST01135,PROD00253,STORE025,2026-04-18,5,9086.78,
ORD0020366,CUST01309,PROD00261,STORE021,2026-04-26,6,8560.01,
ORD0018954,CUST00658,PROD00213,STORE007,2026-04-26,6,19731.98,
ORD0020322,CUST01178,PROD00233,STORE019,2026-04-26,3,5425.81,
ORD0019924,CUST01313,PROD00275,STORE017,2026-04-26,6,9774.27,
ORD0019000,CUST00986,PROD00239,STORE019,2026-04-26,4,4508.2,WELCOME5
ORD0019688,CUST00745,PROD00077,STORE004,2026-04-26,6,21293.3,
ORD0020063,,PROD00216,STORE013,2026-04-26,5,176.51,
ORD0020246,CUST00103,PROD00184,STORE022,2026-04-26,4,20883.65,
ORD0018633,CUST00877,PROD00217,STORE005,2026-04-17,5,4852.35,
ORD0019817,CUST00599,PROD00196,STORE008,2026-04-26,6,3690.15,
ORD0019728,CUST00848,PROD00276,STORE011,2026-04-26,2,13632.65,
ORD0019450,CUST00383,PROD00248,STORE013,2026-04-26,3,16262.33,SAVE10
ORD0020116,CUST00593,PROD00162,STORE008,2026-04-26,4,14966.27,WELCOME5
ORD0019138,CUST01113,PROD00116,STORE013,2026-04-26,3,7026.87,
ORD0019850,CUST00784,PROD00009,STORE007,2026-04-26,3,19419.71,FEST50
ORD0019691,CUST01479,PROD00176,STORE023,2026-04-26,3,14336.33,WELCOME5
ORD0018788,CUST00837,PROD00076,STORE024,2026-04-26,1,18936.37,
ORD0019293,CUST01270,PROD00217,STORE023,2026-04-26,3,1935.55,SAVE10
ORD0020399,CUST00731,PROD00268,STORE010,00/00/0000,4,9068.26,
ORD0019275,CUST00711,PROD00060,STORE001,2026-04-26,2,7988.51,
ORD0019408,CUST01343,PROD00104,STORE015,2026-04-26,3,1930.0,
ORD0019704,CUST00576,PROD00034,STORE019,2026-04-26,3,9163.44,SAVE10
ORD0018868,CUST00580,PROD00233,STORE019,2026-04-26,3,16116.85,WELCOME5
ORD0019002,CUST00619,PROD00070,STORE003,2026-04-26,3,17533.77,WELCOME5
ORD0018903,CUST00786,PROD00115,STORE016,2026-04-26,1,2843.48,
ORD0020057,CUST00751,PROD00021,STORE011,2026-04-26,2,16579.93,
ORD0019429,CUST00198,PROD00249,STORE022,2026-04-26,1,8679.34,WELCOME5
ORD0018949,CUST00506,PROD00144,STORE023,2026-04-26,3,11453.95,SAVE10
ORD0020019,CUST00690,PROD00037,STORE013,2026-04-26,1,12393.72,
ORD0019557,CUST01044,PROD00065,STORE021,2026-04-26,3,21981.91,
ORD0020037,CUST00958,PROD00211,STORE021,2026-04-26,3,14449.16,
ORD0019268,CUST00011,PROD00071,STORE019,2026-04-26,1,20149.43,FEST50
ORD0018946,CUST00856,PROD00212,STORE024,2026-04-26,4,13228.78,SAVE10
ORD0019222,CUST00096,,STORE014,2026-04-26,6,8021.99,WELCOME5
ORD0018581,CUST00427,PROD00147,STORE018,2026-04-26,5,24702.07,
ORD0019357,CUST00769,PROD00161,STORE019,2026-04-26,5,5609.75,FEST50
ORD0019040,CUST01470,PROD00093,STORE011,2026-04-26,2,22154.6,
ORD0020231,CUST00812,PROD00071,STORE007,not_a_date,3,787.52,FEST50
ORD0018634,CUST00169,PROD00234,STORE023,2026-04-26,5,15236.49,SAVE10
ORD0020021,CUST00262,PROD00100,STORE019,2026-04-26,1,unknown,WELCOME5
ORD0018565,CUST00208,PROD00158,STORE002,2026-04-26,6,5309.76,
ORD0018859,CUST00248,PROD00145,STORE007,2026-04-26,6,2164.04,
ORD0019736,CUST01270,PROD00006,STORE022,2026-04-26,6,16672.5,
ORD0019781,CUST00712,PROD00066,STORE014,2026-04-26,1,3317.75,
ORD0019487,,PROD00142,STORE008,2026-04-26,2,13376.49,WELCOME5
ORD0019737,CUST00680,PROD00192,STORE023,2026-04-26,2,15904.81,FEST50
ORD0019223,CUST01138,PROD00020,STORE022,2026-04-26,4,11664.89,WELCOME5
ORD0019019,CUST01444,PROD00223,STORE006,2026-04-26,2,914.07,SAVE10
ORD0019716,CUST01458,PROD00184,STORE019,2026-04-26,5,14741.47,
ORD0019404,CUST00138,PROD00246,STORE002,2026-04-26,1,12513.06,WELCOME5
ORD0019624,CUST00612,PROD00286,STORE022,2026-04-26,6,19605.03,
ORD0019915,CUST00750,PROD00245,STORE022,2026-13-40,5,11180.83,WELCOME5
ORD0020252,CUST01481,PROD00097,STORE002,2026-04-26,1,20387.05,WELCOME5
ORD0019484,CUST00732,PROD00251,STORE023,2026-04-21,4,14927.34,WELCOME5
ORD0019093,CUST01308,PROD00029,STORE017,2026-04-26,2,20961.96,WELCOME5
ORD0020337,CUST00143,PROD00207,STORE007,2026-04-26,5,13892.24,FEST50
ORD0019017,CUST00448,PROD00094,STORE021,not_a_date,3,19685.14,WELCOME5
ORD0019151,CUST00637,PROD00216,STORE013,2026-04-26,1,16614.19,
ORD0018765,CUST00665,PROD00225,STORE025,2026-04-26,2,16481.59,
ORD0018947,CUST00123,PROD00293,STORE006,2026-04-26,5,3026.44,
ORD0018767,,PROD00111,STORE002,2026-04-26,3,4485.98,WELCOME5
ORD0019188,CUST01255,PROD00167,STORE020,2026-04-26,3,24453.95,
ORD0019161,CUST00649,PROD00238,STORE007,2026-04-26,6,15756.51,WELCOME5
ORD0018627,CUST00714,PROD00130,STORE002,2026-04-26,4,23346.37,FEST50
ORD0019061,CUST00911,PROD00167,STORE012,2026-04-26,5,17387.45,
ORD0019601,CUST00152,PROD00088,STORE010,2026-04-26,4,15714.3,SAVE10
ORD0019650,CUST01441,PROD00095,STORE016,2026-04-26,6,8230.65,FEST50
ORD0020026,CUST01042,PROD00240,STORE006,2026-04-26,1,19472.37,
ORD0020342,CUST00225,PROD00294,STORE010,2026-04-26,3,9570.38,WELCOME5
ORD0020170,CUST00179,PROD00161,STORE001,2026-04-26,5,5299.08,
ORD0019074,CUST01429,PROD00077,STORE017,2026-04-26,5,12350.04,
ORD0020265,CUST00677,PROD00082,STORE004,2026-04-26,6,12451.72,WELCOME5
ORD0020098,CUST01327,PROD00165,STORE018,2026-04-26,4,5767.88,
ORD0018939,CUST00528,PROD00052,STORE002,2026-04-26,4,4459.73,
ORD0019895,CUST01469,PROD00269,STORE011,2026-04-26,3,2680.57,
ORD0018563,CUST01284,PROD00153,STORE006,2026-04-26,4,12960.48,FEST50
ORD0018625,CUST00132,PROD00033,STORE005,2026-04-26,2,202.54,WELCOME5
ORD0019379,CUST01119,PROD00126,STORE023,2026-04-26,6,7209.26,
ORD0020283,CUST01456,PROD00161,STORE001,2026-04-26,4,4786.84,SAVE10
ORD0019365,CUST01313,PROD00048,STORE011,2026-04-26,1,21910.63,FEST50
ORD0018807,CUST00294,PROD00089,STORE014,2026-04-26,3,10856.41,
ORD0020379,CUST01347,PROD00223,STORE007,2026-04-19,2,17355.65,FEST50
ORD0019828,CUST01177,PROD00226,STORE002,2026-04-26,6,11910.65,SAVE10
ORD0019611,CUST00064,PROD00040,STORE020,2026-04-26,6,10746.97,
ORD0019315,CUST01167,PROD00257,STORE020,2026-04-26,3,7713.88,
ORD0020499,CUST00876,PROD00186,STORE001,2026-04-26,2,18260.93,FEST50
ORD0020251,CUST01094,PROD00073,STORE006,2026-04-26,3,14451.82,SAVE10
ORD0019827,CUST00826,PROD00233,STORE002,2026-04-21,6,935.68,WELCOME5
ORD0020236,CUST01197,PROD00296,STORE005,2026-04-26,2,-5,FEST50
ORD0019475,CUST00641,PROD00142,STORE012,2026-04-26,4,17908.57,
ORD0020433,CUST00765,PROD00265,STORE019,2026-04-26,6,13664.86,SAVE10
ORD0020380,CUST00155,PROD00171,STORE009,2026-04-26,4,20260.33,
ORD0019317,CUST00566,PROD00034,STORE007,2026-04-26,5,19084.23,SAVE10
ORD0019073,CUST01040,PROD00069,STORE017,2026-04-26,2,612.58,FEST50
ORD0019998,CUST00426,PROD00025,STORE018,2026-04-21,5,2516.02,FEST50
ORD0019198,CUST00936,PROD00220,STORE019,2026-04-26,4,17428.75,SAVE10
ORD0019382,CUST00729,PROD00274,STORE004,2026-04-26,3,11387.58,
ORD0020332,CUST01147,PROD00042,STORE009,2026-04-17,5,22812.31,
ORD0020000,CUST00750,PROD00297,STORE007,2026-04-20,3,20119.62,SAVE10
ORD0019026,CUST00593,PROD00211,STORE015,2026-04-26,1,7352.87,
ORD0019089,CUST01117,PROD00241,STORE025,2026-04-26,3,19707.2,WELCOME5
ORD0019727,CUST01032,PROD00083,STORE019,2026-04-26,3,2858.8,
ORD0018773,CUST01454,PROD00067,STORE011,2026-04-26,3,6588.63,
ORD0019747,CUST00790,PROD00020,STORE022,2026-04-26,5,23766.26,
ORD0019233,CUST01113,PROD00127,STORE015,2026-04-26,2,7210.5,
ORD0018659,CUST00947,PROD00037,STORE009,2026-04-26,6,2019.43,WELCOME5
ORD0019272,CUST01322,PROD00216,STORE016,2026-04-26,2,17964.31,
ORD0019066,CUST00260,PROD00126,STORE021,2026-04-26,5,7789.74,
ORD0019243,CUST00908,PROD00033,STORE008,2026-04-26,3,12376.15,WELCOME5
ORD0019417,CUST01228,PROD00002,STORE014,2026-04-26,6,15498.39,WELCOME5
ORD0020317,CUST00671,PROD00155,STORE008,2026-04-26,4,17264.39,
ORD0018697,CUST00785,PROD00128,STORE020,2026-04-26,4,6065.16,
ORD0018941,CUST01437,PROD00237,STORE016,2026-04-23,-1,2123.46,
ORD0020350,CUST00878,PROD00018,STORE013,2026-04-26,2,20203.82,SAVE10
ORD0020315,CUST01110,PROD00089,STORE019,2026-04-26,4,18411.12,WELCOME5
ORD0020027,CUST01018,PROD00013,STORE020,2026-04-26,4,7777.88,WELCOME5
ORD0020419,CUST00006,PROD00242,STORE016,2026-04-26,6,10962.41,SAVE10
ORD0020135,CUST00907,PROD00088,STORE021,2026-04-26,1,15742.06,
ORD0020110,CUST00709,PROD00132,STORE020,2026-04-20,3,23511.61,
ORD0018721,CUST01440,PROD00207,STORE013,2026-04-26,6,3812.65,WELCOME5
ORD0019815,CUST00813,PROD00296,STORE001,2026-04-26,4,13798.84,WELCOME5
ORD0019968,CUST00676,PROD00068,STORE017,2026-04-26,4,8545.17,
ORD0020169,CUST00292,PROD00280,STORE001,2026-04-23,4,14797.6,
ORD0019823,CUST00104,PROD00216,STORE006,2026-04-26,1,17152.85,
ORD0019508,CUST00215,PROD00186,STORE018,2026-04-26,1,8478.53,
ORD0018506,,PROD00269,STORE022,2026-04-26,2,11927.7,SAVE10
ORD0018969,CUST01122,PROD00144,STORE025,2026-04-26,3,19814.18,
ORD0019595,CUST00633,PROD00190,STORE021,2026-04-26,5,7099.39,SAVE10
ORD0019122,CUST01397,PROD00127,STORE014,2026-04-26,3,18598.07,
ORD0020119,CUST01270,PROD00289,STORE010,2026-04-26,3,1715.08,
ORD0018658,CUST00549,PROD00162,STORE020,2026-04-26,5,1435.13,
ORD0019579,CUST00762,PROD00257,STORE022,2026-04-26,6,20062.6,FEST50
ORD0019570,CUST00640,PROD00279,STORE020,2026-04-26,5,13437.71,
ORD0020103,CUST01397,PROD00147,STORE017,2026-04-26,4,23272.55,
ORD0019887,CUST00905,PROD00011,STORE009,2026-04-26,1,16775.06,SAVE10
ORD0019090,CUST01229,PROD00127,STORE019,2026-04-23,1,23145.13,
ORD0018761,CUST00115,PROD00038,STORE022,2026-04-26,4,21024.49,SAVE10
ORD0020104,CUST00853,PROD00100,STORE016,2026-04-26,6,2700.53,WELCOME5
ORD0018836,CUST00999,PROD00292,STORE023,2026-04-26,2,18251.41,
ORD0018706,CUST01404,PROD00096,STORE022,2026-04-26,2,20219.62,WELCOME5
ORD0018912,CUST01179,PROD00255,STORE001,2026-04-16,3,8523.51,
ORD0018941,CUST01437,PROD00237,STORE016,2026-04-23,-1,2123.46,
ORD0018622,CUST01015,PROD00234,STORE018,2026-04-26,2,19965.15,
ORD0019057,CUST00321,PROD00041,STORE022,2026-04-26,2,10642.79,WELCOME5
ORD0019714,CUST01422,PROD00266,STORE010,2026-04-18,2,12877.25,
ORD0018940,CUST00557,PROD00216,STORE001,2026-04-26,1,21808.36,SAVE10
ORD0020409,CUST01358,PROD00166,STORE014,2026-04-26,5,21766.46,
ORD0019217,CUST00829,PROD00181,STORE011,2026-04-26,1,23762.56,
ORD0018965,CUST00603,PROD00116,STORE016,2026-04-26,3,10331.09,FEST50
ORD0019358,CUST00741,PROD00035,STORE019,2026-04-26,2,6401.51,
ORD0019888,CUST01416,PROD00273,STORE002,2026-04-26,3,16878.49,
ORD0019930,CUST01136,PROD00205,STORE025,2026-04-26,5,16880.51,WELCOME5
ORD0019851,CUST00248,PROD00263,STORE019,2026-04-26,5,8619.84,
ORD0019857,CUST00604,PROD00017,STORE024,2026-04-26,4,18636.18,SAVE10
ORD0019260,CUST00895,PROD00109,STORE018,2026-04-26,1,6939.17,WELCOME5
ORD0019555,CUST01033,PROD00127,STORE025,2026-04-26,5,4640.02,SAVE10
ORD0019516,CUST00206,PROD00102,STORE002,2026-04-26,3,3287.47,SAVE10
ORD0018790,CUST00808,PROD00002,STORE009,2026-04-26,6,13427.32,WELCOME5
ORD0019370,CUST00782,PROD00207,STORE014,2026-04-26,4,18226.32,
ORD0019947,CUST00912,PROD00236,STORE017,2026-04-26,2,15794.62,WELCOME5
ORD0019981,CUST00244,PROD00210,STORE006,2026-04-26,1,23546.23,FEST50
ORD0020348,CUST00191,PROD00174,STORE006,2026-04-26,6,16496.24,FEST50
ORD0020114,CUST01489,PROD00183,STORE015,2026-04-26,4,9750.27,
ORD0019054,CUST00687,PROD00269,STORE024,2026-04-16,1,4287.88,
ORD0020105,CUST00890,PROD00254,STORE023,2026-04-26,6,4584.53,FEST50
ORD0020242,CUST01432,PROD00171,STORE012,2026-04-26,3,abc,
ORD0018958,CUST00265,PROD00249,STORE003,2026-04-26,3,9408.01,
ORD0019244,CUST00938,PROD00132,STORE024,2026-04-21,two,23076.53,
ORD0020308,CUST01438,PROD00074,STORE013,2026-04-26,2,18756.57,
ORD0019478,CUST01073,PROD00092,STORE017,2026-04-26,3,20074.03,
ORD0019238,CUST00859,PROD00220,STORE016,2026-04-26,2,12210.48,
ORD0019703,CUST00866,PROD00186,STORE008,2026-04-26,5,230.86,WELCOME5
ORD0019923,CUST00040,PROD00249,STORE011,2026-04-18,1,13877.93,FEST50
ORD0019692,CUST00339,PROD00122,STORE020,2026-04-26,1,3474.3,
ORD0018866,CUST00093,PROD00295,STORE021,2026-04-26,3,23242.38,WELCOME5
ORD0019414,CUST01073,,STORE011,2026-04-26,3,15206.03,
ORD0020247,CUST01487,PROD00234,STORE011,2026-04-26,2,17156.12,FEST50
ORD0018915,CUST00120,PROD00297,STORE003,2026-04-26,4,23459.0,
ORD0019296,CUST00954,PROD00164,STORE022,2026-04-26,1,22273.27,FEST50
ORD0018691,CUST00207,PROD00069,STORE023,2026-04-26,4,9962.41,SAVE10
ORD0020213,CUST00062,PROD00273,STORE005,2026-04-26,2,12291.18,
ORD0018546,CUST00732,PROD00111,STORE011,2026-04-26,2,477.89,
ORD0020016,CUST01092,PROD00235,STORE012,2026-04-21,5,9583.4,
ORD0018804,CUST00994,PROD00016,STORE016,2026-13-40,2,19922.91,
ORD0018757,CUST00840,,STORE008,2026-04-26,6,9919.83,SAVE10
ORD0020171,CUST00133,PROD00092,STORE014,2026-04-26,4,17643.84,WELCOME5
ORD0018981,CUST01186,PROD00127,STORE024,2026-04-26,1,18139.51,
ORD0020333,CUST00180,PROD00119,STORE016,2026-04-26,2,630.0,
ORD0018898,CUST01339,PROD00072,STORE010,2026-04-26,2,23316.34,FEST50
ORD0018712,CUST01230,PROD00141,STORE014,2026-04-26,4,20060.21,SAVE10
ORD0020049,CUST01271,PROD00237,STORE007,2026-04-26,1,19003.07,
ORD0019856,CUST01245,PROD00033,STORE025,2026-04-26,2,6516.74,
ORD0019581,CUST00541,PROD00161,STORE012,2026-04-26,4,8215.34,SAVE10
ORD0019729,CUST01054,PROD00089,STORE004,2026-04-26,3,3116.39,WELCOME5
ORD0019356,CUST00420,PROD00262,STORE022,2026-04-26,5,12133.03,
ORD0019633,CUST00012,PROD00162,STORE004,2026-04-26,5,9251.86,
ORD0019206,CUST00982,PROD00019,STORE006,2026-04-26,2,17144.9,SAVE10
ORD0019550,CUST00759,PROD00186,STORE005,2026-04-20,2,24695.27,WELCOME5
ORD0018935,CUST01129,PROD00259,STORE025,2026-04-26,6,4498.97,
ORD0018873,CUST00905,PROD00245,STORE008,2026-04-26,3,4208.41,WELCOME5
ORD0020468,CUST00051,PROD00300,STORE024,2026-04-26,5,17193.37,
ORD0019456,CUST01439,PROD00029,STORE012,2026-04-26,1,15027.7,FEST50
ORD0020296,CUST01172,PROD00152,STORE005,2026-04-26,6,4331.83,SAVE10
ORD0019103,CUST00707,PROD00197,STORE013,2026-04-26,1,14872.53,FEST50
ORD0018955,CUST01223,PROD00105,STORE021,2026-04-26,4,5231.47,WELCOME5
ORD0018817,CUST00463,PROD00210,STORE012,2026-04-26,1,20851.07,
ORD0019925,CUST01082,PROD00102,STORE019,2026-04-26,5,15126.63,
ORD0019043,CUST00905,PROD00053,STORE023,2026-04-16,2,3347.37,SAVE10
ORD0020320,CUST00954,PROD00049,STORE021,2026-04-26,2,13295.14,
ORD0020205,CUST01381,PROD00121,STORE009,2026-04-26,5,14355.93,SAVE10
ORD0019307,CUST00014,PROD00211,STORE010,2026-04-26,3,15611.41,
ORD0018856,CUST00613,PROD00294,STORE020,2026-04-26,1,19710.26,SAVE10
ORD0019805,CUST00565,PROD00203,STORE025,2026-04-26,6,18385.16,SAVE10
ORD0018636,CUST01085,PROD00205,STORE004,2026-04-26,4,18148.38,
ORD0019349,CUST01255,PROD00248,STORE010,2026-04-26,1,17961.63,WELCOME5
ORD0018803,CUST01442,PROD00256,STORE020,2026-04-16,1,18335.81,
ORD0018690,CUST01471,PROD00191,STORE011,2026-04-26,6,13543.43,SAVE10
ORD0019764,CUST00154,PROD00174,STORE023,2026-04-26,6,14400.0,FEST50
ORD0018607,CUST00683,,STORE013,2026-04-23,1,13032.86,FEST50
ORD0019877,CUST00927,PROD00278,STORE013,2026-04-26,6,16107.39,SAVE10
ORD0019032,CUST00321,PROD00015,STORE011,2026-04-26,6,16001.43,
ORD0019799,CUST00773,PROD00101,STORE019,2026-04-26,3,21422.94,FEST50
ORD0018717,CUST00966,PROD00100,STORE015,2026-04-26,1,10729.13,
ORD0019706,CUST00797,PROD00001,STORE022,2026-04-26,6,12356.48,
ORD0020031,CUST00755,PROD00015,STORE022,2026-04-26,6,8564.89,
ORD0020036,CUST00065,PROD00097,STORE014,2026-04-20,3,801.66,
ORD0019106,CUST01072,PROD00058,STORE020,2026-04-18,4,15136.52,WELCOME5
ORD0018759,CUST00404,PROD00247,STORE018,2026-04-26,1,15244.87,
ORD0018588,CUST00013,PROD00280,STORE023,2026-04-26,6,10300.91,FEST50
ORD0019323,CUST00229,PROD00067,STORE007,2026-04-26,2,13929.5,
ORD0019201,CUST00753,,STORE011,2026-04-26,2,8468.5,WELCOME5
ORD0019431,CUST00635,PROD00090,STORE014,2026-04-26,4,11700.69,SAVE10
ORD0019016,CUST01012,PROD00076,STORE014,2026-04-26,3,18159.46,
ORD0019264,CUST00039,PROD00212,STORE016,2026-04-26,4,8222.64,
ORD0019953,CUST01372,PROD00104,STORE007,2026-04-26,6,13816.83,
ORD0019181,CUST01074,PROD00130,STORE001,2026-04-26,2,11669.13,
ORD0019287,CUST01499,PROD00158,STORE019,2026-04-18,2,1584.0,
ORD0020161,CUST00105,PROD00251,STORE003,2026-04-26,1,17598.8,
ORD0018825,CUST01203,PROD00178,STORE017,2026-04-26,5,7016.42,
ORD0020274,CUST00820,PROD00235,STORE007,2026-04-17,1,18215.88,SAVE10
ORD0019461,CUST00259,PROD00028,STORE016,2026-04-26,4,2327.47,
ORD0019874,CUST00018,PROD00286,STORE017,2026-04-26,1,17852.16,WELCOME5
ORD0019459,CUST01217,PROD00255,STORE005,2026-04-26,5,6816.03,
ORD0019904,CUST00958,PROD00262,STORE002,2026-04-26,6,3573.92,FEST50
ORD0019397,CUST01474,PROD00013,STORE012,2026-04-26,3,20659.69,
ORD0018877,CUST01351,PROD00197,STORE020,2026-04-26,5,4202.59,SAVE10
ORD0019618,CUST01032,PROD00255,STORE003,2026-04-26,3,9846.42,WELCOME5
ORD0018816,CUST00576,PROD00070,STORE002,2026-04-26,1,7012.03,SAVE10
ORD0020253,CUST00860,PROD00079,STORE005,2026-04-26,1,18782.27,SAVE10
ORD0018638,CUST01104,PROD00209,STORE015,2026-04-26,1,4781.51,
ORD0020211,CUST01387,PROD00051,STORE017,2026-04-26,5,6677.14,WELCOME5
ORD0019278,CUST00284,PROD00034,STORE016,2026-04-26,5,17082.09,
ORD0019737,CUST00680,PROD00192,STORE023,2026-04-26,2,15904.81,FEST50
ORD0019911,CUST01296,PROD00151,STORE012,2026-04-26,4,22110.29,
ORD0020384,CUST00618,PROD00078,STORE008,2026-04-26,3,13802.33,SAVE10
ORD0018550,CUST00235,PROD00149,STORE004,2026-04-26,2,19801.93,
ORD0019279,CUST01356,PROD00025,STORE003,2026-04-21,1,24645.38,
ORD0020162,CUST01207,PROD00093,STORE019,2026-04-26,5,9028.44,
ORD0018508,CUST01485,PROD00123,STORE002,2026-04-22,5,5442.01,WELCOME5
ORD0019777,CUST00415,PROD00132,STORE001,2026-04-26,1,16139.1,
ORD0019118,CUST01001,PROD00253,STORE014,2026-04-26,2,19553.66,
ORD0018568,CUST01436,PROD00233,STORE014,2026-04-26,4,22361.82,
ORD0019699,CUST00731,PROD00135,STORE015,2026-04-26,3,19322.55,FEST50
ORD0019660,CUST00773,PROD00020,STORE025,2026-04-26,3,13066.34,
ORD0020183,CUST01225,PROD00083,STORE017,2026-04-26,3,-5,
ORD0018715,CUST00431,PROD00070,STORE006,2026-04-16,6,1127.92,
ORD0018891,CUST01490,PROD00109,STORE012,2026-04-26,1,24121.28,SAVE10
ORD0020486,CUST00592,PROD00020,STORE024,2026-04-26,5,20091.99,WELCOME5
ORD0019480,CUST00488,PROD00104,STORE021,2026-04-26,3,3468.68,
ORD0020080,CUST01484,PROD00076,STORE002,2026-04-26,3,20411.02,
ORD0019634,CUST01427,PROD00044,STORE005,2026-04-26,5,4956.57,
ORD0018942,CUST00097,PROD00277,STORE011,2026-04-26,1,24968.28,SAVE10
ORD0019068,CUST00781,PROD00012,STORE012,2026-04-26,2,13692.34,
ORD0019271,CUST00214,PROD00087,STORE016,2026-04-26,2,9313.5,
ORD0019819,CUST00607,PROD00190,STORE019,2026-04-26,4,17122.56,
ORD0018534,CUST00069,PROD00239,STORE016,2026-04-26,5,15500.48,SAVE10
ORD0018895,CUST00622,PROD00007,STORE016,2026-04-26,5,8300.68,SAVE10
ORD0018735,CUST00609,PROD00126,STORE004,2026-04-26,5,18281.72,
ORD0019191,CUST01181,PROD00021,STORE002,2026-04-26,1,12430.1,
ORD0020467,CUST00735,,STORE007,2026-04-26,1,17160.29,WELCOME5
ORD0019639,CUST00962,PROD00054,STORE010,2026-04-26,3,11639.99,SAVE10
ORD0019024,CUST00143,PROD00161,STORE006,2026-04-26,3,12486.6,
ORD0019212,CUST00613,PROD00300,STORE022,2026-04-26,5,11395.6,
ORD0018640,CUST00491,PROD00145,STORE015,2026-04-26,2,1881.7,WELCOME5
ORD0019209,CUST01483,PROD00142,STORE010,2026-04-26,3,13456.84,
ORD0020184,CUST01005,PROD00003,STORE025,2026-04-26,5,17076.58,FEST50
ORD0018861,CUST00908,PROD00190,STORE011,2026-04-26,6,13074.95,WELCOME5
ORD0020459,CUST00056,PROD00015,STORE025,2026-04-26,5,12609.94,SAVE10
ORD0018556,CUST00026,PROD00269,STORE016,,5,19130.94,WELCOME5
ORD0019932,CUST01475,PROD00214,STORE021,2026-04-26,4,10468.04,WELCOME5
ORD0019020,CUST01157,PROD00075,STORE009,2026-04-26,2,20463.97,WELCOME5
ORD0019276,CUST00110,PROD00199,STORE005,2026-04-26,two,10321.68,FEST50
ORD0020034,CUST01307,PROD00287,STORE020,2026-04-26,6,8673.55,WELCOME5
ORD0018910,CUST00228,PROD00259,STORE020,2026-04-26,1,8806.6,
ORD0020209,CUST01223,PROD00252,STORE006,2026-04-26,5,21676.08,SAVE10
ORD0019079,CUST00331,PROD00040,STORE020,2026-04-26,4,1999.47,FEST50
ORD0019078,CUST00712,PROD00016,STORE004,2026-04-26,3,1764.88,WELCOME5
ORD0019587,CUST00046,PROD00062,STORE006,2026-04-26,6,17203.38,
ORD0019680,CUST01156,PROD00106,STORE016,2026-04-26,1,6932.12,FEST50
ORD0018666,CUST01379,PROD00146,STORE011,2026-04-26,5,17623.91,
ORD0019820,CUST00491,PROD00197,STORE018,2026-04-23,6,4061.47,
ORD0019387,CUST00357,PROD00158,STORE022,2026-04-26,3,14648.98,SAVE10
ORD0018701,CUST00132,PROD00100,STORE023,2026-04-26,5,14347.75,
ORD0019168,CUST00696,PROD00028,STORE010,2026-04-26,3,19238.8,SAVE10
ORD0020340,CUST00183,PROD00238,STORE007,2026-04-26,3,6688.27,SAVE10
ORD0019334,CUST00879,PROD00192,STORE020,2026-04-26,5,10333.53,SAVE10
ORD0019657,CUST01339,PROD00173,STORE014,2026-04-26,6,8643.39,
ORD0018693,CUST00825,PROD00283,STORE001,2026-04-26,3,17059.23,
ORD0020160,CUST01182,PROD00086,STORE024,2026-04-26,5,14324.18,
ORD0020151,CUST00163,PROD00280,STORE006,2026-04-26,4,21059.75,
ORD0019045,CUST01100,PROD00020,STORE016,2026-04-26,3,12860.56,SAVE10
ORD0019282,CUST00404,PROD00051,STORE020,2026-04-26,4,22947.22,SAVE10
ORD0019288,CUST00921,PROD00040,STORE022,2026-04-26,4,17982.66,FEST50
ORD0020489,CUST01491,PROD00057,STORE012,2026-04-26,3,19307.21,WELCOME5
ORD0019361,CUST00127,PROD00215,STORE006,2026-04-26,1,16391.66,
ORD0019684,CUST00047,PROD00077,STORE016,2026-04-26,3,2588.69,
ORD0019102,CUST01423,PROD00260,STORE003,2026-04-26,4,5004.24,
ORD0019497,CUST00389,PROD00100,STORE014,2026-04-26,2,19409.95,
ORD0018996,CUST01177,PROD00159,STORE024,2026-04-26,3,786.94,FEST50
ORD0019227,CUST01066,PROD00114,STORE024,2026-04-26,6,11887.51,
ORD0019328,CUST01171,PROD00026,STORE012,2026-04-16,4,12145.86,SAVE10
ORD0018781,CUST00840,PROD00035,STORE002,2026-04-26,5,5523.9,SAVE10
ORD0019798,CUST00950,PROD00068,STORE022,2026-04-26,2,21760.6,FEST50
ORD0019162,CUST01460,PROD00055,STORE013,2026-04-26,5,14383.73,
ORD0019205,CUST01419,PROD00036,STORE001,2026-04-26,5,9371.83,SAVE10
ORD0020385,CUST00849,PROD00088,STORE010,2026-04-26,6,14217.57,
ORD0019631,CUST00914,PROD00239,STORE024,2026-04-26,5,1529.72,SAVE10
ORD0019607,CUST00567,PROD00190,STORE010,2026-04-26,1,9916.93,
ORD0019806,CUST00577,PROD00220,STORE002,2026-04-26,5,17260.46,
ORD0019135,CUST01405,PROD00189,STORE017,2026-04-26,4,9422.93,
ORD0018566,CUST00456,PROD00266,STORE018,2026-04-26,5,18376.33,WELCOME5
ORD0019395,CUST01262,PROD00241,STORE015,2026-04-26,3,5152.33,WELCOME5
ORD0019420,CUST00024,PROD00281,STORE024,2026-04-26,3,3909.0,
ORD0020045,CUST00480,PROD00102,STORE023,2026-04-26,6,23399.16,
ORD0019839,CUST00479,PROD00199,STORE023,2026-04-26,2,23931.91,WELCOME5
ORD0018540,CUST00718,PROD00060,STORE019,2026-04-26,5,11848.05,SAVE10
ORD0019614,CUST00770,PROD00271,STORE015,2026-04-26,6,17647.64,SAVE10
ORD0019600,CUST00005,PROD00060,STORE021,2026-04-17,2,13269.73,
ORD0020007,CUST00333,PROD00143,STORE020,2026-04-26,2,unknown,FEST50
ORD0019954,CUST00552,PROD00192,STORE021,2026-04-26,6,21287.87,WELCOME5
ORD0018989,,PROD00159,STORE018,2026-04-26,3,2392.5,SAVE10
ORD0018893,CUST00600,PROD00012,STORE012,2026-04-26,1,10623.16,SAVE10
ORD0020075,CUST00372,PROD00231,STORE005,2026-04-22,2,199.13,
ORD0019708,CUST01182,PROD00241,STORE012,2026-04-26,6,18593.06,SAVE10
ORD0019640,CUST01131,PROD00237,STORE012,2026-04-26,2,21994.72,WELCOME5
ORD0019598,CUST00329,PROD00029,STORE022,2026-04-26,3,19046.19,
ORD0018559,CUST00114,PROD00197,STORE002,2026-04-26,5,7701.12,
ORD0020294,CUST00934,PROD00103,STORE015,2026-04-26,5,15271.3,FEST50
ORD0019731,CUST00933,PROD00084,STORE023,2026-04-26,2,22314.68,
ORD0018924,CUST01344,PROD00208,STORE021,2026-04-26,4,22787.16,
ORD0018787,CUST01198,PROD00181,STORE017,2026-04-26,5,22947.62,FEST50
ORD0019824,CUST01175,PROD00224,STORE004,2026-04-26,4,1904.08,SAVE10
ORD0018644,CUST00796,PROD00016,STORE019,2026-04-26,3,23188.9,FEST50
ORD0019111,CUST00995,PROD00089,STORE021,2026-04-26,2,17659.25,
ORD0019104,CUST01108,PROD00040,STORE005,2026-04-26,6,494.61,FEST50
ORD0020310,CUST01410,PROD00229,STORE018,2026-04-26,1,1867.34,
ORD0019342,CUST00451,PROD00150,STORE025,2026-04-26,3,13966.1,FEST50
ORD0019770,CUST00493,PROD00274,STORE003,2026-04-26,4,10260.98,WELCOME5
ORD0020336,CUST01179,PROD00300,STORE012,2026-04-26,2,14529.97,WELCOME5
ORD0020311,CUST01202,PROD00062,STORE012,2026-04-26,3,23215.26,
ORD0020281,CUST00071,PROD00118,STORE001,2026-04-26,3,10135.23,
ORD0019495,CUST01208,PROD00146,STORE003,2026-04-26,4,6676.88,WELCOME5
ORD0018950,CUST00079,PROD00269,STORE010,2026-04-26,3,8185.42,
ORD0020395,CUST00770,PROD00296,STORE003,2026-04-26,2,12653.19,
ORD0018944,CUST00607,PROD00241,STORE012,2026-04-26,1,12431.19,
ORD0020388,CUST01358,PROD00099,STORE023,2026-04-26,5,17026.61,FEST50
ORD0019636,CUST00740,PROD00110,STORE020,2026-04-26,5,2932.56,WELCOME5
ORD0018514,CUST00782,PROD00266,STORE014,2026-04-26,5,5783.69,FEST50
ORD0018646,CUST00318,PROD00278,STORE013,2026-04-26,5,22379.51,
ORD0020401,CUST00551,PROD00150,STORE007,2026-04-26,3,4473.69,
ORD0019989,CUST00174,PROD00257,STORE021,2026-04-26,4,24051.62,
ORD0019608,CUST00378,PROD00133,STORE016,2026-04-26,4,7235.74,FEST50
ORD0019526,CUST00478,PROD00079,STORE009,2026-04-26,2,12488.03,SAVE10
ORD0019338,CUST00872,PROD00020,STORE010,2026-04-26,1,10690.54,
ORD0020451,CUST00345,PROD00277,STORE025,2026-04-23,3,8704.85,WELCOME5
ORD0020229,CUST01093,PROD00109,STORE004,2026-04-26,5,abc,WELCOME5
ORD0019881,CUST01370,PROD00251,STORE018,2026-04-26,3,1633.71,
ORD0019186,CUST01367,PROD00179,STORE006,2026-04-26,1,13126.29,SAVE10
ORD0020179,CUST00655,PROD00146,STORE023,2026-04-26,6,23070.31,WELCOME5
ORD0018648,CUST00031,PROD00180,STORE010,2026-04-26,3,1450.83,
ORD0020335,CUST00379,PROD00114,STORE009,2026-04-26,1,3065.05,
ORD0018819,CUST00599,PROD00047,STORE008,2026-04-26,3,22609.86,
ORD0020018,CUST00192,PROD00016,STORE005,2026-04-26,3,20939.98,WELCOME5
ORD0019536,CUST00637,PROD00045,STORE001,2026-04-26,1,2330.26,
ORD0018657,CUST01384,PROD00087,STORE003,2026-04-26,4,3421.22,
ORD0020076,CUST01110,PROD00009,STORE018,2026-04-26,6,11907.07,WELCOME5
ORD0020255,CUST01475,PROD00035,STORE004,2026-04-26,4,8633.07,WELCOME5
ORD0019140,CUST00272,PROD00132,STORE024,2026-04-26,5,21895.05,SAVE10
ORD0018505,CUST01045,PROD00229,STORE001,2026-04-20,5,13654.16,
ORD0019535,CUST00381,PROD00182,STORE020,2026-04-26,4,3621.23,
ORD0019225,CUST00506,PROD00183,STORE020,2026-04-26,1,23322.16,SAVE10
ORD0020092,CUST01214,PROD00128,STORE002,2026-04-26,6,5289.09,
ORD0020272,CUST00844,PROD00085,STORE008,2026-04-26,2,2138.42,FEST50
ORD0019446,CUST01330,PROD00154,STORE012,2026-04-26,5,1103.56,
ORD0018837,CUST00406,PROD00047,STORE015,2026-04-26,6,2058.87,
ORD0019518,CUST00319,PROD00278,STORE002,2026-04-26,6,1780.72,SAVE10
ORD0019789,CUST00014,PROD00276,STORE010,2026-04-26,3,12271.34,
ORD0019139,CUST01173,PROD00248,STORE011,2026-04-26,4,24845.32,SAVE10
ORD0018669,CUST00052,PROD00225,STORE011,2026-04-26,5,18464.85,
ORD0019725,CUST00054,PROD00021,STORE016,2026-04-26,5,534.47,WELCOME5
ORD0018606,CUST01181,PROD00104,STORE024,2026-04-26,4,22962.12,
ORD0020072,CUST01177,PROD00201,STORE015,2026-04-26,2,19659.54,FEST50
ORD0018746,CUST01395,PROD00139,STORE009,2026-04-26,3,17093.49,
ORD0019143,CUST01436,PROD00162,STORE015,2026-04-26,2,5239.18,
ORD0019468,CUST00502,PROD00183,STORE009,2026-04-26,3,6202.78,FEST50
ORD0018857,CUST00083,PROD00098,STORE019,2026-04-26,5,14067.58,SAVE10
ORD0018917,CUST00619,PROD00212,STORE017,2026-04-26,2,23211.15,
ORD0020367,CUST00152,PROD00251,STORE013,2026-04-26,1,16682.7,FEST50
ORD0020303,CUST01309,PROD00055,STORE019,2026-04-26,1,13311.31,
ORD0019208,CUST00549,PROD00274,STORE008,2026-04-26,3,14714.1,
ORD0019844,CUST00332,PROD00066,STORE012,2026-04-26,6,15683.63,
ORD0019655,CUST00624,PROD00287,STORE022,2026-04-26,5,17562.66,
ORD0018579,CUST00758,PROD00209,STORE002,2026-04-26,1,1747.51,SAVE10
ORD0020130,CUST00375,PROD00109,STORE009,2026-04-26,2,19715.7,WELCOME5
ORD0019931,CUST00031,PROD00253,STORE009,2026-04-26,4,2267.98,WELCOME5
ORD0019479,CUST01244,PROD00236,STORE007,2026-04-26,1,13406.97,SAVE10
ORD0018703,CUST00091,PROD00180,STORE004,2026-04-26,4,21258.96,
ORD0019645,CUST01280,PROD00165,STORE010,2026-04-26,3,7821.83,
ORD0018929,CUST00454,PROD00155,STORE010,2026-04-26,3,$13744.17,
ORD0018683,CUST01148,PROD00038,STORE013,2026-04-26,2,8722.74,WELCOME5
ORD0020087,CUST01164,PROD00008,STORE024,2026-04-26,5,21742.01,
ORD0019724,CUST00097,PROD00003,STORE003,2026-04-26,3,23287.07,SAVE10
ORD0020376,CUST00488,PROD00033,STORE013,2026-04-26,2,23887.24,FEST50
ORD0020188,CUST01194,PROD00022,STORE024,2026-04-26,1,20636.05,
ORD0019744,CUST00587,PROD00132,STORE012,2026-04-26,4,6334.42,WELCOME5
ORD0019523,CUST01388,,STORE011,2026-04-26,2,6312.15,
ORD0019258,CUST00808,PROD00098,STORE022,2026-04-26,3,17079.75,
ORD0020262,CUST00978,PROD00143,STORE019,2026-04-26,2,10141.5,
ORD0019364,CUST00023,PROD00133,STORE013,2026-04-26,5,19196.11,
ORD0018810,CUST00792,PROD00238,STORE015,2026-04-19,6,19548.52,
ORD0018786,CUST00787,PROD00220,STORE015,2026-04-26,3,19462.92,WELCOME5
ORD0018521,CUST00826,PROD00020,STORE013,2026-04-26,6,20240.84,FEST50
ORD0019906,CUST00125,PROD00177,STORE013,2026-04-26,6,12029.38,SAVE10
ORD0019539,CUST00260,PROD00186,STORE018,2026-04-26,4,4602.22,WELCOME5
ORD0018645,CUST00374,PROD00073,STORE012,2026-04-26,5,12850.02,
ORD0018845,CUST01090,PROD00189,STORE021,2026-04-26,5,10739.27,FEST50
ORD0020155,CUST01329,PROD00243,STORE010,2026-04-26,2,10818.77,
ORD0019928,CUST01449,PROD00165,STORE020,2026-04-18,5,10258.22,
ORD0020166,CUST00703,PROD00159,STORE023,2026-04-26,4,23370.59,
ORD0019208,CUST00549,PROD00274,STORE008,2026-04-26,3,14714.1,
ORD0018668,CUST00759,PROD00183,STORE013,2026-04-26,6,17271.8,
ORD0020377,CUST01257,PROD00036,STORE016,2026-04-26,4,1918.77,FEST50
ORD0020158,CUST00110,PROD00038,STORE017,2026-04-26,2,3078.32,
ORD0019041,CUST01196,PROD00029,STORE009,2026-04-26,6,12884.32,FEST50
ORD0019464,CUST00017,PROD00049,STORE014,2026-04-20,5,22630.78,
ORD0020278,CUST00249,PROD00185,STORE024,2026-04-26,4,18644.74,
ORD0019164,CUST00612,,STORE007,2026-04-26,4,18300.72,WELCOME5
ORD0019860,CUST01031,PROD00045,STORE016,2026-04-26,6,18227.1,
ORD0018757,CUST00840,,STORE008,2026-04-26,6,9919.83,SAVE10
ORD0019604,CUST00255,PROD00211,STORE008,2026-04-26,3,271.39,
ORD0020462,CUST01087,PROD00189,STORE002,2026-04-26,1,9363.78,
ORD0018577,CUST00165,PROD00124,STORE004,2026-04-20,4,8900.42,WELCOME5
ORD0018587,CUST00645,PROD00216,STORE013,2026-04-26,2,12909.62,
ORD0019599,,PROD00188,STORE017,2026-04-26,5,15783.01,WELCOME5
ORD0020232,CUST01102,PROD00215,STORE025,2026-04-26,3,8157.66,SAVE10
ORD0020085,CUST00197,PROD00266,STORE024,2026-04-26,2,14614.02,
ORD0018953,CUST00727,PROD00247,STORE013,2026-04-26,3,17249.05,WELCOME5
ORD0019036,CUST00328,PROD00002,STORE010,2026-04-26,1,8030.81,WELCOME5
ORD0018624,CUST01118,PROD00004,STORE024,2026-04-26,4,11156.77,
ORD0019028,CUST00773,PROD00299,STORE020,2026-04-26,4,13429.28,
ORD0019938,CUST01065,PROD00210,STORE018,2026-04-19,3,6519.92,FEST50
ORD0019503,CUST00634,PROD00027,STORE002,2026-04-26,3,19189.79,
ORD0019316,CUST00327,PROD00168,STORE005,2026-04-26,1,20830.24,WELCOME5
ORD0018549,CUST00003,PROD00287,STORE017,2026-04-26,4,18749.15,
ORD0018736,CUST00498,PROD00241,STORE022,2026-04-26,3,16704.75,SAVE10
ORD0020001,CUST00117,PROD00297,STORE013,2026-04-26,3,23599.66,
ORD0020412,CUST00325,PROD00271,STORE005,2026-04-26,5,18716.57,
ORD0019957,CUST00869,PROD00067,STORE017,2026-04-26,3,14313.77,
ORD0018991,CUST01388,PROD00016,STORE022,2026-04-16,3,10280.39,
ORD0020187,CUST00964,PROD00157,STORE013,2026-04-26,2,14741.4,WELCOME5
ORD0019125,CUST00022,PROD00014,STORE017,2026-04-26,6,20936.18,
ORD0019132,CUST00002,PROD00041,STORE017,2026-04-26,3,4872.19,
ORD0018990,CUST00196,PROD00252,STORE007,2026-04-26,5,9073.5,SAVE10
ORD0019686,CUST01422,PROD00215,STORE013,2026-04-21,6,15251.41,
ORD0018828,CUST00206,PROD00195,STORE007,2026-04-26,2,22847.32,FEST50
ORD0019211,CUST00690,PROD00225,STORE017,2026-04-26,4,11801.13,WELCOME5
ORD0019889,CUST00091,PROD00075,STORE024,2026-04-20,2,24304.79,FEST50
ORD0020358,CUST00347,PROD00057,STORE002,2026-04-26,2,2845.83,FEST50
ORD0020081,CUST00966,PROD00253,STORE016,2026-04-26,2,18100.06,FEST50
ORD0019615,CUST00752,PROD00119,STORE007,2026-04-26,2,23635.18,SAVE10
ORD0020220,CUST00110,PROD00123,STORE002,2026-04-26,2,19423.28,
ORD0019500,CUST01333,PROD00042,STORE014,2026-04-26,6,4665.54,WELCOME5
ORD0018824,CUST01307,PROD00066,STORE019,2026-04-26,6,5678.28,SAVE10
ORD0019773,CUST00047,PROD00144,STORE005,2026-04-26,3,17360.46,
ORD0019163,CUST01061,PROD00070,STORE018,2026-04-18,5,24345.02,
ORD0018833,CUST00425,PROD00088,STORE012,2026-04-26,3,13629.05,
ORD0019846,CUST00584,PROD00027,STORE010,2026-04-26,4,4840.52,SAVE10
ORD0018679,CUST01297,PROD00118,STORE021,2026-04-26,1,3227.09,SAVE10
ORD0019646,CUST00425,PROD00015,STORE015,2026-04-26,3,14793.33,SAVE10
ORD0019117,CUST00252,PROD00149,STORE025,2026-04-26,4,14527.01,
ORD0019007,CUST00073,PROD00280,STORE008,2026-04-26,4,4152.11,SAVE10
ORD0019498,CUST00732,PROD00278,STORE012,2026-04-26,3,20313.51,WELCOME5
ORD0019975,CUST01036,PROD00002,STORE012,2026-04-26,1,9739.39,SAVE10
ORD0019842,CUST00791,PROD00003,STORE017,2026-04-26,1,21695.07,SAVE10
ORD0018631,CUST00578,PROD00291,STORE007,2026-04-26,5,20470.09,
ORD0019230,CUST00179,PROD00252,STORE006,2026-04-26,4,12290.65,
ORD0019252,CUST00818,PROD00125,STORE025,2026-04-26,3,20941.76,FEST50
ORD0019712,CUST00275,PROD00118,STORE024,2026-04-26,5,19256.57,
ORD0020256,CUST00449,PROD00120,STORE004,2026-04-26,4,17009.66,WELCOME5
ORD0018772,CUST00105,PROD00267,STORE004,2026-04-26,3,18021.14,WELCOME5
ORD0019199,CUST01269,PROD00175,STORE024,2026-04-26,2,7303.7,FEST50
ORD0019505,CUST01122,PROD00085,STORE016,2026-04-26,2,777.27,
ORD0019259,CUST00844,PROD00211,STORE007,2026-04-26,3,14588.26,
ORD0019221,CUST00682,PROD00258,STORE024,2026-04-26,3,19567.41,WELCOME5
ORD0018923,CUST01470,PROD00071,STORE013,2026-04-26,4,1049.61,WELCOME5
ORD0019037,CUST01360,PROD00175,STORE014,2026-04-26,1,15560.1,SAVE10
ORD0020053,CUST00790,PROD00227,STORE020,2026-04-26,5,12756.19,
ORD0020341,CUST00372,PROD00091,STORE002,2026-04-26,6,3171.64,SAVE10
ORD0020004,CUST00121,PROD00095,STORE023,2026-04-26,3,22000.95,
ORD0018962,CUST01402,PROD00007,STORE001,2026-04-26,5,11885.93,SAVE10
ORD0019160,CUST00557,PROD00006,STORE011,2026-04-26,1,7076.11,
ORD0020487,CUST00300,PROD00022,STORE015,2026-04-26,5,2591.37,
ORD0020107,CUST00732,PROD00248,STORE017,2026-04-26,1,23342.28,SAVE10
ORD0018589,CUST01086,PROD00033,STORE021,2026-04-26,1,20049.73,FEST50
ORD0019808,CUST01181,PROD00130,STORE003,2026-04-26,1,16846.72,SAVE10
ORD0019758,CUST00715,PROD00102,STORE021,2026-04-26,6,4368.25,FEST50
ORD0020313,CUST01103,PROD00011,STORE009,2026-04-26,4,2255.61,
ORD0020095,CUST00470,PROD00108,STORE014,2026-04-26,3,14003.89,FEST50
ORD0019266,CUST01138,PROD00106,STORE023,2026-04-26,6,20517.86,WELCOME5
ORD0019108,CUST00538,PROD00193,STORE018,2026-04-26,3,19800.52,
ORD0019235,CUST01240,PROD00210,STORE021,2026-04-26,6,15727.61,
ORD0020044,CUST00318,PROD00260,STORE003,2026-04-26,5,20454.28,
ORD0019977,CUST00148,PROD00185,STORE023,2026-04-26,6,870.87,SAVE10
ORD0020222,CUST00947,PROD00292,STORE007,2026-04-26,2,9431.81,FEST50
ORD0019110,CUST00018,PROD00227,STORE018,2026-04-26,1,7665.99,
ORD0018998,CUST00504,PROD00062,STORE007,2026-04-26,2,8147.86,
ORD0019023,CUST00373,PROD00278,STORE024,2026-04-26,1,11986.67,
ORD0019996,CUST01172,PROD00259,STORE009,2026-04-17,2,11992.66,
ORD0020201,CUST00875,PROD00188,STORE015,2026-04-26,1,3629.02,SAVE10
ORD0019053,CUST01265,PROD00045,STORE006,2026-04-26,5,18997.83,SAVE10
ORD0018917,CUST00619,PROD00212,STORE017,2026-04-26,2,23211.15,
ORD0020009,CUST01300,PROD00209,STORE007,,2,6102.91,
ORD0020297,CUST01499,PROD00231,STORE002,2026-04-26,3,4694.43,WELCOME5
ORD0020286,CUST00125,PROD00098,STORE002,2026-04-26,5,24315.63,WELCOME5
ORD0018964,CUST01434,PROD00073,STORE012,2026-04-26,5,11484.97,WELCOME5
ORD0019027,CUST00368,PROD00168,STORE014,2026-04-26,1,1718.2,FEST50
ORD0020121,CUST01052,PROD00239,STORE006,2026-04-26,5,939.67,WELCOME5
ORD0020197,CUST00539,PROD00287,STORE009,2026-04-26,4,8884.6,WELCOME5
ORD0019256,CUST00692,PROD00170,STORE023,2026-04-26,3,11378.4,
ORD0018552,CUST01339,PROD00028,STORE018,2026-04-26,6,11185.54,FEST50
ORD0019059,CUST00964,PROD00144,STORE004,2026-04-26,2,17491.79,
ORD0019741,CUST01121,PROD00087,STORE024,2026-04-26,2,3828.77,
ORD0019665,CUST00055,PROD00266,STORE008,2026-04-26,4,16003.67,
ORD0019274,CUST01015,PROD00224,STORE021,2026-04-26,3,6795.09,
ORD0018558,CUST00496,PROD00069,STORE005,2026-04-23,3,10028.42,WELCOME5
ORD0019527,CUST00185,PROD00073,STORE025,2026-04-26,3,17661.26,
ORD0019671,CUST01075,PROD00011,STORE005,2026-04-26,1,20309.21,
ORD0019534,CUST00654,PROD00058,STORE012,2026-04-26,5,23090.83,
ORD0018758,CUST01056,PROD00127,STORE016,2026-04-26,5,19878.07,WELCOME5
ORD0020257,CUST01330,PROD00204,STORE009,2026-04-26,3,12926.39,SAVE10
ORD0018710,CUST01295,PROD00241,STORE019,2026-04-26,2,24542.84,SAVE10
ORD0020164,CUST00693,PROD00184,STORE024,2026-04-26,2,12811.19,
ORD0019386,CUST00122,PROD00119,STORE020,2026-04-26,1,17234.74,SAVE10
ORD0020039,CUST01280,PROD00093,STORE017,2026-04-26,3,17391.92,
ORD0018618,CUST00292,PROD00273,STORE012,2026-04-26,2,22521.07,
ORD0018914,CUST00498,PROD00046,STORE004,2026-04-26,6,23830.96,FEST50
ORD0020430,CUST01237,PROD00054,STORE006,2026-04-26,2,11133.71,SAVE10
ORD0019831,CUST00449,PROD00214,STORE024,2026-04-16,5,24824.81,
ORD0020017,CUST00855,PROD00036,STORE022,2026-04-26,2,3008.35,
ORD0020464,CUST00691,PROD00105,STORE001,2026-04-26,2,16779.64,FEST50
ORD0020082,CUST01162,PROD00144,STORE002,2026-04-26,4,726.56,FEST50
ORD0019726,CUST01375,PROD00195,STORE023,2026-04-26,5,24387.68,WELCOME5
ORD0020382,CUST01450,PROD00039,STORE024,2026-04-26,2,13801.31,WELCOME5
ORD0019226,CUST00025,PROD00009,STORE002,2026-04-26,2,-5,
ORD0019761,CUST00994,PROD00013,STORE011,2026-04-26,5,12162.96,FEST50
ORD0019997,CUST00286,PROD00119,STORE002,2026-04-26,6,5302.01,
ORD0019902,CUST01400,PROD00218,STORE013,2026-04-26,1,19215.79,
ORD0019496,CUST00388,PROD00010,STORE005,2026-04-26,3,23309.94,SAVE10
ORD0020188,CUST01194,PROD00022,STORE024,2026-04-26,1,20636.05,
ORD0020070,CUST00014,PROD00204,STORE022,2026-04-26,4,18531.72,
ORD0018676,CUST01285,,STORE013,2026-04-26,2,20162.48,
ORD0018779,CUST00868,PROD00157,STORE002,2026-04-26,1,9486.71,
ORD0019035,CUST00202,PROD00062,STORE015,2026-04-26,3,3240.27,
ORD0018726,CUST00663,PROD00146,STORE003,2026-04-26,4,18789.69,FEST50
ORD0020480,CUST00861,PROD00181,STORE023,2026-04-26,2,18312.55,WELCOME5
ORD0018523,CUST00424,PROD00133,STORE012,2026-04-26,6,20977.21,
ORD0020136,CUST00964,PROD00259,STORE006,2026-04-26,6,2840.37,
ORD0018696,CUST00265,PROD00124,STORE007,2026-04-26,4,17832.93,
ORD0018535,CUST00063,PROD00062,STORE005,2026-04-26,6,12223.25,FEST50
ORD0018909,CUST00455,PROD00059,STORE025,2026-04-26,2,24906.0,FEST50
ORD0018651,CUST00841,PROD00121,STORE001,2026-04-26,4,4024.77,WELCOME5
ORD0019517,CUST01403,PROD00208,STORE010,2026-04-26,4,13959.09,WELCOME5
ORD0020482,CUST01328,PROD00028,STORE008,2026-04-26,4,23170.36,SAVE10
ORD0019746,CUST00054,PROD00055,STORE017,2026-04-26,6,6346.05,SAVE10
ORD0019867,CUST00209,PROD00181,STORE020,2026-04-16,6,11098.7,FEST50
ORD0019306,CUST00706,PROD00266,STORE014,2026-04-26,4,12129.73,WELCOME5
ORD0019094,CUST00857,PROD00004,STORE017,2026-04-26,3,20478.73,FEST50
ORD0019743,CUST00224,PROD00096,STORE025,,2,9344.58,WELCOME5
ORD0018741,CUST00551,PROD00111,STORE016,2026-04-26,6,11946.81,WELCOME5
ORD0019937,CUST01366,PROD00256,STORE021,2026-04-26,6,16706.37,FEST50
ORD0020263,CUST00737,PROD00251,STORE010,2026-04-26,5,23702.47,SAVE10
ORD0018723,CUST01357,PROD00295,STORE017,2026-04-26,6,2213.56,WELCOME5
ORD0018995,CUST00339,PROD00061,STORE025,2026-04-26,6,15397.81,
ORD0018510,CUST01220,PROD00176,STORE011,2026-04-26,6,15005.0,WELCOME5
ORD0019253,CUST00305,PROD00248,STORE008,2026-04-26,4,3210.95,
ORD0019075,CUST01322,PROD00159,STORE008,2026-04-26,4,9229.7,SAVE10
ORD0019014,,PROD00255,STORE011,2026-04-26,1,19480.24,SAVE10
ORD0018612,CUST00051,PROD00211,STORE016,2026-04-26,6,9130.65,SAVE10
ORD0019689,CUST01450,PROD00190,STORE025,,4,19831.55,
ORD0018720,CUST00539,PROD00063,STORE007,2026-04-18,2,4032.6,WELCOME5
ORD0020306,CUST01116,PROD00122,STORE008,2026-04-26,2,24453.84,SAVE10
ORD0020068,CUST01028,PROD00273,STORE022,2026-04-26,2,21470.91,FEST50
ORD0019560,CUST00446,PROD00287,STORE010,2026-04-17,4,412.63,SAVE10
ORD0018532,CUST00849,PROD00021,STORE017,2026-04-26,2,11337.02,WELCOME5
ORD0019852,CUST00447,PROD00238,STORE016,2026-04-26,1,21677.81,SAVE10
ORD0020141,CUST00068,PROD00008,STORE011,2026-04-26,4,19289.29,SAVE10
ORD0020500,CUST00911,PROD00198,STORE010,2026-04-20,6,20382.21,
ORD0019501,CUST00389,PROD00159,STORE022,2026-04-22,5,12021.27,
ORD0020233,CUST00302,PROD00055,STORE009,2026-04-26,6,5183.72,
ORD0019855,CUST00774,PROD00154,STORE023,2026-04-26,2,714.55,
ORD0020275,CUST01466,PROD00076,STORE003,2026-04-26,5,1903.64,SAVE10
ORD0018647,CUST00597,PROD00012,STORE025,2026-04-26,1,19030.04,
ORD0019489,CUST00664,PROD00039,STORE025,2026-04-26,3,unknown,
ORD0020426,CUST01218,PROD00193,STORE018,2026-04-26,5,9976.78,
ORD0019661,CUST00788,PROD00257,STORE023,2026-04-26,1,18909.92,
ORD0019512,CUST00500,PROD00023,STORE015,2026-04-26,6,3950.85,
ORD0020355,CUST00607,PROD00133,STORE002,2026-04-26,5,18837.59,
ORD0019049,CUST01185,PROD00098,STORE004,2026-04-26,2,3012.12,WELCOME5
ORD0018528,CUST00266,PROD00081,STORE011,2026-04-26,5,12742.21,SAVE10
ORD0019559,CUST00518,PROD00291,STORE013,2026-04-26,3,19738.15,SAVE10
ORD0018881,CUST00888,PROD00134,STORE002,2026-04-26,1,8113.16,FEST50
ORD0020442,CUST01174,PROD00241,STORE005,2026-04-26,5,264.97,
ORD0020390,CUST00861,PROD00189,STORE012,00/00/0000,5,5175.63,WELCOME5
ORD0018976,CUST00988,PROD00196,STORE019,2026-04-26,3,-5,SAVE10
ORD0020055,CUST00840,PROD00119,STORE012,2026-04-26,6,1513.47,
ORD0018705,CUST00956,PROD00257,STORE011,2026-04-26,3,12850.68,SAVE10
ORD0019667,CUST00165,PROD00211,STORE013,2026-04-26,3,10214.22,SAVE10
ORD0019969,CUST01104,PROD00221,STORE024,2026-04-26,1,3424.61,
ORD0020029,CUST00562,PROD00188,STORE018,2026-04-26,1,6126.62,
ORD0019402,CUST00058,PROD00085,STORE019,2026-04-26,4,8490.81,
ORD0019647,CUST01358,PROD00169,STORE018,2026-04-26,1,15390.02,
ORD0019641,CUST00877,PROD00164,STORE023,2026-04-26,2,7111.34,WELCOME5
ORD0020270,CUST00700,PROD00145,STORE001,2026-04-26,3,18614.0,
ORD0020359,CUST00112,PROD00020,STORE022,2026-04-26,5,13892.63,
ORD0019623,CUST00068,PROD00037,STORE001,2026-04-26,1,15900.25,
ORD0018700,CUST00658,PROD00230,STORE015,2026-04-26,5,8543.86,
ORD0018852,CUST00087,PROD00220,STORE001,2026-04-26,5,270.35,
ORD0019765,CUST00555,PROD00007,STORE025,2026-04-18,5,8868.87,WELCOME5
ORD0019605,CUST00914,PROD00217,STORE004,2026-04-26,6,14001.63,
ORD0019554,CUST01084,PROD00136,STORE021,2026-04-26,1,21474.75,
ORD0019187,CUST00364,PROD00049,STORE021,2026-04-26,1,12447.14,FEST50
ORD0020298,CUST00463,PROD00294,STORE005,2026-04-26,5,18541.62,
ORD0018598,CUST00892,PROD00044,STORE010,2026-04-26,3,6864.79,WELCOME5
ORD0019394,CUST01033,PROD00198,STORE012,2026-04-26,3,275.56,
ORD0019312,CUST01322,PROD00252,STORE012,2026-04-26,2,20561.46,
ORD0019687,CUST00440,PROD00044,STORE005,2026-04-26,4,1732.72,FEST50
ORD0019772,CUST00875,PROD00261,STORE025,2026-04-26,6,3958.82,
ORD0020024,CUST00064,PROD00299,STORE025,2026-04-26,5,19862.45,
ORD0019069,CUST01187,PROD00062,STORE004,2026-04-26,6,1272.26,WELCOME5
ORD0019698,CUST01022,PROD00162,STORE006,2026-04-26,2,3348.74,WELCOME5
ORD0019621,CUST00970,PROD00020,STORE017,2026-04-26,1,494.65,SAVE10
ORD0019993,CUST00697,PROD00130,STORE013,2026-04-26,3,19031.36,
ORD0019567,CUST01389,PROD00227,STORE010,2026-04-26,1,23557.05,FEST50
ORD0018763,CUST00064,PROD00080,STORE020,00/00/0000,2,4828.44,
ORD0019377,CUST01104,PROD00138,STORE013,2026-04-26,5,18461.93,
ORD0019890,CUST00959,PROD00109,STORE003,2026-04-26,6,21442.52,
ORD0020228,CUST00047,PROD00098,STORE021,2026-04-26,4,24618.45,WELCOME5
ORD0019617,CUST01109,PROD00108,STORE020,2026-04-26,2,2945.05,
ORD0018827,,PROD00271,STORE005,2026-04-26,3,3166.17,WELCOME5
ORD0019469,CUST00627,PROD00010,STORE014,2026-04-26,6,6197.53,FEST50
ORD0018813,CUST01280,PROD00164,STORE019,2026-04-26,5,14722.92,
ORD0019169,CUST00657,PROD00263,STORE025,2026-04-26,1,4660.48,WELCOME5
ORD0018897,CUST01175,PROD00036,STORE008,2026-04-26,5,7131.8,FEST50
ORD0019477,CUST01086,PROD00016,STORE002,2026-04-26,4,18683.92,SAVE10
ORD0018920,CUST00925,PROD00173,STORE013,2026-04-26,5,8361.51,SAVE10
ORD0019410,CUST00140,PROD00060,STORE013,2026-04-26,4,1259.25,FEST50
ORD0018674,CUST00019,PROD00155,STORE013,2026-04-26,5,22731.6,WELCOME5
ORD0020042,CUST00767,PROD00267,STORE007,2026-04-26,6,6109.67,WELCOME5
ORD0019254,CUST01148,PROD00126,STORE015,2026-04-26,3,11660.02,WELCOME5
ORD0019330,CUST00056,PROD00074,STORE001,2026-04-26,6,2641.39,WELCOME5
ORD0020168,CUST00646,PROD00054,STORE001,2026-04-26,2,16014.88,FEST50
ORD0018832,CUST01425,PROD00214,STORE003,2026-04-26,1,4001.83,
ORD0020190,CUST00781,PROD00254,STORE021,2026-04-26,6,19215.86,FEST50
ORD0020496,CUST00586,PROD00154,STORE023,2026-04-26,4,14470.48,SAVE10
ORD0018938,CUST01191,PROD00216,STORE015,2026-04-26,2,21643.04,WELCOME5
ORD0020475,CUST00276,PROD00137,STORE023,2026-04-26,2,2052.38,
ORD0019909,CUST00010,PROD00159,STORE001,2026-04-26,5,19797.22,WELCOME5
ORD0018756,CUST00080,PROD00273,STORE017,2026-04-20,6,17450.98,SAVE10
ORD0018542,CUST00971,PROD00120,STORE025,2026-04-26,2,4836.97,
ORD0020458,CUST00476,PROD00178,STORE015,2026-04-26,6,2823.24,FEST50
ORD0019031,CUST00836,PROD00129,STORE017,2026-04-26,5,22564.9,
ORD0019107,CUST00792,PROD00204,STORE014,2026-04-26,6,14801.61,SAVE10
ORD0019439,CUST00881,PROD00042,STORE007,2026-04-26,1,1004.06,
ORD0018681,CUST01301,PROD00189,STORE025,2026-04-26,4,2554.66,FEST50
ORD0018855,CUST01224,PROD00279,STORE022,2026-04-26,1,1495.07,
ORD0019622,CUST00531,PROD00066,STORE009,2026-04-26,1,10228.24,FEST50
ORD0020471,CUST00629,PROD00085,STORE019,2026-04-17,2,2100.55,FEST50
ORD0019627,CUST01491,PROD00244,STORE025,2026-04-26,4,771.92,
ORD0019834,CUST00442,PROD00095,STORE015,2026-04-26,3,23418.53,
ORD0020069,CUST00893,PROD00288,STORE021,2026-04-26,6,23696.08,
ORD0019563,CUST00490,PROD00145,STORE023,2026-04-26,3,14478.09,
ORD0019564,CUST00449,PROD00216,STORE005,2026-04-26,5,3173.48,
ORD0020124,CUST00331,PROD00280,STORE007,2026-04-26,5,15927.5,
ORD0020147,CUST01101,PROD00049,STORE006,2026-04-26,2,23176.94,WELCOME5
ORD0018863,CUST00572,PROD00293,STORE001,2026-04-26,2,1681.09,
ORD0019440,CUST00119,PROD00232,STORE016,2026-04-26,3,16504.08,FEST50
ORD0018963,CUST00135,PROD00139,STORE001,2026-04-26,4,14192.54,
ORD0019980,CUST01475,PROD00062,STORE021,2026-04-26,5,2381.58,
ORD0019999,CUST01152,PROD00249,STORE008,2026-04-17,3,24311.93,
ORD0019585,CUST01241,PROD00265,STORE022,2026-04-26,1,18226.15,
ORD0019976,CUST00111,PROD00242,STORE003,2026-04-26,2,10832.51,FEST50
ORD0019038,CUST00504,PROD00053,STORE006,2026-04-26,5,9332.98,
ORD0019200,CUST00249,PROD00197,STORE009,2026-04-26,5,18479.02,
ORD0018504,CUST00828,PROD00158,STORE025,2026-04-26,1,20176.34,
ORD0018777,CUST01227,PROD00137,STORE002,2026-04-26,3,unknown,SAVE10
ORD0020181,CUST00390,PROD00109,STORE009,2026-04-26,5,19761.29,FEST50
ORD0018626,CUST00898,PROD00281,STORE013,2026-04-26,4,11587.36,FEST50
ORD0019042,CUST00387,PROD00162,STORE007,2026-04-26,3,18694.44,
ORD0018888,CUST01400,PROD00019,STORE021,2026-04-26,5,2210.64,WELCOME5
ORD0018602,CUST00909,PROD00129,STORE023,2026-04-26,5,2059.4,WELCOME5
ORD0018806,CUST00592,PROD00027,STORE004,2026-04-26,5,6234.15,
ORD0019776,CUST00839,PROD00185,STORE017,2026-04-19,3,abc,
ORD0018936,CUST00866,PROD00086,STORE009,2026-04-26,1,1805.03,
ORD0019848,,PROD00056,STORE018,2026-04-26,6,461.15,
ORD0019715,CUST00636,PROD00020,STORE018,2026-04-26,4,22418.73,
ORD0019571,CUST00040,PROD00120,STORE016,2026-04-26,4,12094.22,
ORD0019541,CUST00772,PROD00093,STORE025,2026-04-21,5,11382.72,WELCOME5
ORD0019656,CUST01279,PROD00131,STORE019,2026-04-26,5,22059.74,SAVE10
ORD0019372,CUST01035,PROD00170,STORE013,,6,9478.0,FEST50
ORD0018509,CUST01459,PROD00155,STORE016,2026-04-26,5,17719.55,
ORD0020052,CUST00860,PROD00056,STORE018,2026-04-26,1,21917.88,WELCOME5
ORD0019779,CUST01422,PROD00055,STORE002,2026-04-26,4,4414.31,
ORD0019485,CUST00709,PROD00201,STORE015,2026-04-26,3,663.79,WELCOME5
ORD0019004,CUST00790,PROD00098,STORE025,2026-04-26,6,687.34,
ORD0019081,CUST00467,PROD00098,STORE024,2026-04-26,6,4972.41,
ORD0019318,CUST01074,PROD00257,STORE023,2026-04-26,6,3877.93,
ORD0020123,CUST01037,PROD00275,STORE007,2026-04-26,1,9170.14,
ORD0019862,CUST01205,PROD00175,STORE005,2026-04-26,2,5231.24,
ORD0019203,CUST01290,PROD00033,STORE005,2026-04-26,1,19783.12,SAVE10
ORD0018503,CUST00815,PROD00100,STORE020,2026-04-26,2,12395.34,
ORD0019544,CUST00557,PROD00251,STORE006,2026-04-26,6,5132.24,SAVE10
ORD0019632,CUST00265,PROD00175,STORE022,2026-04-26,6,23847.57,WELCOME5
ORD0019533,CUST01446,PROD00017,STORE010,2026-04-26,3,3437.99,
ORD0019910,CUST01393,PROD00050,STORE009,2026-04-26,5,1988.48,
ORD0019939,CUST01020,PROD00009,STORE013,2026-04-26,4,3892.62,SAVE10
ORD0019298,CUST00887,PROD00133,STORE020,2026-04-26,4,16030.4,SAVE10
ORD0018678,CUST01013,PROD00257,STORE023,2026-04-26,1,10233.8,SAVE10
ORD0020374,CUST00748,PROD00085,STORE024,2026-04-26,2,1971.99,
ORD0019250,CUST01258,PROD00143,STORE012,2026-04-26,4,4578.99,FEST50
ORD0020424,CUST00347,PROD00087,STORE018,2026-04-26,2,13828.17,
ORD0020002,CUST00500,PROD00152,STORE005,2026-04-26,2,13305.57,FEST50
ORD0018986,CUST00370,PROD00134,STORE012,2026-04-26,5,11252.79,WELCOME5
ORD0019538,CUST00874,PROD00015,STORE001,2026-04-26,2,22183.97,FEST50
ORD0018585,CUST00773,PROD00020,STORE016,2026-04-26,3,203.17,SAVE10
ORD0020477,CUST00797,PROD00068,STORE014,2026-04-26,3,17389.85,
ORD0019983,CUST00389,PROD00076,STORE004,2026-04-21,1,4932.47,
ORD0020023,CUST01094,PROD00167,STORE007,2026-04-26,5,15801.22,WELCOME5
ORD0020138,CUST01054,PROD00033,STORE004,2026-04-26,5,24399.38,SAVE10
ORD0019064,CUST00720,PROD00143,STORE012,2026-04-26,2,7089.64,FEST50
ORD0019733,CUST00172,PROD00032,STORE003,2026-04-26,2,23782.17,
ORD0020490,CUST01161,PROD00066,STORE014,2026-04-26,3,1424.42,WELCOME5
ORD0020003,CUST01302,PROD00130,STORE020,,6,8982.41,SAVE10
ORD0018876,CUST00906,PROD00126,STORE007,2026-04-26,2,7059.8,
ORD0019899,CUST00215,,STORE007,2026-04-26,2,17847.09,
ORD0020047,CUST00029,PROD00247,STORE005,2026-04-26,1,4127.69,
ORD0019973,CUST00137,PROD00079,STORE021,2026-04-26,3,9977.91,
ORD0018569,CUST00246,PROD00029,STORE015,2026-04-26,1,16859.77,
ORD0020219,CUST01348,PROD00213,STORE020,2026-04-26,4,14365.11,FEST50
ORD0019433,CUST00621,PROD00068,STORE011,2026-04-26,6,18774.59,
ORD0020101,CUST01497,PROD00089,STORE022,2026-04-26,6,22570.5,FEST50
ORD0019232,CUST01411,PROD00008,STORE013,2026-04-26,1,13873.21,
ORD0019034,CUST01253,PROD00187,STORE014,2026-04-26,3,14486.6,SAVE10
ORD0018860,CUST01153,PROD00171,STORE016,2026-04-26,6,15789.95,FEST50
ORD0019610,CUST00792,PROD00122,STORE005,2026-04-26,5,20195.96,FEST50
ORD0019884,CUST01045,PROD00122,STORE020,2026-04-26,3,18677.48,
ORD0018750,CUST00628,PROD00221,STORE009,2026-04-22,2,17086.99,FEST50
ORD0020078,CUST01364,PROD00198,STORE010,2026-04-26,4,9886.04,
ORD0019131,CUST00097,PROD00236,STORE001,2026-04-26,4,22983.9,
ORD0019697,CUST01019,PROD00073,STORE011,2026-04-26,5,19660.64,SAVE10
ORD0018531,CUST00389,PROD00278,STORE010,2026-04-26,5,5701.4,
ORD0019422,CUST00823,PROD00167,STORE010,2026-04-26,1,16806.79,
ORD0019775,CUST00639,PROD00133,STORE009,2026-04-26,5,8532.41,SAVE10
ORD0019091,CUST00021,PROD00209,STORE021,2026-04-26,3,$22599.11,SAVE10
ORD0019964,CUST00197,PROD00103,STORE010,2026-04-26,6,14568.81,WELCOME5
ORD0019084,CUST01405,PROD00269,STORE013,2026-04-26,6,20821.18,WELCOME5
ORD0019896,CUST00918,PROD00291,STORE020,2026-04-26,4,4771.1,
ORD0019424,CUST01243,PROD00037,STORE007,2026-04-26,5,8196.72,
ORD0020494,,PROD00183,STORE003,2026-04-22,3,22757.37,WELCOME5
ORD0020178,CUST01110,PROD00038,STORE002,2026-04-26,6,17092.49,FEST50
ORD0019482,CUST01268,PROD00256,STORE018,2026-04-26,6,4939.85,
ORD0019376,CUST00647,PROD00182,STORE014,2026-04-26,3,4174.59,
ORD0018937,CUST01415,PROD00082,STORE009,2026-04-26,3,342.31,
ORD0019265,CUST00577,PROD00209,STORE022,2026-04-26,5,21946.02,
ORD0020418,CUST00287,PROD00123,STORE020,2026-04-26,1,21784.6,SAVE10
ORD0018799,CUST01485,PROD00267,STORE008,2026-04-18,4,4867.18,
ORD0020478,CUST01359,PROD00009,STORE005,2026-04-26,5,5232.28,FEST50
ORD0019896,CUST00918,PROD00291,STORE020,2026-04-26,4,4771.1,
ORD0020015,CUST01458,PROD00184,STORE008,2026-04-19,4,12562.45,
ORD0019944,CUST01333,PROD00282,STORE016,2026-04-22,6,13696.71,SAVE10
ORD0019897,CUST00922,PROD00166,STORE024,2026-04-26,3,22671.18,
ORD0018846,CUST01141,PROD00191,STORE006,2026-04-26,4,10483.02,
ORD0018928,CUST01322,PROD00060,STORE004,2026-04-26,6,10530.12,
ORD0019514,CUST00386,PROD00149,STORE014,2026-04-26,6,1417.01,
ORD0019946,CUST00816,PROD00057,STORE023,2026-04-16,6,22787.49,SAVE10
ORD0019499,CUST01169,PROD00235,STORE016,2026-04-26,5,24135.43,
ORD0019452,CUST00732,PROD00201,STORE014,2026-04-17,4,8740.54,
ORD0019524,CUST00455,PROD00222,STORE005,2026-04-26,5,22755.16,
ORD0019907,CUST01292,PROD00169,STORE007,2026-04-26,3,18712.2,WELCOME5
ORD0020381,CUST01084,PROD00009,STORE005,2026-04-26,3,19342.05,
ORD0020288,CUST01462,PROD00271,STORE013,2026-04-26,4,1375.75,SAVE10
ORD0020481,CUST00836,PROD00067,STORE009,2026-04-26,5,15153.54,FEST50
ORD0020142,CUST00347,PROD00279,STORE004,2026-04-26,2,24920.15,
ORD0019783,CUST01457,PROD00184,STORE021,2026-04-26,3,9488.26,
ORD0018614,CUST01179,PROD00063,STORE009,2026-04-26,5,15535.22,FEST50
ORD0020456,,PROD00232,STORE025,2026-04-26,4,19236.3,
ORD0019702,CUST01035,PROD00204,STORE025,2026-04-26,4,6747.5,
ORD0018656,CUST01459,PROD00226,STORE011,2026-04-26,6,5177.13,
ORD0019428,CUST00349,PROD00050,STORE021,2026-04-23,1,10898.54,WELCOME5
ORD0019763,CUST00483,PROD00214,STORE004,2026-04-26,1,14437.37,FEST50
ORD0018711,CUST00762,PROD00056,STORE002,2026-04-26,4,14007.69,
ORD0019309,CUST01409,PROD00171,STORE010,2026-04-26,4,14736.51,FEST50
ORD0018841,CUST00378,PROD00289,STORE016,2026-04-26,3,15214.49,
ORD0019676,CUST00269,PROD00076,STORE020,2026-04-26,6,22456.15,
ORD0020117,CUST00249,PROD00297,STORE013,2026-04-26,4,3329.11,SAVE10
ORD0019905,CUST01257,PROD00260,STORE016,2026-04-26,6,19110.78,SAVE10
ORD0020316,CUST01190,PROD00062,STORE025,2026-04-26,5,15299.94,WELCOME5
ORD0019565,CUST01152,PROD00038,STORE007,2026-04-26,5,15053.82,FEST50
ORD0018596,CUST01303,PROD00086,STORE014,2026-04-22,5,5527.03,
ORD0019281,CUST00722,PROD00213,STORE024,2026-04-26,3,16947.67,
ORD0019830,CUST00069,PROD00158,STORE024,2026-04-26,4,14162.01,FEST50
ORD0018671,CUST01151,PROD00096,STORE003,2026-04-23,1,15427.3,
ORD0019620,CUST00672,PROD00234,STORE004,2026-04-26,5,4646.67,
ORD0020127,CUST00587,PROD00049,STORE005,2026-04-26,6,8264.01,WELCOME5
ORD0020387,CUST01081,PROD00054,STORE019,2026-04-26,1,9981.67,FEST50
ORD0018619,CUST01317,PROD00290,STORE010,2026-04-23,3,15794.72,
ORD0018655,CUST00442,PROD00267,STORE020,2026-04-26,5,4425.94,
ORD0018867,CUST00625,PROD00077,STORE010,2026-04-26,3,16385.46,
ORD0018993,CUST00667,PROD00001,STORE013,2026-04-26,1,4347.16,SAVE10
ORD0019381,CUST01229,PROD00287,STORE007,2026-04-26,4,18581.9,
ORD0020445,CUST00555,PROD00023,STORE008,2026-04-26,3,5745.6,WELCOME5
ORD0019435,CUST00854,PROD00153,STORE012,2026-04-26,4,831.54,FEST50
ORD0020449,CUST01390,PROD00003,STORE025,2026-04-26,3,18345.88,SAVE10
ORD0019580,CUST00585,PROD00217,STORE007,2026-04-26,4,16367.38,WELCOME5
ORD0020230,CUST00348,PROD00233,STORE013,2026-04-26,6,16063.63,SAVE10
ORD0019432,CUST00143,PROD00297,STORE007,2026-04-21,3,20615.34,
ORD0018567,CUST00906,PROD00120,STORE021,2026-04-26,2,11415.24,
ORD0020195,CUST00106,,STORE008,2026-04-26,4,5599.03,
ORD0018770,CUST00963,PROD00133,STORE021,2026-04-26,2,2988.98,
ORD0020396,CUST01321,PROD00123,STORE017,2026-04-26,3,10860.59,WELCOME5
ORD0020022,CUST00392,PROD00012,STORE022,2026-04-26,4,13483.02,
ORD0018637,CUST00231,PROD00216,STORE020,2026-04-26,1,19912.0,WELCOME5
ORD0020133,CUST00803,PROD00251,STORE003,2026-04-26,1,16242.38,
ORD0019625,CUST01158,PROD00073,STORE017,2026-04-26,2,23864.36,SAVE10
ORD0020108,CUST00832,PROD00203,STORE015,2026-04-26,3,1445.85,
ORD0019742,CUST00891,PROD00250,STORE010,2026-04-26,2,16135.16,
ORD0018977,CUST01422,PROD00173,STORE008,2026-04-26,4,2696.33,WELCOME5
ORD0019756,CUST00710,PROD00183,STORE003,2026-04-26,4,4661.05,WELCOME5
ORD0020466,CUST00606,PROD00257,STORE025,2026-04-26,1,23856.38,WELCOME5
ORD0018662,CUST01180,PROD00287,STORE009,2026-04-26,3,18346.72,
ORD0019616,CUST00190,PROD00160,STORE009,2026-04-26,6,1458.24,
ORD0019105,CUST01278,PROD00157,STORE012,2026-04-26,4,4155.04,WELCOME5
ORD0020180,CUST00645,PROD00190,STORE021,2026-04-26,4,3193.02,FEST50
ORD0019120,CUST00788,PROD00024,STORE025,2026-04-26,2,14652.27,
ORD0019213,CUST00850,PROD00100,STORE003,2026-04-26,6,19781.03,
ORD0018641,CUST01086,PROD00127,STORE021,2026-04-17,3,3869.02,WELCOME5
ORD0019179,CUST00994,PROD00177,STORE003,2026-04-26,3,8353.03,
ORD0019340,CUST00461,PROD00055,STORE017,2026-04-26,2,9773.02,FEST50
ORD0020185,CUST00597,PROD00199,STORE011,2026-04-26,5,10896.05,FEST50
ORD0019796,CUST00795,PROD00290,STORE020,2026-04-26,3,16198.38,FEST50
ORD0019336,CUST00080,PROD00069,STORE022,2026-04-26,3,7158.83,SAVE10
ORD0020066,CUST01347,PROD00218,STORE003,2026-04-26,2,12859.77,SAVE10
ORD0019067,CUST00303,PROD00134,STORE006,2026-04-26,5,24645.58,FEST50
ORD0019637,CUST00800,PROD00283,STORE019,2026-04-26,6,14818.08,SAVE10
ORD0019629,CUST00796,PROD00153,STORE025,2026-04-26,2,4187.1,FEST50
ORD0020483,CUST00959,PROD00168,STORE015,2026-04-26,5,2616.67,SAVE10
ORD0019051,CUST01499,PROD00063,STORE003,2026-04-26,3,7782.11,FEST50
ORD0020357,CUST01463,PROD00115,STORE024,2026-04-26,1,11433.1,
ORD0019936,CUST01365,PROD00124,STORE021,2026-04-26,1,2291.45,
ORD0019197,CUST00384,PROD00198,STORE020,2026-04-26,5,21244.37,SAVE10
ORD0020389,CUST00863,PROD00211,STORE023,2026-04-26,1,12085.35,
ORD0020148,CUST00729,PROD00065,STORE003,2026-04-26,2,15596.94,
ORD0019966,CUST00683,PROD00041,STORE016,2026-04-26,3,3612.8,SAVE10
ORD0019490,,PROD00031,STORE003,2026-04-26,2,2172.53,SAVE10
ORD0018682,CUST00207,PROD00064,STORE007,2026-04-26,4,17391.85,
ORD0019234,CUST00913,PROD00270,STORE012,2026-04-26,2,2788.77,
ORD0018583,CUST00023,PROD00254,STORE022,2026-04-26,4,24903.99,FEST50
ORD0018729,CUST01124,PROD00102,STORE003,2026-04-16,3,4977.07,FEST50
ORD0018791,CUST00202,PROD00287,STORE004,2026-04-26,3,17846.12,SAVE10
ORD0019219,CUST00819,PROD00076,STORE011,2026-04-26,1,24208.33,SAVE10
ORD0019859,CUST00453,PROD00061,STORE001,2026-04-26,1,24501.8,SAVE10
ORD0019940,CUST01165,PROD00067,STORE006,2026-04-26,1,19897.98,
ORD0018802,CUST00805,PROD00074,STORE013,2026-04-26,2,15364.7,
ORD0019239,CUST00277,PROD00009,STORE025,2026-04-26,2,21498.43,
ORD0019182,CUST00798,PROD00131,STORE019,2026-04-26,1,20259.11,
ORD0018970,CUST00494,PROD00028,STORE014,2026-04-26,4,8011.68,FEST50
ORD0019353,CUST00550,PROD00140,STORE007,2026-04-26,1,14444.5,SAVE10
ORD0020193,CUST00386,PROD00201,STORE025,2026-04-26,two,6152.3,WELCOME5
ORD0020032,CUST00988,PROD00059,STORE012,2026-04-26,6,9433.62,SAVE10
ORD0020025,CUST00868,PROD00176,STORE010,2026-04-26,5,9798.79,
ORD0019974,CUST00610,PROD00256,STORE004,2026-04-26,1,12132.52,SAVE10
ORD0018719,CUST00135,PROD00021,STORE010,2026-04-26,4,18286.7,
ORD0018560,CUST01431,PROD00072,STORE011,2026-04-26,2,22264.28,WELCOME5
ORD0019916,CUST00760,PROD00299,STORE017,2026-04-26,6,18043.89,
ORD0019257,CUST01459,PROD00085,STORE018,2026-04-26,3,15826.34,
ORD0019858,CUST00047,PROD00022,STORE018,2026-04-26,2,22263.38,WELCOME5
ORD0020047,CUST00029,PROD00247,STORE005,2026-04-26,1,4127.69,
ORD0020400,CUST00951,PROD00098,STORE008,2026-04-26,5,20150.59,WELCOME5
ORD0019303,CUST01471,PROD00015,STORE013,2026-04-26,3,22477.47,
ORD0019965,CUST00042,PROD00213,STORE025,2026-04-26,6,18743.46,FEST50
ORD0019482,CUST01268,PROD00256,STORE018,2026-04-26,6,4939.85,
ORD0019795,CUST00246,PROD00209,STORE017,2026-04-26,1,13758.37,SAVE10
ORD0018572,CUST00881,PROD00179,STORE024,2026-04-26,2,21083.02,
ORD0018610,CUST00644,PROD00194,STORE002,2026-04-19,5,829.57,
ORD0018775,CUST01050,PROD00193,STORE012,2026-04-26,1,24827.98,WELCOME5
ORD0019327,CUST00859,PROD00284,STORE017,2026-04-26,2,8239.3,SAVE10
ORD0018557,CUST00104,PROD00081,STORE003,2026-04-26,1,1341.47,FEST50
ORD0018985,CUST00676,PROD00268,STORE009,2026-04-26,4,3296.84,
ORD0020289,CUST01120,PROD00127,STORE022,2026-04-26,4,6964.69,
ORD0019467,CUST00045,PROD00157,STORE010,2026-04-26,4,18014.84,SAVE10
ORD0019472,CUST00363,PROD00282,STORE022,2026-04-26,2,21609.47,
ORD0020365,CUST00034,PROD00263,STORE016,2026-04-26,3,24137.91,WELCOME5
ORD0019332,CUST00633,PROD00039,STORE006,2026-04-26,5,15361.2,SAVE10
ORD0020079,CUST01000,PROD00025,STORE001,2026-04-26,6,23579.42,WELCOME5
ORD0019215,CUST00120,PROD00148,STORE002,2026-04-26,6,1410.23,WELCOME5
ORD0020467,CUST00735,,STORE007,2026-04-26,1,17160.29,WELCOME5
ORD0019847,CUST01328,PROD00224,STORE001,2026-04-26,2,unknown,
ORD0020132,CUST00858,PROD00215,STORE003,2026-04-26,1,15025.39,WELCOME5
ORD0019767,CUST00630,PROD00110,STORE002,2026-04-26,3,11441.32,FEST50
ORD0018675,CUST01013,PROD00199,STORE011,2026-04-26,6,23897.11,SAVE10
ORD0019351,CUST01057,PROD00072,STORE004,2026-04-26,5,20740.78,SAVE10
ORD0020434,CUST00444,PROD00119,STORE022,2026-04-26,6,13086.15,
ORD0019666,,PROD00170,STORE025,2026-04-26,5,10376.44,WELCOME5
ORD0020343,CUST00999,PROD00171,STORE019,2026-04-17,6,20161.43,FEST50
ORD0019343,CUST01355,PROD00256,STORE023,2026-04-26,6,20211.95,SAVE10
ORD0020413,CUST00370,PROD00046,STORE003,2026-04-26,4,20144.63,
ORD0019388,,PROD00057,STORE008,2026-04-26,3,17473.03,
ORD0019162,CUST01460,PROD00055,STORE013,2026-04-26,5,14383.73,
ORD0020300,CUST00431,PROD00092,STORE018,2026-04-26,5,24815.55,
ORD0019643,CUST00382,PROD00070,STORE006,2026-04-16,4,6324.62,WELCOME5
ORD0020302,CUST00538,PROD00050,STORE011,2026-04-26,4,17042.62,WELCOME5
ORD0020334,CUST00414,PROD00120,STORE011,2026-04-26,2,18041.29,SAVE10
ORD0019030,CUST00518,PROD00031,STORE004,2026-04-26,5,6635.04,
ORD0019912,CUST00144,PROD00148,STORE008,2026-04-26,4,15399.78,
ORD0019578,CUST01281,PROD00269,STORE019,2026-04-26,3,19596.35,
ORD0019513,CUST01183,PROD00233,STORE012,2026-04-26,3,1705.06,
ORD0020083,CUST00173,PROD00029,STORE008,2026-04-26,6,8342.48,
ORD0019010,CUST00939,PROD00031,STORE003,2026-04-26,3,8335.32,FEST50
ORD0020360,CUST01242,PROD00257,STORE025,2026-04-26,1,20173.12,WELCOME5
ORD0019899,CUST00215,,STORE007,2026-04-26,2,17847.09,
ORD0019566,CUST00806,PROD00008,STORE003,2026-04-26,5,12821.25,FEST50
ORD0019189,CUST01244,PROD00122,STORE002,2026-04-26,1,16559.36,WELCOME5
ORD0020048,CUST00910,PROD00063,STORE017,2026-04-26,6,14678.72,WELCOME5
ORD0019586,CUST00406,PROD00006,STORE007,2026-04-26,3,16064.23,SAVE10
ORD0019871,CUST01425,PROD00240,STORE017,2026-04-26,2,11784.26,
ORD0019333,CUST01015,PROD00076,STORE023,2026-04-26,6,17289.1,
ORD0019242,CUST00776,PROD00242,STORE025,2026-04-26,3,13797.78,
ORD0020435,CUST01345,PROD00124,STORE017,2026-04-26,2,8821.39,
ORD0018561,CUST01420,PROD00278,STORE005,2026-04-26,2,12417.48,
ORD0019800,CUST01079,PROD00193,STORE012,2026-04-26,5,10071.77,FEST50
ORD0018653,CUST00396,PROD00189,STORE010,2026-04-26,3,8680.04,
ORD0020237,CUST00256,PROD00016,STORE015,2026-04-26,4,24434.73,WELCOME5
ORD0019228,CUST01382,PROD00206,STORE022,2026-04-26,2,1712.73,
ORD0018611,CUST00988,PROD00288,STORE025,2026-04-26,5,334.74,WELCOME5
ORD0019528,CUST00437,PROD00123,STORE011,2026-04-26,1,12562.54,
ORD0019128,CUST01043,PROD00134,STORE019,2026-04-26,3,23505.65,
ORD0019114,CUST00442,PROD00264,STORE004,2026-04-26,1,18749.53,
ORD0019710,CUST01238,PROD00280,STORE011,2026-04-26,4,7232.3,FEST50
ORD0019300,CUST00010,PROD00078,STORE019,2026-04-26,1,17909.85,SAVE10
ORD0019126,CUST00122,PROD00072,STORE020,2026-04-26,5,12546.51,SAVE10
ORD0019971,CUST00037,PROD00080,STORE005,2026-04-26,6,5541.68,
ORD0019194,CUST01132,PROD00046,STORE007,2026-04-26,6,4031.77,
ORD0019869,CUST00763,PROD00297,STORE001,2026-04-26,5,21917.18,
ORD0019292,CUST01142,,STORE023,2026-04-26,2,15857.44,
ORD0019948,CUST00028,PROD00109,STORE013,2026-04-26,3,7564.84,FEST50
ORD0019097,CUST00747,PROD00236,STORE015,2026-04-26,5,22838.39,
ORD0019423,CUST00572,PROD00275,STORE011,2026-04-26,3,13123.84,
ORD0019723,CUST01164,PROD00077,STORE010,2026-04-26,4,8121.03,SAVE10
ORD0018603,CUST01458,PROD00019,STORE007,2026-04-26,4,19070.67,FEST50
ORD0018609,CUST00987,PROD00029,STORE005,2026-04-26,6,23948.78,
ORD0019434,CUST01461,PROD00140,STORE018,00/00/0000,2,24027.63,
ORD0018663,CUST00297,PROD00016,STORE011,2026-04-26,6,24911.25,FEST50
ORD0020410,CUST01051,PROD00227,STORE016,2026-04-26,4,13716.86,
ORD0020211,CUST01387,PROD00051,STORE017,2026-04-26,5,6677.14,WELCOME5
ORD0020061,CUST01392,PROD00071,STORE021,2026-04-26,1,5537.57,
ORD0018789,CUST00911,PROD00027,STORE017,2026-04-26,two,3743.12,
ORD0018983,CUST01025,PROD00219,STORE012,2026-04-20,1,10208.65,FEST50
ORD0018576,CUST00339,PROD00199,STORE018,2026-04-26,6,5756.62,
ORD0019392,CUST00513,PROD00200,STORE021,2026-04-26,1,8098.76,FEST50
ORD0019722,CUST00887,PROD00210,STORE009,2026-04-26,5,abc,
ORD0020285,CUST00639,PROD00135,STORE005,2026-04-26,4,23434.1,
ORD0018578,CUST00127,PROD00275,STORE016,2026-04-26,4,9338.36,
ORD0020411,CUST00558,PROD00291,STORE025,2026-04-26,6,2592.25,
ORD0020368,CUST01296,PROD00095,STORE013,2026-04-26,5,14112.93,
ORD0019835,CUST00369,PROD00021,STORE002,2026-04-26,2,4137.87,SAVE10
ORD0019672,CUST00117,PROD00235,STORE022,2026-04-26,5,1393.44,SAVE10
ORD0020479,CUST01035,PROD00026,STORE021,2026-04-26,1,8955.78,
ORD0018594,CUST01387,PROD00045,STORE013,2026-04-26,6,7862.35,
ORD0020059,CUST01083,PROD00142,STORE002,2026-04-26,5,19043.74,WELCOME5
ORD0018713,CUST00147,PROD00115,STORE006,2026-04-26,3,5525.43,FEST50
ORD0019525,CUST00110,PROD00074,STORE025,2026-04-26,2,19175.31,WELCOME5
ORD0019458,CUST01337,PROD00299,STORE018,2026-04-26,2,4396.77,
ORD0019183,CUST00129,PROD00253,STORE011,2026-04-26,2,21679.77,SAVE10
ORD0018709,CUST00753,PROD00195,STORE012,2026-04-26,1,13331.8,
ORD0019412,CUST00092,PROD00061,STORE024,2026-04-26,4,6583.4,
ORD0018908,CUST01467,PROD00120,STORE024,2026-04-19,4,8176.72,
ORD0020034,CUST01307,PROD00287,STORE020,2026-04-26,6,8673.55,WELCOME5
ORD0019018,CUST00433,PROD00063,STORE016,2026-04-26,3,1118.64,
ORD0018802,CUST00805,PROD00074,STORE013,2026-04-26,2,15364.7,
ORD0018630,CUST00520,PROD00297,STORE005,2026-04-17,1,19539.28,FEST50
ORD0018592,CUST01390,PROD00078,STORE024,2026-04-26,4,18886.65,FEST50
ORD0020319,CUST00710,PROD00298,STORE019,2026-04-26,1,21964.13,
ORD0018586,CUST01302,PROD00290,STORE023,2026-04-26,3,12696.52,
ORD0019465,CUST01245,PROD00178,STORE021,2026-04-26,5,15120.0,
ORD0018880,CUST01339,PROD00285,STORE024,2026-04-18,5,9921.4,
ORD0019546,CUST00198,PROD00284,STORE019,2026-04-26,6,4155.88,SAVE10
ORD0019892,CUST01035,PROD00165,STORE025,2026-04-26,1,16238.86,WELCOME5
ORD0018968,CUST00660,PROD00143,STORE015,2026-04-26,2,5986.11,WELCOME5
ORD0018883,CUST00149,PROD00247,STORE005,2026-04-26,3,17052.4,WELCOME5
ORD0019995,CUST00229,PROD00042,STORE020,2026-04-26,4,23844.04,
ORD0019005,CUST01214,PROD00133,STORE015,2026-04-26,1,21134.27,SAVE10
ORD0019195,CUST01108,PROD00194,STORE004,2026-04-26,1,18517.33,
ORD0018744,CUST00145,PROD00163,STORE019,2026-04-26,2,15338.25,SAVE10
ORD0018553,CUST01262,PROD00153,STORE008,2026-04-26,5,5576.5,FEST50
ORD0019463,CUST00071,PROD00139,STORE024,2026-04-26,5,10879.85,WELCOME5
ORD0019112,CUST00683,PROD00270,STORE015,2026-04-26,5,18846.21,WELCOME5
ORD0018718,CUST01087,PROD00248,STORE004,2026-04-26,1,21484.18,SAVE10
ORD0019003,,PROD00300,STORE011,2026-04-26,1,22208.25,WELCOME5
ORD0019577,CUST01152,PROD00035,STORE023,2026-04-16,5,8944.43,WELCOME5
ORD0018526,CUST00403,PROD00171,STORE007,2026-04-26,1,5568.66,WELCOME5
ORD0019013,CUST00645,PROD00182,STORE008,2026-04-26,3,488.7,FEST50
ORD0020291,CUST00362,PROD00174,STORE018,2026-04-26,5,1243.81,
ORD0019612,CUST00725,PROD00190,STORE015,2026-04-17,1,3316.19,
ORD0020065,CUST00607,PROD00148,STORE022,2026-04-26,6,19691.93,
ORD0019630,CUST00477,PROD00053,STORE006,2026-04-26,1,14033.19,
ORD0019065,CUST01429,PROD00148,STORE004,2026-04-26,5,2686.08,
ORD0020215,CUST00520,PROD00015,STORE012,2026-04-26,2,4847.84,
ORD0019865,CUST01297,PROD00152,STORE024,2026-04-26,2,18107.66,
ORD0018686,CUST00776,PROD00184,STORE023,2026-04-22,3,22302.6,SAVE10
ORD0019263,CUST00138,PROD00182,STORE006,2026-04-26,5,15454.85,
ORD0018840,CUST00024,PROD00176,STORE012,2026-04-26,6,20261.51,SAVE10
ORD0019320,CUST00454,PROD00280,STORE013,2026-04-26,2,13593.2,
ORD0019522,CUST01263,PROD00125,STORE013,2026-04-22,6,11663.18,SAVE10
ORD0020086,CUST01066,PROD00014,STORE005,2026-04-26,1,6946.05,WELCOME5
ORD0018801,CUST00447,PROD00229,STORE017,2026-04-26,3,5964.38,SAVE10
ORD0019917,CUST00966,PROD00018,STORE014,2026-04-16,1,1932.75,
ORD0019337,CUST01151,PROD00248,STORE020,2026-04-26,3,20557.26,
ORD0018616,CUST01147,PROD00096,STORE022,2026-04-26,2,16875.51,WELCOME5
ORD0020454,CUST00959,PROD00006,STORE018,2026-04-26,2,19558.52,FEST50
ORD0018984,CUST00183,PROD00172,STORE023,2026-04-22,6,2743.91,SAVE10
ORD0019040,CUST01470,PROD00093,STORE011,2026-04-26,2,22154.6,
ORD0019176,CUST00432,PROD00020,STORE001,2026-04-26,5,18884.53,WELCOME5
ORD0020402,CUST00706,PROD00273,STORE002,2026-04-26,3,6837.81,
ORD0019072,CUST00997,PROD00187,STORE023,2026-04-26,3,3846.12,
ORD0019415,CUST00140,PROD00021,STORE014,2026-04-26,3,9924.61,
ORD0020204,CUST01393,PROD00010,STORE024,2026-04-26,6,24744.97,SAVE10
ORD0019790,CUST00656,PROD00040,STORE022,2026-04-26,1,23475.68,
ORD0019812,CUST00461,PROD00194,STORE015,2026-04-26,5,2336.73,
ORD0019590,CUST00607,PROD00082,STORE006,2026-04-26,2,2698.3,
ORD0020492,CUST00457,PROD00261,STORE006,2026-04-26,1,19664.54,
ORD0019719,CUST01005,PROD00045,STORE011,2026-04-26,3,17380.02,
ORD0019157,CUST00343,PROD00242,STORE002,2026-04-26,3,18908.55,WELCOME5
ORD0018843,CUST00987,PROD00172,STORE016,2026-04-26,3,14605.33,SAVE10
ORD0018730,CUST00472,PROD00255,STORE013,2026-04-26,6,14472.27,
ORD0019771,CUST00999,PROD00233,STORE015,2026-04-26,5,5262.37,WELCOME5
ORD0018878,CUST00759,PROD00161,STORE015,2026-04-16,6,16049.28,WELCOME5
ORD0019644,CUST01038,PROD00244,STORE018,2026-04-26,3,17429.95,
ORD0019363,CUST00423,PROD00172,STORE015,2026-04-26,1,10110.0,
ORD0020202,CUST00069,PROD00150,STORE011,2026-04-26,5,8126.15,SAVE10
ORD0018988,CUST00103,PROD00058,STORE019,2026-04-26,2,11578.4,
ORD0019838,CUST00877,PROD00240,STORE007,2026-04-26,4,303.8,FEST50
ORD0019127,CUST00779,PROD00296,STORE018,2026-04-26,3,9571.58,WELCOME5
ORD0018907,CUST00157,PROD00261,STORE015,2026-04-22,1,23750.19,FEST50
ORD0020292,CUST01136,PROD00065,STORE020,2026-04-26,1,8171.6,FEST50
ORD0019690,CUST00970,PROD00159,STORE024,2026-04-26,3,6515.58,SAVE10
ORD0018948,CUST01313,PROD00203,STORE022,2026-04-26,6,17073.5,SAVE10
ORD0020305,CUST00748,PROD00089,STORE024,2026-04-26,6,2708.35,FEST50
ORD0020405,CUST00251,PROD00189,STORE021,2026-04-26,5,846.38,FEST50
ORD0019561,,PROD00115,STORE025,2026-04-26,6,15677.83,WELCOME5
ORD0019362,CUST00643,PROD00145,STORE015,2026-04-26,5,752.43,
ORD0018926,CUST01178,PROD00224,STORE016,2026-04-26,6,10578.02,SAVE10
ORD0019591,,PROD00108,STORE023,2026-04-26,4,16314.98,FEST50
ORD0020325,CUST01266,PROD00244,STORE009,2026-04-26,4,1918.88,WELCOME5
ORD0019393,CUST00566,PROD00007,STORE001,2026-04-26,1,3562.76,
ORD0020463,CUST00543,PROD00091,STORE019,2026-04-26,5,11479.07,
ORD0019753,CUST00712,PROD00096,STORE012,2026-04-26,6,20185.17,FEST50
ORD0019055,CUST00429,PROD00240,STORE015,2026-04-26,1,21728.34,WELCOME5
ORD0019609,CUST00189,PROD00234,STORE022,2026-04-26,5,15202.14,SAVE10
ORD0019159,CUST01391,PROD00101,STORE006,2026-04-26,3,23530.25,FEST50
ORD0018731,CUST00697,PROD00020,STORE004,2026-04-26,4,20317.22,FEST50
ORD0020428,CUST00721,PROD00250,STORE015,2026-04-26,3,19939.95,
ORD0019740,CUST00769,PROD00167,STORE018,2026-04-26,1,248.82,SAVE10
ORD0020223,CUST00948,PROD00011,STORE002,2026-04-26,1,16770.99,FEST50
ORD0019012,CUST00468,PROD00258,STORE020,2026-04-26,1,1179.2,FEST50
ORD0019922,CUST00090,PROD00058,STORE014,2026-04-26,1,23981.72,
ORD0019245,CUST00830,PROD00286,STORE001,2026-04-26,6,17965.68,SAVE10
ORD0020189,CUST00340,PROD00109,STORE009,2026-04-26,2,17673.83,WELCOME5
ORD0018525,CUST01126,PROD00024,STORE002,2026-04-26,1,17313.75,
ORD0019380,CUST00361,PROD00154,STORE010,2026-04-26,2,18727.97,
ORD0020398,CUST00753,PROD00165,STORE002,2026-04-26,1,15230.37,
ORD0018506,,PROD00269,STORE022,2026-04-26,2,11927.7,SAVE10
ORD0018774,CUST01208,PROD00108,STORE015,2026-04-26,6,9780.22,SAVE10
ORD0020010,CUST00208,PROD00191,STORE018,2026-04-26,2,1741.21,FEST50
ORD0019413,CUST01184,PROD00018,STORE014,2026-04-26,6,15326.37,
ORD0018621,CUST01061,PROD00071,STORE015,2026-04-26,5,23001.77,FEST50
ORD0019492,CUST01176,PROD00029,STORE008,2026-04-26,4,12870.8,FEST50
ORD0019825,CUST00423,PROD00263,STORE009,2026-04-26,5,4020.39,
ORD0020112,CUST00067,PROD00276,STORE024,2026-04-26,5,1013.16,WELCOME5
ORD0019597,CUST01363,PROD00203,STORE011,2026-04-26,4,22339.13,FEST50
ORD0018538,CUST01050,PROD00124,STORE012,2026-04-16,6,11452.66,FEST50
ORD0019797,CUST01288,PROD00294,STORE015,2026-04-26,1,3458.79,
ORD0018874,CUST01097,PROD00059,STORE008,2026-04-26,3,1970.51,
ORD0019868,,PROD00014,STORE018,2026-04-26,1,17293.91,
ORD0018754,CUST00561,PROD00188,STORE002,2026-04-26,4,21072.08,
ORD0019891,CUST00879,PROD00002,STORE019,2026-04-26,4,8034.82,FEST50
ORD0019144,CUST00627,PROD00153,STORE016,2026-04-26,2,21450.41,
ORD0020295,CUST00364,PROD00057,STORE016,2026-04-26,5,1805.53,SAVE10
ORD0020327,CUST00233,PROD00037,STORE024,2026-04-26,1,7342.51,
ORD0020441,CUST00565,PROD00185,STORE002,2026-04-26,5,1717.26,
ORD0019229,CUST01248,PROD00012,STORE011,2026-04-23,4,7432.6,FEST50
ORD0019273,CUST00700,PROD00298,STORE001,2026-04-26,3,12733.06,WELCOME5
ORD0018834,CUST01244,PROD00087,STORE013,2026-04-26,1,18573.82,FEST50
ORD0019025,CUST00315,PROD00295,STORE025,2026-04-22,6,17905.54,WELCOME5
ORD0019150,CUST00697,PROD00278,STORE007,2026-04-26,5,2683.89,
ORD0020301,CUST01435,PROD00036,STORE023,2026-04-26,5,24119.94,
ORD0019682,CUST00694,PROD00017,STORE004,2026-04-26,2,12518.41,WELCOME5
ORD0020235,CUST00740,PROD00104,STORE022,2026-04-26,1,18317.08,WELCOME5
ORD0020447,CUST00153,PROD00083,STORE002,2026-04-26,2,11787.22,
ORD0019788,CUST00381,PROD00174,STORE019,2026-04-20,3,9246.98,
ORD0020096,CUST01182,PROD00157,STORE001,2026-04-21,5,19629.88,SAVE10
ORD0019801,CUST00914,PROD00250,STORE010,2026-04-26,5,21987.55,SAVE10
ORD0019427,CUST00415,PROD00091,STORE020,2026-04-26,6,4967.71,
ORD0019735,CUST00523,PROD00163,STORE006,2026-04-26,6,3498.0,SAVE10
ORD0020194,CUST00547,PROD00080,STORE024,2026-04-26,3,2674.14,
ORD0018853,CUST01182,PROD00185,STORE024,2026-04-26,3,10470.68,
ORD0018545,CUST00207,PROD00206,STORE010,2026-04-19,4,12925.51,
ORD0019519,CUST00515,PROD00207,STORE003,2026-04-26,3,16427.32,FEST50
ORD0019149,CUST00234,PROD00075,STORE023,2026-04-26,3,3783.51,WELCOME5
ORD0018543,CUST00805,PROD00125,STORE024,2026-04-26,6,229.61,SAVE10
ORD0020353,,PROD00245,STORE023,2026-04-26,6,12726.86,SAVE10
ORD0019113,CUST00994,PROD00076,STORE009,2026-04-26,4,10422.24,FEST50
ORD0020280,CUST01196,PROD00259,STORE019,2026-04-26,1,4522.18,
ORD0019389,CUST00018,PROD00252,STORE018,2026-04-26,4,12024.98,
ORD0019914,CUST00487,PROD00143,STORE007,2026-04-26,4,12122.48,SAVE10
ORD0018862,CUST01246,PROD00264,STORE021,2026-04-26,2,5470.63,
ORD0019946,CUST00816,PROD00057,STORE023,2026-04-16,6,22787.49,SAVE10
ORD0019251,CUST01374,PROD00086,STORE024,2026-04-23,1,3817.26,WELCOME5
ORD0019784,CUST00255,PROD00006,STORE025,2026-04-26,1,9836.52,SAVE10
ORD0019843,CUST00454,PROD00011,STORE003,2026-04-26,4,10406.76,WELCOME5
ORD0018591,CUST00903,PROD00202,STORE015,2026-04-26,6,12903.93,
ORD0018755,CUST00967,PROD00289,STORE013,2026-04-26,3,5233.11,FEST50
ORD0019606,CUST01353,PROD00027,STORE009,2026-04-26,5,22438.63,
ORD0020238,CUST00780,PROD00182,STORE025,2026-04-26,6,4528.08,
ORD0018635,CUST01051,PROD00023,STORE006,2026-04-26,3,unknown,
ORD0019039,CUST00543,PROD00105,STORE018,2026-04-26,2,4579.84,FEST50
ORD0019547,CUST00946,PROD00107,STORE019,2026-04-26,2,14846.22,FEST50
ORD0018997,CUST01105,PROD00264,STORE018,2026-04-26,2,8171.0,SAVE10
ORD0018838,CUST01448,PROD00164,STORE023,2026-04-26,1,7438.5,FEST50
ORD0019216,CUST00217,PROD00079,STORE002,2026-04-26,1,21052.64,FEST50
ORD0020452,CUST00918,,STORE024,2026-04-26,6,17356.14,
ORD0019845,CUST00298,PROD00285,STORE010,2026-04-26,1,22344.71,FEST50
ORD0020324,CUST01217,PROD00217,STORE005,2026-04-26,1,5107.33,WELCOME5
ORD0018865,CUST00856,PROD00172,STORE012,2026-04-26,1,3008.96,
ORD0020245,CUST01275,PROD00023,STORE007,2026-04-26,4,14809.8,
ORD0018900,CUST00745,PROD00115,STORE020,2026-04-26,4,15393.74,
ORD0019978,CUST00980,PROD00170,STORE001,2026-04-26,6,3125.98,FEST50
ORD0020312,CUST01231,PROD00138,STORE010,2026-04-26,3,16572.09,
ORD0020120,CUST00020,PROD00113,STORE021,2026-04-26,3,9853.69,
ORD0019158,CUST00689,PROD00158,STORE021,2026-04-26,5,17593.36,FEST50
ORD0019952,CUST00055,PROD00222,STORE023,2026-04-26,3,21471.55,
ORD0018842,CUST01263,PROD00118,STORE004,2026-04-26,3,10331.53,FEST50
ORD0019696,CUST01064,PROD00278,STORE021,2026-04-26,2,22744.93,WELCOME5
ORD0019875,CUST00527,PROD00233,STORE007,2026-04-26,5,8213.35,WELCOME5
ORD0018654,CUST00035,PROD00208,STORE012,2026-04-26,1,21793.51,
ORD0019651,CUST00564,PROD00200,STORE022,2026-04-26,5,14940.06,
ORD0019121,CUST00708,PROD00105,STORE007,2026-04-26,2,8394.43,
ORD0018689,CUST00579,,STORE021,2026-04-21,2,24628.91,FEST50
ORD0019879,CUST01450,PROD00064,STORE020,2026-04-26,2,18200.73,
ORD0018892,CUST00258,PROD00015,STORE020,2026-04-26,1,1116.29,
ORD0019583,CUST01489,PROD00034,STORE003,2026-04-26,5,14776.08,SAVE10
ORD0020470,CUST01311,,STORE013,2026-04-26,6,11493.55,WELCOME5
ORD0019008,CUST00077,PROD00025,STORE024,2026-04-26,6,12114.67,
ORD0019791,CUST00259,PROD00039,STORE005,2026-04-26,6,20408.98,SAVE10
ORD0018582,CUST00072,PROD00130,STORE009,2026-04-26,2,14030.35,
ORD0020156,CUST00604,PROD00273,STORE009,2026-04-26,5,11903.29,
ORD0019502,CUST00358,PROD00169,STORE012,2026-04-18,1,21068.35,SAVE10
ORD0020271,CUST00704,PROD00059,STORE012,2026-04-26,1,19587.18,SAVE10
ORD0018971,CUST01256,PROD00142,STORE007,2026-04-19,5,16121.85,SAVE10
ORD0019794,CUST01405,PROD00252,STORE022,2026-04-26,1,15561.52,WELCOME5
ORD0020276,CUST00124,PROD00273,STORE022,2026-04-26,1,14810.72,
ORD0018982,CUST00129,PROD00056,STORE001,2026-04-26,2,24989.4,WELCOME5
ORD0020062,CUST01426,PROD00166,STORE014,2026-04-26,5,8608.52,
ORD0020214,CUST00642,PROD00024,STORE003,2026-04-26,6,16141.59,WELCOME5
ORD0020497,CUST00110,PROD00127,STORE011,2026-04-26,5,19283.97,
ORD0019207,CUST00710,PROD00157,STORE013,2026-04-26,2,2849.56,
ORD0019371,CUST00290,PROD00146,STORE022,2026-04-26,4,2630.67,WELCOME5
ORD0020012,CUST01315,PROD00250,STORE023,2026-04-26,6,7208.25,
ORD0020354,,PROD00217,STORE015,2026-04-26,5,19116.13,FEST50
ORD0019810,CUST00263,PROD00218,STORE024,2026-04-26,2,6937.47,
ORD0018643,CUST01214,PROD00020,STORE008,2026-04-26,4,13080.49,WELCOME5
ORD0018688,CUST00901,PROD00067,STORE008,2026-04-26,5,10691.3,
ORD0019321,CUST00782,PROD00054,STORE024,2026-04-26,5,10453.06,
ORD0019174,CUST01093,PROD00083,STORE018,2026-04-26,3,16214.82,FEST50
ORD0018885,CUST00354,PROD00153,STORE022,2026-04-26,6,18236.62,WELCOME5
ORD0020172,CUST00359,PROD00254,STORE020,2026-04-26,6,11155.74,SAVE10
ORD0018515,CUST00162,PROD00183,STORE018,2026-04-26,6,2287.73,SAVE10
ORD0019576,CUST01233,PROD00023,STORE006,2026-04-26,4,8428.77,WELCOME5
ORD0020378,CUST00878,PROD00089,STORE012,2026-04-26,5,5163.1,FEST50
ORD0019405,CUST00095,PROD00242,STORE015,2026-04-26,3,10562.96,SAVE10
ORD0018642,CUST00294,PROD00073,STORE020,2026-04-26,4,21329.17,
ORD0019015,CUST01141,PROD00158,STORE017,2026-04-26,1,22369.49,FEST50
ORD0019096,CUST00598,PROD00291,STORE019,2026-04-26,3,19467.62,
ORD0020176,CUST01493,,STORE021,2026-04-26,5,13685.12,
ORD0018698,CUST01400,PROD00100,STORE016,2026-04-26,6,17018.9,SAVE10
ORD0019476,CUST01448,PROD00206,STORE020,2026-04-26,1,5867.27,
ORD0020321,CUST00340,PROD00156,STORE017,2026-04-26,2,23352.2,
ORD0020417,CUST00179,PROD00024,STORE013,2026-04-26,4,10618.11,
ORD0019124,CUST00873,PROD00056,STORE020,2026-04-26,1,8334.99,
ORD0018821,CUST01351,PROD00098,STORE015,2026-04-26,1,23964.59,
ORD0018894,CUST00582,PROD00089,STORE022,2026-04-26,1,6236.69,
ORD0019805,CUST00565,PROD00203,STORE025,2026-04-26,6,18385.16,SAVE10
ORD0019483,CUST00995,PROD00173,STORE015,2026-04-26,2,15307.21,SAVE10
ORD0018610,CUST00644,PROD00194,STORE002,2026-04-19,5,829.57,
ORD0018502,CUST01005,PROD00068,STORE021,2026-04-26,6,17284.39,
ORD0018919,CUST00164,PROD00209,STORE017,2026-04-26,3,9833.3,SAVE10
ORD0020030,CUST00521,PROD00287,STORE012,2026-04-26,4,5562.45,
ORD0019455,CUST00658,PROD00041,STORE024,2026-04-26,2,19694.56,
ORD0019046,CUST01345,PROD00243,STORE014,2026-04-26,6,23587.08,
ORD0019530,CUST00656,PROD00202,STORE013,2026-04-26,5,11146.27,
ORD0018882,CUST00711,PROD00032,STORE022,2026-04-26,2,23213.7,
ORD0019574,CUST00897,PROD00184,STORE018,2026-04-26,4,975.56,FEST50
ORD0018982,CUST00129,PROD00056,STORE001,2026-04-26,2,24989.4,WELCOME5
ORD0018737,CUST01308,PROD00022,STORE003,2026-04-26,3,16304.34,WELCOME5
ORD0018933,CUST00172,PROD00187,STORE001,2026-04-26,4,3669.48,FEST50
ORD0019094,CUST00857,PROD00004,STORE017,2026-04-26,3,20478.73,FEST50
ORD0019972,CUST00178,,STORE016,2026-04-26,2,688.45,WELCOME5
ORD0019787,CUST00273,PROD00182,STORE010,2026-04-26,6,16618.25,
ORD0019029,CUST01306,PROD00248,STORE008,2026-04-16,6,2428.81,FEST50
ORD0019473,CUST00346,PROD00274,STORE020,2026-04-26,4,16640.48,
ORD0019220,CUST00917,PROD00230,STORE014,2026-04-26,2,9937.14,
ORD0020423,CUST00492,PROD00019,STORE007,2026-04-26,1,17737.59,
ORD0020005,CUST00583,PROD00281,STORE009,2026-04-26,3,8941.35,
ORD0020133,CUST00803,PROD00251,STORE003,2026-04-26,1,16242.38,
ORD0020006,CUST00055,PROD00230,STORE020,2026-04-26,5,1966.71,WELCOME5
ORD0019829,CUST00649,PROD00100,STORE008,2026-04-26,3,9786.69,WELCOME5
ORD0018822,CUST00731,PROD00128,STORE008,2026-04-26,1,9063.34,WELCOME5
ORD0020432,CUST01476,PROD00087,STORE005,2026-04-26,5,20447.1,
ORD0019444,CUST01022,PROD00212,STORE014,2026-04-26,1,14010.06,SAVE10
ORD0020422,CUST00947,PROD00056,STORE018,2026-04-19,2,14443.66,
ORD0018665,CUST00792,PROD00007,STORE007,2026-04-17,1,1041.43,
ORD0018871,CUST00801,PROD00068,STORE004,2026-04-26,4,21728.79,
ORD0019721,CUST01037,PROD00020,STORE002,2026-04-26,1,3609.38,
ORD0018905,CUST01079,PROD00229,STORE013,2026-04-20,3,21601.95,
ORD0019133,CUST01237,PROD00144,STORE025,2026-04-26,6,15707.26,
ORD0019240,CUST00584,,STORE012,2026-04-26,5,6764.67,SAVE10
ORD0019681,CUST00492,PROD00116,STORE015,2026-04-26,5,22952.19,
ORD0018742,CUST00956,PROD00156,STORE008,2026-04-26,6,16537.25,SAVE10
ORD0019099,CUST00556,PROD00065,STORE015,2026-04-26,2,20391.76,
ORD0020259,CUST00346,PROD00225,STORE003,2026-04-26,1,23159.55,
ORD0018732,CUST01221,PROD00281,STORE025,2026-04-26,4,1682.44,
ORD0019739,CUST00192,PROD00223,STORE017,2026-04-26,1,20089.91,
ORD0019214,CUST00736,PROD00121,STORE002,2026-04-26,5,21103.78,
ORD0020491,CUST00370,PROD00279,STORE022,2026-04-26,4,11875.19,
ORD0020077,CUST01245,PROD00107,STORE023,2026-04-26,3,8364.77,
ORD0018839,CUST00201,PROD00143,STORE013,2026-04-26,2,16228.95,
ORD0020240,CUST00010,PROD00022,STORE006,2026-04-26,3,5945.47,SAVE10
ORD0019193,CUST00492,PROD00150,STORE022,2026-04-26,3,18106.93,
ORD0020258,CUST01032,PROD00080,STORE002,2026-04-26,1,11114.9,WELCOME5
ORD0019870,CUST01041,PROD00192,STORE014,2026-04-26,2,18710.55,
ORD0018808,CUST00899,PROD00154,STORE001,2026-04-26,4,1935.97,
ORD0019406,CUST01439,PROD00195,STORE014,2026-04-26,2,17785.01,SAVE10
ORD0019018,CUST00433,PROD00063,STORE016,2026-04-26,3,1118.64,
ORD0019818,CUST01063,PROD00269,STORE009,2026-04-20,4,20113.36,SAVE10
ORD0018818,CUST01400,PROD00259,STORE024,2026-04-26,4,22215.2,SAVE10
ORD0019123,CUST01234,PROD00016,STORE011,2026-04-26,1,10864.57,
ORD0019086,CUST01023,PROD00262,STORE005,2026-04-26,2,2851.31,FEST50
ORD0019421,CUST01407,PROD00235,STORE019,2026-04-26,6,7554.59,FEST50
ORD0018780,CUST00761,PROD00005,STORE006,2026-04-26,1,19077.95,WELCOME5
ORD0019593,CUST00508,PROD00081,STORE018,2026-04-26,2,2102.77,FEST50
ORD0019302,CUST00006,PROD00078,STORE004,2026-04-26,5,10867.51,FEST50
ORD0020357,CUST01463,PROD00115,STORE024,2026-04-26,1,11433.1,
ORD0019674,CUST01064,PROD00170,STORE016,2026-04-26,4,1375.31,FEST50
ORD0020383,CUST01197,PROD00225,STORE003,2026-04-26,5,15796.14,
ORD0019285,CUST00136,PROD00240,STORE015,2026-04-26,1,-5,
ORD0018849,CUST00694,PROD00298,STORE017,2026-13-40,1,16095.83,SAVE10
ORD0019329,CUST00081,PROD00070,STORE019,2026-04-26,3,15477.5,
ORD0018854,CUST00339,PROD00056,STORE021,2026-04-26,6,19969.89,FEST50
ORD0018820,CUST00098,PROD00266,STORE014,2026-04-26,1,5738.23,SAVE10
ORD0019050,CUST00935,PROD00279,STORE023,2026-04-17,2,5477.69,SAVE10
ORD0019654,CUST01159,PROD00102,STORE019,2026-04-26,6,17432.43,
ORD0020328,CUST00647,PROD00145,STORE011,2026-04-26,3,1891.49,
ORD0020100,CUST01055,PROD00247,STORE018,2026-04-26,3,17326.12,WELCOME5
ORD0018927,CUST00349,PROD00176,STORE016,2026-04-26,4,24935.08,
ORD0019521,CUST01244,PROD00026,STORE017,2026-04-26,6,9761.04,
ORD0018945,CUST00817,PROD00245,STORE014,2026-04-20,3,2779.76,
ORD0018967,CUST00544,PROD00272,STORE019,2026-04-26,4,23605.37,SAVE10
ORD0020474,CUST00065,PROD00108,STORE020,2026-04-26,3,10148.28,FEST50
ORD0019267,CUST01017,PROD00269,STORE025,2026-04-26,1,23556.76,SAVE10
ORD0018762,CUST00784,PROD00192,STORE023,2026-04-26,4,728.51,
ORD0019956,CUST00297,PROD00123,STORE007,2026-04-26,4,7876.08,WELCOME5
ORD0018911,CUST00366,PROD00289,STORE016,2026-04-26,5,15283.52,
ORD0020243,CUST00619,PROD00129,STORE014,2026-04-26,5,2737.38,
ORD0020073,CUST00858,PROD00123,STORE014,2026-04-26,3,4616.42,
ORD0019398,CUST01414,PROD00247,STORE009,2026-04-26,4,3624.36,
ORD0019602,CUST00341,PROD00140,STORE019,2026-04-26,2,13323.84,SAVE10
ORD0018564,CUST00946,PROD00012,STORE008,2026-04-26,3,18900.69,
ORD0019116,CUST01328,PROD00024,STORE020,2026-04-23,2,24852.18,WELCOME5
ORD0019341,CUST00400,PROD00188,STORE006,2026-04-19,6,13545.75,
ORD0019893,CUST01380,PROD00191,STORE008,2026-04-26,4,7714.44,FEST50
ORD0019677,CUST00733,PROD00257,STORE004,2026-04-26,3,11455.38,
ORD0020457,CUST00668,PROD00121,STORE021,2026-04-26,2,5262.37,
ORD0018858,CUST00145,PROD00124,STORE014,2026-04-20,4,15261.69,
ORD0020198,CUST01086,PROD00184,STORE011,2026-04-26,5,24141.23,
ORD0019903,CUST00310,PROD00263,STORE023,2026-04-26,4,7095.86,
ORD0019383,CUST00400,PROD00279,STORE024,2026-04-26,6,2889.68,WELCOME5
ORD0019095,CUST01229,PROD00272,STORE017,2026-04-26,4,8827.08,
ORD0019218,CUST00401,PROD00206,STORE012,2026-04-26,3,18596.21,
ORD0020331,CUST00015,PROD00273,STORE018,2026-04-26,1,18398.15,FEST50
ORD0019573,CUST01134,PROD00125,STORE004,2026-13-40,6,17105.75,
ORD0018966,CUST00868,PROD00123,STORE023,2026-04-26,1,4193.26,WELCOME5
ORD0020437,CUST01080,PROD00138,STORE007,2026-04-26,5,5012.91,SAVE10
ORD0020264,CUST01313,PROD00229,STORE024,2026-04-26,5,13764.0,WELCOME5
ORD0020269,CUST00204,PROD00227,STORE021,2026-04-26,4,19079.44,
ORD0020472,CUST00385,PROD00236,STORE017,2026-04-26,1,21017.51,
ORD0018708,CUST01339,PROD00231,STORE003,2026-04-22,4,11311.49,
ORD0019914,CUST00487,PROD00143,STORE007,2026-04-26,4,12122.48,SAVE10
ORD0018951,CUST00052,PROD00173,STORE010,2026-04-26,6,21304.04,
ORD0019301,CUST00734,PROD00146,STORE005,2026-04-26,3,24553.0,
ORD0018527,CUST00951,PROD00295,STORE021,2026-04-26,3,14561.28,
ORD0019115,CUST01319,PROD00036,STORE009,2026-04-26,5,9614.67,SAVE10
ORD0019289,CUST00174,,STORE010,2026-04-26,2,8504.53,
ORD0019991,CUST00866,PROD00269,STORE006,2026-04-26,5,2171.55,FEST50
ORD0018895,CUST00622,PROD00007,STORE016,2026-04-26,5,8300.68,SAVE10
ORD0018555,CUST00143,PROD00211,STORE010,2026-04-26,3,3384.21,WELCOME5
ORD0019768,CUST01183,PROD00018,STORE010,2026-04-26,6,15985.02,
ORD0019375,CUST00645,PROD00133,STORE002,2026-04-26,6,22958.31,
ORD0019732,CUST00154,PROD00121,STORE003,2026-04-20,1,347.34,FEST50
ORD0019087,CUST01478,PROD00198,STORE021,2026-04-26,6,5712.08,
ORD0019778,CUST00844,PROD00218,STORE012,2026-04-26,6,10330.85,
ORD0019148,CUST00149,PROD00271,STORE021,2026-04-26,4,16954.81,
ORD0019286,CUST01308,PROD00277,STORE024,2026-04-26,6,20652.96,
ORD0020344,CUST01163,PROD00105,STORE001,2026-04-26,1,18142.27,
ORD0018548,CUST00619,PROD00187,STORE012,2026-04-26,2,13145.27,FEST50
ORD0019921,CUST01201,PROD00094,STORE003,2026-04-26,2,2066.14,WELCOME5
ORD0019445,CUST00482,PROD00166,STORE016,2026-04-17,4,21984.46,
ORD0019575,CUST00895,PROD00046,STORE008,2026-04-26,1,19274.45,
ORD0020299,CUST00063,PROD00270,STORE018,2026-04-26,1,1120.19,FEST50
ORD0019399,CUST00051,PROD00142,STORE020,2026-04-26,4,10933.76,WELCOME5
ORD0020091,CUST01049,PROD00298,STORE003,2026-04-20,4,15440.03,WELCOME5
ORD0018847,CUST01482,PROD00133,STORE014,2026-04-26,5,13305.29,
ORD0019918,CUST00152,PROD00139,STORE014,2026-04-26,3,11093.15,WELCOME5
ORD0019749,CUST01047,PROD00124,STORE020,2026-04-26,1,5582.19,
ORD0019863,CUST00831,PROD00243,STORE021,2026-04-26,2,13791.34,SAVE10
ORD0019347,CUST00794,PROD00065,STORE020,2026-04-26,2,14059.1,
ORD0019204,CUST01278,PROD00188,STORE001,2026-04-26,6,7465.5,FEST50
ORD0019822,CUST00153,PROD00044,STORE016,2026-04-26,5,17044.43,
ORD0018774,CUST01208,PROD00108,STORE015,2026-04-26,6,9780.22,SAVE10
ORD0019416,CUST00744,PROD00113,STORE012,2026-04-26,3,21171.62,
ORD0019430,CUST00946,PROD00227,STORE015,2026-04-23,5,19722.42,WELCOME5
ORD0020084,CUST01497,PROD00177,STORE012,2026-04-26,1,4904.94,
ORD0020361,,PROD00150,STORE020,2026-04-26,4,24393.69,
ORD0019494,CUST01468,PROD00076,STORE003,2026-04-26,5,12061.21,
ORD0019986,CUST00842,PROD00260,STORE018,2026-04-26,1,3519.17,
ORD0019945,CUST00421,PROD00252,STORE011,2026-04-26,2,2219.79,WELCOME5
ORD0020094,CUST01378,PROD00153,STORE002,2026-04-26,3,11972.22,
ORD0019943,CUST00688,PROD00065,STORE019,2026-04-26,5,16742.61,SAVE10
ORD0019639,CUST00962,PROD00054,STORE010,2026-04-26,3,11639.99,SAVE10
ORD0019491,CUST00902,PROD00103,STORE012,2026-04-26,1,12208.44,
ORD0020248,CUST00004,PROD00053,STORE019,2026-04-19,1,16958.55,
ORD0019241,CUST00378,PROD00078,STORE016,2026-04-18,4,2361.2,WELCOME5
ORD0019155,CUST00238,PROD00072,STORE001,2026-04-26,1,3269.8,
ORD0020373,CUST01481,PROD00136,STORE017,2026-04-26,3,17106.62,FEST50
ORD0019324,CUST01158,PROD00146,STORE020,2026-04-26,1,9819.93,
ORD0019955,CUST00824,PROD00187,STORE002,2026-04-26,4,11560.22,WELCOME5
ORD0018753,CUST00065,PROD00281,STORE021,2026-04-26,4,19269.34,
ORD0020300,CUST00431,PROD00092,STORE018,2026-04-26,5,24815.55,
ORD0018639,CUST01022,PROD00006,STORE010,2026-04-26,2,15463.92,
ORD0020111,CUST00323,PROD00293,STORE005,2026-04-26,2,9300.17,
ORD0018623,CUST00029,PROD00120,STORE002,2026-04-26,2,17832.42,WELCOME5
ORD0020261,CUST00214,PROD00004,STORE006,2026-04-26,1,5369.33,WELCOME5
ORD0019920,CUST00462,PROD00234,STORE019,2026-04-26,6,23532.0,
ORD0020196,CUST00485,PROD00275,STORE002,2026-04-26,3,6856.74,SAVE10
ORD0019021,CUST00663,PROD00055,STORE012,2026-04-26,6,8511.76,
ORD0019658,CUST01289,PROD00072,STORE024,2026-04-26,6,18931.49,
ORD0019173,CUST00687,PROD00251,STORE001,2026-04-26,5,9289.85,
ORD0019076,CUST01209,PROD00052,STORE015,2026-04-26,6,17159.34,SAVE10
ORD0020279,CUST01223,PROD00036,STORE012,2026-04-26,1,21103.18,SAVE10
ORD0018918,CUST00016,PROD00223,STORE025,2026-04-26,3,11999.39,FEST50
ORD0018844,CUST00080,PROD00128,STORE016,2026-04-26,3,19826.16,
ORD0020349,CUST00703,PROD00141,STORE021,2026-04-26,3,7067.87,
ORD0020287,CUST01029,PROD00110,STORE018,2026-04-26,6,840.85,
ORD0018628,CUST00420,PROD00025,STORE009,2026-04-26,1,8957.28,
ORD0019248,CUST00225,PROD00022,STORE022,2026-04-26,3,20102.46,SAVE10
ORD0020347,CUST00887,PROD00247,STORE012,2026-04-26,6,5764.53,
ORD0019436,CUST01217,PROD00295,STORE025,2026-04-26,6,4537.14,FEST50
ORD0020273,CUST00628,PROD00255,STORE004,2026-04-26,2,12697.79,
ORD0020109,CUST00253,PROD00016,STORE015,2026-04-26,2,10453.42,
ORD0019878,CUST00678,PROD00091,STORE003,2026-04-26,2,6753.6,FEST50
ORD0019545,CUST01259,PROD00222,STORE003,2026-04-26,1,10828.68,
ORD0020125,CUST00286,PROD00168,STORE009,,1,6909.87,SAVE10
ORD0019619,CUST00208,PROD00197,STORE001,2026-04-26,5,23528.26,FEST50
ORD0019659,CUST00077,PROD00034,STORE006,2026-04-26,2,5563.47,SAVE10
ORD0019295,CUST00524,PROD00226,STORE015,,5,18677.28,
ORD0018673,CUST00635,PROD00048,STORE012,2026-04-26,1,19813.26,
ORD0019569,CUST01344,PROD00015,STORE008,2026-04-26,2,15830.81,
ORD0020102,CUST00655,PROD00056,STORE025,,3,24261.97,
ORD0019062,CUST00834,PROD00226,STORE015,2026-04-26,1,18064.85,SAVE10
ORD0019588,CUST01052,PROD00127,STORE015,2026-04-26,6,5231.97,
ORD0018879,CUST00887,PROD00039,STORE012,2026-04-26,3,14298.97,
ORD0019562,CUST01230,PROD00151,STORE011,2026-04-26,5,24079.99,
ORD0019894,CUST00442,PROD00180,STORE019,2026-04-26,6,23952.66,WELCOME5
ORD0018562,CUST00987,PROD00239,STORE014,2026-04-26,2,12101.51,SAVE10
ORD0018687,CUST01198,PROD00128,STORE009,2026-04-26,3,8968.95,SAVE10
ORD0020244,CUST00901,PROD00032,STORE014,2026-04-26,5,5741.33,
ORD0020152,CUST00679,PROD00275,STORE009,2026-04-21,1,156.91,
ORD0018739,CUST01474,PROD00148,STORE011,2026-04-26,2,19408.71,
ORD0020385,CUST00849,PROD00088,STORE010,2026-04-26,6,14217.57,
ORD0018575,CUST01368,PROD00197,STORE008,2026-04-26,2,24209.03,WELCOME5
ORD0018580,CUST00694,PROD00059,STORE010,2026-04-21,5,12577.68,WELCOME5
ORD0019769,CUST00993,PROD00035,STORE015,2026-04-26,4,16195.28,
ORD0019813,CUST00060,PROD00061,STORE024,2026-04-26,3,17994.94,FEST50
ORD0020440,CUST00657,PROD00221,STORE018,2026-04-26,4,20429.13,WELCOME5
ORD0018870,CUST00021,PROD00253,STORE009,2026-04-16,6,19546.55,WELCOME5
ORD0018851,CUST00496,PROD00136,STORE019,2026-04-26,6,22170.4,FEST50
ORD0020266,CUST00225,PROD00169,STORE005,2026-04-26,1,15030.65,
ORD0018973,CUST00552,PROD00255,STORE011,2026-04-26,5,5599.49,WELCOME5
ORD0019679,CUST00286,PROD00130,STORE010,2026-04-26,6,4812.94,FEST50
ORD0019572,CUST00016,PROD00054,STORE015,2026-04-26,3,288.62,
ORD0018748,CUST00141,PROD00247,STORE021,2026-04-26,5,13160.27,
ORD0019520,CUST00539,PROD00170,STORE020,2026-04-26,6,13706.29,
ORD0019237,CUST00618,PROD00066,STORE024,2026-04-26,2,11026.23,SAVE10
ORD0019352,CUST01156,PROD00156,STORE013,2026-04-26,6,5608.87,
ORD0019355,CUST01238,PROD00243,STORE020,2026-04-26,2,22071.87,WELCOME5
ORD0019584,CUST00362,PROD00295,STORE018,2026-04-26,1,10547.34,FEST50
ORD0020290,CUST01408,PROD00248,STORE012,2026-04-26,3,5355.86,
ORD0019832,CUST00040,PROD00153,STORE016,2026-04-26,4,6518.24,FEST50
ORD0019919,CUST00368,PROD00043,STORE017,2026-04-26,2,11004.73,WELCOME5
ORD0019319,CUST00098,PROD00223,STORE008,2026-04-26,4,16616.43,SAVE10
ORD0019192,CUST01166,PROD00122,STORE010,2026-04-26,3,6228.63,
ORD0019711,CUST00304,PROD00195,STORE009,2026-04-26,2,9956.63,
ORD0018520,CUST00787,PROD00067,STORE022,2026-04-26,3,843.97,
ORD0020371,CUST00918,PROD00215,STORE021,2026-04-26,3,24272.13,
ORD0018896,CUST00735,PROD00209,STORE018,2026-04-26,4,13123.58,SAVE10
ORD0018743,CUST01405,PROD00075,STORE013,2026-04-26,5,14212.45,WELCOME5
ORD0019649,,PROD00010,STORE023,2026-04-26,3,12982.71,FEST50
ORD0018978,CUST01386,PROD00091,STORE010,2026-04-26,3,6084.45,WELCOME5
ORD0020115,CUST01465,PROD00249,STORE019,2026-04-26,2,15448.02,SAVE10
ORD0020330,CUST00636,PROD00243,STORE022,2026-04-26,4,16057.85,SAVE10
ORD0018725,CUST00070,PROD00231,STORE020,2026-04-26,4,15013.62,
ORD0019549,CUST01241,PROD00131,STORE024,2026-04-26,5,8148.37,
ORD0020267,CUST00991,PROD00033,STORE006,2026-04-26,2,10862.44,WELCOME5
ORD0019396,CUST00939,PROD00138,STORE008,2026-04-26,4,8281.72,
ORD0018921,CUST00011,PROD00038,STORE014,2026-04-26,2,18722.14,SAVE10
ORD0019286,CUST01308,PROD00277,STORE024,2026-04-26,6,20652.96,
ORD0019038,CUST00504,PROD00053,STORE006,2026-04-26,5,9332.98,
ORD0019753,CUST00712,PROD00096,STORE012,2026-04-26,6,20185.17,FEST50
ORD0020040,CUST01428,PROD00235,STORE004,2026-04-26,2,24910.43,SAVE10
ORD0018814,CUST01226,PROD00122,STORE001,2026-04-26,1,3565.16,
ORD0019542,CUST01167,PROD00123,STORE021,not_a_date,6,14421.52,
ORD0019080,CUST00510,PROD00269,STORE023,2026-04-26,2,14130.61,
ORD0018848,CUST01143,PROD00131,STORE010,2026-04-26,5,6446.75,FEST50
ORD0020407,CUST01021,PROD00203,STORE024,2026-04-26,5,690.74,FEST50
ORD0019774,CUST01350,PROD00278,STORE008,2026-04-26,6,8793.66,FEST50
ORD0019694,CUST00994,PROD00023,STORE011,2026-04-26,1,7668.58,WELCOME5
ORD0020182,CUST00168,PROD00132,STORE012,2026-04-26,3,9628.82,
ORD0020362,CUST00856,PROD00297,STORE014,2026-04-26,1,13596.39,WELCOME5
ORD0019717,CUST00277,PROD00147,STORE021,2026-04-26,3,9933.52,FEST50
ORD0018733,CUST00891,PROD00128,STORE018,2026-04-26,4,23484.74,SAVE10
ORD0020397,CUST00909,PROD00145,STORE025,2026-04-26,6,24968.16,
ORD0019790,CUST00656,PROD00040,STORE022,2026-04-26,1,23475.68,
ORD0020137,CUST00258,PROD00012,STORE025,2026-04-23,2,24857.29,
ORD0019474,CUST00299,PROD00177,STORE007,2026-04-26,2,2733.03,SAVE10
ORD0019582,CUST00685,PROD00237,STORE009,2026-04-26,6,24943.85,
ORD0019171,CUST00559,PROD00228,STORE002,2026-04-26,3,7838.29,
ORD0019310,CUST01111,PROD00116,STORE022,2026-04-26,2,16251.53,
ORD0018751,CUST00786,PROD00264,STORE008,2026-04-26,5,886.79,WELCOME5
ORD0020194,CUST00547,PROD00080,STORE024,2026-04-26,3,2674.14,
ORD0020175,CUST00571,PROD00097,STORE006,2026-04-21,4,2625.67,FEST50
ORD0020074,CUST00916,PROD00203,STORE009,2026-04-26,4,3716.74,
ORD0018875,CUST00042,PROD00184,STORE011,2026-04-26,1,18084.44,
ORD0018809,CUST01085,PROD00181,STORE018,2026-04-26,6,11542.56,
ORD0019701,CUST00286,PROD00176,STORE004,2026-04-26,5,14844.7,WELCOME5
ORD0019864,CUST01201,PROD00187,STORE016,2026-04-26,6,23464.27,FEST50
ORD0019821,CUST00669,PROD00093,STORE009,2026-04-26,4,7297.23,FEST50
ORD0020143,CUST00221,PROD00187,STORE009,2026-04-26,6,22544.97,
ORD0019322,CUST01059,PROD00297,STORE016,2026-04-26,3,16490.85,
ORD0020460,CUST01355,PROD00154,STORE022,2026-04-26,4,4927.17,
ORD0020200,CUST00105,PROD00107,STORE024,2026-04-26,3,10297.14,SAVE10
ORD0020227,CUST00573,PROD00056,STORE014,2026-04-20,3,10171.42,SAVE10
ORD0019988,CUST00201,,STORE016,2026-04-26,6,14075.96,WELCOME5
ORD0019849,CUST00313,PROD00112,STORE019,2026-04-26,6,17481.22,WELCOME5
ORD0019305,CUST01020,PROD00006,STORE020,2026-04-26,4,8557.48,
ORD0019152,CUST00968,PROD00168,STORE016,2026-04-26,6,19702.01,WELCOME5
ORD0020351,CUST00768,PROD00174,STORE013,2026-04-26,6,11209.24,WELCOME5
ORD0018925,CUST01327,PROD00212,STORE015,2026-04-26,1,16762.11,FEST50
ORD0019913,CUST01325,PROD00111,STORE006,2026-04-26,1,16473.88,
ORD0020469,CUST00616,PROD00008,STORE003,2026-04-26,6,18062.5,WELCOME5
ORD0019345,CUST01477,PROD00201,STORE020,2026-04-23,4,5685.53,
ORD0018793,CUST00181,PROD00224,STORE014,2026-04-26,2,8764.58,WELCOME5
ORD0019368,CUST00534,PROD00240,STORE007,2026-04-17,4,18941.84,WELCOME5
ORD0019642,CUST00343,PROD00120,STORE005,2026-04-26,5,19929.82,WELCOME5
ORD0019426,CUST00984,PROD00101,STORE006,2026-04-26,5,9055.75,
ORD0019853,CUST00679,PROD00039,STORE008,2026-04-26,4,3282.67,
ORD0019628,CUST01053,PROD00092,STORE008,2026-04-26,1,5485.66,SAVE10
ORD0020046,CUST01123,PROD00225,STORE021,2026-04-26,5,23553.23,
ORD0020498,CUST00364,PROD00178,STORE003,2026-04-26,2,14045.33,WELCOME5
ORD0020140,CUST00540,PROD00208,STORE019,2026-04-26,2,9447.34,
ORD0019177,CUST00992,PROD00211,STORE017,2026-04-16,6,19847.88,
ORD0019130,CUST00652,PROD00192,STORE009,2026-04-26,6,8627.18,
ORD0019460,CUST01055,PROD00110,STORE011,2026-04-26,4,24820.16,WELCOME5
ORD0019872,CUST01388,PROD00041,STORE004,2026-04-26,1,4155.24,SAVE10
ORD0018601,CUST00595,PROD00156,STORE006,2026-04-26,4,10850.25,FEST50
ORD0020392,CUST00992,PROD00138,STORE002,2026-04-26,1,20612.31,SAVE10
ORD0019754,CUST00649,PROD00264,STORE015,2026-04-21,1,14552.64,FEST50
ORD0019311,CUST01078,PROD00144,STORE002,2026-04-26,6,8049.29,
ORD0020145,CUST00949,PROD00057,STORE007,2026-04-26,3,2315.09,FEST50
ORD0018629,CUST00544,PROD00163,STORE018,2026-04-26,2,12688.72,FEST50
ORD0020495,CUST01474,PROD00088,STORE009,2026-04-18,6,3700.03,
ORD0020431,CUST00253,PROD00041,STORE001,2026-04-26,6,20309.95,
ORD0019348,CUST01398,PROD00257,STORE012,2026-04-26,5,17721.56,
ORD0018778,CUST00910,PROD00156,STORE018,2026-04-22,5,11165.9,
ORD0019963,CUST01500,PROD00252,STORE015,2026-04-26,1,1104.26,
ORD0019568,CUST00415,PROD00021,STORE007,2026-04-26,1,9690.8,SAVE10
ORD0019314,CUST00295,PROD00083,STORE016,2026-04-26,6,18787.08,
ORD0018835,CUST00417,PROD00260,STORE016,2026-04-26,1,19970.75,
ORD0020153,CUST01049,PROD00117,STORE019,2026-04-26,5,9382.06,
ORD0019299,CUST01044,PROD00162,STORE019,2026-04-26,4,8902.71,WELCOME5
ORD0019246,CUST00270,PROD00251,STORE013,2026-04-26,1,21660.84,WELCOME5
ORD0018800,CUST00837,PROD00047,STORE021,2026-04-26,5,20530.4,SAVE10
ORD0020150,CUST00527,PROD00022,STORE007,2026-04-26,2,1370.9,SAVE10
ORD0019990,CUST00731,PROD00060,STORE001,2026-04-26,3,1148.08,
ORD0019760,CUST00407,PROD00274,STORE005,2026-04-26,3,9006.51,WELCOME5
ORD0018604,CUST00330,PROD00184,STORE020,2026-04-26,5,8184.54,
ORD0019261,CUST00068,PROD00229,STORE023,2026-04-26,6,14491.46,
ORD0018797,CUST00269,PROD00255,STORE024,2026-04-26,5,2508.92,SAVE10
ORD0018994,CUST00889,PROD00300,STORE020,2026-04-21,1,11471.06,FEST50
ORD0018999,CUST00273,PROD00287,STORE012,2026-04-26,5,2353.49,
ORD0019283,CUST01126,PROD00008,STORE025,2026-04-26,6,2403.15,FEST50
ORD0019807,CUST00093,PROD00092,STORE012,2026-04-26,1,4922.6,
ORD0019709,CUST00324,PROD00096,STORE010,2026-04-26,3,16613.7,
ORD0019926,CUST01124,PROD00040,STORE005,2026-04-26,3,13770.08,
ORD0019816,CUST01136,PROD00204,STORE003,2026-04-26,5,16913.82,
ORD0018906,CUST00810,PROD00124,STORE023,2026-04-26,2,23756.16,
ORD0018987,CUST01319,PROD00298,STORE021,2026-04-26,2,11106.49,
ORD0018516,CUST00017,PROD00228,STORE015,2026-04-26,4,5745.07,WELCOME5
ORD0018685,CUST00464,PROD00111,STORE025,2026-04-26,4,10090.16,
ORD0019540,CUST01440,PROD00025,STORE014,2026-04-26,6,11801.86,SAVE10
ORD0020218,CUST00682,PROD00083,STORE002,2026-04-26,2,1877.82,SAVE10
ORD0019675,CUST00564,PROD00053,STORE020,2026-04-26,4,6179.8,SAVE10
ORD0020089,CUST00003,PROD00113,STORE013,2026-04-26,6,13013.41,
ORD0019070,CUST00149,PROD00237,STORE002,2026-04-26,6,22687.59,
ORD0020455,CUST01377,PROD00145,STORE025,2026-04-26,3,14245.66,SAVE10
ORD0020122,CUST01032,PROD00241,STORE024,2026-04-26,4,7967.87,
ORD0018771,CUST01182,PROD00245,STORE002,2026-04-23,5,2589.68,
ORD0019236,CUST00726,PROD00255,STORE003,2026-04-26,6,1492.84,WELCOME5
ORD0019467,CUST00045,PROD00157,STORE010,2026-04-26,4,18014.84,SAVE10
ORD0019453,CUST00063,PROD00167,STORE005,2026-04-26,5,4196.92,
ORD0019326,CUST00479,PROD00107,STORE016,2026-04-26,2,20810.83,SAVE10
ORD0019648,CUST01141,PROD00065,STORE021,2026-04-26,1,6465.76,
ORD0019967,CUST00798,PROD00018,STORE023,2026-04-17,4,5259.51,FEST50
ORD0019142,CUST01080,PROD00197,STORE015,2026-04-26,6,20119.7,
ORD0020352,CUST00638,PROD00126,STORE003,2026-04-20,2,19782.35,FEST50
ORD0018727,CUST00669,PROD00291,STORE017,2026-04-26,5,1046.21,WELCOME5
ORD0020254,CUST00420,PROD00013,STORE007,2026-04-26,2,20541.97,
ORD0019060,CUST01414,PROD00263,STORE015,2026-04-26,4,769.92,
ORD0019982,CUST01468,PROD00162,STORE022,2026-04-26,1,6376.01,
ORD0018798,CUST00300,PROD00103,STORE009,2026-04-26,5,6233.14,
ORD0020186,CUST01326,PROD00023,STORE017,2026-04-26,5,11530.0,SAVE10
ORD0019537,CUST00231,PROD00203,STORE002,2026-04-26,3,23620.16,
ORD0019063,CUST00522,PROD00232,STORE018,2026-04-26,6,24712.51,FEST50
ORD0018677,CUST00666,PROD00107,STORE015,2026-04-26,3,19347.44,FEST50
ORD0019218,CUST00401,PROD00206,STORE012,2026-04-26,3,18596.21,
ORD0020097,CUST00618,PROD00082,STORE011,2026-04-26,6,10088.75,
ORD0020033,CUST01136,PROD00145,STORE009,2026-04-26,2,16258.74,
ORD0019994,CUST01445,PROD00088,STORE005,2026-04-26,6,380.79,
ORD0019594,CUST01225,PROD00267,STORE019,2026-04-22,2,16728.46,
ORD0020326,CUST00480,PROD00224,STORE016,2026-04-26,5,3622.09,FEST50
ORD0019172,CUST00673,PROD00094,STORE020,2026-04-26,3,13711.77,
ORD0019470,CUST00276,PROD00035,STORE016,2026-04-26,1,24576.69,FEST50
ORD0018680,CUST00613,PROD00264,STORE015,2026-04-26,4,14310.0,
ORD0020225,CUST00001,PROD00208,STORE005,2026-04-26,1,23371.64,
ORD0019443,CUST01013,PROD00232,STORE005,2026-04-26,3,280.29,WELCOME5
ORD0018658,CUST00549,PROD00162,STORE020,2026-04-26,5,1435.13,
ORD0019951,CUST01456,PROD00196,STORE005,2026-04-26,2,17272.88,
ORD0019303,CUST01471,PROD00015,STORE013,2026-04-26,3,22477.47,
ORD0020427,CUST00698,PROD00098,STORE022,2026-04-26,1,22780.27,
ORD0019401,CUST00034,PROD00025,STORE023,2026-04-26,1,21175.19,
ORD0018785,CUST00439,PROD00183,STORE025,2026-04-26,1,20542.46,
ORD0019052,CUST00441,PROD00276,STORE003,2026-04-26,3,13175.3,
ORD0019359,CUST00854,PROD00054,STORE008,2026-04-26,2,20357.3,
ORD0020284,CUST00505,PROD00186,STORE007,2026-04-26,1,15239.89,WELCOME5
ORD0018722,CUST01499,PROD00061,STORE009,2026-04-26,5,12088.02,
ORD0020346,CUST00586,PROD00265,STORE005,2026-04-26,3,3905.37,
ORD0018501,CUST00122,PROD00021,STORE012,2026-04-26,6,10606.84,WELCOME5
ORD0019088,CUST00667,PROD00081,STORE011,2026-04-26,4,11185.39,SAVE10
ORD0019751,CUST00283,PROD00131,STORE013,2026-04-26,4,11407.07,WELCOME5
ORD0019984,CUST00578,PROD00221,STORE023,2026-04-26,4,17202.31,FEST50
ORD0020323,CUST00986,PROD00044,STORE010,2026-04-26,4,20132.88,
ORD0020488,CUST00408,PROD00112,STORE023,2026-04-26,1,4877.39,
ORD0020364,CUST01377,PROD00033,STORE007,2026-04-26,4,18548.35,WELCOME5
ORD0020206,CUST01405,PROD00104,STORE006,2026-04-26,1,15674.99,SAVE10
ORD0019529,CUST00543,PROD00151,STORE011,2026-04-26,2,929.82,
ORD0019335,CUST01434,PROD00065,STORE023,2026-04-26,3,5162.05,
ORD0019664,CUST01395,PROD00278,STORE005,2026-04-26,3,9689.66,
ORD0020363,CUST00618,PROD00300,STORE010,2026-04-26,2,9282.15,WELCOME5
ORD0019231,CUST01134,PROD00044,STORE019,2026-04-26,2,17312.16,
ORD0018738,CUST00319,PROD00195,STORE010,2026-04-26,6,199.15,
ORD0019101,CUST01440,PROD00135,STORE024,2026-04-26,1,15844.81,
ORD0019596,CUST01471,PROD00175,STORE010,2026-04-26,6,21390.36,FEST50
ORD0018776,CUST01451,PROD00034,STORE013,2026-04-26,6,2773.67,WELCOME5
ORD0019262,CUST00558,PROD00074,STORE010,2026-04-26,1,18003.21,WELCOME5
ORD0020165,CUST00949,PROD00210,STORE016,2026-04-26,3,3980.69,WELCOME5
ORD0019662,CUST00027,PROD00214,STORE014,2026-04-20,2,6228.82,
ORD0018979,CUST00676,PROD00257,STORE022,2026-04-26,3,11223.21,
ORD0019488,CUST01224,PROD00188,STORE014,2026-04-26,1,21049.53,
ORD0020008,CUST00961,PROD00034,STORE001,2026-04-26,6,23798.16,
ORD0019308,CUST00519,PROD00198,STORE025,2026-04-26,1,12988.89,WELCOME5
ORD0019548,CUST01144,PROD00192,STORE019,2026-04-26,1,4655.43,WELCOME5
ORD0018980,CUST00295,PROD00260,STORE017,2026-04-18,2,20175.64,
ORD0019752,CUST00266,PROD00298,STORE015,2026-04-26,4,24894.82,WELCOME5
ORD0018796,CUST01302,PROD00092,STORE006,2026-04-26,2,20740.53,
ORD0019866,CUST01066,PROD00048,STORE017,2026-04-26,2,3208.14,
ORD0019556,CUST00062,PROD00215,STORE013,2026-04-26,4,4333.0,
ORD0019506,CUST01142,PROD00201,STORE008,2026-04-26,2,15139.6,FEST50
ORD0018600,CUST00292,PROD00009,STORE004,2026-04-26,1,3259.53,FEST50
ORD0020425,CUST00475,PROD00152,STORE021,2026-04-26,2,19678.9,
ORD0020372,CUST00680,PROD00124,STORE018,2026-04-26,2,22352.78,
ORD0019588,CUST01052,PROD00127,STORE015,2026-04-26,6,5231.97,
ORD0020309,CUST01404,PROD00253,STORE016,2026-04-26,3,14889.83,SAVE10
ORD0019837,CUST00669,PROD00152,STORE025,2026-04-26,5,2932.67,
ORD0018747,CUST00248,PROD00157,STORE008,2026-04-26,5,8248.23,SAVE10
ORD0019175,CUST01178,PROD00192,STORE019,2026-04-26,5,6427.23,
ORD0019992,CUST00284,PROD00280,STORE019,2026-04-26,3,7180.6,FEST50
ORD0019304,CUST01348,PROD00083,STORE009,2026-04-26,2,1749.64,SAVE10
ORD0020212,CUST00009,PROD00140,STORE005,2026-04-26,3,5557.49,
ORD0019670,CUST01255,PROD00184,STORE021,2026-04-26,3,3908.16,SAVE10
ORD0018660,CUST00731,PROD00045,STORE013,2026-04-26,1,12731.09,FEST50
ORD0019908,CUST01388,PROD00124,STORE001,2026-04-17,6,20556.0,
ORD0018608,CUST01404,PROD00012,STORE016,2026-04-26,3,21595.55,FEST50
ORD0018932,CUST01397,PROD00172,STORE001,2026-04-26,4,8235.66,SAVE10
ORD0020473,CUST00135,PROD00147,STORE013,2026-04-26,5,19686.05,
ORD0018884,CUST00871,PROD00298,STORE009,2026-04-26,5,12344.12,
ORD0020126,CUST00300,PROD00057,STORE013,2026-04-26,4,11786.31,
ORD0019543,CUST00520,PROD00266,STORE011,2026-04-26,4,12716.2,SAVE10
ORD0018533,CUST01151,PROD00043,STORE007,2026-04-26,3,2629.25,
ORD0019224,CUST01390,PROD00156,STORE011,2026-04-26,5,20180.09,WELCOME5
ORD0019653,CUST00749,PROD00069,STORE016,2026-04-26,4,11644.46,SAVE10
ORD0019755,CUST00960,PROD00058,STORE005,2026-04-26,5,17416.37,
ORD0019585,CUST01241,PROD00265,STORE022,2026-04-26,1,18226.15,
ORD0019360,CUST00406,PROD00289,STORE022,2026-04-26,6,12987.61,SAVE10
ORD0020174,CUST01359,PROD00208,STORE014,2026-04-26,3,13474.13,FEST50
ORD0018835,CUST00417,PROD00260,STORE016,2026-04-26,1,19970.75,
ORD0018670,CUST00204,PROD00115,STORE016,2026-04-19,1,5851.56,WELCOME5
ORD0020439,CUST01437,PROD00108,STORE012,2026-04-26,2,24272.18,
ORD0019979,CUST00082,PROD00249,STORE001,2026-04-26,2,11351.89,
ORD0020391,CUST00397,PROD00236,STORE008,2026-04-23,6,13592.92,
ORD0020416,CUST01093,PROD00243,STORE022,00/00/0000,3,17157.19,
ORD0019136,CUST01085,PROD00249,STORE015,2026-04-22,3,5622.4,
ORD0020134,CUST01326,PROD00188,STORE011,2026-04-26,4,22075.6,SAVE10
ORD0019532,CUST01105,PROD00225,STORE007,2026-04-26,1,24372.08,
ORD0018889,CUST00611,PROD00038,STORE018,2026-04-26,4,11777.88,WELCOME5
ORD0020250,CUST00591,PROD00289,STORE018,2026-04-26,4,3395.47,SAVE10
ORD0019369,CUST01453,PROD00084,STORE025,2026-04-26,2,21855.91,WELCOME5
ORD0018760,CUST00621,PROD00081,STORE006,2026-04-26,1,9267.05,SAVE10
ORD0019119,CUST00811,PROD00033,STORE009,2026-04-26,1,15005.38,
ORD0019748,,PROD00132,STORE022,2026-04-26,4,20192.23,FEST50
ORD0018620,CUST00021,PROD00162,STORE003,2026-04-26,4,11854.61,WELCOME5
ORD0018597,CUST01284,PROD00020,STORE014,2026-04-26,3,14341.4,
ORD0020420,CUST00624,PROD00028,STORE021,2026-04-26,4,4584.94,FEST50
ORD0019425,CUST01373,PROD00115,STORE017,2026-04-26,3,24586.4,
ORD0020225,CUST00001,PROD00208,STORE005,2026-04-26,1,23371.64,
ORD0018745,CUST01158,PROD00011,STORE025,2026-04-19,6,5381.47,FEST50
ORD0020450,CUST00763,PROD00175,STORE016,2026-04-26,2,4508.12,
ORD0019551,CUST00771,PROD00063,STORE020,2026-04-26,1,10415.85,
ORD0020239,CUST00529,PROD00178,STORE001,2026-04-26,3,1734.38,
ORD0018901,CUST00606,PROD00268,STORE007,2026-04-26,2,24971.57,
ORD0019202,CUST00745,PROD00097,STORE022,,5,18356.01,WELCOME5
ORD0019693,CUST01303,PROD00189,STORE006,2026-04-26,4,10018.7,FEST50
ORD0019277,CUST00309,PROD00199,STORE004,2026-04-26,1,11655.72,WELCOME5
ORD0018544,CUST00148,PROD00130,STORE024,2026-04-26,2,14907.15,WELCOME5
ORD0019592,CUST01306,PROD00130,STORE019,2026-04-26,2,23036.28,WELCOME5
ORD0020173,CUST00155,PROD00092,STORE025,2026-04-26,1,18047.05,SAVE10
ORD0018886,CUST00994,PROD00112,STORE016,2026-04-26,3,13473.69,WELCOME5
ORD0019472,CUST00363,PROD00282,STORE022,2026-04-26,2,21609.47,
ORD0019210,CUST01232,PROD00195,STORE020,2026-04-26,6,6949.24,
ORD0019085,CUST01451,PROD00130,STORE019,2026-04-26,1,18085.37,
ORD0018699,CUST00473,PROD00026,STORE015,2026-04-26,3,3974.24,FEST50
ORD0019373,CUST01329,PROD00159,STORE010,2026-04-26,3,24442.96,FEST50
ORD0018574,CUST00302,PROD00130,STORE024,2026-04-26,2,20324.55,
ORD0019391,CUST01339,PROD00044,STORE024,2026-04-26,1,7317.31,WELCOME5
ORD0018615,CUST00409,PROD00072,STORE009,2026-04-26,5,23203.63,SAVE10
ORD0019291,CUST00836,PROD00281,STORE018,2026-04-26,2,1076.96,SAVE10
ORD0019354,CUST00488,PROD00030,STORE016,2026-04-26,3,15954.5,
ORD0019454,CUST01030,PROD00254,STORE022,2026-04-26,1,24654.92,WELCOME5
ORD0019409,CUST00808,PROD00181,STORE017,2026-04-26,5,18169.14,
ORD0019880,CUST01161,PROD00240,STORE018,2026-04-26,1,21961.5,FEST50
ORD0019407,CUST01309,PROD00083,STORE005,2026-04-26,5,17494.95,SAVE10
ORD0019165,CUST01141,PROD00258,STORE014,2026-04-26,3,10805.97,SAVE10
ORD0018649,CUST00977,PROD00241,STORE007,2026-04-26,3,7356.53,
ORD0019987,CUST01426,PROD00138,STORE014,2026-04-26,1,19794.55,
ORD0018695,CUST01323,PROD00164,STORE019,2026-04-26,5,24961.73,
ORD0018522,CUST01037,PROD00175,STORE020,2026-04-26,4,23485.66,FEST50
ORD0020239,CUST00529,PROD00178,STORE001,2026-04-26,3,1734.38,
ORD0020338,CUST00668,PROD00288,STORE011,2026-04-20,1,15234.42,WELCOME5
ORD0019670,CUST01255,PROD00184,STORE021,2026-04-26,3,3908.16,SAVE10
ORD0020058,CUST00702,PROD00188,STORE011,2026-04-26,2,7585.13,
ORD0018529,CUST00649,PROD00134,STORE001,2026-04-26,5,11003.93,
ORD0019673,CUST00754,PROD00018,STORE005,2026-04-26,2,24174.15,
ORD0020056,CUST00692,PROD00230,STORE020,2026-04-26,3,13982.15,
ORD0020404,CUST00541,PROD00226,STORE010,2026-04-26,2,21604.03,WELCOME5
ORD0019442,CUST00378,PROD00239,STORE020,2026-04-26,3,16346.72,
ORD0019700,CUST00930,PROD00297,STORE009,2026-04-26,1,8888.55,FEST50
ORD0019635,CUST01319,PROD00295,STORE016,2026-04-20,2,14171.2,WELCOME5
ORD0019509,CUST01374,PROD00035,STORE021,2026-04-26,3,14778.6,SAVE10
ORD0020318,CUST00846,PROD00140,STORE017,2026-04-26,6,1414.49,
ORD0020071,CUST01156,PROD00176,STORE006,2026-04-26,1,17229.6,
ORD0019374,CUST01344,PROD00189,STORE008,2026-04-26,4,22340.24,SAVE10
ORD0019558,CUST00138,PROD00029,STORE008,2026-04-26,1,4355.0,
ORD0019626,CUST01425,PROD00292,STORE025,2026-04-26,2,16342.22,WELCOME5
ORD0019730,CUST00744,PROD00276,STORE018,2026-04-26,2,23742.97,SAVE10
ORD0019297,CUST00887,PROD00052,STORE019,2026-04-26,2,19651.61,
ORD0019811,CUST00846,PROD00167,STORE018,2026-04-26,5,13178.33,SAVE10
ORD0020375,CUST01354,PROD00267,STORE024,2026-04-26,1,7265.38,WELCOME5
ORD0020345,CUST00310,PROD00121,STORE016,2026-04-26,3,abc,
ORD0019766,CUST01029,PROD00132,STORE019,2026-04-26,2,13611.15,
ORD0019782,CUST00454,PROD00216,STORE006,2026-04-26,2,16365.14,
ORD0019462,CUST00964,PROD00187,STORE007,2026-04-26,3,19338.36,SAVE10
ORD0018752,CUST00309,PROD00097,STORE016,2026-04-26,6,6710.41,
ORD0019325,CUST00132,PROD00015,STORE003,2026-04-26,6,9436.8,FEST50
ORD0019603,CUST00151,PROD00017,STORE021,2026-04-26,5,2827.23,WELCOME5
ORD0020221,CUST00127,PROD00261,STORE018,2026-04-26,6,15775.38,WELCOME5
ORD0018795,CUST00538,PROD00079,STORE016,2026-04-26,1,14320.54,FEST50
ORD0020131,CUST00236,PROD00149,STORE002,2026-04-26,6,6022.36,SAVE10
ORD0018517,CUST00350,PROD00055,STORE021,2026-04-18,3,10159.01,
ORD0019507,CUST01245,PROD00141,STORE018,2026-04-22,5,16620.88,FEST50
ORD0019141,CUST01005,PROD00293,STORE015,2026-04-26,1,7640.9,WELCOME5
ORD0018960,CUST01204,PROD00237,STORE020,2026-04-26,1,985.34,WELCOME5
ORD0019284,CUST00353,PROD00215,STORE002,2026-04-26,3,22586.74,
ORD0020154,CUST00123,PROD00016,STORE008,2026-04-26,5,21843.32,FEST50
ORD0019515,CUST01287,PROD00181,STORE020,2026-04-26,3,22476.87,
ORD0020415,CUST01234,PROD00129,STORE010,2026-04-26,6,13251.58,SAVE10
ORD0018539,CUST00980,PROD00077,STORE006,2026-04-26,6,11438.14,
ORD0019471,CUST00818,PROD00105,STORE005,2026-04-26,4,20353.02,SAVE10
ORD0020356,CUST00584,PROD00106,STORE007,2026-04-26,1,11167.91,SAVE10
ORD0019934,CUST00715,PROD00206,STORE019,2026-04-26,2,13851.93,SAVE10
ORD0018904,CUST00528,PROD00139,STORE017,2026-04-23,1,12497.79,
ORD0019804,CUST01131,PROD00191,STORE008,2026-04-26,3,23929.04,
ORD0018694,CUST01054,PROD00238,STORE021,2026-04-26,5,7494.7,FEST50
ORD0018593,CUST01183,PROD00207,STORE003,2026-04-26,2,15136.31,
ORD0018992,CUST01383,PROD00076,STORE020,2026-04-26,1,14895.59,
ORD0020035,CUST01068,PROD00028,STORE023,2026-04-26,1,550.69,
ORD0020028,CUST00367,PROD00194,STORE024,2026-04-26,5,8953.39,
ORD0019082,CUST00702,PROD00095,STORE002,2026-04-26,two,17304.48,
ORD0018632,CUST00718,PROD00039,STORE017,2026-04-26,1,24339.8,
ORD0018512,CUST00224,PROD00100,STORE004,2026-04-26,2,23688.1,
ORD0018890,CUST00223,PROD00059,STORE020,2026-04-26,4,12517.41,FEST50
ORD0018554,CUST01364,PROD00014,STORE002,2026-04-26,5,10349.94,
ORD0020403,CUST00866,PROD00236,STORE021,2026-04-26,3,14417.33,WELCOME5
ORD0020485,CUST00489,PROD00067,STORE006,2026-04-26,5,1616.0,
ORD0019786,CUST00182,PROD00009,STORE024,2026-04-26,2,8911.19,
ORD0019481,CUST00560,PROD00212,STORE019,2026-04-26,5,10466.31,SAVE10
ORD0018974,CUST00817,PROD00127,STORE017,2026-04-26,1,4377.08,SAVE10
ORD0020443,CUST00049,PROD00106,STORE008,2026-04-16,3,6480.82,WELCOME5
ORD0019652,CUST00764,PROD00270,STORE005,2026-04-23,2,14476.57,
ORD0018996,CUST01177,PROD00159,STORE024,2026-04-26,3,786.94,FEST50
ORD0019695,CUST00684,PROD00215,STORE019,2026-04-26,6,4108.38,
ORD0019428,CUST00349,PROD00050,STORE021,2026-04-23,1,10898.54,WELCOME5
ORD0019841,CUST00157,PROD00122,STORE012,2026-04-22,1,8568.55,
ORD0020406,CUST01109,PROD00186,STORE004,2026-04-26,6,8446.11,
ORD0020438,CUST00439,PROD00011,STORE013,2026-04-26,6,20808.77,WELCOME5
ORD0018707,CUST00037,PROD00156,STORE001,2026-04-26,1,7624.75,SAVE10
ORD0018570,CUST01316,PROD00162,STORE006,2026-04-26,3,10881.97,
ORD0019109,CUST01456,PROD00226,STORE024,2026-04-26,4,22568.3,SAVE10
ORD0018956,,PROD00085,STORE011,2026-04-26,1,18839.16,
ORD0019750,CUST00921,PROD00131,STORE022,2026-04-26,2,8528.12,FEST50
ORD0019809,CUST01141,PROD00111,STORE005,2026-04-26,6,4573.39,FEST50
ORD0019270,CUST00539,PROD00027,STORE022,2026-04-26,1,14005.11,
ORD0019071,CUST01374,PROD00152,STORE001,2026-04-26,6,3736.34,
ORD0019531,CUST00312,PROD00053,STORE004,2026-04-26,2,15522.42,FEST50
ORD0020465,CUST01392,PROD00124,STORE001,2026-04-26,2,6472.52,SAVE10
ORD0019247,CUST00452,PROD00166,STORE014,2026-04-18,2,7843.88,
ORD0019793,CUST00607,PROD00024,STORE021,2026-04-26,5,14225.6,SAVE10
ORD0018975,CUST00994,PROD00213,STORE003,2026-04-19,1,1568.17,FEST50
ORD0018524,CUST00134,PROD00083,STORE012,2026-04-20,2,23500.02,FEST50
ORD0019705,CUST01178,PROD00254,STORE003,2026-04-26,5,1330.65,FEST50
ORD0019457,CUST00152,PROD00294,STORE015,2026-04-26,1,20069.67,
ORD0018704,CUST00020,PROD00057,STORE025,2026-04-26,2,19602.63,SAVE10
ORD0019145,CUST00914,PROD00086,STORE011,2026-04-26,5,19124.34,
ORD0019154,CUST01162,PROD00242,STORE021,2026-04-19,4,2696.53,
ORD0019707,CUST01447,PROD00066,STORE001,2026-04-26,3,11344.82,
ORD0018931,CUST01470,PROD00156,STORE014,2026-04-20,3,23651.18,
ORD0019663,CUST01383,PROD00121,STORE018,2026-04-26,1,19489.4,WELCOME5
ORD0019294,CUST00288,PROD00226,STORE004,2026-04-26,2,4417.9,
ORD0020067,CUST00134,PROD00263,STORE025,2026-04-26,4,23784.94,
ORD0019885,CUST00801,PROD00079,STORE011,2026-04-26,6,18618.29,
ORD0018513,CUST00532,PROD00124,STORE004,2026-04-26,6,16040.17,
ORD0019720,CUST00192,PROD00261,STORE001,2026-04-26,4,10481.89,SAVE10
ORD0019861,CUST01198,PROD00219,STORE007,2026-04-26,2,4962.16,
ORD0020210,CUST00342,PROD00191,STORE004,2026-04-26,1,10162.21,
ORD0018530,CUST00239,PROD00161,STORE018,2026-04-26,5,13896.45,
ORD0018811,CUST00922,PROD00135,STORE018,2026-04-26,1,9422.14,
ORD0019836,CUST01088,PROD00179,STORE002,2026-04-26,1,4462.83,
ORD0020448,CUST00167,PROD00088,STORE002,2026-04-26,1,24672.98,
ORD0018728,CUST01154,PROD00135,STORE017,2026-04-23,4,1658.21,WELCOME5
ORD0019400,CUST00952,PROD00168,STORE015,2026-04-26,6,19041.15,
ORD0018869,CUST00192,PROD00088,STORE004,2026-04-26,1,22584.52,
ORD0018547,CUST00369,PROD00300,STORE011,2026-04-26,5,2276.23,SAVE10
ORD0018511,CUST00237,PROD00270,STORE003,2026-04-26,1,21048.62,
ORD0020041,CUST01109,PROD00265,STORE003,2026-04-26,4,23167.22,
ORD0020314,CUST00511,PROD00025,STORE008,2026-04-26,4,18276.42,
ORD0019339,CUST00197,PROD00046,STORE006,2026-04-26,3,16561.54,
ORD0020341,CUST00372,PROD00091,STORE002,2026-04-26,6,3171.64,SAVE10
ORD0020386,CUST00860,PROD00162,STORE019,2026-04-23,1,21928.93,
ORD0019718,CUST01332,PROD00080,STORE014,2026-04-26,6,21296.91,FEST50
ORD0019814,CUST00624,PROD00250,STORE015,2026-04-26,5,22662.17,FEST50
ORD0019486,CUST00827,PROD00066,STORE021,2026-04-18,5,16668.52,
ORD0019438,CUST00821,PROD00059,STORE010,2026-04-26,2,3820.37,
ORD0019882,CUST01011,PROD00267,STORE008,2026-04-26,1,14248.11,
ORD0019098,CUST01228,PROD00075,STORE008,2026-04-26,2,7727.48,FEST50
ORD0019185,CUST00669,PROD00042,STORE025,2026-04-26,2,13401.25,FEST50
ORD0020436,CUST00544,PROD00002,STORE015,2026-04-26,4,18128.28,FEST50
ORD0020011,CUST00367,PROD00014,STORE005,00/00/0000,6,645.02,SAVE10
ORD0019134,CUST01395,PROD00127,STORE007,2026-04-26,5,8051.86,SAVE10
ORD0019901,CUST01341,PROD00237,STORE014,2026-04-26,5,18956.51,FEST50
ORD0019958,CUST00391,PROD00282,STORE006,2026-04-26,1,21692.32,SAVE10
ORD0019447,CUST01315,PROD00036,STORE009,2026-04-26,2,24649.05,SAVE10
ORD0020453,CUST01071,PROD00256,STORE012,2026-04-26,1,20663.17,WELCOME5
ORD0020177,CUST00378,PROD00211,STORE004,2026-04-26,3,24937.71,
ORD0019911,CUST01296,PROD00151,STORE012,2026-04-26,4,22110.29,
ORD0019685,CUST00074,PROD00205,STORE020,2026-04-26,3,11325.71,FEST50
ORD0019178,CUST00624,PROD00009,STORE013,2026-04-26,3,19410.06,
ORD0020282,CUST01033,PROD00138,STORE023,2026-04-16,3,15396.29,
ORD0018536,CUST00829,PROD00133,STORE003,2026-04-26,5,18839.79,
ORD0018823,CUST00454,PROD00211,STORE010,2026-04-26,1,4763.81,
ORD0019451,CUST00705,PROD00116,STORE005,2026-04-26,4,3066.74,WELCOME5
ORD0019510,CUST01235,PROD00145,STORE008,2026-04-26,5,19133.22,
ORD0018537,CUST00603,PROD00022,STORE015,2026-04-26,1,2437.14,
ORD0019384,CUST00989,PROD00204,STORE019,2026-04-26,6,2910.75,
ORD0018943,CUST01144,PROD00017,STORE006,2026-04-26,1,22265.21,FEST50
ORD0019900,CUST01181,PROD00246,STORE020,2026-04-26,2,5662.69,
ORD0020129,CUST01325,PROD00081,STORE022,2026-04-26,,14878.02,SAVE10
ORD0020149,CUST01407,PROD00084,STORE022,2026-04-26,6,17850.41,WELCOME5
ORD0018815,CUST00025,PROD00070,STORE012,2026-04-26,2,2975.51,
ORD0018605,CUST00966,PROD00139,STORE007,2026-04-26,,21060.07,WELCOME5
ORD0019873,CUST00208,PROD00170,STORE002,2026-04-26,4,7480.69,
ORD0019638,CUST01413,PROD00273,STORE024,2026-04-20,2,7767.66,
ORD0019222,CUST00096,,STORE014,2026-04-26,6,8021.99,WELCOME5
ORD0020307,CUST00738,PROD00250,STORE010,2026-04-26,5,15368.18,
ORD0019167,CUST00488,PROD00066,STORE010,2026-04-26,6,16263.09,
ORD0020454,CUST00959,PROD00006,STORE018,2026-04-26,2,19558.52,FEST50
ORD0019346,CUST01224,PROD00181,STORE004,2026-04-26,1,7392.29,FEST50
ORD0019803,CUST00436,PROD00081,STORE010,2026-04-26,6,19484.16,WELCOME5
ORD0018590,CUST00921,PROD00179,STORE008,2026-04-26,4,24743.51,SAVE10
ORD0019942,CUST00017,PROD00074,STORE019,2026-04-26,6,241.24,FEST50
ORD0018692,CUST01223,PROD00294,STORE012,2026-04-26,1,13312.75,
ORD0019153,CUST00689,PROD00039,STORE007,2026-04-22,1,1847.09,
ORD0019876,CUST00900,PROD00221,STORE004,2026-04-26,2,19447.23,
ORD0020476,CUST00164,PROD00049,STORE019,2026-04-26,6,8456.14,SAVE10
ORD0019962,CUST00267,PROD00198,STORE002,2026-04-26,4,15068.57,SAVE10
ORD0020408,CUST01208,PROD00038,STORE002,2026-04-26,4,22261.44,FEST50
ORD0020394,CUST00763,PROD00093,STORE009,2026-04-26,5,15918.77,WELCOME5
ORD0020167,CUST00587,PROD00271,STORE013,2026-04-26,3,18601.63,WELCOME5
ORD0019713,CUST01079,PROD00003,STORE019,2026-04-26,3,6592.18,
ORD0020038,CUST01449,PROD00133,STORE005,2026-04-26,6,2861.55,SAVE10
ORD0018769,CUST01188,PROD00175,STORE009,2026-04-26,2,8935.76,
ORD0020339,CUST00296,PROD00226,STORE017,2026-04-26,6,11056.61,
ORD0018768,CUST00399,PROD00187,STORE020,2026-04-26,2,13760.4,
ORD0019011,CUST00291,PROD00162,STORE012,2026-04-26,6,2239.7,FEST50
ORD0018518,CUST01304,PROD00157,STORE009,2026-04-26,1,19099.73,SAVE10
ORD0019886,CUST01183,PROD00059,STORE009,2026-04-26,5,19653.18,
ORD0018702,CUST00226,PROD00175,STORE003,2026-04-26,1,6424.04,
ORD0019255,CUST00868,PROD00154,STORE004,2026-04-26,4,513.63,SAVE10
ORD0020429,CUST01407,PROD00180,STORE002,2026-04-26,4,14461.11,
ORD0019448,CUST00648,PROD00077,STORE003,2026-04-26,3,2150.39,SAVE10
ORD0019447,CUST01315,PROD00036,STORE009,2026-04-26,2,24649.05,SAVE10
ORD0019385,CUST00961,PROD00200,STORE005,2026-04-20,2,22988.35,FEST50
ORD0019180,CUST00502,PROD00246,STORE025,2026-04-26,1,23073.68,SAVE10
ORD0019129,CUST01497,PROD00181,STORE006,2026-04-26,4,14777.23,WELCOME5
ORD0018667,CUST01449,PROD00087,STORE011,2026-04-26,5,4346.01,WELCOME5
ORD0019935,CUST00110,PROD00051,STORE010,2026-04-26,2,17019.36,
ORD0019009,CUST00147,PROD00178,STORE007,2026-04-26,4,14195.22,
ORD0018684,CUST01328,PROD00109,STORE002,2026-04-26,5,426.07,FEST50
ORD0019146,,PROD00274,STORE019,2026-04-26,1,23481.67,
ORD0019840,CUST00032,PROD00134,STORE003,2026-04-26,3,1491.85,
ORD0020118,CUST00969,PROD00183,STORE001,2026-04-26,3,23578.1,FEST50
ORD0018599,CUST01186,PROD00248,STORE021,2026-04-26,3,11132.12,
ORD0018571,CUST00529,PROD00143,STORE017,2026-04-26,4,23633.69,
ORD0020090,CUST00434,PROD00104,STORE015,2026-04-26,4,11486.45,FEST50
ORD0019290,CUST01010,PROD00164,STORE021,2026-04-26,5,1291.77,
ORD0019785,CUST01177,PROD00191,STORE015,2026-04-26,6,10288.22,FEST50
ORD0019170,CUST00271,PROD00207,STORE018,2026-04-26,6,8949.29,FEST50
ORD0020163,CUST00445,PROD00082,STORE010,2026-04-26,5,12931.92,FEST50
ORD0020268,CUST01303,PROD00108,STORE019,2026-04-26,2,8409.97,FEST50
ORD0019378,CUST01484,PROD00118,STORE018,2026-04-26,1,12718.82,
ORD0019077,CUST00360,PROD00100,STORE018,2026-04-26,3,10598.06,WELCOME5
ORD0020484,CUST00222,PROD00240,STORE006,2026-04-26,6,24051.85,SAVE10
ORD0018784,CUST00537,,STORE018,2026-04-26,1,1832.74,
ORD0018916,CUST01315,PROD00023,STORE022,2026-04-26,1,501.57,
ORD0018783,CUST00010,PROD00122,STORE022,2026-04-26,5,8606.55,FEST50
ORD0019985,CUST00190,PROD00051,STORE015,2026-04-26,5,660.43,FEST50
ORD0018922,CUST00380,PROD00106,STORE015,2026-04-26,2,9156.33,
ORD0019927,CUST01164,PROD00005,STORE007,2026-04-26,1,9385.94,
ORD0018734,CUST00394,PROD00217,STORE010,2026-04-26,1,6369.05,SAVE10
ORD0020329,CUST00428,PROD00161,STORE021,2026-04-26,4,16671.06,
ORD0019411,CUST00650,PROD00186,STORE016,2026-04-26,1,18009.16,
ORD0020144,CUST00458,PROD00190,STORE023,2026-04-26,3,3881.68,WELCOME5
ORD0020217,CUST01089,PROD00090,STORE016,2026-04-26,1,17741.13,WELCOME5
ORD0019669,CUST00526,PROD00278,STORE002,2026-04-26,3,15501.24,WELCOME5
ORD0018957,CUST00272,PROD00106,STORE022,2026-04-26,4,16527.01,
ORD0019738,CUST00896,PROD00296,STORE008,2026-04-26,1,8089.77,
ORD0019190,CUST01459,PROD00025,STORE024,2026-04-26,6,14624.65,
ORD0018551,CUST00269,PROD00154,STORE020,2026-04-26,4,7260.19,SAVE10
ORD0019493,CUST01458,PROD00263,STORE015,2026-04-26,5,17270.13,
ORD0019184,CUST00940,PROD00123,STORE007,2026-04-26,4,14223.34,
ORD0020446,CUST00286,PROD00111,STORE022,2026-04-26,6,20280.24,
ORD0019734,CUST01083,PROD00131,STORE014,2026-04-26,1,4749.05,
ORD0018887,CUST00964,PROD00080,STORE001,2026-04-21,3,3258.47,FEST50
ORD0020139,CUST00269,PROD00123,STORE017,2026-04-26,5,4528.76,
ORD0020050,CUST01306,PROD00072,STORE004,2026-04-26,3,24669.26,FEST50
ORD0019006,CUST00288,PROD00184,STORE004,2026-04-26,3,2065.5,
ORD0019613,CUST00717,PROD00288,STORE011,2026-04-26,2,15162.89,
ORD0018749,CUST01378,PROD00068,STORE007,2026-04-26,6,6337.74,FEST50
ORD0019792,CUST00856,PROD00111,STORE005,2026-04-26,2,18322.9,FEST50
ORD0019419,CUST00421,PROD00236,STORE005,2026-04-26,6,21521.7,SAVE10
ORD0020207,CUST00527,PROD00197,STORE018,2026-04-26,5,20814.96,FEST50
ORD0020013,CUST01144,PROD00037,STORE016,2026-04-26,3,11486.16,FEST50
ORD0018872,CUST00954,PROD00259,STORE021,2026-04-26,5,7328.94,FEST50
ORD0019762,CUST00218,PROD00087,STORE024,2026-04-26,2,2712.16,SAVE10
ORD0018714,CUST01268,PROD00014,STORE009,2026-04-22,6,9816.66,WELCOME5
ORD0020208,CUST01356,PROD00158,STORE015,2026-04-26,5,1760.28,FEST50
ORD0018934,CUST01061,PROD00087,STORE017,2026-04-26,5,21238.63,FEST50
ORD0020421,CUST00015,PROD00077,STORE015,2026-04-26,1,13743.04,FEST50
ORD0019350,CUST01436,PROD00278,STORE005,2026-04-26,4,22314.33,
ORD0019100,CUST00906,PROD00001,STORE004,2026-04-26,1,1982.05,
ORD0020370,CUST01060,,STORE025,2026-04-26,5,3073.83,SAVE10
ORD0020064,CUST00209,PROD00217,STORE018,2026-04-26,6,3510.15,
ORD0018959,CUST00556,PROD00092,STORE009,2026-04-26,4,23100.68,
ORD0018507,CUST01258,PROD00170,STORE020,2026-04-26,3,2278.26,SAVE10
ORD0019001,CUST00627,PROD00111,STORE002,2026-04-26,5,23686.16,SAVE10
ORD0020146,CUST00396,PROD00076,STORE011,2026-04-26,6,21717.61,
ORD0019511,CUST01112,PROD00016,STORE014,2026-04-26,1,22504.89,
ORD0019137,CUST00426,,STORE020,2026-04-26,3,7596.15,WELCOME5
ORD0018724,CUST00478,PROD00120,STORE014,2026-04-18,6,10735.72,
ORD0018864,CUST01110,PROD00266,STORE020,2026-04-26,4,16961.33,
ORD0019033,CUST01464,PROD00291,STORE024,2026-04-26,2,10745.71,FEST50
ORD0020054,CUST00471,PROD00081,STORE017,2026-04-26,2,15513.31,
ORD0019504,CUST00263,PROD00017,STORE006,2026-04-26,2,18731.45,
ORD0018972,CUST00070,PROD00054,STORE007,2026-04-26,3,5631.0,FEST50
ORD0019437,CUST00445,PROD00010,STORE017,2026-04-26,6,18227.87,
ORD0020216,CUST00004,PROD00235,STORE009,2026-04-26,3,24304.32,FEST50
ORD0019418,CUST01442,PROD00128,STORE014,2026-04-26,1,23434.55,
ORD0019083,,PROD00126,STORE023,2026-04-26,1,418.75,
ORD0019833,CUST00020,PROD00104,STORE008,2026-04-26,3,9009.23,SAVE10
ORD0019678,CUST00411,PROD00250,STORE003,2026-04-26,4,24889.86,FEST50
ORD0019780,CUST00934,PROD00188,STORE020,2026-04-26,3,15827.2,
ORD0018740,CUST00749,PROD00023,STORE004,2026-04-26,5,4057.23,
ORD0019949,CUST00482,PROD00221,STORE008,2026-04-26,4,10645.77,
ORD0018830,CUST00682,PROD00235,STORE008,2026-04-26,6,10742.62,SAVE10
ORD0020199,CUST01053,PROD00085,STORE014,2026-04-26,3,7590.43,SAVE10
ORD0019344,CUST00659,PROD00129,STORE015,2026-04-26,6,17046.67,SAVE10
ORD0020043,CUST00561,PROD00154,STORE017,2026-04-26,4,19472.03,
ORD0018716,CUST01116,PROD00158,STORE017,2026-04-26,4,21022.65,FEST50
ORD0019552,CUST00475,PROD00236,STORE001,2026-04-20,2,12416.73,FEST50
ORD0018930,CUST00720,PROD00121,STORE003,2026-13-40,5,11533.02,FEST50
ORD0020241,CUST00598,PROD00146,STORE023,2026-04-26,5,20853.57,WELCOME5
ORD0018961,CUST00366,PROD00267,STORE020,2026-04-26,4,15023.19,SAVE10
ORD0018782,CUST00220,PROD00237,STORE011,2026-04-22,3,13151.24,
ORD0020493,CUST01435,PROD00188,STORE006,2026-04-26,3,11801.75,
ORD0020020,CUST00355,PROD00050,STORE006,2026-04-26,6,12341.81,
ORD0020060,CUST00364,PROD00127,STORE019,2026-04-26,2,17652.15,
ORD0018831,CUST01445,PROD00088,STORE016,2026-04-26,3,11123.6,SAVE10
ORD0018595,CUST00539,PROD00143,STORE016,2026-04-26,2,24050.99,
ORD0020191,CUST00313,PROD00156,STORE017,2026-04-26,5,18154.51,
ORD0019745,CUST00585,PROD00085,STORE004,2026-04-26,2,17973.47,SAVE10
ORD0019058,CUST01496,PROD00214,STORE023,2026-04-26,2,24615.64,SAVE10
ORD0020234,CUST01321,PROD00098,STORE010,2026-04-19,5,2841.94,
ORD0018519,CUST00987,PROD00287,STORE006,2026-04-26,6,10217.81,
ORD0019366,CUST00145,PROD00149,STORE016,2026-04-26,3,4683.97,
ORD0019826,CUST00613,PROD00011,STORE015,2026-04-26,5,15823.76,WELCOME5
ORD0019933,CUST00112,PROD00046,STORE001,2026-04-18,4,13072.17,
ORD0018902,CUST01001,PROD00077,STORE022,2026-04-26,3,10407.39,
ORD0020472,CUST00385,PROD00236,STORE017,2026-04-26,1,21017.51,
ORD0020461,CUST00184,PROD00204,STORE013,2026-04-26,6,16032.03,SAVE10
ORD0019757,CUST00995,PROD00009,STORE020,2026-04-26,3,20991.97,
ORD0020203,CUST00491,PROD00162,STORE007,2026-04-26,6,23255.99,
ORD0019441,CUST01282,PROD00081,STORE025,2026-04-22,1,19443.21,
ORD0018766,CUST00980,PROD00050,STORE025,2026-04-26,4,24874.59,WELCOME5
ORD0020249,CUST00174,PROD00083,STORE002,2026-04-26,two,12375.3,WELCOME5
ORD0019941,CUST00908,PROD00257,STORE025,2026-04-18,3,13002.66,
