order_id,customer_id,product_id,store_id,order_date,quantity,unit_price
ORD0012794,CUST00463,PROD00227,STORE025,2026-04-23,1,22457.21
ORD0013924,CUST00144,PROD00049,STORE004,2026-04-23,1,20415.75
ORD0013922,CUST01399,PROD00109,STORE021,2026-04-23,4,20196.8
ORD0014114,CUST00648,PROD00063,STORE019,2026-04-23,2,12464.36
ORD0012903,CUST00645,PROD00144,STORE007,2026-04-23,4,22719.84
ORD0014286,CUST01500,PROD00288,STORE007,2026-04-23,4,19731.6
ORD0013587,CUST01040,PROD00128,STORE008,2026-04-23,5,22241.61
ORD0013606,CUST01165,PROD00202,STORE007,2026-04-23,2,233.1
ORD0014288,CUST00140,PROD00169,STORE021,2026-04-23,1,6993.63
ORD0013498,CUST01478,PROD00219,STORE001,2026-04-23,6,12299.74
ORD0014047,CUST00458,PROD00229,STORE005,2026-04-23,1,13279.88
ORD0012666,CUST00577,PROD00222,STORE006,2026-04-23,3,15607.87
ORD0013750,CUST00629,PROD00177,STORE015,2026-04-23,6,23868.11
ORD0013390,CUST01489,PROD00113,STORE023,2026-04-23,5,7573.36
ORD0013447,CUST01306,PROD00269,STORE003,2026-04-23,3,22691.88
ORD0013642,CUST01212,PROD00245,STORE009,2026-04-23,5,14836.48
ORD0012741,CUST01299,PROD00225,STORE024,2026-04-23,3,14397.71
ORD0013939,CUST01315,PROD00056,STORE008,2026-04-23,4,6550.7
ORD0013802,CUST00975,PROD00152,STORE002,2026-04-23,3,15808.68
ORD0013458,CUST00970,PROD00249,STORE006,2026-04-23,4,8203.84
ORD0013978,CUST01059,PROD00037,STORE020,2026-04-23,6,6266.69
ORD0012918,CUST00064,PROD00031,STORE003,2026-04-23,1,3565.89
ORD0012630,CUST00478,PROD00110,STORE010,2026-04-23,6,24912.38
ORD0012839,CUST00262,PROD00067,STORE016,2026-04-23,1,10825.4
ORD0014324,CUST00134,PROD00018,STORE023,2026-04-23,4,24930.05
ORD0012505,CUST00528,PROD00143,STORE002,2026-04-23,3,2673.21
ORD0013824,CUST01425,PROD00201,STORE003,2026-04-23,3,22135.21
ORD0013659,CUST00079,PROD00180,STORE016,2026-04-23,4,22593.77
ORD0013208,CUST00839,PROD00016,STORE005,2026-04-23,1,24524.26
ORD0013967,CUST00554,PROD00023,STORE002,2026-04-23,2,23792.31
ORD0013362,CUST00872,PROD00271,STORE019,2026-13-40,6,10128.99
ORD0013655,CUST00434,PROD00237,STORE015,2026-04-23,1,16794.79
ORD0013200,CUST01494,PROD00040,STORE013,2026-04-23,4,19971.29
ORD0014026,CUST00334,PROD00052,STORE007,2026-04-23,5,18427.04
ORD0012550,CUST00478,PROD00078,STORE017,2026-04-23,2,20919.6
ORD0013637,CUST00272,PROD00295,STORE009,2026-04-23,2,3822.15
ORD0012553,CUST00478,PROD00157,STORE019,2026-04-23,2,18396.38
ORD0014130,CUST00409,PROD00187,STORE006,2026-04-23,2,13132.35
ORD0013958,CUST00453,PROD00105,STORE021,2026-04-23,6,10022.07
ORD0014441,,PROD00297,STORE023,2026-04-23,3,22099.55
ORD0014177,CUST01179,PROD00052,STORE007,2026-04-23,2,4046.61
ORD0013162,,PROD00104,STORE009,2026-04-23,1,11341.85
ORD0014404,CUST01014,PROD00186,STORE014,2026-04-23,3,10050.35
ORD0013380,CUST01044,PROD00026,STORE021,2026-04-23,2,24294.67
ORD0012774,CUST00676,PROD00066,STORE018,2026-04-23,1,9050.1
ORD0012685,CUST00622,PROD00198,STORE006,2026-04-15,5,1408.15
ORD0013897,CUST00802,PROD00187,STORE001,2026-04-23,4,4239.98
ORD0014452,CUST00131,PROD00008,STORE003,2026-04-23,2,24676.58
ORD0013405,CUST00619,PROD00298,STORE016,2026-04-23,4,13555.53
ORD0014220,CUST00073,PROD00175,STORE020,2026-04-23,1,17980.31
ORD0014331,CUST01171,PROD00169,STORE011,2026-04-23,1,6722.44
ORD0012757,CUST00637,PROD00177,STORE004,2026-04-23,2,14720.92
ORD0014476,CUST01489,PROD00203,STORE008,2026-04-23,6,1910.49
ORD0012909,CUST00169,PROD00137,STORE007,2026-04-23,2,20611.71
ORD0014215,CUST01081,PROD00273,STORE009,2026-04-23,6,18466.93
ORD0013871,CUST01444,PROD00048,STORE007,2026-04-23,3,9303.53
ORD0014281,CUST00480,PROD00199,STORE010,2026-04-23,3,8529.3
ORD0013079,CUST00615,PROD00075,STORE002,2026-04-23,5,13439.57
ORD0014045,CUST00097,PROD00266,STORE011,2026-04-18,1,abc
ORD0014119,CUST01199,PROD00182,STORE009,2026-13-40,2,9090.84
ORD0013478,CUST01097,PROD00227,STORE006,2026-04-23,2,13470.41
ORD0013964,CUST01164,PROD00123,STORE022,2026-04-23,1,22845.79
ORD0012636,CUST01278,PROD00170,STORE021,2026-04-23,3,2237.76
ORD0013678,CUST01269,PROD00167,STORE011,2026-04-23,3,7871.66
ORD0014216,CUST00332,PROD00244,STORE024,2026-04-23,2,244.98
ORD0014205,CUST00428,PROD00015,STORE003,2026-04-23,5,23082.26
ORD0012522,CUST00093,PROD00270,STORE004,2026-04-23,1,8116.03
ORD0013245,CUST00938,PROD00159,STORE015,2026-04-15,6,22906.48
ORD0014338,CUST00096,PROD00065,STORE019,2026-04-23,5,11532.65
ORD0012586,CUST00202,PROD00220,STORE019,2026-04-23,4,3150.85
ORD0013470,CUST00726,PROD00259,STORE004,2026-04-23,3,16609.4
ORD0013443,CUST00474,PROD00213,STORE007,2026-04-23,1,5734.29
ORD0012868,CUST01437,PROD00093,STORE007,2026-04-23,6,13833.25
ORD0013969,CUST01244,PROD00156,STORE024,2026-04-23,1,24838.59
ORD0013526,CUST00310,PROD00027,STORE020,2026-04-23,4,20947.23
ORD0013745,CUST00443,PROD00064,STORE004,2026-04-23,2,16040.24
ORD0014428,CUST00161,PROD00216,STORE010,2026-04-23,3,5790.17
ORD0014170,CUST01474,PROD00035,STORE008,2026-04-23,2,5214.7
ORD0012541,CUST01182,PROD00056,STORE003,2026-04-23,5,17902.18
ORD0014155,CUST01435,PROD00083,STORE015,2026-04-23,4,22399.05
ORD0013928,CUST00108,PROD00139,STORE006,2026-04-23,6,2615.24
ORD0012814,CUST00485,PROD00213,STORE011,2026-04-23,5,22613.76
ORD0013303,CUST00674,PROD00232,STORE003,2026-04-23,6,11513.04
ORD0014204,CUST01113,PROD00279,STORE008,2026-04-23,3,13726.4
ORD0013619,CUST00190,PROD00080,STORE009,2026-04-23,4,23241.43
ORD0013193,CUST01379,PROD00041,STORE013,2026-04-23,6,4738.72
ORD0013119,CUST00270,PROD00233,STORE017,2026-04-23,1,6480.19
ORD0013681,CUST00206,PROD00277,STORE011,2026-04-23,5,21652.2
ORD0014246,CUST00229,PROD00025,STORE001,2026-04-23,2,2476.78
ORD0012667,,PROD00219,STORE017,2026-04-23,4,3413.73
ORD0014067,CUST01332,PROD00174,STORE011,2026-04-23,4,13806.9
ORD0013677,CUST01126,PROD00142,STORE001,2026-04-23,2,9991.82
ORD0012619,CUST00582,PROD00060,STORE004,2026-04-23,5,9292.88
ORD0013942,CUST01005,PROD00017,STORE003,2026-04-23,3,15358.82
ORD0013736,CUST01288,PROD00041,STORE025,2026-04-23,2,23686.52
ORD0013358,CUST00839,PROD00141,STORE007,2026-04-23,6,16473.87
ORD0013344,CUST00810,PROD00125,STORE003,2026-04-23,6,12390.01
ORD0012769,CUST00255,PROD00278,STORE020,2026-04-23,6,7484.67
ORD0014050,CUST00809,PROD00263,STORE002,2026-04-23,2,6070.99
ORD0014211,CUST00527,PROD00094,STORE007,2026-04-23,2,16711.02
ORD0014299,CUST00855,PROD00180,STORE008,2026-04-23,6,6964.37
ORD0014081,CUST00794,PROD00086,STORE007,2026-04-23,5,3536.55
ORD0012874,CUST00186,PROD00219,STORE023,2026-04-23,6,12534.05
ORD0013491,CUST00504,PROD00151,STORE018,2026-04-23,two,1518.39
ORD0013414,CUST01378,PROD00171,STORE016,2026-04-23,4,12410.12
ORD0013439,CUST00546,PROD00075,STORE014,2026-04-23,5,6870.63
ORD0014285,CUST00231,PROD00138,STORE006,2026-04-23,3,9663.44
ORD0014066,CUST00715,PROD00218,STORE023,2026-04-23,4,1907.59
ORD0013590,CUST00577,PROD00135,STORE016,2026-04-23,2,13796.2
ORD0012850,CUST00304,PROD00122,STORE019,2026-04-23,4,5683.78
ORD0013595,CUST00698,PROD00254,STORE018,2026-04-23,5,13472.21
ORD0013034,CUST01298,PROD00169,STORE020,2026-04-23,2,17360.26
ORD0012717,CUST00328,PROD00108,STORE022,2026-04-23,1,11859.51
ORD0012837,CUST00930,PROD00277,STORE025,2026-04-23,2,4265.18
ORD0014421,CUST00693,PROD00245,STORE004,2026-04-23,3,20062.94
ORD0013819,CUST01102,PROD00168,STORE021,2026-04-23,1,22242.46
ORD0014252,CUST00218,PROD00079,STORE014,2026-04-16,4,18207.59
ORD0013773,CUST00746,PROD00244,STORE016,2026-04-23,5,15085.47
ORD0012766,CUST00510,PROD00101,STORE010,2026-04-23,4,21540.45
ORD0013265,CUST00713,PROD00063,STORE006,2026-04-23,1,24440.13
ORD0013616,CUST00665,PROD00215,STORE002,2026-04-14,3,3614.25
ORD0013952,CUST00748,PROD00111,STORE007,2026-04-23,3,5611.11
ORD0012820,CUST01338,PROD00125,STORE013,2026-13-40,4,15244.28
ORD0013497,CUST00850,PROD00144,STORE015,2026-04-17,5,14874.95
ORD0013565,CUST01343,PROD00135,STORE020,2026-04-23,5,16530.62
ORD0013309,CUST00638,PROD00053,STORE024,2026-04-23,4,19362.1
ORD0013695,CUST01352,PROD00119,STORE024,2026-04-23,2,2865.21
ORD0013178,CUST00994,PROD00218,STORE001,2026-04-23,6,9885.35
ORD0012521,CUST00898,PROD00008,STORE005,2026-04-23,2,18771.45
ORD0014217,CUST00477,PROD00005,STORE017,2026-04-23,1,15992.3
ORD0013543,CUST00625,PROD00287,STORE017,2026-04-23,1,11386.0
ORD0014228,CUST00505,PROD00180,STORE010,2026-04-14,5,2629.35
ORD0012592,CUST01289,PROD00013,STORE006,2026-04-23,2,17311.49
ORD0012735,CUST00597,PROD00211,STORE008,2026-04-23,3,4479.54
ORD0013056,CUST01113,PROD00085,STORE005,2026-04-23,4,14750.47
ORD0013131,CUST00174,PROD00128,STORE024,2026-04-23,2,3185.74
ORD0012591,CUST00892,PROD00234,STORE013,2026-04-23,4,2737.03
ORD0012931,CUST01491,PROD00008,STORE016,2026-04-23,1,23257.96
ORD0013581,CUST01129,PROD00123,STORE002,2026-04-23,1,14393.14
ORD0012545,CUST00814,PROD00187,STORE022,2026-04-20,3,14586.22
ORD0012835,CUST00958,PROD00214,STORE009,2026-04-23,2,6761.31
ORD0013382,CUST00381,PROD00228,STORE020,2026-04-20,4,19706.38
ORD0013615,CUST01405,PROD00082,STORE018,2026-04-23,1,9557.8
ORD0013579,CUST00980,PROD00253,STORE019,2026-04-23,5,23227.96
ORD0014477,CUST00227,PROD00085,STORE010,2026-04-23,1,9845.46
ORD0013516,CUST01464,PROD00252,STORE025,2026-04-23,1,17727.28
ORD0012830,CUST00326,PROD00109,STORE024,2026-04-23,2,8014.74
ORD0012617,CUST01470,PROD00278,STORE024,2026-04-23,4,20278.09
ORD0013031,CUST01052,PROD00038,STORE001,2026-04-23,2,23640.9
ORD0013875,CUST00868,PROD00231,STORE007,2026-04-23,5,12211.81
ORD0014465,CUST00081,PROD00050,STORE017,2026-04-18,1,13394.89
ORD0012567,CUST01408,PROD00058,STORE022,2026-04-23,4,7285.34
ORD0013343,CUST00969,PROD00055,STORE009,2026-04-23,6,2986.16
ORD0012985,CUST00273,PROD00006,STORE003,2026-04-23,2,6619.17
ORD0013091,CUST01490,PROD00083,STORE021,2026-04-23,3,1710.84
ORD0014386,CUST00984,PROD00009,STORE009,2026-04-23,3,18655.57
ORD0014098,CUST00034,PROD00222,STORE023,2026-04-23,5,7427.94
ORD0012716,CUST00525,PROD00081,STORE006,2026-04-23,1,24147.19
ORD0013222,CUST00391,PROD00210,STORE003,2026-04-23,6,9804.57
ORD0013378,CUST01500,PROD00105,STORE019,2026-04-23,3,10148.26
ORD0014123,CUST00485,PROD00028,STORE013,2026-04-23,4,10648.94
ORD0013282,CUST00093,PROD00134,STORE015,2026-04-23,3,11738.05
ORD0013291,CUST01455,PROD00159,STORE006,2026-04-23,1,12581.54
ORD0013230,CUST01180,PROD00173,STORE024,2026-04-23,1,11406.94
ORD0013531,CUST00762,PROD00027,STORE021,2026-04-23,3,13262.15
ORD0013445,CUST01391,PROD00253,STORE025,2026-04-23,6,unknown
ORD0014317,CUST01018,PROD00299,STORE002,2026-04-23,4,4636.0
ORD0012941,CUST00365,PROD00214,STORE011,2026-04-23,5,14751.12
ORD0013644,,PROD00195,STORE013,2026-04-23,3,1553.11
ORD0013717,CUST00573,PROD00205,STORE008,2026-04-23,2,4705.66
ORD0014500,CUST01208,PROD00231,STORE006,2026-04-23,2,9001.03
ORD0013555,CUST00432,PROD00133,STORE003,2026-04-17,2,21336.27
ORD0013318,,PROD00102,STORE017,2026-04-23,6,17133.24
ORD0014382,CUST01129,PROD00282,STORE015,2026-04-23,3,14923.91
ORD0013460,CUST00588,PROD00179,STORE020,2026-04-23,5,14283.17
ORD0014466,CUST01163,,STORE018,2026-04-19,5,22129.23
ORD0014150,CUST01265,PROD00140,STORE022,2026-04-23,2,4483.55
ORD0013808,CUST00455,PROD00075,STORE014,2026-04-23,4,6562.21
ORD0014105,CUST01335,PROD00218,STORE015,2026-04-23,4,19654.37
ORD0012595,CUST00609,PROD00158,STORE001,2026-04-23,1,15489.16
ORD0013607,CUST00644,PROD00288,STORE009,2026-04-23,3,14792.22
ORD0014235,CUST00304,PROD00258,STORE023,2026-04-23,5,6607.83
ORD0013761,CUST00481,PROD00147,STORE020,2026-04-23,6,5061.82
ORD0012763,CUST01259,PROD00279,STORE015,2026-04-23,6,11689.72
ORD0012849,CUST00154,PROD00130,STORE016,2026-04-23,1,1827.74
ORD0013430,CUST00547,PROD00228,STORE011,2026-04-23,5,6887.16
ORD0013613,CUST00578,PROD00025,STORE018,2026-04-23,3,17612.56
ORD0013857,CUST01402,PROD00174,STORE021,2026-04-23,3,18691.0
ORD0013473,CUST01081,PROD00049,STORE024,2026-04-23,1,6532.66
ORD0014324,CUST00134,PROD00018,STORE023,2026-04-23,4,24930.05
ORD0013234,CUST00857,PROD00020,STORE018,2026-04-23,4,16373.28
ORD0013975,CUST00758,PROD00053,STORE019,2026-04-23,3,9856.31
ORD0013448,CUST01435,PROD00053,STORE001,2026-04-23,6,11798.74
ORD0014291,CUST00571,PROD00207,STORE013,2026-04-23,3,4651.46
ORD0012525,CUST00556,PROD00244,STORE003,2026-04-23,2,24449.43
ORD0012828,CUST00011,PROD00010,STORE009,2026-04-23,6,9930.49
ORD0014256,CUST01255,PROD00144,STORE020,2026-04-23,5,380.55
ORD0012856,CUST01203,PROD00191,STORE017,2026-04-23,5,7297.77
ORD0013513,CUST00983,PROD00160,STORE025,2026-04-23,5,21427.65
ORD0012955,CUST00425,PROD00245,STORE023,2026-04-23,4,14613.59
ORD0013646,CUST00912,PROD00237,STORE003,2026-04-23,4,3911.58
ORD0013860,CUST00103,PROD00265,STORE020,2026-04-23,4,15756.78
ORD0014301,,PROD00080,STORE019,2026-04-23,5,14699.35
ORD0013784,CUST00261,PROD00084,STORE021,2026-04-20,2,10623.05
ORD0014238,CUST00059,PROD00117,STORE004,2026-04-23,6,23313.12
ORD0013514,CUST01231,PROD00228,STORE002,2026-04-23,3,4711.02
ORD0013426,CUST01410,PROD00044,STORE022,2026-04-23,1,20800.48
ORD0012554,CUST00386,PROD00026,STORE007,2026-04-23,3,3865.1
ORD0013095,CUST00900,PROD00162,STORE008,2026-04-23,3,4698.28
ORD0014262,CUST01210,PROD00159,STORE017,2026-04-23,3,2263.88
ORD0014454,CUST00352,PROD00077,STORE007,2026-04-23,1,14346.05
ORD0013758,CUST01146,PROD00188,STORE003,2026-04-23,3,19535.9
ORD0013269,CUST00508,PROD00033,STORE001,2026-04-23,5,3956.49
ORD0013275,CUST00982,PROD00040,STORE013,not_a_date,2,7687.95
ORD0013505,CUST00793,PROD00262,STORE003,2026-04-23,6,18055.73
ORD0013043,CUST00598,PROD00279,STORE012,2026-04-23,2,15049.57
ORD0013944,CUST01370,PROD00076,STORE017,2026-04-23,5,20811.73
ORD0013850,CUST00960,PROD00201,STORE009,2026-04-14,6,16732.02
ORD0014173,CUST01426,PROD00053,STORE025,2026-04-23,3,24305.88
ORD0013389,CUST00893,PROD00278,STORE020,2026-04-23,4,24500.25
ORD0014402,CUST00470,,STORE017,2026-04-23,2,11921.07
ORD0013755,CUST00939,PROD00252,STORE006,2026-04-23,3,8067.52
ORD0013223,CUST01041,PROD00152,STORE009,2026-04-23,1,23964.5
ORD0014068,CUST00002,PROD00211,STORE020,2026-04-23,1,13465.57
ORD0013656,CUST01214,PROD00082,STORE024,2026-04-23,1,18011.52
ORD0013029,CUST00633,PROD00001,STORE005,2026-04-16,5,24709.95
ORD0014498,CUST00882,PROD00012,STORE016,2026-04-16,4,3794.3
ORD0014209,CUST01307,PROD00102,STORE019,2026-04-23,1,392.75
ORD0013840,CUST00686,PROD00195,STORE022,2026-04-23,2,14546.12
ORD0013704,CUST01212,PROD00214,STORE020,2026-04-23,5,13769.54
ORD0012532,CUST01237,PROD00190,STORE014,2026-04-23,two,13912.24
ORD0013458,CUST00970,PROD00249,STORE006,2026-04-23,4,8203.84
ORD0014405,CUST01435,PROD00130,STORE014,2026-04-23,5,17338.86
ORD0013503,CUST00774,PROD00259,STORE017,2026-04-19,6,18557.83
ORD0013369,CUST00561,PROD00002,STORE024,2026-04-23,5,16683.17
ORD0013456,CUST01060,PROD00045,STORE022,2026-04-23,1,15457.37
ORD0014479,CUST00996,PROD00252,STORE016,2026-04-23,5,6312.98
ORD0012817,CUST00692,PROD00255,STORE007,2026-04-23,4,6778.13
ORD0013935,CUST00581,PROD00222,STORE023,2026-04-23,3,18264.94
ORD0013042,CUST00549,PROD00112,STORE011,2026-04-23,6,627.08
ORD0014323,CUST00237,PROD00238,STORE025,2026-04-23,1,859.0
ORD0013788,CUST01462,PROD00177,STORE023,2026-04-23,1,7998.45
ORD0013724,CUST00135,PROD00023,STORE025,2026-04-23,3,19560.36
ORD0014368,CUST00888,PROD00101,STORE012,2026-04-23,4,12500.77
ORD0012808,CUST01470,PROD00177,STORE013,2026-04-23,2,3647.95
ORD0013747,CUST00541,PROD00089,STORE006,2026-04-17,5,9049.66
ORD0014222,CUST01139,PROD00177,STORE023,2026-04-15,5,5580.89
ORD0013680,CUST00827,PROD00268,STORE019,2026-04-23,5,23597.29
ORD0014365,CUST00557,PROD00103,STORE009,2026-04-18,5,11156.16
ORD0014385,CUST01377,PROD00227,STORE012,2026-04-23,4,18611.28
ORD0013072,CUST01022,PROD00203,STORE006,2026-04-23,5,11149.52
ORD0012803,CUST00537,PROD00183,STORE022,2026-04-23,3,17583.83
ORD0014107,CUST00193,PROD00053,STORE016,2026-04-23,1,3788.57
ORD0012965,CUST00989,PROD00060,STORE008,2026-04-23,6,20755.46
ORD0013264,CUST00760,PROD00106,STORE008,2026-04-23,2,5172.47
ORD0012699,CUST00422,PROD00099,STORE002,2026-04-23,5,1112.39
ORD0014057,CUST00085,PROD00214,STORE023,2026-04-23,3,14459.04
ORD0014292,CUST01112,PROD00087,STORE016,2026-04-23,3,19365.19
ORD0014091,CUST00209,PROD00102,STORE017,2026-04-23,3,7927.18
ORD0012936,CUST00674,PROD00131,STORE021,2026-04-23,6,9386.07
ORD0013634,CUST01107,PROD00105,STORE019,2026-04-23,1,11859.0
ORD0013035,CUST00724,PROD00166,STORE025,2026-04-23,2,19487.58
ORD0012760,CUST01446,PROD00228,STORE007,2026-04-23,3,8791.91
ORD0013945,CUST01164,PROD00017,STORE009,2026-04-23,4,6112.83
ORD0012754,CUST00507,PROD00283,STORE023,2026-04-23,6,1518.95
ORD0012786,CUST01499,PROD00188,STORE014,2026-04-13,2,24926.61
ORD0012768,CUST01321,PROD00081,STORE002,2026-04-23,2,12211.5
ORD0012671,CUST01335,PROD00246,STORE023,2026-04-23,4,19546.31
ORD0013518,CUST00990,PROD00294,STORE018,2026-04-23,4,12700.42
ORD0014039,CUST00115,PROD00267,STORE011,2026-04-23,3,3958.66
ORD0013136,CUST00547,PROD00066,STORE018,2026-04-17,5,11054.94
ORD0014013,CUST00205,PROD00141,STORE015,2026-04-23,5,20323.3
ORD0013624,CUST00667,PROD00221,STORE020,2026-04-23,1,9157.32
ORD0014056,CUST01213,PROD00144,STORE021,2026-04-23,5,14530.95
ORD0012925,CUST00931,PROD00237,STORE013,2026-04-23,6,14344.45
ORD0014188,CUST01495,PROD00032,STORE014,2026-04-23,3,4465.08
ORD0014310,CUST00061,PROD00034,STORE008,2026-04-23,2,1126.27
ORD0013963,CUST00744,PROD00162,STORE007,2026-04-23,4,4634.29
ORD0013355,CUST00323,PROD00045,STORE016,2026-04-23,6,13153.59
ORD0012999,CUST00643,PROD00125,STORE012,2026-04-23,4,8586.49
ORD0014495,CUST00616,PROD00031,STORE012,2026-04-18,6,11625.19
ORD0012948,CUST01453,PROD00107,STORE018,2026-04-23,1,17490.57
ORD0013547,CUST00373,PROD00299,STORE019,2026-04-23,5,17060.75
ORD0012527,CUST00823,PROD00027,STORE013,2026-04-23,2,8231.0
ORD0013224,CUST00333,PROD00215,STORE006,2026-04-23,2,12038.21
ORD0012652,CUST00653,PROD00055,STORE008,2026-04-23,4,20035.61
ORD0013546,CUST00060,PROD00153,STORE005,2026-04-23,3,18238.26
ORD0012861,CUST01440,PROD00134,STORE013,2026-04-23,5,2307.6
ORD0013618,CUST00799,PROD00234,STORE024,2026-04-23,6,18921.3
ORD0012750,CUST00080,PROD00110,STORE004,2026-04-23,5,19013.48
ORD0013326,CUST01378,PROD00085,STORE019,2026-04-23,5,762.47
ORD0014458,CUST01131,PROD00175,STORE025,2026-04-23,2,2976.89
ORD0013632,CUST01189,PROD00014,STORE001,2026-04-18,3,9973.48
ORD0014037,CUST00212,PROD00240,STORE015,2026-04-23,4,14985.75
ORD0013907,CUST00322,PROD00124,STORE001,2026-04-23,6,24562.53
ORD0014474,CUST00807,PROD00187,STORE004,2026-04-23,6,$18473.78
ORD0013705,CUST01418,PROD00037,STORE020,2026-04-23,5,16288.09
ORD0013013,CUST01160,PROD00167,STORE017,2026-04-23,6,12152.6
ORD0013641,CUST01097,PROD00158,STORE021,2026-04-23,5,14916.81
ORD0013364,CUST00552,PROD00069,STORE003,2026-04-23,4,893.72
ORD0012992,CUST00538,PROD00269,STORE006,2026-04-23,6,11615.2
ORD0013700,CUST00456,PROD00134,STORE023,2026-04-23,3,9918.98
ORD0013045,CUST00493,PROD00143,STORE015,2026-04-23,2,22844.34
ORD0012712,CUST00575,PROD00149,STORE004,2026-04-18,4,13230.56
ORD0013311,CUST00061,PROD00245,STORE009,2026-04-23,1,5504.03
ORD0013614,CUST00654,PROD00047,STORE010,2026-04-23,5,9256.62
ORD0013290,CUST01428,PROD00250,STORE009,2026-04-23,5,23931.89
ORD0013410,CUST00724,PROD00128,STORE024,2026-04-23,2,2696.06
ORD0014456,CUST00426,PROD00165,STORE016,2026-04-23,5,18991.37
ORD0013094,CUST01211,PROD00161,STORE005,2026-04-23,2,18136.5
ORD0014362,CUST00225,PROD00025,STORE019,2026-04-23,5,14003.23
ORD0013119,CUST00270,PROD00233,STORE017,2026-04-23,1,6480.19
ORD0013886,CUST00526,PROD00022,STORE002,2026-04-23,4,12883.71
ORD0014261,CUST00301,PROD00066,STORE010,2026-04-23,4,19778.3
ORD0013465,CUST00573,PROD00294,STORE012,2026-04-23,6,19823.2
ORD0014034,CUST01216,PROD00237,STORE020,2026-04-23,4,820.93
ORD0014111,CUST00819,PROD00040,STORE022,2026-04-23,3,8583.83
ORD0012917,CUST00220,PROD00072,STORE004,2026-04-23,5,9872.62
ORD0013742,CUST01176,PROD00172,STORE004,2026-04-23,3,6122.19
ORD0012952,CUST00272,PROD00103,STORE017,2026-04-23,6,20876.12
ORD0013915,CUST00450,PROD00066,STORE012,2026-04-23,6,16936.76
ORD0013231,CUST00610,PROD00124,STORE006,2026-04-23,4,6108.8
ORD0013349,CUST00777,PROD00224,STORE014,2026-04-23,4,6475.94
ORD0013909,CUST00388,PROD00178,STORE017,2026-04-23,6,19263.73
ORD0013510,CUST00586,PROD00234,STORE015,2026-04-23,6,3600.09
ORD0013228,CUST00096,PROD00290,STORE025,2026-04-23,4,24816.07
ORD0012572,,PROD00233,STORE011,2026-04-23,2,22089.26
ORD0012696,CUST00264,PROD00298,STORE018,2026-04-23,5,11525.63
ORD0013310,CUST01344,PROD00138,STORE011,2026-04-23,5,7903.87
ORD0013098,CUST01238,PROD00112,STORE019,2026-04-23,6,3680.2
ORD0012823,CUST00054,PROD00067,STORE025,2026-04-23,5,23513.2
ORD0014030,CUST00328,PROD00143,STORE017,2026-04-23,3,19487.22
ORD0013621,CUST00812,PROD00173,STORE003,2026-04-23,3,11394.52
ORD0013594,CUST01020,PROD00227,STORE025,2026-04-23,6,2853.93
ORD0013765,CUST00818,PROD00249,STORE017,2026-04-23,5,16737.64
ORD0014401,,PROD00071,STORE009,2026-04-19,5,6960.22
ORD0013495,CUST00740,PROD00267,STORE016,2026-04-23,3,13827.64
ORD0013347,CUST00749,PROD00005,STORE014,2026-04-23,3,14016.0
ORD0014102,CUST00991,PROD00210,STORE017,2026-04-23,1,23533.67
ORD0013157,CUST00545,PROD00295,STORE003,2026-04-23,1,6347.53
ORD0014248,CUST00920,PROD00202,STORE008,2026-04-23,1,8519.44
ORD0012621,CUST00251,PROD00224,STORE008,2026-04-23,3,10040.66
ORD0014307,CUST00130,PROD00227,STORE022,2026-04-23,5,9612.15
ORD0013092,CUST00545,PROD00190,STORE012,2026-04-23,5,19743.28
ORD0014393,CUST00126,PROD00103,STORE010,2026-04-23,3,7878.1
ORD0012723,CUST00772,PROD00160,STORE019,2026-04-23,5,24737.94
ORD0014162,CUST00417,PROD00262,STORE023,2026-04-19,4,1183.68
ORD0013150,CUST00370,PROD00184,STORE007,2026-04-23,5,9873.06
ORD0012935,CUST00496,PROD00184,STORE020,2026-04-23,3,8125.56
ORD0014025,CUST00627,PROD00263,STORE014,2026-04-23,2,6735.62
ORD0014077,CUST00016,PROD00131,STORE022,2026-04-23,5,22425.19
ORD0014427,CUST01135,PROD00142,STORE025,2026-04-23,2,21495.98
ORD0014462,CUST00516,PROD00071,STORE004,2026-04-23,1,20196.28
ORD0013635,CUST00092,PROD00012,STORE018,2026-04-23,4,18109.04
ORD0013698,CUST00494,PROD00041,STORE020,2026-04-23,1,23709.96
ORD0013623,CUST00774,PROD00078,STORE014,2026-04-23,2,14881.91
ORD0014187,CUST00653,PROD00146,STORE002,2026-04-23,2,22252.19
ORD0013757,CUST01080,PROD00210,STORE002,2026-04-19,3,12836.9
ORD0014300,CUST01279,PROD00089,STORE009,2026-04-23,1,23878.95
ORD0013885,CUST01148,PROD00061,STORE018,2026-04-23,5,18120.71
ORD0012672,CUST01015,PROD00131,STORE018,2026-04-23,5,19139.57
ORD0013371,CUST01046,PROD00257,STORE021,2026-04-23,4,4511.7
ORD0013694,CUST01028,PROD00264,STORE016,2026-04-23,2,2217.73
ORD0014199,CUST00067,PROD00026,STORE017,2026-04-23,1,24262.92
ORD0012642,CUST01217,PROD00299,STORE021,2026-04-23,1,16347.52
ORD0014266,CUST00883,PROD00213,STORE003,2026-04-23,4,15753.11
ORD0012624,CUST01378,PROD00300,STORE005,2026-04-23,4,13847.1
ORD0013709,CUST00443,PROD00285,STORE019,2026-04-14,1,7198.81
ORD0013959,CUST00318,PROD00085,STORE015,2026-04-23,2,9167.0
ORD0012614,CUST01013,PROD00238,STORE012,2026-04-23,6,990.18
ORD0013114,CUST00460,PROD00241,STORE013,2026-04-23,2,4645.79
ORD0013902,CUST01312,PROD00118,STORE007,2026-04-23,2,15517.46
ORD0013058,CUST00393,PROD00135,STORE020,2026-04-23,6,22316.53
ORD0012775,CUST00393,PROD00208,STORE021,2026-04-23,1,18544.72
ORD0013177,CUST00918,PROD00029,STORE014,2026-04-23,4,19812.13
ORD0014277,CUST00651,PROD00149,STORE017,2026-04-23,4,20162.85
ORD0013295,CUST00367,PROD00116,STORE020,2026-04-23,6,4621.81
ORD0014242,CUST01213,PROD00142,STORE015,2026-04-23,3,9512.94
ORD0014282,CUST00528,PROD00290,STORE020,2026-04-23,4,18204.12
ORD0012885,CUST01394,PROD00239,STORE016,2026-04-23,1,9013.73
ORD0014060,CUST00582,PROD00072,STORE019,2026-04-23,6,24340.36
ORD0014220,CUST00073,PROD00175,STORE020,2026-04-23,1,17980.31
ORD0013199,CUST01078,PROD00022,STORE025,2026-04-23,1,14383.43
ORD0014234,CUST00524,PROD00214,STORE012,2026-04-23,4,3409.9
ORD0014184,CUST00527,PROD00017,STORE005,2026-04-23,6,1966.42
ORD0012607,CUST00881,PROD00264,STORE019,2026-04-23,3,1073.27
ORD0012599,CUST01164,PROD00089,STORE022,2026-04-23,5,7237.68
ORD0012730,CUST00894,PROD00241,STORE007,2026-04-23,4,4805.2
ORD0013339,CUST01149,PROD00286,STORE003,2026-04-23,5,22470.66
ORD0013109,CUST00116,PROD00198,STORE025,2026-04-23,2,18506.13
ORD0013411,CUST00498,PROD00252,STORE018,2026-04-23,2,20892.34
ORD0014169,CUST00341,PROD00151,STORE020,2026-04-23,6,569.7
ORD0013648,CUST00375,PROD00023,STORE005,2026-04-23,6,12419.46
ORD0014274,CUST00685,PROD00237,STORE023,2026-04-23,1,1134.13
ORD0014200,CUST00822,PROD00163,STORE001,2026-04-23,2,23197.69
ORD0013712,CUST00758,PROD00074,STORE023,2026-04-23,3,4260.01
ORD0013832,CUST01186,PROD00091,STORE020,2026-04-23,5,15632.5
ORD0014054,CUST00599,PROD00283,STORE023,2026-04-23,1,7504.36
ORD0013065,CUST01344,PROD00072,STORE016,2026-04-23,4,16435.18
ORD0014110,CUST00642,PROD00030,STORE006,2026-04-23,3,12715.75
ORD0013601,CUST01267,PROD00055,STORE025,2026-04-23,2,1994.56
ORD0014257,CUST00718,PROD00192,STORE008,2026-04-23,3,19195.5
ORD0013406,CUST00734,PROD00211,STORE011,2026-04-23,3,20600.98
ORD0012990,CUST01183,PROD00063,STORE007,2026-04-23,2,23521.32
ORD0014434,,PROD00093,STORE009,2026-04-23,5,6878.05
ORD0013139,CUST01114,PROD00052,STORE023,2026-04-23,3,11780.8
ORD0013711,CUST00550,PROD00216,STORE010,2026-04-23,2,13145.87
ORD0013116,CUST00302,PROD00161,STORE001,2026-04-23,4,19590.58
ORD0013335,CUST00689,PROD00211,STORE023,2026-04-23,4,1682.36
ORD0013970,CUST00835,PROD00191,STORE006,2026-04-23,5,15665.92
ORD0013549,CUST01472,PROD00280,STORE014,2026-04-23,6,16392.52
ORD0012980,CUST00237,PROD00223,STORE010,2026-04-18,5,7020.36
ORD0014225,CUST01114,PROD00267,STORE012,2026-04-23,1,8952.42
ORD0013023,CUST00779,PROD00031,STORE024,2026-04-23,6,21506.11
ORD0012901,CUST00699,PROD00284,STORE009,2026-04-23,4,9608.72
ORD0012659,CUST01089,PROD00100,STORE005,2026-04-23,2,13642.07
ORD0012993,CUST00401,PROD00098,STORE014,2026-04-23,5,5253.19
ORD0013137,CUST00294,PROD00216,STORE025,2026-04-23,5,19306.05
ORD0013015,CUST00369,PROD00165,STORE023,2026-04-23,1,unknown
ORD0012653,CUST00630,PROD00017,STORE007,2026-04-23,4,23197.68
ORD0013044,CUST00406,PROD00043,STORE018,2026-04-23,3,14849.29
ORD0012731,CUST01008,PROD00198,STORE003,2026-04-23,6,23788.61
ORD0013492,CUST00405,PROD00257,STORE008,2026-04-23,2,12912.69
ORD0013805,CUST00033,PROD00028,STORE005,2026-04-23,5,12148.45
ORD0014214,CUST00747,,STORE005,2026-04-23,1,8304.12
ORD0014161,CUST00055,PROD00186,STORE022,2026-04-23,1,6288.18
ORD0013242,CUST00373,PROD00025,STORE015,2026-04-23,6,12884.18
ORD0012847,CUST01440,PROD00186,STORE006,2026-04-23,5,9315.65
ORD0012508,CUST00315,PROD00295,STORE021,2026-04-18,3,7762.69
ORD0013692,CUST00010,PROD00227,STORE004,2026-04-23,2,14847.97
ORD0012566,CUST00904,PROD00282,STORE006,2026-04-23,4,10383.42
ORD0013270,CUST00146,PROD00057,STORE004,2026-04-23,3,531.45
ORD0014230,CUST00696,PROD00282,STORE006,2026-04-23,1,15358.2
ORD0014333,CUST00233,PROD00284,STORE020,2026-04-23,2,3829.04
ORD0013664,CUST01257,PROD00135,STORE016,2026-04-23,6,4622.47
ORD0013523,CUST00379,PROD00218,STORE009,2026-04-23,1,7972.92
ORD0013333,CUST00169,PROD00183,STORE006,2026-04-23,6,12229.71
ORD0013855,CUST00680,PROD00015,STORE025,2026-04-23,2,3920.38
ORD0013441,CUST00801,PROD00009,STORE008,2026-04-23,5,300.4
ORD0012773,CUST00137,PROD00115,STORE003,2026-04-23,2,unknown
ORD0013345,CUST00794,PROD00003,STORE004,2026-04-23,5,5873.27
ORD0013062,CUST00697,PROD00254,STORE005,2026-04-23,6,23081.26
ORD0013722,CUST01258,PROD00013,STORE004,2026-04-23,4,7466.42
ORD0014496,CUST00635,PROD00285,STORE021,2026-04-23,4,5116.71
ORD0012759,CUST00154,,STORE016,2026-04-23,1,2694.55
ORD0014397,CUST01177,PROD00008,STORE012,2026-04-23,1,8088.61
ORD0014103,CUST00141,PROD00003,STORE008,2026-04-23,3,9809.09
ORD0013519,CUST01074,PROD00200,STORE018,2026-04-23,4,12411.95
ORD0012594,CUST00571,PROD00162,STORE002,2026-04-23,1,20617.53
ORD0013671,CUST00459,PROD00127,STORE020,2026-04-20,6,19540.28
ORD0013206,CUST00653,PROD00048,STORE011,2026-04-23,6,4098.96
ORD0012641,CUST00383,PROD00025,STORE024,2026-04-23,3,9375.03
ORD0014493,CUST00540,PROD00035,STORE007,2026-04-23,6,23761.68
ORD0013752,CUST01337,PROD00160,STORE020,2026-04-23,5,13876.36
ORD0013527,CUST00911,PROD00244,STORE014,2026-04-18,4,7875.31
ORD0012777,CUST01438,PROD00147,STORE011,2026-04-23,1,17025.44
ORD0013352,CUST01370,PROD00108,STORE017,2026-04-23,5,17666.06
ORD0013041,CUST00318,PROD00248,STORE009,2026-04-23,2,6962.15
ORD0012829,CUST00295,PROD00156,STORE004,2026-04-23,6,8582.47
ORD0012589,CUST01076,PROD00216,STORE005,2026-04-23,6,10205.05
ORD0014009,CUST01452,PROD00201,STORE020,2026-04-23,2,1408.34
ORD0013048,CUST00793,PROD00121,STORE021,2026-04-23,3,4150.69
ORD0013683,CUST00711,PROD00010,STORE020,2026-04-23,3,16556.91
ORD0013300,CUST01223,PROD00244,STORE021,2026-04-23,5,19617.91
ORD0012791,CUST01324,PROD00250,STORE017,2026-04-23,3,12907.37
ORD0013213,CUST00423,PROD00243,STORE007,2026-04-23,1,15241.18
ORD0012700,CUST00712,PROD00267,STORE021,2026-04-23,2,3922.61
ORD0013880,CUST00381,PROD00038,STORE019,2026-04-23,two,1896.75
ORD0013782,CUST00459,PROD00248,STORE002,2026-04-23,4,3008.12
ORD0013133,CUST00875,PROD00100,STORE006,2026-04-23,2,22717.49
ORD0013055,CUST01359,PROD00235,STORE003,2026-04-23,5,13164.75
ORD0013007,CUST00447,PROD00096,STORE004,2026-04-23,3,17854.76
ORD0012562,CUST00354,PROD00031,STORE021,2026-04-23,4,3081.12
ORD0014355,CUST00157,PROD00203,STORE016,2026-04-23,4,6735.67
ORD0014088,CUST00792,PROD00067,STORE012,2026-04-23,2,19888.18
ORD0014073,CUST00075,PROD00168,STORE015,2026-04-23,5,4891.14
ORD0014481,CUST01144,PROD00293,STORE009,2026-04-23,4,14546.02
ORD0014270,CUST00858,PROD00189,STORE017,2026-04-23,4,16748.89
ORD0013009,CUST00713,PROD00044,STORE016,2026-04-23,1,14872.5
ORD0013603,CUST00828,PROD00071,STORE006,2026-04-23,2,3513.19
ORD0013251,CUST01353,PROD00012,STORE024,2026-04-23,5,22068.97
ORD0014376,CUST00471,PROD00067,STORE015,2026-04-23,5,19836.97
ORD0013912,CUST01233,PROD00272,STORE003,2026-04-23,1,23256.86
ORD0012746,CUST00268,PROD00127,STORE009,2026-04-23,6,1337.64
ORD0012807,CUST00713,PROD00031,STORE019,2026-04-23,3,11816.7
ORD0012971,CUST00417,PROD00240,STORE004,2026-04-20,6,20568.21
ORD0014443,CUST00537,PROD00014,STORE015,2026-04-23,3,2749.34
ORD0012896,CUST00551,PROD00158,STORE017,2026-04-23,2,23229.33
ORD0014445,CUST00497,PROD00027,STORE008,2026-04-23,3,21862.56
ORD0014447,CUST00961,PROD00018,STORE009,00/00/0000,5,1345.75
ORD0012629,CUST00175,PROD00042,STORE010,2026-04-23,-1,562.92
ORD0013170,CUST00284,PROD00062,STORE025,2026-04-23,1,3670.95
ORD0013063,CUST00065,PROD00130,STORE023,2026-04-23,5,14129.23
ORD0012927,CUST01247,PROD00233,STORE024,2026-04-23,2,14250.24
ORD0013461,CUST00823,PROD00217,STORE006,2026-04-23,6,2740.3
ORD0013708,CUST01286,PROD00260,STORE005,2026-04-23,1,20527.09
ORD0013367,CUST01312,PROD00210,STORE008,2026-04-23,4,1080.66
ORD0013129,CUST01329,PROD00225,STORE023,2026-04-23,1,unknown
ORD0013763,CUST01349,PROD00055,STORE001,2026-04-23,5,5107.07
ORD0013670,CUST00827,PROD00177,STORE005,2026-04-23,2,13062.43
ORD0014487,CUST00981,PROD00197,STORE021,2026-04-23,5,10448.17
ORD0013703,CUST01048,PROD00044,STORE011,2026-04-23,3,3925.0
ORD0012781,CUST01288,PROD00210,STORE016,2026-04-23,3,1774.45
ORD0013925,CUST01219,PROD00258,STORE019,2026-04-23,5,325.7
ORD0013459,CUST01075,PROD00042,STORE010,2026-04-23,2,306.56
ORD0013274,CUST00496,PROD00177,STORE012,2026-04-23,5,22816.55
ORD0014021,CUST00555,PROD00135,STORE019,2026-04-23,6,14847.63
ORD0013930,CUST00443,PROD00050,STORE008,2026-04-23,5,5336.62
ORD0012838,CUST00710,PROD00280,STORE017,2026-04-23,1,21216.15
ORD0014426,CUST00499,PROD00049,STORE017,2026-04-23,5,6275.93
ORD0014127,CUST01125,PROD00100,STORE001,2026-04-23,3,5893.37
ORD0013511,CUST00707,PROD00023,STORE007,2026-04-23,3,23303.12
ORD0013010,CUST00652,PROD00068,STORE017,2026-04-23,2,18751.17
ORD0014108,CUST01479,PROD00128,STORE011,2026-04-23,6,8853.68
ORD0012960,CUST01318,PROD00124,STORE022,2026-04-23,4,23922.34
ORD0014136,CUST01324,PROD00007,STORE008,2026-04-23,1,458.29
ORD0012745,CUST00276,PROD00166,STORE011,2026-04-23,5,8613.17
ORD0013506,CUST01001,PROD00220,STORE008,2026-04-23,1,23987.36
ORD0014183,CUST00540,PROD00225,STORE001,2026-04-23,3,18307.13
ORD0013593,CUST00039,PROD00175,STORE005,2026-04-16,3,24122.14
ORD0013037,CUST01111,PROD00248,STORE003,2026-04-23,5,5672.46
ORD0012867,CUST00561,PROD00190,STORE014,2026-04-23,6,10548.12
ORD0014305,CUST01343,PROD00218,STORE002,2026-04-23,2,18490.99
ORD0012916,CUST00734,PROD00261,STORE013,2026-04-23,4,5508.92
ORD0013876,CUST01119,PROD00225,STORE021,2026-04-23,2,21599.4
ORD0013118,CUST00885,PROD00245,STORE024,2026-04-23,6,17056.49
ORD0012836,CUST01008,PROD00212,STORE016,2026-04-23,1,14675.36
ORD0014400,CUST00090,PROD00016,STORE021,2026-04-23,6,18864.79
ORD0012789,CUST00469,PROD00180,STORE007,2026-04-23,1,24378.93
ORD0014353,CUST01360,PROD00090,STORE024,2026-04-23,6,23028.98
ORD0014332,CUST00038,PROD00060,STORE025,2026-04-23,6,20186.76
ORD0013976,CUST00949,PROD00058,STORE008,2026-04-23,5,8853.69
ORD0014143,CUST00465,PROD00015,STORE002,2026-04-23,3,22748.81
ORD0012581,CUST00283,PROD00182,STORE013,2026-04-23,4,4729.59
ORD0014144,CUST00687,PROD00255,STORE012,2026-04-23,6,12877.82
ORD0013878,CUST00527,PROD00171,STORE011,2026-04-23,5,7378.28
ORD0014201,CUST00925,PROD00250,STORE024,2026-04-23,2,10241.31
ORD0013446,CUST00797,PROD00018,STORE013,2026-04-23,6,11857.41
ORD0014411,CUST00883,PROD00072,STORE004,2026-04-23,6,18620.92
ORD0013403,CUST01135,PROD00001,STORE005,2026-04-23,3,16189.37
ORD0012873,CUST01306,PROD00208,STORE005,2026-04-23,6,24633.4
ORD0013764,CUST00775,PROD00099,STORE015,2026-04-23,5,23391.56
ORD0012987,CUST00386,PROD00194,STORE003,2026-04-23,5,14865.65
ORD0013226,CUST00759,PROD00107,STORE011,2026-04-23,2,17614.7
ORD0012875,CUST01240,PROD00184,STORE018,2026-04-23,2,14176.84
ORD0012574,CUST00691,PROD00147,STORE002,2026-04-23,2,19825.65
ORD0013350,CUST00736,PROD00235,STORE001,2026-04-23,5,15585.06
ORD0012749,CUST00954,PROD00147,STORE020,2026-04-23,2,16708.73
ORD0013908,CUST00895,PROD00081,STORE020,2026-04-23,5,1956.61
ORD0012643,CUST01343,PROD00234,STORE001,2026-04-23,6,18662.88
ORD0013859,CUST01314,PROD00212,STORE025,2026-04-23,2,12612.61
ORD0013620,CUST00873,PROD00021,STORE011,2026-04-23,6,21508.0
ORD0013609,CUST00794,PROD00294,STORE022,2026-04-23,3,19132.07
ORD0013255,CUST00999,PROD00287,STORE004,2026-04-23,1,13372.81
ORD0013770,CUST00775,PROD00204,STORE015,2026-04-23,5,19472.07
ORD0013104,CUST00270,PROD00036,STORE017,2026-04-23,3,1582.68
ORD0014012,CUST01328,,STORE012,2026-04-23,6,20184.63
ORD0013793,CUST00077,PROD00138,STORE017,2026-04-23,2,19431.19
ORD0013392,CUST00425,PROD00181,STORE009,2026-04-23,1,14731.67
ORD0014095,CUST00236,,STORE019,2026-04-23,4,24804.03
ORD0012639,,PROD00049,STORE019,2026-04-19,5,1900.34
ORD0012710,CUST00229,PROD00214,STORE025,2026-04-23,2,16813.39
ORD0012651,CUST01112,PROD00156,STORE015,2026-04-23,1,10101.27
ORD0014490,CUST00235,PROD00136,STORE007,2026-04-23,6,23260.82
ORD0014131,CUST00334,PROD00063,STORE021,2026-04-23,2,24903.07
ORD0013537,CUST01319,PROD00247,STORE025,2026-04-23,1,5606.98
ORD0013244,CUST01254,PROD00274,STORE024,2026-04-23,5,19165.27
ORD0013311,CUST00061,PROD00245,STORE009,2026-04-23,1,5504.03
ORD0013247,CUST00636,PROD00263,STORE014,2026-04-23,1,1661.23
ORD0013366,CUST01149,PROD00204,STORE006,2026-04-23,1,12726.4
ORD0012976,CUST00512,PROD00092,STORE016,2026-04-23,4,12428.83
ORD0013039,CUST00098,PROD00300,STORE017,2026-04-23,3,20485.86
ORD0013882,CUST00092,PROD00079,STORE021,2026-04-23,1,19141.65
ORD0012899,CUST00742,PROD00048,STORE015,2026-04-23,6,5527.28
ORD0012570,CUST00091,PROD00287,STORE003,2026-04-23,4,8586.49
ORD0014041,CUST00180,PROD00068,STORE012,2026-04-23,5,13360.23
ORD0013501,CUST01163,PROD00294,STORE020,2026-04-14,5,-5
ORD0013544,CUST00113,PROD00058,STORE020,2026-04-23,2,22772.97
ORD0012843,CUST00689,PROD00263,STORE015,2026-04-23,3,11446.75
ORD0013667,CUST00172,PROD00193,STORE020,2026-04-23,4,17002.1
ORD0012555,CUST00194,PROD00284,STORE022,2026-04-23,6,4209.84
ORD0014387,CUST01148,PROD00230,STORE014,2026-04-23,2,21689.02
ORD0014406,CUST00533,PROD00223,STORE008,2026-04-23,4,12891.63
ORD0013636,CUST01183,PROD00252,STORE002,2026-04-23,3,2554.72
ORD0012806,CUST01492,PROD00222,STORE017,2026-04-23,6,3833.47
ORD0013220,CUST00954,PROD00129,STORE013,2026-04-23,2,2078.36
ORD0013238,CUST00739,PROD00249,STORE018,2026-04-23,4,1089.88
ORD0014226,CUST00681,PROD00225,STORE022,2026-04-23,5,2057.96
ORD0012873,CUST01306,PROD00208,STORE005,2026-04-23,6,24633.4
ORD0012738,CUST00317,PROD00272,STORE019,2026-04-23,5,1299.78
ORD0014238,CUST00059,PROD00117,STORE004,2026-04-23,6,23313.12
ORD0013134,CUST00119,PROD00179,STORE002,2026-04-23,4,23711.44
ORD0013432,CUST00260,PROD00011,STORE020,2026-04-23,2,4230.94
ORD0014435,CUST00661,PROD00136,STORE005,2026-04-23,1,17935.19
ORD0013155,CUST00513,PROD00024,STORE025,2026-04-23,6,19681.45
ORD0012858,CUST00797,PROD00216,STORE008,2026-04-23,1,8540.48
ORD0012654,CUST00383,PROD00241,STORE021,2026-04-23,5,4654.95
ORD0012540,CUST00318,PROD00098,STORE009,2026-04-23,1,18997.79
ORD0014424,CUST00965,PROD00078,STORE016,2026-04-23,2,5431.62
ORD0013509,CUST01071,PROD00231,STORE018,2026-04-23,4,5474.04
ORD0013052,CUST00743,PROD00117,STORE023,2026-04-20,4,4415.69
ORD0012648,CUST00262,PROD00191,STORE004,2026-04-23,2,17489.62
ORD0013917,CUST00603,PROD00233,STORE020,2026-04-23,6,17664.43
ORD0013947,CUST01246,PROD00221,STORE021,2026-04-23,5,12530.66
ORD0014316,CUST01064,PROD00197,STORE008,2026-04-23,1,14494.66
ORD0013202,CUST00023,PROD00205,STORE004,2026-04-23,6,14990.08
ORD0013124,CUST00195,PROD00066,STORE010,2026-04-23,4,14212.93
ORD0012620,CUST00258,PROD00117,STORE003,2026-04-23,4,21861.25
ORD0013078,CUST00643,PROD00248,STORE010,2026-04-23,4,21194.54
ORD0013172,CUST00993,PROD00190,STORE014,2026-04-23,4,21168.78
ORD0014099,CUST00312,PROD00094,STORE021,2026-04-23,3,19663.7
ORD0012542,CUST00232,PROD00050,STORE008,2026-04-23,4,9199.47
ORD0012921,CUST00751,PROD00015,STORE025,,3,10178.96
ORD0013657,CUST00653,PROD00275,STORE011,2026-04-23,2,2407.03
ORD0012890,CUST00515,PROD00175,STORE012,2026-04-23,3,6396.82
ORD0012747,CUST01254,PROD00031,STORE013,2026-04-23,3,5378.7
ORD0014138,CUST00508,PROD00100,STORE015,2026-04-23,-1,22236.86
ORD0013293,CUST01241,PROD00007,STORE009,2026-04-23,4,11205.51
ORD0013357,CUST00744,PROD00292,STORE014,2026-04-23,2,23651.0
ORD0013572,CUST01452,PROD00210,STORE013,2026-04-23,1,21615.92
ORD0014430,CUST00379,PROD00185,STORE018,00/00/0000,4,2125.79
ORD0012988,CUST00390,PROD00035,STORE011,2026-04-23,2,6073.26
ORD0014046,CUST01172,PROD00126,STORE011,2026-04-23,3,3250.76
ORD0012603,CUST01229,PROD00154,STORE019,2026-04-23,6,1235.39
ORD0013775,CUST00526,PROD00082,STORE010,2026-04-14,6,20342.5
ORD0012780,CUST00540,PROD00271,STORE024,2026-04-23,2,7334.59
ORD0012892,CUST01064,PROD00198,STORE009,2026-04-19,2,17967.34
ORD0013086,CUST00685,PROD00072,STORE025,2026-04-23,3,10110.63
ORD0014071,CUST00794,PROD00229,STORE025,2026-04-23,5,9007.3
ORD0013128,CUST00992,PROD00261,STORE008,2026-04-23,2,4149.34
ORD0012776,CUST00216,PROD00167,STORE023,2026-04-23,1,17001.39
ORD0012501,CUST00271,PROD00262,STORE005,2026-04-23,2,24785.64
ORD0012984,CUST01416,PROD00171,STORE014,2026-04-23,4,24722.31
ORD0013348,CUST01158,PROD00164,STORE016,2026-04-23,3,24718.9
ORD0014053,CUST01073,PROD00060,STORE010,2026-04-18,3,15546.86
ORD0012579,CUST01192,PROD00189,STORE017,2026-04-23,2,-5
ORD0014436,CUST01171,PROD00251,STORE017,2026-04-23,3,17510.53
ORD0013073,CUST00516,PROD00230,STORE024,2026-04-23,5,2458.49
ORD0013901,CUST00010,PROD00270,STORE004,2026-04-23,1,24130.98
ORD0014377,CUST00523,PROD00066,STORE013,2026-04-23,2,12217.13
ORD0014104,CUST01283,PROD00130,STORE024,2026-04-23,5,4302.95
ORD0012801,CUST00211,PROD00073,STORE021,2026-04-23,2,17377.56
ORD0014121,CUST00186,PROD00148,STORE018,2026-04-23,5,23148.04
ORD0012705,CUST00413,PROD00007,STORE018,2026-04-23,6,4484.73
ORD0013140,CUST00278,PROD00087,STORE003,2026-04-23,3,19130.74
ORD0013253,CUST00347,PROD00218,STORE025,2026-04-23,3,3987.43
ORD0013331,CUST01344,PROD00126,STORE017,2026-04-23,2,17600.84
ORD0013684,CUST00806,PROD00109,STORE002,2026-04-19,5,283.68
ORD0012967,CUST01385,PROD00086,STORE008,2026-04-23,3,22839.6
ORD0012684,CUST01436,PROD00008,STORE007,2026-04-23,2,6530.0
ORD0012939,CUST00357,PROD00286,STORE001,2026-04-23,2,22289.41
ORD0013103,CUST00127,PROD00217,STORE011,2026-04-23,6,9447.1
ORD0013941,CUST01160,PROD00221,STORE015,2026-04-23,6,4196.28
ORD0014082,CUST01005,PROD00095,STORE025,2026-04-23,3,23996.72
ORD0014464,CUST00602,PROD00287,STORE024,2026-04-23,1,19686.14
ORD0013567,CUST00622,PROD00156,STORE007,2026-04-23,6,10841.24
ORD0013674,CUST00581,PROD00223,STORE017,2026-04-23,5,13442.11
ORD0014011,CUST01365,PROD00247,STORE025,2026-04-23,3,9620.21
ORD0013951,CUST01140,PROD00043,STORE002,2026-04-23,1,15376.18
ORD0013395,CUST00409,PROD00230,STORE023,2026-04-23,4,21197.09
ORD0013665,CUST00981,PROD00026,STORE016,2026-04-23,6,4664.96
ORD0013417,CUST00978,PROD00085,STORE004,2026-04-23,4,20030.9
ORD0012677,CUST01110,PROD00159,STORE021,2026-04-23,4,12354.19
ORD0013795,CUST00458,PROD00087,STORE003,2026-04-23,3,17103.59
ORD0013889,CUST00707,PROD00050,STORE014,2026-04-23,2,5399.25
ORD0013076,CUST01289,PROD00184,STORE016,2026-04-23,2,18301.46
ORD0013598,CUST01165,PROD00224,STORE013,2026-04-23,3,4928.93
ORD0012812,CUST00466,PROD00104,STORE004,2026-04-23,6,19571.42
ORD0014141,CUST01407,PROD00130,STORE024,2026-04-23,3,21035.52
ORD0012954,CUST01113,PROD00057,STORE014,2026-04-23,1,19060.31
ORD0013006,CUST00242,PROD00072,STORE011,2026-04-23,6,6166.69
ORD0014375,CUST00095,PROD00125,STORE014,2026-04-23,2,9867.96
ORD0012870,CUST00396,PROD00077,STORE022,2026-04-23,5,8731.33
ORD0013826,CUST01335,PROD00150,STORE022,2026-04-23,2,2778.4
ORD0012883,CUST01385,PROD00300,STORE018,2026-04-23,5,21687.05
ORD0013420,CUST00974,PROD00129,STORE018,2026-04-23,3,20219.8
ORD0013772,CUST00825,PROD00111,STORE007,2026-04-23,5,8437.48
ORD0013321,CUST00505,PROD00034,STORE005,2026-04-23,3,21381.51
ORD0013955,CUST01430,PROD00294,STORE016,2026-04-23,1,7072.53
ORD0014296,CUST00942,PROD00206,STORE003,2026-04-23,3,12419.42
ORD0012841,CUST00281,PROD00111,STORE015,2026-04-23,5,3941.93
ORD0013089,CUST01214,PROD00052,STORE001,2026-04-23,5,15137.79
ORD0012961,CUST01158,PROD00242,STORE006,2026-04-18,5,20229.6
ORD0013428,CUST00536,PROD00254,STORE014,2026-04-19,2,21251.31
ORD0013583,CUST00301,PROD00231,STORE025,2026-04-23,3,16705.43
ORD0014167,CUST00264,PROD00090,STORE014,2026-04-23,-1,10083.69
ORD0013673,CUST00899,PROD00217,STORE024,2026-04-23,5,15267.88
ORD0013003,CUST01086,PROD00232,STORE019,2026-04-23,6,22578.82
ORD0012535,CUST00084,PROD00278,STORE006,2026-04-23,4,5858.4
ORD0012683,CUST01326,PROD00048,STORE011,2026-04-23,2,14839.29
ORD0014240,CUST01039,PROD00185,STORE017,2026-04-23,1,6688.18
ORD0012510,CUST01364,PROD00086,STORE017,2026-04-23,2,19420.26
ORD0013476,CUST00036,PROD00298,STORE007,2026-04-23,2,21348.47
ORD0014137,,PROD00271,STORE002,2026-04-23,5,13288.52
ORD0012964,CUST00879,PROD00218,STORE021,2026-04-23,6,8023.05
ORD0014219,CUST00879,PROD00265,STORE016,2026-04-23,5,13799.31
ORD0012600,CUST00677,PROD00173,STORE011,2026-04-23,4,6442.62
ORD0012701,CUST00009,PROD00004,STORE019,2026-04-23,3,9743.17
ORD0013437,CUST01202,PROD00187,STORE013,2026-04-23,5,13485.87
ORD0013360,CUST01418,PROD00065,STORE015,2026-04-23,6,15937.22
ORD0014096,CUST00129,PROD00025,STORE014,2026-04-23,6,19986.32
ORD0012530,CUST01394,PROD00300,STORE008,2026-04-13,2,16374.75
ORD0012608,CUST00907,PROD00098,STORE004,2026-04-23,2,4463.8
ORD0013361,CUST01477,PROD00076,STORE004,2026-04-23,3,8324.77
ORD0013974,CUST01168,PROD00112,STORE009,2026-04-23,3,5335.56
ORD0013834,CUST00912,PROD00021,STORE006,2026-04-23,4,3436.21
ORD0012860,CUST01016,PROD00119,STORE014,2026-04-23,6,7481.29
ORD0013475,CUST01390,PROD00202,STORE006,2026-04-23,3,14060.6
ORD0012640,CUST00138,PROD00056,STORE014,2026-04-23,6,22688.25
ORD0012615,CUST01270,PROD00074,STORE016,2026-04-23,4,17919.61
ORD0014254,CUST01096,PROD00124,STORE003,2026-04-23,3,6964.29
ORD0012938,CUST00631,PROD00234,STORE013,2026-04-23,2,4083.26
ORD0013767,CUST00211,PROD00051,STORE022,2026-04-23,2,22737.59
ORD0012895,CUST00890,PROD00296,STORE024,2026-04-23,,4425.88
ORD0014134,CUST00383,PROD00190,STORE025,2026-04-23,6,1118.61
ORD0013340,CUST00007,PROD00260,STORE015,2026-04-23,1,12276.94
ORD0012551,CUST01089,PROD00134,STORE002,2026-04-23,1,18787.93
ORD0013846,CUST00131,PROD00063,STORE023,2026-04-23,2,2680.0
ORD0012622,CUST01386,PROD00280,STORE015,2026-04-14,3,17191.47
ORD0013566,CUST00950,PROD00168,STORE002,2026-04-23,1,15228.88
ORD0013520,CUST01177,PROD00041,STORE014,2026-04-23,5,9954.01
ORD0013407,CUST01411,PROD00069,STORE017,2026-04-23,3,6040.54
ORD0014364,CUST00931,PROD00099,STORE016,2026-04-23,1,17404.22
ORD0012561,CUST00417,PROD00101,STORE005,2026-04-17,5,15481.53
ORD0013851,CUST00091,PROD00085,STORE002,2026-04-23,6,16755.8
ORD0014453,CUST00837,PROD00083,STORE020,2026-04-23,6,18709.34
ORD0012761,CUST01053,PROD00132,STORE012,2026-04-23,6,3133.53
ORD0013144,CUST00867,PROD00265,STORE022,2026-04-23,2,22070.81
ORD0014179,CUST00628,PROD00248,STORE018,2026-04-23,2,10785.69
ORD0014269,CUST00011,PROD00054,STORE001,2026-04-23,2,17031.67
ORD0013716,CUST00077,PROD00246,STORE016,2026-04-23,2,4019.14
ORD0013570,,PROD00110,STORE016,2026-04-23,1,7002.03
ORD0013033,CUST00586,PROD00214,STORE021,2026-04-23,5,11023.02
ORD0013759,CUST00942,PROD00100,STORE013,2026-04-23,5,20781.88
ORD0014008,CUST01213,PROD00008,STORE018,2026-04-23,6,19137.41
ORD0012661,CUST00961,PROD00024,STORE010,2026-04-19,4,10116.91
ORD0013323,CUST01363,PROD00258,STORE010,2026-04-23,6,16193.91
ORD0014088,CUST00792,PROD00067,STORE012,2026-04-23,2,19888.18
ORD0013469,CUST00760,PROD00260,STORE013,2026-04-23,1,8421.92
ORD0013528,CUST00064,PROD00108,STORE006,2026-04-23,6,19017.94
ORD0014346,CUST01173,PROD00201,STORE018,2026-04-23,5,7200.52
ORD0014002,CUST00391,PROD00048,STORE006,2026-04-23,3,10943.12
ORD0012864,CUST01136,PROD00182,STORE001,2026-04-23,4,9363.84
ORD0014388,CUST00948,PROD00068,STORE005,2026-04-15,2,22473.51
ORD0013668,CUST00469,PROD00264,STORE017,2026-04-23,4,21390.7
ORD0013560,CUST00522,PROD00195,STORE012,2026-04-23,4,13726.59
ORD0013422,CUST00350,PROD00159,STORE016,2026-04-23,6,4738.77
ORD0014260,CUST00462,PROD00088,STORE010,2026-04-23,4,3474.37
ORD0012805,CUST00193,,STORE019,2026-04-18,5,22593.37
ORD0012889,CUST00516,PROD00149,STORE011,2026-04-23,1,1514.73
ORD0013893,CUST00144,PROD00274,STORE021,2026-04-23,3,7759.93
ORD0012977,CUST00082,PROD00084,STORE006,2026-04-23,5,4865.72
ORD0013597,CUST01269,PROD00026,STORE005,2026-04-23,3,19946.41
ORD0014395,CUST00715,PROD00097,STORE013,2026-04-23,3,23565.53
ORD0014213,CUST00900,PROD00223,STORE024,2026-04-16,5,11464.53
ORD0013324,CUST00241,PROD00189,STORE023,2026-04-23,5,9534.33
ORD0013830,CUST00737,PROD00128,STORE025,2026-04-23,2,20524.87
ORD0014151,CUST01185,PROD00117,STORE024,2026-04-23,3,6468.52
ORD0012709,CUST00621,PROD00148,STORE014,2026-04-23,3,19928.86
ORD0012957,CUST00313,PROD00068,STORE009,2026-04-23,6,22936.79
ORD0013914,CUST00276,PROD00103,STORE009,2026-04-23,2,1591.45
ORD0012523,CUST00213,PROD00223,STORE006,2026-04-23,2,23744.21
ORD0013760,CUST00178,PROD00265,STORE020,2026-04-23,6,24428.38
ORD0014019,CUST01222,PROD00287,STORE005,2026-04-23,1,15055.61
ORD0013814,CUST01429,PROD00269,STORE009,2026-04-23,5,14105.19
ORD0012978,CUST01108,PROD00174,STORE025,2026-04-23,1,17125.2
ORD0013074,CUST00164,PROD00001,STORE006,2026-04-23,6,23111.35
ORD0013679,CUST00257,PROD00273,STORE024,2026-04-23,5,12115.71
ORD0012809,CUST01044,PROD00257,STORE017,2026-04-23,-1,16247.08
ORD0013051,CUST00572,PROD00263,STORE020,2026-04-23,1,13821.53
ORD0014072,CUST00418,PROD00226,STORE016,2026-04-23,5,3386.54
ORD0014352,CUST00390,PROD00132,STORE008,2026-04-23,3,23999.16
ORD0012565,CUST00513,PROD00055,STORE021,2026-04-23,4,7792.83
ORD0014271,CUST01488,PROD00141,STORE013,2026-04-23,4,17429.59
ORD0013856,CUST00424,PROD00014,STORE016,2026-04-23,1,17602.89
ORD0013024,CUST00403,PROD00064,STORE015,2026-04-23,5,15406.02
ORD0013262,CUST00613,PROD00231,STORE024,2026-04-23,5,19070.14
ORD0012845,CUST01081,PROD00264,STORE008,2026-04-23,2,20758.81
ORD0014327,CUST00527,PROD00278,STORE004,2026-04-23,3,20006.46
ORD0013735,CUST01269,PROD00178,STORE017,2026-04-19,4,4321.41
ORD0013440,,PROD00232,STORE022,2026-04-23,2,5314.88
ORD0013872,CUST00849,PROD00142,STORE001,2026-04-23,1,14081.53
ORD0014340,CUST00338,PROD00132,STORE017,2026-04-23,5,17960.23
ORD0012821,CUST00028,PROD00101,STORE006,2026-04-23,6,13284.73
ORD0012757,CUST00637,PROD00177,STORE004,2026-04-23,2,14720.92
ORD0013316,CUST01211,PROD00066,STORE003,2026-04-23,4,10786.71
ORD0013341,CUST00316,PROD00060,STORE012,2026-04-23,4,20603.76
ORD0014014,CUST01499,PROD00004,STORE015,2026-04-23,4,17829.34
ORD0013539,CUST00156,PROD00055,STORE011,2026-04-23,5,19544.81
ORD0013210,CUST01024,PROD00165,STORE005,2026-04-23,6,12334.07
ORD0012929,CUST00002,PROD00134,STORE015,2026-04-23,two,18568.18
ORD0013196,CUST00885,PROD00015,STORE012,2026-04-23,1,19323.12
ORD0012537,CUST01067,PROD00098,STORE013,2026-04-23,3,11891.46
ORD0014283,CUST00610,PROD00207,STORE003,2026-04-23,6,23406.65
ORD0013296,CUST00182,PROD00124,STORE010,2026-04-23,6,1173.97
ORD0013992,CUST01273,PROD00265,STORE003,2026-04-23,4,20500.27
ORD0012601,CUST00003,PROD00273,STORE004,2026-04-23,4,20236.55
ORD0013336,CUST00784,PROD00252,STORE018,2026-04-16,5,9341.46
ORD0012932,CUST00650,PROD00298,STORE004,2026-04-23,6,22653.17
ORD0012543,CUST01106,PROD00232,STORE024,2026-04-23,2,987.52
ORD0013812,CUST01479,PROD00008,STORE025,2026-04-23,2,10759.21
ORD0013998,CUST00126,PROD00016,STORE019,2026-04-23,3,10390.29
ORD0012852,CUST00890,PROD00079,STORE008,2026-04-23,4,22426.63
ORD0012634,CUST00316,PROD00279,STORE006,2026-04-23,3,12925.81
ORD0012563,CUST00932,PROD00005,STORE009,2026-04-23,2,11924.52
ORD0013190,CUST00313,PROD00296,STORE014,2026-04-23,3,13199.76
ORD0014348,CUST01061,PROD00253,STORE024,2026-04-23,1,20222.68
ORD0013393,CUST00086,PROD00286,STORE019,2026-04-23,5,6290.43
ORD0013991,CUST00478,PROD00035,STORE019,2026-04-23,3,9521.4
ORD0013558,CUST01374,PROD00113,STORE018,2026-04-23,4,5949.14
ORD0013985,CUST00043,PROD00181,STORE003,2026-04-23,1,10806.31
ORD0013379,CUST00756,PROD00092,STORE001,2026-04-23,5,16145.93
ORD0013020,CUST00634,PROD00117,STORE013,2026-04-23,2,1003.83
ORD0013643,CUST01158,PROD00080,STORE016,2026-04-23,1,17863.57
ORD0012827,CUST00472,PROD00182,STORE019,2026-04-20,5,22926.84
ORD0014290,CUST00332,PROD00031,STORE017,2026-04-14,6,15176.04
ORD0012577,CUST01274,PROD00158,STORE014,2026-04-23,1,17372.61
ORD0014074,CUST00011,PROD00076,STORE018,2026-04-23,5,9437.86
ORD0012907,CUST01367,PROD00076,STORE006,2026-04-23,1,20928.67
ORD0012533,CUST01256,PROD00036,STORE012,2026-04-23,5,16423.1
ORD0012707,CUST00825,PROD00197,STORE012,2026-04-23,3,4622.16
ORD0012691,CUST01233,PROD00041,STORE010,2026-04-14,5,13795.38
ORD0013784,CUST00261,PROD00084,STORE021,2026-04-20,2,10623.05
ORD0013591,CUST00436,PROD00205,STORE016,2026-04-23,1,11226.32
ORD0013820,CUST01137,PROD00196,STORE021,2026-04-23,1,2785.51
ORD0013482,CUST01227,PROD00047,STORE014,2026-04-14,5,21241.54
ORD0014444,CUST00207,PROD00271,STORE007,2026-04-23,4,11961.8
ORD0013738,CUST00790,PROD00274,STORE003,2026-04-23,3,18422.24
ORD0013806,CUST01479,PROD00003,STORE007,2026-04-23,4,4617.81
ORD0012611,CUST00386,PROD00194,STORE018,2026-04-23,2,13872.99
ORD0013173,CUST00961,PROD00248,STORE002,2026-04-23,2,19473.78
ORD0013141,CUST00211,PROD00295,STORE012,2026-04-23,2,10314.53
ORD0014122,CUST01195,PROD00156,STORE024,2026-04-23,4,14747.16
ORD0013313,CUST01194,PROD00242,STORE009,2026-04-23,2,18541.68
ORD0012502,CUST00292,PROD00030,STORE015,2026-04-23,1,4481.98
ORD0013855,CUST00680,PROD00015,STORE025,2026-04-23,2,3920.38
ORD0012754,CUST00507,PROD00283,STORE023,2026-04-23,6,1518.95
ORD0013087,CUST00084,PROD00096,STORE003,2026-04-15,6,12109.79
ORD0012783,CUST01236,PROD00256,STORE020,2026-04-23,4,13349.72
ORD0012748,CUST00900,PROD00235,STORE024,2026-04-23,5,7229.09
ORD0013314,CUST00316,PROD00218,STORE004,2026-04-23,1,22533.01
ORD0013017,CUST00258,PROD00204,STORE012,2026-04-23,4,2165.13
ORD0014132,CUST00241,PROD00052,STORE019,2026-04-23,2,16210.18
ORD0014451,CUST00211,PROD00287,STORE020,2026-04-23,5,628.79
ORD0012609,CUST00768,PROD00071,STORE019,2026-04-23,4,6732.96
ORD0013522,CUST01301,,STORE018,2026-04-23,3,24761.94
ORD0012520,CUST00056,PROD00217,STORE007,2026-04-23,3,14505.29
ORD0012647,CUST00432,PROD00187,STORE020,2026-04-23,5,20029.1
ORD0013785,CUST00249,PROD00245,STORE021,2026-04-23,6,18096.89
ORD0013317,CUST01482,PROD00067,STORE023,2026-04-23,3,1952.06
ORD0013746,CUST00490,PROD00226,STORE016,2026-04-23,3,1702.45
ORD0013325,CUST00270,PROD00086,STORE022,2026-04-23,1,4338.94
ORD0013067,CUST01186,PROD00274,STORE023,2026-04-16,6,17584.63
ORD0014273,CUST00564,PROD00185,STORE018,2026-04-23,1,11767.25
ORD0012753,CUST00061,PROD00269,STORE013,2026-04-23,4,21087.96
ORD0012576,,PROD00208,STORE018,2026-04-23,6,23930.89
ORD0013218,CUST00784,PROD00039,STORE020,2026-04-23,6,24690.45
ORD0013002,CUST00138,PROD00023,STORE022,2026-04-23,5,19719.81
ORD0014052,CUST00880,PROD00022,STORE004,2026-04-23,5,21578.54
ORD0013499,CUST01183,PROD00278,STORE019,2026-04-23,6,14199.89
ORD0013661,CUST00925,PROD00100,STORE005,2026-04-23,5,7737.26
ORD0013797,CUST01235,PROD00116,STORE020,2026-04-23,3,20759.57
ORD0013954,CUST00377,PROD00120,STORE013,2026-04-23,3,20893.35
ORD0013542,CUST00617,PROD00060,STORE010,2026-04-20,2,14793.65
ORD0013370,CUST00924,PROD00032,STORE014,2026-04-23,1,24716.0
ORD0013219,CUST01422,PROD00183,STORE007,2026-04-23,1,13053.19
ORD0014149,CUST00222,PROD00015,STORE018,2026-04-23,5,10297.93
ORD0014164,CUST01137,PROD00008,STORE001,2026-04-23,4,7976.39
ORD0013113,CUST01002,PROD00192,STORE013,2026-04-23,1,unknown
ORD0013273,CUST01075,PROD00140,STORE003,2026-04-23,3,8776.96
ORD0013315,CUST01498,PROD00122,STORE020,2026-04-23,4,1233.62
ORD0013229,CUST01499,PROD00294,STORE006,2026-04-23,6,21965.26
ORD0013322,CUST01022,PROD00255,STORE024,2026-04-23,2,20373.14
ORD0014146,CUST01143,PROD00040,STORE001,2026-04-13,4,16414.67
ORD0014343,CUST01166,PROD00028,STORE021,2026-04-23,5,3031.31
ORD0014439,CUST00312,PROD00260,STORE017,2026-04-23,4,11257.36
ORD0012800,CUST00511,PROD00046,STORE008,2026-04-23,1,20478.18
ORD0012974,CUST01348,PROD00276,STORE005,2026-04-23,1,16922.56
ORD0013376,CUST01086,PROD00025,STORE021,2026-04-23,6,6514.53
ORD0014472,CUST00512,PROD00253,STORE006,2026-04-23,6,12206.2
ORD0013811,CUST00895,PROD00014,STORE003,2026-04-23,6,21044.88
ORD0013794,CUST00949,PROD00218,STORE025,2026-04-23,5,3426.26
ORD0013608,CUST00528,PROD00274,STORE022,2026-04-23,3,11389.96
ORD0012585,CUST00417,PROD00263,STORE025,2026-04-23,6,23543.09
ORD0012588,CUST00512,PROD00111,STORE011,2026-04-23,6,24711.47
ORD0012726,CUST00891,PROD00210,STORE012,2026-04-23,3,3805.66
ORD0013028,CUST01465,PROD00272,STORE008,2026-04-23,2,3919.42
ORD0012678,CUST00213,PROD00156,STORE008,2026-04-23,two,16573.93
ORD0013833,CUST00937,PROD00168,STORE006,2026-04-23,5,14096.34
ORD0013599,CUST00968,PROD00205,STORE007,2026-04-23,1,11243.34
ORD0013669,CUST01148,PROD00059,STORE021,2026-04-23,2,21085.83
ORD0013676,CUST00673,PROD00189,STORE012,2026-04-23,1,24803.62
ORD0014337,CUST01291,PROD00220,STORE013,2026-04-23,4,23509.38
ORD0013540,CUST00090,PROD00059,STORE008,2026-04-23,1,6213.78
ORD0014455,CUST00861,PROD00227,STORE012,2026-04-23,3,8699.27
ORD0013483,CUST00711,PROD00060,STORE003,2026-04-23,4,23208.81
ORD0014497,CUST00414,PROD00114,STORE021,2026-04-19,5,2471.17
ORD0012656,CUST00484,PROD00166,STORE025,2026-04-23,4,13791.1
ORD0013188,CUST00794,PROD00228,STORE015,2026-04-23,6,8896.38
ORD0012635,CUST00389,PROD00073,STORE008,2026-04-23,4,21871.41
ORD0013685,CUST00052,PROD00232,STORE009,2026-04-19,1,4470.37
ORD0013449,CUST01381,PROD00186,STORE012,2026-04-23,5,5003.76
ORD0012573,CUST00958,PROD00246,STORE002,2026-04-23,4,18654.88
ORD0014006,CUST00748,PROD00188,STORE019,2026-04-23,4,12729.76
ORD0013066,CUST00229,PROD00242,STORE006,2026-04-23,2,14090.64
ORD0012702,CUST00168,PROD00284,STORE014,2026-04-23,5,9068.39
ORD0012923,CUST00420,PROD00219,STORE023,2026-04-23,3,8618.06
ORD0012602,CUST00240,PROD00048,STORE019,2026-04-23,1,12707.17
ORD0013588,CUST00885,PROD00074,STORE006,2026-04-23,4,21762.44
ORD0013866,CUST01301,PROD00264,STORE021,2026-04-23,3,1135.54
ORD0013536,CUST01324,PROD00144,STORE010,2026-04-23,3,9314.16
ORD0014403,CUST01130,PROD00138,STORE006,2026-04-23,5,20636.63
ORD0012995,CUST00089,PROD00041,STORE005,2026-04-23,3,11474.07
ORD0013256,CUST00761,PROD00225,STORE011,2026-04-23,3,2648.24
ORD0012742,CUST01280,PROD00235,STORE015,2026-04-23,6,22989.78
ORD0013080,CUST00584,PROD00177,STORE002,2026-04-23,4,1049.75
ORD0013353,CUST00091,PROD00007,STORE019,2026-04-23,3,10078.46
ORD0012522,CUST00093,PROD00270,STORE004,2026-04-23,1,8116.03
ORD0013556,CUST00600,PROD00182,STORE016,2026-04-23,2,328.17
ORD0014085,CUST01379,PROD00231,STORE020,2026-04-23,3,20549.78
ORD0012946,CUST00979,PROD00040,STORE014,2026-04-23,2,6071.25
ORD0012655,CUST00211,PROD00252,STORE014,2026-04-14,1,4237.43
ORD0013122,CUST00402,PROD00260,STORE003,2026-04-23,2,14236.74
ORD0013450,CUST00050,PROD00224,STORE005,2026-04-23,1,4148.51
ORD0012932,CUST00650,PROD00298,STORE004,2026-04-23,6,22653.17
ORD0013905,CUST00074,PROD00012,STORE024,2026-04-23,5,18690.48
ORD0013179,CUST00933,PROD00295,STORE020,2026-04-23,6,18809.91
ORD0013294,CUST00465,PROD00003,STORE017,2026-04-23,3,18656.0
ORD0013569,CUST00657,PROD00224,STORE022,2026-04-23,5,8873.62
ORD0013161,CUST01096,PROD00176,STORE004,2026-04-19,1,2803.19
ORD0013093,CUST00611,PROD00214,STORE001,2026-04-23,3,13599.82
ORD0013748,CUST00479,PROD00005,STORE021,2026-04-23,1,9790.55
ORD0013690,CUST00523,PROD00172,STORE023,2026-04-23,3,7957.43
ORD0012756,CUST00967,PROD00264,STORE014,2026-04-20,5,154.96
ORD0014115,CUST00576,PROD00049,STORE001,2026-04-23,4,12192.17
ORD0014223,CUST00719,PROD00199,STORE011,2026-04-23,4,9802.55
ORD0013381,CUST00859,PROD00086,STORE018,2026-04-23,1,21585.44
ORD0013515,CUST00575,PROD00172,STORE022,2026-04-23,5,15366.39
ORD0012539,CUST00605,PROD00159,STORE008,2026-04-23,2,13505.96
ORD0014346,CUST01173,PROD00201,STORE018,2026-04-23,5,7200.52
ORD0013988,CUST00217,PROD00069,STORE020,2026-04-23,6,15638.56
ORD0013894,CUST00431,PROD00262,STORE023,2026-04-23,1,-5
ORD0012721,CUST01285,PROD00084,STORE018,2026-04-23,1,7658.37
ORD0014417,CUST00822,PROD00002,STORE010,2026-04-23,3,7575.16
ORD0013891,CUST01230,PROD00056,STORE003,2026-04-17,5,13373.07
ORD0014465,CUST00081,PROD00050,STORE017,2026-04-18,1,13394.89
ORD0012624,CUST01378,PROD00300,STORE005,2026-04-23,4,13847.1
ORD0012703,CUST00179,PROD00224,STORE022,2026-04-23,5,17174.2
ORD0014166,CUST00484,PROD00289,STORE013,2026-04-23,1,19056.73
ORD0013487,CUST00109,PROD00122,STORE001,2026-04-23,4,21551.61
ORD0013019,CUST00955,PROD00264,STORE010,2026-04-23,2,9596.95
ORD0014442,CUST01331,PROD00098,STORE019,2026-04-23,4,13299.0
ORD0013843,CUST01291,PROD00097,STORE018,2026-04-23,5,7309.68
ORD0012657,CUST00767,PROD00175,STORE006,2026-04-14,5,14722.96
ORD0013060,CUST00309,PROD00262,STORE003,2026-04-23,1,632.33
ORD0014092,CUST00388,PROD00003,STORE024,2026-04-23,2,15147.95
ORD0014287,CUST00213,PROD00257,STORE009,2026-04-14,6,21982.56
ORD0014416,CUST00170,PROD00261,STORE022,2026-04-23,2,21528.44
ORD0014265,CUST01404,PROD00214,STORE025,2026-04-23,6,19968.1
ORD0013127,CUST01434,PROD00022,STORE004,2026-04-23,6,-5
ORD0013575,CUST01369,PROD00280,STORE025,2026-04-19,5,333.33
ORD0012720,CUST01318,PROD00191,STORE016,2026-04-23,2,17435.58
ORD0013276,CUST01153,PROD00284,STORE015,2026-04-23,2,5111.18
ORD0012944,CUST00230,PROD00265,STORE011,2026-04-23,1,16683.3
ORD0013996,CUST00209,PROD00077,STORE017,2026-04-23,1,16917.17
ORD0013776,CUST01238,PROD00019,STORE001,2026-04-23,3,2259.13
ORD0013895,CUST00560,PROD00019,STORE011,2026-04-23,6,19512.81
ORD0012714,CUST01063,PROD00106,STORE017,2026-04-23,5,3662.99
ORD0013819,CUST01102,PROD00168,STORE021,2026-04-23,1,22242.46
ORD0013950,CUST01126,PROD00011,STORE001,2026-04-23,2,7596.07
ORD0012644,CUST00078,PROD00154,STORE020,2026-04-23,2,4464.1
ORD0013419,CUST01143,PROD00071,STORE018,2026-04-23,4,23539.18
ORD0012991,CUST00664,PROD00110,STORE025,2026-04-23,-1,6662.11
ORD0012706,CUST00880,PROD00103,STORE021,2026-04-23,4,8555.19
ORD0013490,CUST01051,PROD00178,STORE010,2026-04-19,2,unknown
ORD0013125,CUST01231,PROD00196,STORE025,2026-04-23,5,2322.71
ORD0014142,CUST01380,PROD00132,STORE006,2026-04-23,1,12006.27
ORD0014308,CUST00517,PROD00128,STORE020,2026-04-23,4,10393.57
ORD0013115,CUST01281,PROD00038,STORE020,2026-04-23,5,17995.25
ORD0012610,CUST00843,PROD00244,STORE015,2026-04-23,1,16162.41
ORD0012869,CUST00662,PROD00191,STORE016,2026-04-23,5,2297.58
ORD0013453,CUST00424,PROD00051,STORE004,2026-04-23,5,10629.59
ORD0013327,CUST00862,PROD00056,STORE010,2026-04-23,3,$5677.97
ORD0014186,CUST00897,PROD00053,STORE001,2026-04-23,6,2116.06
ORD0014488,CUST00026,PROD00034,STORE017,2026-04-23,3,604.54
ORD0012979,CUST00060,PROD00265,STORE024,2026-04-23,5,9512.79
ORD0014437,CUST00401,PROD00295,STORE006,2026-04-23,6,7697.55
ORD0013267,CUST00638,PROD00198,STORE016,2026-04-23,3,1623.4
ORD0013808,CUST00455,PROD00075,STORE014,2026-04-23,4,6562.21
ORD0012728,CUST00921,PROD00106,STORE001,2026-04-23,3,20992.59
ORD0013624,CUST00667,PROD00221,STORE020,2026-04-23,1,9157.32
ORD0013660,CUST00962,PROD00192,STORE007,2026-04-23,2,5492.5
ORD0012593,CUST01238,PROD00024,STORE006,2026-04-23,1,694.69
ORD0013896,CUST00652,PROD00286,STORE013,2026-04-23,3,6742.95
ORD0013480,CUST00122,PROD00067,STORE023,2026-04-23,6,9586.85
ORD0013261,CUST00678,PROD00106,STORE008,2026-04-23,5,7746.49
ORD0014078,CUST00235,PROD00002,STORE012,2026-04-23,3,14634.36
ORD0013571,,PROD00053,STORE024,2026-04-23,2,21983.98
ORD0014311,CUST00029,PROD00092,STORE012,2026-04-19,4,8505.03
ORD0014289,CUST00982,PROD00160,STORE007,2026-04-23,5,1132.25
ORD0012571,CUST00158,PROD00035,STORE019,2026-04-23,4,21955.59
ORD0013194,CUST00115,PROD00263,STORE003,2026-04-23,4,21111.42
ORD0013658,CUST00252,PROD00254,STORE020,2026-04-13,6,14717.1
ORD0012914,CUST00380,PROD00205,STORE023,2026-04-23,3,15473.13
ORD0012981,CUST00912,PROD00268,STORE003,2026-04-23,5,17295.54
ORD0014446,CUST00085,PROD00068,STORE022,2026-04-23,4,9540.43
ORD0012884,CUST01049,PROD00181,STORE025,2026-04-23,3,21370.84
ORD0013107,CUST00004,PROD00218,STORE024,2026-04-23,2,1699.47
ORD0013960,CUST00916,PROD00075,STORE020,2026-04-23,5,20387.94
ORD0013147,CUST00733,PROD00221,STORE010,2026-04-23,6,24815.47
ORD0014027,CUST00195,PROD00226,STORE004,2026-04-23,3,7692.16
ORD0014380,CUST00158,PROD00255,STORE008,2026-04-23,5,15173.55
ORD0013191,CUST01035,PROD00209,STORE004,2026-04-23,6,2980.61
ORD0012637,CUST00066,PROD00193,STORE017,2026-04-23,6,23594.01
ORD0013472,CUST00237,PROD00185,STORE018,2026-04-23,6,12935.82
ORD0013810,CUST01217,PROD00264,STORE024,2026-04-19,1,11231.37
ORD0012770,CUST00938,PROD00289,STORE019,2026-04-23,2,13239.79
ORD0012910,CUST00865,PROD00263,STORE018,2026-04-23,6,3981.06
ORD0013486,CUST00383,PROD00180,STORE023,2026-04-23,6,3174.48
ORD0013719,CUST00767,,STORE023,2026-04-23,3,3889.64
ORD0014206,CUST01414,PROD00001,STORE023,2026-04-23,2,9240.84
ORD0013629,CUST01417,PROD00186,STORE001,2026-04-23,4,19761.5
ORD0012695,CUST01425,PROD00223,STORE021,2026-04-23,1,4988.63
ORD0012676,CUST00216,PROD00230,STORE010,2026-04-23,5,9527.3
ORD0012862,CUST00701,PROD00244,STORE020,2026-04-23,3,13944.48
ORD0013966,CUST00701,PROD00025,STORE013,2026-04-23,1,-5
ORD0014367,CUST00587,PROD00091,STORE024,2026-04-23,1,17103.39
ORD0013687,CUST00292,PROD00156,STORE021,2026-04-23,6,7140.54
ORD0014360,CUST00948,PROD00109,STORE022,2026-04-23,3,14641.25
ORD0014328,CUST00817,PROD00152,STORE007,2026-04-23,5,16785.15
ORD0014062,CUST01192,PROD00015,STORE015,2026-04-23,1,11354.83
ORD0012625,CUST00968,PROD00172,STORE003,2026-04-23,4,1447.08
ORD0012963,CUST00816,PROD00127,STORE011,2026-04-23,3,19395.09
ORD0012725,CUST00459,PROD00257,STORE022,2026-04-23,3,13000.95
ORD0014176,CUST00832,PROD00045,STORE005,2026-04-23,5,414.83
ORD0014341,CUST01254,PROD00207,STORE008,2026-04-23,1,7698.5
ORD0013837,CUST00880,PROD00046,STORE022,2026-04-23,1,13090.39
ORD0013471,CUST00757,PROD00059,STORE011,2026-04-23,4,8615.17
ORD0012598,CUST01103,PROD00032,STORE018,2026-04-13,2,20276.8
ORD0014135,CUST01351,PROD00049,STORE019,2026-04-23,4,22408.29
ORD0013697,CUST01135,PROD00047,STORE006,2026-04-23,6,12511.13
ORD0013457,CUST01039,PROD00186,STORE013,2026-04-23,3,13793.12
ORD0012677,CUST01110,PROD00159,STORE021,2026-04-23,4,12354.19
ORD0013639,CUST00434,PROD00027,STORE021,2026-04-23,4,6342.04
ORD0014241,CUST00925,PROD00073,STORE014,2026-04-23,5,10472.76
ORD0013576,CUST01099,PROD00053,STORE019,2026-04-23,3,21150.69
ORD0014094,CUST00321,PROD00178,STORE001,2026-04-23,3,12521.95
ORD0014415,CUST00332,PROD00250,STORE024,2026-04-23,6,5398.51
ORD0014304,CUST00519,PROD00234,STORE006,2026-04-23,1,1953.01
ORD0013732,CUST00627,PROD00293,STORE011,2026-04-23,5,10128.21
ORD0012940,CUST01457,PROD00263,STORE010,2026-04-23,4,23667.69
ORD0012882,CUST01171,PROD00090,STORE022,00/00/0000,2,17953.77
ORD0013972,CUST00758,PROD00277,STORE006,2026-04-23,3,abc
ORD0013049,CUST01240,PROD00241,STORE015,2026-04-23,2,9510.33
ORD0012894,CUST00286,PROD00029,STORE005,2026-04-23,5,6549.25
ORD0014157,CUST00496,PROD00018,STORE022,2026-04-23,5,18049.75
ORD0013596,CUST00987,PROD00255,STORE018,2026-04-23,1,24877.05
ORD0014433,CUST01033,PROD00172,STORE023,2026-04-23,3,3785.21
ORD0013652,CUST00613,PROD00179,STORE002,2026-04-23,6,21672.48
ORD0014158,CUST00602,PROD00055,STORE014,2026-04-23,2,1066.75
ORD0013008,CUST00852,PROD00015,STORE010,2026-04-23,1,17367.89
ORD0014051,CUST00370,PROD00211,STORE021,2026-04-23,4,24114.4
ORD0013189,CUST00420,PROD00048,STORE005,2026-04-23,5,12296.82
ORD0013148,CUST00827,PROD00225,STORE024,2026-04-23,4,3023.83
ORD0013415,CUST00581,PROD00145,STORE002,2026-04-23,1,2813.63
ORD0013332,CUST00846,PROD00213,STORE018,2026-04-23,1,13775.52
ORD0013946,CUST00126,PROD00132,STORE009,2026-04-23,6,15452.27
ORD0013288,CUST01121,PROD00294,STORE010,2026-04-23,6,6464.5
ORD0012509,CUST00408,PROD00101,STORE024,2026-04-23,2,22266.77
ORD0014259,CUST00194,PROD00116,STORE005,2026-04-23,1,872.63
ORD0013849,CUST00333,PROD00268,STORE021,2026-04-14,3,1208.83
ORD0013600,CUST00728,PROD00233,STORE021,2026-04-23,2,2796.09
ORD0012832,CUST01406,PROD00028,STORE013,2026-04-23,6,8800.51
ORD0012859,CUST00451,PROD00085,STORE017,2026-04-23,2,5967.87
ORD0013090,,PROD00005,STORE018,2026-04-23,5,9951.33
ORD0014249,CUST01223,PROD00012,STORE010,2026-04-23,3,2190.14
ORD0014015,CUST00291,PROD00014,STORE025,2026-04-23,2,8316.18
ORD0012831,CUST01188,PROD00053,STORE014,2026-04-23,3,1316.17
ORD0013396,CUST00934,,STORE019,2026-04-23,5,5878.63
ORD0014440,CUST00462,PROD00162,STORE001,,2,8789.4
ORD0014342,CUST00154,PROD00200,STORE017,2026-04-23,4,3998.88
ORD0014178,CUST01429,PROD00016,STORE002,2026-04-23,1,1616.51
ORD0013038,CUST00072,PROD00202,STORE022,2026-04-23,1,23108.57
ORD0013529,CUST01104,PROD00190,STORE015,2026-04-23,2,17874.73
ORD0014055,CUST00150,PROD00061,STORE013,2026-04-23,6,6656.83
ORD0013662,CUST00307,PROD00263,STORE018,2026-04-23,6,20224.37
ORD0014042,CUST00948,PROD00027,STORE006,2026-04-23,6,23298.72
ORD0013625,CUST00708,PROD00212,STORE022,2026-04-23,4,9340.05
ORD0013036,CUST00644,,STORE011,2026-04-23,3,20552.53
ORD0013069,CUST00977,PROD00078,STORE013,2026-04-23,1,15268.54
ORD0014148,CUST00506,PROD00172,STORE025,2026-04-23,2,13632.88
ORD0013749,CUST00652,PROD00016,STORE009,2026-04-23,4,13629.15
ORD0013330,CUST00839,PROD00215,STORE012,2026-04-23,1,7265.55
ORD0013257,CUST00846,PROD00300,STORE020,2026-04-23,4,24892.66
ORD0014065,CUST01048,PROD00284,STORE007,2026-04-23,4,12284.46
ORD0014029,CUST00806,PROD00267,STORE009,2026-04-23,3,13933.42
ORD0012778,CUST01155,PROD00039,STORE007,2026-04-23,1,12621.67
ORD0013640,CUST00065,PROD00248,STORE007,2026-04-23,3,14053.2
ORD0013818,CUST00859,PROD00091,STORE013,2026-04-23,5,20603.34
ORD0013957,CUST01062,PROD00279,STORE025,2026-04-23,6,4091.68
ORD0014491,CUST00197,PROD00228,STORE003,2026-04-23,3,15271.19
ORD0013263,CUST00951,PROD00104,STORE011,2026-04-23,4,2828.4
ORD0014152,CUST01253,PROD00254,STORE024,2026-04-23,3,12978.22
ORD0013982,CUST00879,PROD00033,STORE002,2026-04-23,3,16840.92
ORD0012818,CUST01095,PROD00207,STORE010,2026-04-18,6,259.32
ORD0013438,CUST00131,PROD00063,STORE004,2026-04-23,2,14567.62
ORD0014040,CUST00303,PROD00259,STORE006,2026-04-23,4,4926.89
ORD0014202,CUST01119,PROD00138,STORE020,2026-04-23,2,17015.07
ORD0014250,CUST00244,PROD00045,STORE008,2026-04-23,4,2756.78
ORD0013877,CUST00195,PROD00282,STORE010,2026-04-23,5,1911.45
ORD0013337,CUST00975,PROD00212,STORE005,2026-04-23,4,3465.78
ORD0013278,CUST00410,PROD00239,STORE002,2026-04-23,4,6875.76
ORD0013354,CUST01285,PROD00289,STORE010,2026-04-23,3,17821.77
ORD0014409,CUST00789,PROD00180,STORE012,2026-04-23,2,3609.57
ORD0014358,CUST00723,PROD00273,STORE005,2026-04-23,6,15363.97
ORD0013561,CUST00776,PROD00074,STORE025,2026-04-23,4,2709.5
ORD0013168,,PROD00080,STORE005,2026-04-23,3,7873.69
ORD0013916,CUST00176,PROD00008,STORE007,2026-04-23,3,4120.51
ORD0013638,CUST01244,PROD00216,STORE014,2026-04-23,6,13496.35
ORD0013271,CUST00605,PROD00262,STORE014,2026-04-23,6,2382.32
ORD0014320,CUST00243,PROD00154,STORE002,2026-04-23,2,21027.04
ORD0013545,CUST01449,PROD00258,STORE013,2026-04-23,2,22265.62
ORD0012771,CUST01095,PROD00250,STORE018,2026-04-23,4,18899.49
ORD0013205,CUST00607,PROD00237,STORE003,2026-04-23,3,16409.75
ORD0013744,CUST00809,PROD00014,STORE023,2026-04-23,4,10360.95
ORD0014147,CUST01393,PROD00085,STORE004,2026-04-23,5,21346.6
ORD0013254,CUST00073,PROD00165,STORE020,2026-04-23,4,5668.71
ORD0014303,CUST01413,PROD00117,STORE003,2026-04-23,6,3713.11
ORD0014467,CUST00009,PROD00019,STORE016,2026-04-23,6,775.92
ORD0014185,CUST00199,PROD00145,STORE019,2026-04-23,6,19741.0
ORD0014449,CUST00649,PROD00182,STORE013,2026-04-23,3,18020.33
ORD0012518,CUST00483,PROD00234,STORE002,2026-04-23,2,13962.85
ORD0013418,CUST00609,PROD00040,STORE024,2026-04-23,3,20522.48
ORD0013455,CUST00750,PROD00208,STORE005,2026-04-23,3,8288.53
ORD0013756,CUST00241,PROD00180,STORE007,2026-04-23,5,9482.81
ORD0013534,CUST00790,PROD00232,STORE020,2026-04-23,4,12343.3
ORD0013142,CUST00412,PROD00014,STORE013,2026-04-23,4,21627.81
ORD0012802,CUST00514,PROD00115,STORE007,2026-04-23,5,4909.97
ORD0014117,CUST00105,PROD00150,STORE004,2026-04-14,5,19194.44
ORD0012782,CUST00483,PROD00269,STORE018,2026-04-23,5,2693.43
ORD0014156,CUST01298,PROD00241,STORE002,2026-04-23,4,11257.87
ORD0014396,CUST01130,PROD00163,STORE023,2026-13-40,4,16692.27
ORD0014076,CUST00133,PROD00149,STORE003,2026-13-40,2,3327.24
ORD0012690,CUST00676,PROD00237,STORE003,2026-04-23,3,14633.28
ORD0013879,CUST00776,PROD00054,STORE016,2026-04-23,2,16298.51
ORD0013138,CUST01223,PROD00032,STORE004,2026-04-23,4,12977.58
ORD0014302,CUST00632,PROD00269,STORE004,2026-04-23,4,4514.94
ORD0014061,CUST01151,PROD00299,STORE016,2026-04-23,5,5767.92
ORD0014120,CUST00616,PROD00151,STORE005,2026-04-23,4,16783.55
ORD0012674,CUST01197,PROD00235,STORE019,2026-04-23,5,17475.55
ORD0012918,CUST00064,PROD00031,STORE003,2026-04-23,1,3565.89
ORD0013769,CUST00266,PROD00046,STORE003,2026-04-23,6,3216.66
ORD0012740,CUST01290,PROD00256,STORE023,2026-04-23,1,8121.0
ORD0013259,CUST00174,PROD00133,STORE005,2026-04-23,6,6389.84
ORD0013892,CUST00111,PROD00183,STORE005,2026-04-23,4,658.75
ORD0014193,CUST00175,,STORE002,2026-04-23,6,21152.93
ORD0013921,CUST00747,PROD00129,STORE004,2026-04-23,5,6074.26
ORD0012513,CUST00904,PROD00065,STORE021,2026-04-23,1,23692.6
ORD0013622,CUST00369,PROD00129,STORE021,2026-04-23,6,2964.84
ORD0012743,CUST00100,PROD00018,STORE025,2026-04-23,1,4378.43
ORD0014264,CUST00893,PROD00269,STORE020,2026-04-23,4,11034.07
ORD0013163,CUST00368,PROD00220,STORE022,2026-04-23,4,6298.42
ORD0013589,CUST00070,PROD00054,STORE016,2026-04-23,3,20276.1
ORD0014112,CUST01076,PROD00108,STORE015,2026-04-23,6,19772.76
ORD0014295,CUST00942,PROD00085,STORE007,2026-04-23,4,23088.03
ORD0013500,CUST00957,PROD00177,STORE002,2026-04-23,3,19414.68
ORD0013754,CUST00956,PROD00221,STORE013,2026-04-23,two,10798.85
ORD0012516,CUST01410,PROD00118,STORE017,2026-04-23,6,4219.38
ORD0013815,CUST01296,PROD00082,STORE017,2026-04-23,1,20040.1
ORD0013184,CUST00891,PROD00216,STORE001,2026-04-23,4,6430.07
ORD0014154,CUST00043,PROD00287,STORE015,2026-04-23,1,15319.8
ORD0014247,CUST00185,PROD00078,STORE002,2026-04-23,3,982.74
ORD0013429,CUST00681,PROD00138,STORE025,2026-04-23,3,3357.32
ORD0012582,CUST00659,PROD00142,STORE021,2026-04-23,3,5624.29
ORD0013630,CUST00914,PROD00086,STORE012,2026-04-23,5,18475.82
ORD0013977,CUST01389,PROD00268,STORE012,2026-04-23,3,5408.75
ORD0012853,CUST00945,PROD00057,STORE006,2026-04-13,2,16345.3
ORD0013165,CUST01360,PROD00176,STORE020,2026-04-23,4,13555.42
ORD0013799,CUST01016,PROD00136,STORE009,2026-04-23,6,8515.59
ORD0013075,CUST01323,PROD00126,STORE025,2026-04-23,1,14813.72
ORD0014276,CUST00051,PROD00185,STORE003,2026-04-23,1,24955.5
ORD0013000,CUST00991,PROD00042,STORE011,2026-04-23,2,18733.43
ORD0013696,CUST00747,PROD00087,STORE022,2026-04-23,6,8199.4
ORD0013110,CUST01488,PROD00223,STORE014,2026-04-23,1,2823.12
ORD0013865,CUST00646,PROD00104,STORE001,2026-04-23,1,15595.72
ORD0012840,CUST00461,PROD00197,STORE013,2026-04-23,1,3796.71
ORD0014366,CUST01157,PROD00263,STORE002,2026-04-23,5,10381.53
ORD0014197,CUST01386,PROD00269,STORE009,2026-04-23,1,10121.85
ORD0012796,CUST01327,PROD00111,STORE008,2026-04-23,1,2160.06
ORD0013077,CUST00385,PROD00043,STORE019,2026-04-23,1,5143.73
ORD0013258,CUST01487,PROD00105,STORE019,2026-04-23,2,5040.58
ORD0013416,CUST00099,PROD00163,STORE024,2026-04-23,3,13220.65
ORD0013873,CUST00913,PROD00180,STORE011,2026-04-23,5,24718.38
ORD0012866,CUST01358,PROD00037,STORE015,2026-04-23,5,23400.14
ORD0013014,CUST00633,PROD00158,STORE021,2026-04-23,2,10161.59
ORD0013661,CUST00925,PROD00100,STORE005,2026-04-23,5,7737.26
ORD0013803,CUST00147,PROD00225,STORE012,2026-04-23,4,24511.25
ORD0013899,CUST01152,PROD00264,STORE010,2026-04-23,3,13520.35
ORD0013786,CUST00605,PROD00019,STORE009,2026-04-23,3,11141.6
ORD0013368,CUST00839,PROD00065,STORE018,2026-04-16,4,13913.08
ORD0013181,CUST00454,PROD00019,STORE001,2026-04-23,3,6755.49
ORD0012518,CUST00483,PROD00234,STORE002,2026-04-23,2,13962.85
ORD0012924,CUST00886,PROD00042,STORE010,2026-04-23,4,19155.49
ORD0012950,CUST00418,PROD00019,STORE013,2026-04-23,6,19323.18
ORD0013187,CUST00966,PROD00189,STORE017,2026-04-23,6,11508.0
ORD0013372,CUST01309,PROD00232,STORE017,2026-04-23,5,19791.27
ORD0012799,CUST00361,PROD00104,STORE016,2026-04-23,4,10147.47
ORD0014468,CUST01003,PROD00127,STORE016,2026-04-23,4,6349.56
ORD0013011,CUST00492,PROD00258,STORE020,2026-04-23,4,426.21
ORD0012612,CUST00127,PROD00281,STORE023,2026-04-23,5,11579.54
ORD0014182,CUST00808,PROD00102,STORE012,2026-04-23,5,19527.83
ORD0012739,CUST01022,PROD00206,STORE019,2026-04-23,4,23668.64
ORD0013156,CUST00496,PROD00080,STORE009,2026-04-23,1,21907.23
ORD0013574,CUST00955,PROD00164,STORE001,2026-04-23,2,15797.52
ORD0013299,CUST01392,PROD00205,STORE009,2026-04-23,5,12079.13
ORD0012842,CUST01071,PROD00025,STORE005,2026-04-23,2,19070.17
ORD0013130,CUST00127,PROD00099,STORE025,2026-04-23,1,3450.06
ORD0014140,CUST00170,PROD00187,STORE024,2026-04-23,6,3679.16
ORD0014398,CUST00844,PROD00211,STORE016,2026-04-20,4,9282.47
ORD0013212,CUST00783,PROD00054,STORE020,2026-04-23,5,3184.03
ORD0014280,CUST00877,PROD00245,STORE007,2026-04-23,4,865.34
ORD0013577,CUST00688,PROD00287,STORE019,2026-04-23,2,18088.22
ORD0013956,CUST01496,PROD00191,STORE015,2026-04-23,3,19869.49
ORD0012902,CUST00834,PROD00257,STORE005,2026-04-23,5,11888.75
ORD0014084,CUST00172,PROD00151,STORE020,2026-04-23,3,20418.93
ORD0014212,CUST00426,PROD00096,STORE015,2026-04-23,4,5369.76
ORD0013240,CUST01047,PROD00221,STORE019,2026-04-23,4,11823.05
ORD0013386,CUST01092,PROD00004,STORE011,2026-04-23,2,12465.4
ORD0012719,CUST01370,PROD00239,STORE021,2026-04-23,3,14297.99
ORD0012515,CUST01000,PROD00135,STORE020,2026-04-23,2,378.74
ORD0012662,CUST00770,PROD00025,STORE013,2026-04-23,1,4931.43
ORD0013783,CUST00723,PROD00060,STORE019,2026-04-23,3,22855.95
ORD0013844,CUST00925,PROD00179,STORE022,2026-04-23,2,13128.5
ORD0013563,CUST00503,PROD00229,STORE008,2026-04-23,2,22376.56
ORD0012584,CUST01420,PROD00286,STORE017,2026-04-23,4,18620.5
ORD0013225,CUST00552,PROD00168,STORE019,2026-04-23,4,20541.16
ORD0012506,CUST01296,PROD00279,STORE018,2026-04-23,4,1538.61
ORD0014229,CUST01053,PROD00298,STORE024,2026-04-23,6,4592.79
ORD0013691,CUST00025,PROD00213,STORE002,2026-04-23,6,12431.66
ORD0012824,CUST00687,PROD00069,STORE018,2026-04-23,6,6347.75
ORD0014000,CUST00455,PROD00169,STORE022,2026-04-23,1,9029.06
ORD0014221,CUST01013,PROD00071,STORE017,2026-04-23,5,3738.15
ORD0013462,CUST00726,PROD00169,STORE025,2026-04-23,4,21094.88
ORD0012558,CUST01215,PROD00004,STORE007,2026-04-23,2,10058.81
ORD0013169,CUST00425,PROD00218,STORE016,2026-04-23,4,9146.42
ORD0012968,CUST00668,PROD00236,STORE018,2026-04-23,2,4758.43
ORD0013096,CUST00170,PROD00076,STORE012,2026-04-23,2,17870.91
ORD0013320,CUST00875,PROD00076,STORE007,2026-04-23,2,19452.1
ORD0012893,CUST01021,PROD00008,STORE005,00/00/0000,5,24430.42
ORD0013400,CUST00800,PROD00123,STORE005,2026-04-23,3,18515.91
ORD0013682,CUST00422,PROD00084,STORE020,2026-04-23,3,11040.07
ORD0013771,CUST00254,PROD00109,STORE020,2026-04-17,2,17910.99
ORD0014232,CUST01358,PROD00176,STORE022,2026-04-23,6,1279.43
ORD0014350,CUST01252,PROD00009,STORE019,2026-04-23,6,18456.95
ORD0014329,CUST01228,PROD00056,STORE012,2026-04-23,1,16773.01
ORD0014191,CUST00062,PROD00236,STORE007,2026-04-23,3,14201.56
ORD0013821,CUST00421,PROD00076,STORE020,2026-04-23,1,178.66
ORD0014408,CUST00770,PROD00148,STORE019,2026-04-23,3,3901.79
ORD0012649,CUST00042,PROD00282,STORE014,2026-04-20,6,19702.03
ORD0013789,CUST00634,PROD00114,STORE013,2026-04-23,3,10934.99
ORD0014469,CUST01342,PROD00258,STORE015,2026-04-23,1,7103.67
ORD0014344,CUST00310,PROD00138,STORE018,2026-04-23,6,17420.3
ORD0013481,CUST00689,PROD00266,STORE002,2026-04-23,1,448.16
ORD0012604,CUST01066,PROD00145,STORE017,2026-04-23,5,12755.46
ORD0013030,CUST00508,PROD00015,STORE008,2026-04-19,3,23776.56
ORD0014315,CUST00922,PROD00215,STORE020,2026-04-23,6,23666.33
ORD0013906,CUST00973,PROD00136,STORE010,2026-04-13,1,18354.56
ORD0014423,CUST00343,PROD00292,STORE015,2026-04-13,1,14957.55
ORD0012664,CUST01167,PROD00178,STORE014,2026-04-23,5,12951.02
ORD0013305,CUST01384,PROD00119,STORE001,2026-04-23,4,$263.01
ORD0013227,CUST00939,PROD00135,STORE017,2026-04-23,1,12194.04
ORD0013365,CUST01115,PROD00272,STORE019,2026-04-23,3,11624.08
ORD0012994,CUST00232,PROD00154,STORE024,2026-04-23,4,4596.95
ORD0013980,CUST01392,PROD00221,STORE018,2026-04-23,-1,11256.62
ORD0013870,CUST01418,PROD00065,STORE011,2026-04-23,2,18080.6
ORD0013816,CUST01237,PROD00116,STORE017,2026-04-23,5,10133.84
ORD0013164,CUST00385,PROD00136,STORE017,2026-04-23,4,8110.88
ORD0014399,CUST00023,PROD00291,STORE007,2026-04-23,1,6255.47
ORD0013854,CUST01287,PROD00122,STORE017,2026-04-23,1,8797.53
ORD0012819,CUST01195,PROD00014,STORE002,2026-04-14,2,18242.35
ORD0014298,CUST00917,PROD00087,STORE009,2026-04-23,4,17048.61
ORD0012810,CUST00292,PROD00148,STORE002,2026-04-23,2,20890.86
ORD0014181,CUST01166,PROD00285,STORE014,2026-04-23,6,23748.28
ORD0013726,CUST00487,PROD00191,STORE021,2026-04-23,6,12588.2
ORD0013301,CUST01178,PROD00107,STORE018,2026-04-23,6,8956.24
ORD0013097,CUST00867,PROD00138,STORE007,2026-04-23,2,2993.01
ORD0014058,CUST01268,PROD00028,STORE002,2026-04-23,1,16320.59
ORD0013221,CUST00319,PROD00103,STORE024,2026-04-23,4,3337.49
ORD0013702,CUST01205,PROD00023,STORE018,2026-04-23,2,24826.34
ORD0013297,CUST01366,PROD00237,STORE004,2026-04-23,2,15999.33
ORD0013663,CUST01209,PROD00200,STORE023,2026-04-23,5,21572.07
ORD0014028,CUST00017,PROD00239,STORE003,2026-04-23,2,24933.0
ORD0013741,CUST01103,PROD00074,STORE021,2026-04-23,2,6555.05
ORD0014381,CUST00643,PROD00037,STORE022,2026-04-23,4,23766.59
ORD0013564,CUST00105,PROD00128,STORE015,2026-04-23,3,4637.9
ORD0012922,CUST01382,PROD00065,STORE009,2026-04-13,4,2851.42
ORD0013171,,PROD00283,STORE024,2026-04-23,1,1650.5
ORD0012975,CUST00802,PROD00181,STORE022,2026-04-23,4,8497.64
ORD0012669,CUST00017,PROD00268,STORE008,2026-04-23,3,23904.37
ORD0013521,CUST01342,PROD00295,STORE018,2026-04-23,5,8257.78
ORD0013398,CUST01066,PROD00086,STORE020,2026-04-23,2,16882.24
ORD0014224,CUST01091,PROD00072,STORE020,2026-04-23,6,24878.02
ORD0014007,CUST01164,PROD00067,STORE017,2026-04-23,5,13964.1
ORD0014089,CUST00879,PROD00149,STORE009,2026-04-23,3,4265.32
ORD0013898,CUST01370,PROD00128,STORE009,2026-04-23,1,15367.85
ORD0012898,CUST01313,PROD00211,STORE019,2026-04-23,3,6984.49
ORD0014314,CUST00208,PROD00292,STORE016,2026-04-23,3,5248.52
ORD0014165,CUST00561,PROD00164,STORE025,2026-04-23,5,1860.46
ORD0014087,CUST00994,PROD00169,STORE017,2026-04-23,3,5020.68
ORD0012982,CUST00640,PROD00156,STORE018,2026-04-23,3,24821.54
ORD0013869,CUST01257,PROD00184,STORE001,2026-04-23,2,23706.98
ORD0014118,CUST01033,PROD00286,STORE001,2026-04-23,2,19326.17
ORD0014075,CUST01426,PROD00262,STORE001,2026-04-23,1,3305.0
ORD0012704,CUST01168,PROD00022,STORE023,2026-04-20,5,13909.84
ORD0014419,CUST00426,PROD00146,STORE018,2026-04-23,2,10624.98
ORD0014480,CUST00115,PROD00259,STORE005,2026-04-23,5,17321.76
ORD0013022,CUST01145,PROD00036,STORE018,2026-04-23,2,18093.1
ORD0012694,CUST01491,PROD00008,STORE014,2026-04-23,5,23713.26
ORD0012575,CUST00306,PROD00223,STORE005,2026-04-23,3,11426.82
ORD0013067,CUST01186,PROD00274,STORE023,2026-04-16,6,17584.63
ORD0013968,CUST00391,PROD00278,STORE008,2026-04-23,6,1448.68
ORD0014017,CUST00853,PROD00134,STORE003,2026-04-23,1,20297.39
ORD0014070,CUST01169,PROD00194,STORE013,2026-04-23,2,5007.49
ORD0012724,CUST01012,PROD00015,STORE003,2026-04-23,6,12879.38
ORD0014157,CUST00496,PROD00018,STORE022,2026-04-23,5,18049.75
ORD0014125,CUST01091,PROD00083,STORE025,2026-04-15,2,1060.65
ORD0014004,CUST01169,PROD00186,STORE011,2026-04-23,2,1857.84
ORD0013375,CUST00910,PROD00282,STORE022,2026-04-23,2,5077.56
ORD0012816,CUST01044,PROD00181,STORE007,2026-04-23,5,18380.38
ORD0012879,CUST00576,PROD00012,STORE014,2026-04-23,6,1074.52
ORD0013731,CUST00502,PROD00128,STORE022,2026-04-23,6,18956.3
ORD0013025,CUST01005,PROD00125,STORE021,2026-04-23,5,20743.8
ORD0013836,CUST00269,PROD00027,STORE018,2026-04-23,2,18110.12
ORD0013192,CUST00661,PROD00140,STORE008,2026-04-23,3,1567.93
ORD0013918,CUST00146,PROD00278,STORE011,2026-04-23,6,22463.82
ORD0013911,CUST01236,PROD00111,STORE001,2026-04-23,3,16908.03
ORD0013081,CUST01052,PROD00033,STORE010,2026-04-18,3,18066.25
ORD0012713,CUST00727,PROD00226,STORE008,2026-04-20,6,16891.02
ORD0013706,CUST00008,PROD00009,STORE004,2026-04-23,3,15186.58
ORD0013276,CUST01153,PROD00284,STORE015,2026-04-23,2,5111.18
ORD0014032,CUST00515,PROD00147,STORE019,2026-04-23,6,13717.93
ORD0013196,CUST00885,PROD00015,STORE012,2026-04-23,1,19323.12
ORD0013217,CUST01018,PROD00104,STORE001,2026-04-23,1,18062.77
ORD0014416,CUST00170,PROD00261,STORE022,2026-04-23,2,21528.44
ORD0012930,CUST00543,PROD00098,STORE017,2026-04-23,2,21767.67
ORD0012788,CUST01302,PROD00005,STORE018,2026-04-15,3,3647.25
ORD0014407,CUST00525,PROD00168,STORE015,2026-04-23,5,22015.38
ORD0012765,CUST01124,PROD00153,STORE015,2026-04-23,4,3270.27
ORD0014460,CUST01136,PROD00106,STORE022,2026-04-23,1,19305.86
ORD0014109,CUST01408,PROD00260,STORE025,2026-04-13,4,13792.23
ORD0012569,CUST00973,PROD00252,STORE017,2026-04-23,3,23714.91
ORD0013612,CUST00441,PROD00182,STORE021,2026-04-23,4,17092.04
ORD0014010,CUST01307,PROD00100,STORE011,2026-04-23,2,19169.86
ORD0014093,CUST00419,,STORE005,2026-04-23,1,23788.03
ORD0013154,CUST01372,PROD00126,STORE025,2026-04-23,4,5487.45
ORD0012688,CUST00681,PROD00255,STORE001,2026-04-23,1,18197.93
ORD0013841,CUST00468,PROD00104,STORE018,2026-04-23,3,3022.57
ORD0012855,CUST00893,PROD00207,STORE008,2026-04-23,2,18544.89
ORD0014279,CUST01440,PROD00002,STORE023,2026-04-23,1,938.08
ORD0013005,CUST00746,PROD00221,STORE024,2026-04-23,3,24459.86
ORD0012881,CUST00421,PROD00011,STORE021,2026-04-23,6,14538.11
ORD0014038,CUST00972,PROD00062,STORE008,2026-04-23,5,620.44
ORD0013408,CUST00605,PROD00125,STORE021,2026-04-23,3,3879.42
ORD0013778,CUST00179,PROD00004,STORE006,2026-04-23,1,2155.39
ORD0013001,CUST01496,PROD00139,STORE001,2026-04-23,3,22487.49
ORD0012546,CUST00462,PROD00269,STORE001,2026-04-23,1,4609.88
ORD0013082,CUST01377,PROD00001,STORE019,2026-04-23,6,1081.66
ORD0014243,CUST00897,PROD00214,STORE019,2026-04-23,2,6365.54
ORD0012693,CUST00232,PROD00142,STORE016,2026-04-23,1,2266.93
ORD0012605,CUST01438,PROD00036,STORE006,2026-04-23,6,1573.7
ORD0013252,CUST00593,PROD00271,STORE022,2026-04-23,2,8338.75
ORD0014413,CUST00974,PROD00258,STORE021,2026-04-23,4,10303.47
ORD0014036,CUST00334,PROD00196,STORE007,2026-04-23,1,4582.55
ORD0012969,,PROD00271,STORE010,2026-04-23,3,8819.91
ORD0013105,CUST00512,PROD00292,STORE002,2026-04-23,3,14361.0
ORD0013610,CUST00628,PROD00288,STORE008,2026-04-23,6,633.06
ORD0014251,CUST01353,PROD00122,STORE002,2026-04-23,5,23810.77
ORD0013627,CUST00258,PROD00054,STORE004,2026-04-23,4,10597.15
ORD0014043,CUST00751,PROD00077,STORE002,2026-04-23,5,13261.77
ORD0013054,CUST01349,PROD00177,STORE005,2026-04-23,5,296.58
ORD0012715,CUST01190,PROD00031,STORE001,2026-04-23,5,20815.16
ORD0012826,CUST00861,PROD00245,STORE020,2026-04-23,4,17821.51
ORD0014253,CUST00129,PROD00142,STORE025,2026-04-23,2,22313.75
ORD0013777,CUST00494,PROD00212,STORE014,2026-04-23,2,1024.13
ORD0014374,CUST00990,PROD00045,STORE010,2026-04-23,2,4198.64
ORD0013890,CUST00612,PROD00094,STORE021,2026-04-23,1,621.99
ORD0013666,CUST01119,PROD00249,STORE008,2026-04-23,2,16445.73
ORD0013241,CUST00864,PROD00139,STORE021,2026-04-23,6,5353.02
ORD0013676,CUST00673,PROD00189,STORE012,2026-04-23,1,24803.62
ORD0013979,CUST00886,PROD00233,STORE021,2026-04-23,2,23656.35
ORD0014345,CUST01249,PROD00043,STORE011,2026-04-23,5,21669.31
ORD0012519,CUST00264,PROD00214,STORE001,2026-04-23,2,5487.97
ORD0014335,CUST01486,PROD00158,STORE002,2026-04-23,1,17329.73
ORD0012729,CUST00016,PROD00027,STORE020,2026-04-23,3,5401.84
ORD0013356,CUST01334,PROD00207,STORE014,2026-04-23,1,18898.62
ORD0014489,CUST01271,PROD00192,STORE011,2026-04-23,6,15312.43
ORD0013431,CUST00007,PROD00065,STORE021,2026-04-23,4,16413.99
ORD0014005,CUST01453,PROD00120,STORE004,2026-04-23,3,14015.82
ORD0013731,CUST00502,PROD00128,STORE022,2026-04-23,6,18956.3
ORD0013550,CUST01179,PROD00176,STORE003,2026-04-23,5,9937.34
ORD0014245,CUST00117,PROD00148,STORE001,2026-04-23,4,13825.93
ORD0014174,CUST00493,PROD00196,STORE012,2026-04-23,2,2345.18
ORD0014172,CUST00691,PROD00187,STORE020,2026-04-23,2,13740.91
ORD0014293,CUST00955,PROD00057,STORE010,2026-04-23,6,2197.74
ORD0012675,CUST00128,PROD00223,STORE021,2026-04-23,3,17926.91
ORD0013553,CUST01099,PROD00205,STORE020,2026-04-17,4,1854.35
ORD0013986,CUST01058,PROD00277,STORE013,2026-04-23,6,22821.04
ORD0012911,CUST01402,PROD00046,STORE020,2026-04-23,3,15732.39
ORD0013751,CUST00581,PROD00218,STORE022,2026-04-23,3,3780.8
ORD0012686,CUST00078,PROD00040,STORE025,2026-04-23,3,3615.69
ORD0013965,CUST00503,PROD00204,STORE002,2026-04-23,4,16700.57
ORD0014389,CUST01253,PROD00115,STORE018,2026-04-23,5,12530.73
ORD0013781,CUST00006,PROD00119,STORE001,2026-04-23,6,24711.8
ORD0012951,CUST00689,PROD00175,STORE016,2026-04-23,3,2577.24
ORD0012996,CUST00348,PROD00062,STORE002,2026-04-23,3,10226.76
ORD0013198,CUST01028,PROD00032,STORE002,2026-04-23,1,22915.27
ORD0013541,CUST00370,PROD00067,STORE016,2026-04-23,3,19186.05
ORD0013647,CUST00576,PROD00262,STORE005,2026-04-23,5,21151.56
ORD0013686,CUST00109,PROD00115,STORE003,2026-04-23,2,13231.42
ORD0013404,CUST00632,PROD00284,STORE010,2026-04-23,4,23303.22
ORD0013807,CUST01186,PROD00177,STORE005,2026-04-23,2,18282.3
ORD0013493,CUST00958,PROD00109,STORE011,2026-04-23,2,16455.2
ORD0012762,CUST00130,PROD00002,STORE012,2026-04-23,6,17619.51
ORD0013943,CUST00104,PROD00084,STORE024,2026-04-23,4,15477.45
ORD0012660,CUST00014,PROD00281,STORE007,2026-04-23,6,7508.05
ORD0013990,CUST00870,PROD00211,STORE021,2026-04-23,3,3730.13
ORD0013867,CUST01269,PROD00296,STORE024,2026-04-23,1,18188.61
ORD0013845,CUST00790,PROD00175,STORE019,2026-04-23,2,12422.73
ORD0012663,CUST00384,PROD00130,STORE009,2026-04-23,2,5710.66
ORD0013197,CUST00725,PROD00109,STORE012,2026-04-23,5,23529.05
ORD0013409,CUST00737,PROD00082,STORE006,2026-04-23,1,5810.81
ORD0013328,CUST00659,PROD00259,STORE019,2026-04-23,3,19277.19
ORD0014100,CUST01281,PROD00119,STORE018,2026-04-23,3,3226.1
ORD0012670,CUST01216,PROD00042,STORE020,2026-04-23,5,20503.48
ORD0013989,CUST00729,PROD00092,STORE008,2026-04-23,1,16525.17
ORD0013552,CUST00057,PROD00011,STORE011,2026-04-23,2,4714.58
ORD0012583,CUST00614,PROD00144,STORE019,2026-04-23,2,12007.17
ORD0013517,CUST00552,PROD00016,STORE005,2026-04-23,3,24456.78
ORD0014412,CUST00491,PROD00161,STORE001,2026-04-19,3,19702.44
ORD0012559,CUST00503,PROD00064,STORE021,2026-04-23,3,12028.77
ORD0014457,CUST01480,PROD00122,STORE010,2026-04-23,4,13403.48
ORD0013567,CUST00622,PROD00156,STORE007,2026-04-23,6,10841.24
ORD0013580,CUST00835,PROD00125,STORE009,2026-04-23,4,15847.97
ORD0013999,CUST00563,PROD00055,STORE003,2026-04-23,3,8063.89
ORD0012711,CUST00624,PROD00037,STORE013,2026-04-23,3,13155.77
ORD0013823,CUST00794,PROD00021,STORE016,2026-04-23,2,4877.12
ORD0012524,CUST00323,PROD00054,STORE004,2026-04-23,5,13265.46
ORD0012913,CUST01289,PROD00283,STORE020,2026-04-23,5,17858.06
ORD0014331,CUST01171,PROD00169,STORE011,2026-04-23,1,6722.44
ORD0014210,CUST00379,PROD00263,STORE022,2026-04-23,2,24627.87
ORD0013399,CUST00552,PROD00158,STORE018,2026-04-23,4,21830.11
ORD0014236,CUST01269,PROD00025,STORE007,2026-04-14,3,9643.86
ORD0013484,CUST01272,PROD00104,STORE004,2026-04-14,5,11677.36
ORD0014159,CUST01190,PROD00064,STORE011,2026-04-23,4,5011.09
ORD0013279,CUST00436,PROD00039,STORE009,2026-04-23,2,23305.97
ORD0014063,CUST00363,PROD00264,STORE002,2026-04-23,6,3000.24
ORD0012798,CUST00846,PROD00196,STORE022,2026-04-23,2,16423.07
ORD0012751,CUST00773,PROD00297,STORE025,2026-04-23,6,16767.91
ORD0013489,CUST00217,PROD00272,STORE016,2026-04-23,2,9971.51
ORD0013743,CUST00362,PROD00160,STORE001,2026-04-23,5,12103.67
ORD0014133,CUST00912,PROD00122,STORE016,2026-04-23,6,17923.02
ORD0012998,CUST00965,PROD00010,STORE011,2026-04-23,6,20892.47
ORD0013798,CUST00531,PROD00227,STORE014,2026-04-23,3,208.06
ORD0014319,CUST01063,PROD00247,STORE005,2026-04-23,4,10528.02
ORD0014001,CUST00877,PROD00009,STORE014,2026-04-23,4,22186.84
ORD0013707,CUST00923,PROD00153,STORE024,2026-04-23,3,5718.25
ORD0014079,CUST00274,PROD00266,STORE016,not_a_date,5,6574.92
ORD0013888,CUST01208,PROD00050,STORE002,2026-04-23,6,1435.82
ORD0013900,CUST01002,PROD00173,STORE008,2026-04-23,6,1786.78
ORD0012764,CUST00793,PROD00244,STORE019,2026-04-23,4,17095.23
ORD0012755,CUST00950,PROD00279,STORE004,2026-04-23,6,11841.12
ORD0013616,CUST00665,PROD00215,STORE002,2026-04-14,3,3614.25
ORD0012503,CUST00489,PROD00016,STORE006,2026-04-23,3,5469.43
ORD0012958,CUST01266,PROD00160,STORE006,2026-04-23,2,434.1
ORD0013312,CUST01408,PROD00182,STORE009,2026-04-23,6,19073.39
ORD0014258,CUST00791,PROD00168,STORE003,2026-04-23,2,15291.33
ORD0013983,CUST01427,PROD00168,STORE005,2026-04-23,5,22580.89
ORD0012872,CUST00824,PROD00056,STORE020,2026-04-23,1,24902.95
ORD0013507,CUST00349,PROD00062,STORE017,2026-04-23,2,24276.94
ORD0013863,CUST01449,PROD00299,STORE002,2026-04-23,1,10651.41
ORD0013973,CUST00352,PROD00115,STORE016,2026-04-23,4,4676.99
ORD0013064,CUST00922,PROD00228,STORE006,2026-04-23,1,11511.97
ORD0014044,CUST01132,PROD00191,STORE010,2026-04-23,5,1374.87
ORD0013359,CUST00218,PROD00253,STORE013,2026-04-23,3,1459.34
ORD0013040,CUST01426,PROD00245,STORE014,2026-04-23,1,15166.05
ORD0014425,CUST01450,PROD00244,STORE021,2026-04-23,4,21464.07
ORD0012632,CUST01146,PROD00222,STORE009,2026-04-23,4,13265.06
ORD0013397,CUST01084,PROD00245,STORE005,2026-04-23,4,3475.92
ORD0014231,CUST00584,PROD00034,STORE017,2026-04-23,1,7238.0
ORD0014429,CUST00525,PROD00056,STORE018,2026-04-23,6,1510.62
ORD0013688,CUST00331,PROD00091,STORE013,2026-04-23,5,9760.13
ORD0013538,CUST01471,PROD00262,STORE016,2026-04-23,2,24460.21
ORD0013280,CUST00841,PROD00044,STORE019,2026-04-23,6,3324.61
ORD0013533,CUST00222,PROD00198,STORE023,2026-04-23,5,22683.34
ORD0014313,CUST00048,PROD00163,STORE013,2026-04-23,2,10317.43
ORD0013047,CUST01463,PROD00196,STORE003,2026-04-23,6,14752.52
ORD0012596,CUST00267,PROD00156,STORE015,2026-04-23,2,7667.78
ORD0012682,CUST00594,PROD00163,STORE014,2026-04-23,3,13381.39
ORD0013099,CUST01289,PROD00254,STORE016,2026-04-23,1,13257.23
ORD0012733,CUST01131,PROD00222,STORE020,2026-04-23,1,17999.19
ORD0013387,CUST01250,PROD00203,STORE012,2026-04-23,2,13568.44
ORD0014160,CUST00386,PROD00016,STORE012,2026-04-15,5,10002.49
ORD0012528,CUST01493,PROD00037,STORE007,2026-04-23,6,13050.98
ORD0012626,CUST01282,PROD00147,STORE002,2026-04-23,6,5424.79
ORD0013346,CUST01149,PROD00142,STORE004,2026-04-16,4,549.53
ORD0014470,CUST00809,PROD00037,STORE019,2026-04-23,5,7286.51
ORD0013383,CUST00102,PROD00037,STORE005,2026-04-23,5,5946.46
ORD0013829,CUST00770,PROD00183,STORE024,2026-04-23,6,9075.28
ORD0013186,CUST01057,PROD00006,STORE001,2026-04-23,2,5012.67
ORD0013632,CUST01189,PROD00014,STORE001,2026-04-18,3,9973.48
ORD0014322,CUST00985,PROD00251,STORE013,2026-04-23,4,10785.67
ORD0013372,CUST01309,PROD00232,STORE017,2026-04-23,5,19791.27
ORD0014351,CUST00904,PROD00109,STORE018,2026-04-23,5,7108.43
ORD0013672,CUST00336,PROD00174,STORE013,2026-04-23,6,16316.74
ORD0013993,CUST00810,PROD00096,STORE009,2026-04-23,6,22193.16
ORD0012853,CUST00945,PROD00057,STORE006,2026-04-13,2,16345.3
ORD0012813,CUST00849,PROD00284,STORE001,2026-04-23,5,9706.65
ORD0014384,CUST01335,PROD00248,STORE008,not_a_date,1,20467.47
ORD0012736,CUST00719,PROD00242,STORE010,2026-04-23,4,4029.89
ORD0014153,CUST00999,PROD00223,STORE021,2026-04-23,-1,13222.91
ORD0013145,CUST01374,PROD00249,STORE004,2026-04-13,5,19076.08
ORD0014370,CUST00768,PROD00201,STORE020,2026-04-19,6,5731.28
ORD0013995,CUST00880,PROD00094,STORE012,2026-04-23,5,20109.71
ORD0014463,CUST01053,PROD00178,STORE013,2026-04-23,1,14161.65
ORD0012920,CUST00624,PROD00136,STORE013,2026-04-23,6,12360.05
ORD0012888,CUST00411,PROD00137,STORE025,2026-04-23,5,16322.27
ORD0013176,CUST00552,PROD00171,STORE022,2026-04-23,6,11106.2
ORD0014451,CUST00211,PROD00287,STORE020,2026-04-23,5,628.79
ORD0013881,CUST00003,PROD00293,STORE015,2026-04-23,1,23696.57
ORD0013557,CUST00322,PROD00168,STORE024,2026-04-23,6,22263.38
ORD0012734,CUST01014,PROD00273,STORE016,2026-04-23,2,23480.43
ORD0013734,CUST00114,PROD00248,STORE004,2026-04-20,6,7375.77
ORD0013423,CUST00187,PROD00240,STORE006,2026-13-40,4,21242.45
ORD0013195,CUST00978,PROD00077,STORE025,2026-04-23,5,13406.2
ORD0013211,CUST01383,PROD00005,STORE009,2026-04-23,2,7281.3
ORD0013737,CUST00023,PROD00109,STORE003,2026-04-23,1,9334.67
ORD0013633,CUST01326,PROD00289,STORE010,2026-04-16,6,5292.34
ORD0012878,CUST00215,PROD00288,STORE015,2026-04-23,5,14702.46
ORD0012891,CUST00359,PROD00036,STORE015,2026-04-23,5,2586.95
ORD0013721,CUST00041,PROD00023,STORE025,2026-04-23,6,9959.59
ORD0013084,CUST01070,PROD00166,STORE017,2026-04-23,2,7500.41
ORD0013050,CUST01004,PROD00213,STORE005,2026-04-23,2,14250.56
ORD0012732,CUST00638,PROD00066,STORE012,2026-04-18,2,16295.96
ORD0014139,CUST00319,PROD00271,STORE009,2026-04-23,4,18431.92
ORD0014482,CUST00421,PROD00207,STORE021,2026-04-23,5,10620.08
ORD0012983,CUST00368,PROD00219,STORE018,2026-04-23,2,23867.33
ORD0013831,CUST00548,PROD00228,STORE012,2026-04-23,5,8186.53
ORD0013796,CUST00974,PROD00288,STORE003,2026-04-23,5,21047.73
ORD0014035,CUST01343,PROD00250,STORE017,2026-04-23,1,7364.22
ORD0012767,CUST01048,PROD00292,STORE004,2026-04-23,4,11994.73
ORD0013562,CUST00577,PROD00025,STORE004,2026-04-23,2,20404.98
ORD0013813,CUST01106,,STORE016,2026-04-23,5,2911.32
ORD0013248,CUST00613,PROD00072,STORE012,2026-04-23,1,13333.41
ORD0013277,CUST00708,PROD00230,STORE012,2026-04-23,2,1698.96
ORD0013072,CUST01022,PROD00203,STORE006,2026-04-23,5,11149.52
ORD0012834,CUST01491,PROD00059,STORE005,2026-04-23,5,23175.49
ORD0014438,CUST01341,PROD00097,STORE021,2026-04-23,4,4081.72
ORD0013675,CUST01297,PROD00101,STORE005,2026-04-23,4,11644.91
ORD0012552,CUST00420,PROD00293,STORE008,2026-04-23,3,3236.4
ORD0012943,CUST01061,PROD00285,STORE019,2026-04-23,4,9678.49
ORD0014090,CUST00990,PROD00294,STORE014,2026-04-23,2,8385.11
ORD0013948,CUST00193,PROD00162,STORE015,2026-04-23,4,1280.34
ORD0014097,CUST00880,PROD00120,STORE015,2026-04-23,4,1020.4
ORD0014218,CUST01072,PROD00061,STORE012,2026-04-23,5,8235.58
ORD0013174,CUST00532,PROD00185,STORE011,2026-04-23,1,22657.76
ORD0014196,CUST01295,PROD00135,STORE015,2026-04-23,2,7382.43
ORD0014420,CUST01098,PROD00226,STORE018,2026-04-23,2,21779.9
ORD0013723,CUST01477,PROD00232,STORE001,2026-04-15,1,19282.97
ORD0013413,CUST01284,PROD00171,STORE006,2026-04-23,1,7500.7
ORD0013488,CUST00608,PROD00189,STORE020,2026-04-23,4,7731.94
ORD0014422,CUST00976,PROD00015,STORE020,2026-04-23,1,5008.68
ORD0013214,CUST00819,PROD00090,STORE020,2026-04-23,5,23821.99
ORD0012681,CUST00464,PROD00117,STORE023,2026-04-23,2,9480.48
ORD0013021,CUST00201,PROD00058,STORE003,2026-04-23,3,4779.73
ORD0012804,CUST01295,PROD00186,STORE009,2026-04-23,5,20736.02
ORD0014483,CUST00234,PROD00076,STORE017,2026-04-23,1,18548.35
ORD0013201,CUST00927,PROD00112,STORE011,2026-04-23,1,2419.5
ORD0012665,CUST00339,PROD00247,STORE008,2026-04-23,3,12143.97
ORD0012668,CUST01354,PROD00172,STORE001,2026-04-23,4,12169.63
ORD0014003,CUST00007,PROD00250,STORE024,2026-04-23,2,18564.33
ORD0013209,CUST00144,PROD00053,STORE024,2026-04-23,6,13646.51
ORD0013342,CUST00776,PROD00282,STORE001,2026-04-23,2,4410.32
ORD0013961,CUST00844,PROD00299,STORE007,2026-04-23,6,17610.83
ORD0013927,CUST01241,PROD00031,STORE016,2026-04-23,5,9851.06
ORD0014278,CUST00343,PROD00222,STORE022,2026-04-23,5,8635.83
ORD0013424,CUST00768,PROD00260,STORE019,2026-04-23,2,14835.07
ORD0013720,CUST00343,PROD00140,STORE020,2026-13-40,2,19351.84
ORD0013987,CUST01298,PROD00071,STORE006,2026-04-23,4,8430.64
ORD0014073,CUST00075,PROD00168,STORE015,2026-04-23,5,4891.14
ORD0013149,CUST00114,PROD00163,STORE018,2026-04-23,4,5411.53
ORD0012990,CUST01183,PROD00063,STORE007,2026-04-23,2,23521.32
ORD0013853,CUST01281,PROD00032,STORE021,2026-04-23,6,15292.84
ORD0013117,CUST00440,PROD00123,STORE011,2026-04-23,1,23905.67
ORD0012687,CUST01495,PROD00088,STORE013,2026-04-23,2,9259.48
ORD0014069,CUST00054,PROD00102,STORE018,2026-04-23,4,24737.25
ORD0013585,CUST00729,PROD00014,STORE022,2026-04-23,1,17650.12
ORD0013787,CUST00529,PROD00108,STORE012,2026-04-23,1,4506.85
ORD0012947,CUST01120,PROD00085,STORE020,2026-04-23,5,2435.5
ORD0014359,CUST00959,PROD00026,STORE024,2026-04-23,3,15998.78
ORD0013434,CUST00448,PROD00028,STORE009,2026-04-23,3,16939.07
ORD0013701,CUST01433,PROD00294,STORE021,2026-04-23,3,4219.95
ORD0014371,CUST00251,PROD00296,STORE011,2026-04-23,5,17896.17
ORD0014499,CUST01499,PROD00015,STORE007,2026-04-23,4,13588.74
ORD0012556,CUST00758,PROD00197,STORE011,2026-04-23,1,17794.55
ORD0013573,CUST01416,PROD00261,STORE023,2026-04-23,6,13670.21
ORD0012633,CUST00027,PROD00260,STORE024,2026-04-23,6,9065.07
ORD0013525,CUST00751,PROD00297,STORE012,2026-04-23,2,22977.55
ORD0013433,CUST01140,PROD00173,STORE024,2026-04-23,6,22101.95
ORD0012538,CUST01068,PROD00174,STORE018,2026-04-23,4,17551.38
ORD0014267,CUST00958,PROD00179,STORE024,2026-04-18,5,2069.53
ORD0014354,CUST00435,PROD00160,STORE012,2026-04-23,1,14512.35
ORD0014372,CUST01428,PROD00226,STORE021,2026-04-23,5,18530.18
ORD0014263,CUST00894,PROD00116,STORE011,2026-04-16,1,3767.63
ORD0014002,CUST00391,PROD00048,STORE006,2026-04-23,3,10943.12
ORD0013452,CUST00847,PROD00171,STORE024,2026-04-23,1,13578.05
ORD0013884,CUST00467,PROD00010,STORE008,2026-04-23,5,23508.5
ORD0013580,CUST00835,PROD00125,STORE009,2026-04-23,4,15847.97
ORD0014113,CUST01481,PROD00077,STORE007,2026-04-23,3,9537.39
ORD0012692,CUST00164,PROD00206,STORE004,2026-04-23,4,2062.68
ORD0013083,CUST00590,PROD00157,STORE007,2026-04-23,4,17523.02
ORD0014275,CUST00314,PROD00299,STORE012,2026-04-23,6,21371.49
ORD0013504,CUST01481,,STORE024,2026-04-23,1,23528.1
ORD0013530,CUST01339,PROD00249,STORE004,2026-04-23,2,3011.34
ORD0014168,CUST00842,PROD00023,STORE012,2026-04-23,2,13105.32
ORD0013016,CUST00927,PROD00245,STORE017,2026-04-23,6,3236.93
ORD0013904,CUST00795,PROD00151,STORE015,2026-04-23,2,21256.03
ORD0013436,CUST01188,PROD00300,STORE020,2026-04-23,4,6916.94
ORD0012673,CUST00382,,STORE025,2026-04-23,1,19759.14
ORD0014023,CUST00585,PROD00027,STORE005,2026-04-23,1,15385.81
ORD0014461,CUST00535,PROD00233,STORE024,2026-04-23,2,13004.84
ORD0014414,CUST01122,PROD00116,STORE007,2026-04-23,2,5313.36
ORD0013910,CUST00191,PROD00241,STORE014,2026-04-19,3,1695.22
ORD0013791,CUST01050,PROD00050,STORE003,2026-04-23,4,18190.29
ORD0012737,CUST00836,PROD00175,STORE005,2026-04-23,two,5779.12
ORD0012511,CUST00100,PROD00044,STORE017,2026-04-23,4,17851.95
ORD0014347,CUST01204,PROD00263,STORE025,2026-04-19,4,4342.11
ORD0014227,CUST00309,PROD00100,STORE004,2026-04-23,3,17552.9
ORD0013827,CUST00233,PROD00061,STORE011,2026-04-23,2,3911.34
ORD0014373,CUST00113,PROD00029,STORE025,2026-04-23,1,12034.09
ORD0013120,CUST00773,PROD00241,STORE003,2026-04-23,3,14258.43
ORD0013207,CUST01188,PROD00182,STORE020,2026-04-23,5,11087.4
ORD0014198,CUST01458,PROD00273,STORE021,2026-04-23,6,8022.65
ORD0013308,CUST00274,PROD00035,STORE005,2026-04-23,6,23545.24
ORD0013283,CUST01309,PROD00225,STORE010,2026-04-23,6,20149.07
ORD0013945,CUST01164,PROD00017,STORE009,2026-04-23,4,6112.83
ORD0014064,CUST00977,PROD00267,STORE001,2026-04-23,5,2990.48
ORD0013733,CUST01011,PROD00019,STORE011,2026-04-23,5,19805.72
ORD0013729,CUST00899,PROD00269,STORE014,2026-04-17,2,1065.6
ORD0013421,CUST00752,PROD00171,STORE010,2026-04-23,2,4100.37
ORD0012851,CUST01211,PROD00009,STORE022,2026-04-23,6,2773.79
ORD0013266,CUST01302,PROD00272,STORE015,2026-04-13,5,16471.99
ORD0013256,CUST00761,PROD00225,STORE011,2026-04-23,3,2648.24
ORD0013828,CUST01334,PROD00151,STORE003,2026-04-23,3,15901.25
ORD0013631,CUST00280,PROD00090,STORE017,2026-04-23,4,8935.68
ORD0013852,CUST00423,PROD00079,STORE018,2026-04-23,3,18689.32
ORD0013923,CUST00833,PROD00046,STORE019,2026-04-23,4,5553.91
ORD0012857,CUST01066,PROD00193,STORE010,2026-04-23,6,24175.22
ORD0012698,CUST00580,PROD00219,STORE023,2026-04-23,1,2088.85
ORD0012934,CUST00894,PROD00297,STORE023,2026-04-18,3,7101.25
ORD0013237,CUST00048,PROD00067,STORE017,2026-04-23,5,17057.65
ORD0013938,CUST00946,PROD00216,STORE003,2026-04-23,3,11632.88
ORD0014195,CUST00853,PROD00037,STORE003,2026-04-23,1,12084.89
ORD0013342,CUST00776,PROD00282,STORE001,2026-04-23,2,4410.32
ORD0013936,CUST00565,PROD00041,STORE007,2026-04-23,2,12272.77
ORD0014059,CUST00754,PROD00024,STORE003,2026-04-23,3,16433.26
ORD0014378,CUST00423,PROD00010,STORE022,2026-04-19,2,$5163.13
ORD0013085,CUST01137,PROD00288,STORE019,2026-04-23,6,5328.81
ORD0013842,CUST01246,PROD00262,STORE012,2026-04-23,6,17208.31
ORD0013463,CUST00970,PROD00284,STORE020,2026-04-23,1,11406.15
ORD0014189,CUST01140,PROD00283,STORE024,2026-04-20,4,4990.59
ORD0012564,CUST00053,PROD00286,STORE010,2026-04-23,2,4848.98
ORD0013485,CUST01044,PROD00124,STORE020,2026-04-23,4,12404.27
ORD0013026,CUST00892,PROD00297,STORE019,2026-04-23,4,15260.15
ORD0013626,CUST00112,PROD00056,STORE021,2026-04-23,1,12049.43
ORD0014478,CUST00417,PROD00229,STORE017,2026-04-16,5,8331.82
ORD0014163,CUST01167,PROD00285,STORE005,2026-04-23,2,16449.6
ORD0012942,CUST01048,PROD00274,STORE025,2026-04-23,5,22566.11
ORD0014418,CUST01288,PROD00261,STORE006,2026-04-19,2,16348.46
ORD0013112,CUST00621,PROD00146,STORE007,2026-04-23,2,2342.68
ORD0013059,CUST01255,PROD00252,STORE008,2026-04-23,5,15245.42
ORD0013299,CUST01392,PROD00205,STORE009,2026-04-23,5,12079.13
ORD0012758,CUST01383,PROD00053,STORE024,2026-04-23,4,18499.42
ORD0012887,CUST01424,PROD00243,STORE014,2026-04-23,4,17091.76
ORD0012646,CUST00341,PROD00186,STORE009,2026-04-23,4,16836.65
ORD0012580,CUST00715,PROD00226,STORE001,2026-04-23,5,22640.26
ORD0014126,CUST01098,PROD00032,STORE005,2026-04-23,5,19293.73
ORD0013548,CUST00016,PROD00031,STORE009,2026-04-23,6,917.94
ORD0013143,CUST01498,PROD00166,STORE010,2026-04-23,3,11979.26
ORD0013780,CUST00939,PROD00114,STORE003,2026-04-23,1,2780.25
ORD0013377,CUST00024,PROD00162,STORE015,2026-04-23,1,11711.14
ORD0013235,CUST01259,PROD00237,STORE005,2026-04-23,5,8725.51
ORD0013645,CUST00554,PROD00277,STORE010,2026-04-23,4,10979.47
ORD0013929,CUST00430,PROD00112,STORE009,2026-04-23,6,1610.39
ORD0014180,CUST00946,PROD00134,STORE017,2026-04-23,2,16869.41
ORD0013790,CUST00796,PROD00248,STORE021,2026-04-13,3,6726.71
ORD0013809,CUST01410,PROD00027,STORE017,2026-04-23,2,10661.8
ORD0013160,CUST00522,PROD00094,STORE005,2026-04-23,6,21621.6
ORD0012871,CUST00936,PROD00159,STORE015,2026-04-23,1,16355.47
ORD0013132,CUST00340,PROD00178,STORE006,2026-04-23,6,12878.5
ORD0013183,CUST00293,PROD00086,STORE006,2026-04-23,3,1337.94
ORD0012928,CUST00840,,STORE010,2026-04-23,1,4880.89
ORD0012568,CUST00995,PROD00130,STORE008,2026-04-23,4,7991.73
ORD0014190,CUST01472,PROD00096,STORE014,2026-04-23,5,5562.8
ORD0014022,CUST01202,PROD00175,STORE004,2026-04-23,6,21273.67
ORD0013329,CUST01058,PROD00113,STORE025,2026-04-23,3,1679.27
ORD0012848,CUST00580,PROD00216,STORE008,2026-04-23,6,22994.89
ORD0013953,CUST01255,PROD00147,STORE015,2026-04-23,1,4587.06
ORD0014318,CUST00160,PROD00122,STORE019,2026-04-23,6,3459.66
ORD0014309,CUST00005,PROD00296,STORE017,2026-04-23,4,11356.04
ORD0012877,CUST00136,,STORE018,2026-04-14,1,7562.54
ORD0012529,CUST01077,PROD00195,STORE016,2026-04-20,4,11697.13
ORD0012578,CUST00761,PROD00038,STORE004,2026-04-23,6,12241.45
ORD0013605,CUST01374,PROD00070,STORE013,2026-04-23,4,14195.5
ORD0014369,CUST00948,PROD00054,STORE021,2026-04-16,5,13571.03
ORD0013053,CUST01248,PROD00085,STORE022,2026-04-23,6,15021.41
ORD0013714,CUST01359,PROD00179,STORE018,2026-04-23,6,20786.07
ORD0012880,CUST01366,PROD00068,STORE021,2026-04-23,2,4234.14
ORD0013611,CUST00669,PROD00164,STORE002,2026-04-17,6,9578.12
ORD0013926,CUST01236,PROD00281,STORE011,2026-04-23,5,22022.99
ORD0013232,CUST01117,PROD00243,STORE014,2026-04-23,1,310.02
ORD0013997,CUST00403,PROD00005,STORE011,2026-04-23,6,18861.86
ORD0013649,CUST00339,PROD00093,STORE014,2026-04-23,2,7921.17
ORD0012822,CUST01446,PROD00182,STORE005,2026-04-23,5,8795.19
ORD0012645,CUST00674,PROD00212,STORE003,2026-04-23,6,4153.96
ORD0013559,CUST00149,PROD00230,STORE024,2026-04-23,6,4016.01
ORD0012915,CUST01174,PROD00259,STORE006,2026-04-23,1,11449.33
ORD0013861,CUST00814,PROD00175,STORE010,2026-04-23,4,11107.2
ORD0013102,CUST01415,PROD00130,STORE018,2026-04-23,2,1450.84
ORD0013268,CUST00223,PROD00138,STORE007,2026-04-23,3,21096.18
ORD0014321,CUST01021,PROD00097,STORE004,2026-04-23,6,744.38
ORD0013203,CUST00256,PROD00093,STORE010,2026-04-23,6,7049.17
ORD0013971,CUST01368,PROD00167,STORE016,2026-04-23,3,18632.44
ORD0012548,CUST00914,PROD00117,STORE019,2026-04-23,5,8620.15
ORD0013762,CUST00965,PROD00189,STORE011,2026-04-23,6,903.45
ORD0014391,CUST00909,PROD00090,STORE008,2026-04-23,2,2350.5
ORD0013883,CUST00366,PROD00187,STORE002,2026-04-23,5,24152.39
ORD0013653,CUST01333,PROD00040,STORE005,2026-04-23,3,18592.06
ORD0014326,CUST01389,PROD00051,STORE009,2026-04-23,4,18321.41
ORD0012628,CUST00745,PROD00068,STORE009,2026-04-23,5,5913.92
ORD0012905,CUST00521,PROD00141,STORE016,2026-04-23,4,15773.38
ORD0013728,CUST01257,PROD00221,STORE008,2026-04-23,2,5949.1
ORD0013602,CUST00777,PROD00031,STORE015,2026-04-23,5,4059.66
ORD0013512,CUST00448,PROD00100,STORE006,2026-04-23,3,8441.21
ORD0013046,CUST00921,PROD00228,STORE007,2026-04-23,1,11020.75
ORD0012793,CUST00533,PROD00209,STORE021,2026-04-23,5,4320.83
ORD0014098,CUST00034,PROD00222,STORE023,2026-04-23,5,7427.94
ORD0012795,CUST01004,PROD00062,STORE002,2026-04-23,1,1332.35
ORD0013071,CUST00705,PROD00136,STORE024,2026-04-23,1,2280.93
ORD0013628,CUST01423,PROD00223,STORE002,2026-04-23,4,11787.15
ORD0013592,CUST01495,PROD00265,STORE001,2026-04-23,6,21865.8
ORD0014128,CUST01206,PROD00270,STORE014,2026-04-23,4,12694.39
ORD0012689,CUST00350,PROD00133,STORE020,2026-04-23,2,22793.82
ORD0012897,CUST00927,PROD00187,STORE016,2026-04-18,2,5516.26
ORD0014325,CUST01022,PROD00092,STORE007,2026-04-23,1,12041.56
ORD0013401,CUST00580,PROD00146,STORE025,2026-04-23,5,20755.61
ORD0013289,CUST00776,PROD00081,STORE003,2026-04-23,6,19186.17
ORD0012738,CUST00317,PROD00272,STORE019,2026-04-23,5,1299.78
ORD0013713,CUST00587,PROD00070,STORE023,2026-04-23,1,19666.73
ORD0012718,CUST01448,PROD00180,STORE007,2026-04-23,3,19850.27
ORD0012512,CUST01309,PROD00147,STORE012,2026-04-23,4,1499.3
ORD0014450,CUST00380,PROD00027,STORE020,2026-04-23,1,10930.27
ORD0013334,CUST00930,PROD00148,STORE014,2026-04-23,4,4346.34
ORD0014255,CUST01407,PROD00031,STORE009,2026-04-23,1,2174.15
ORD0012536,CUST01251,PROD00231,STORE025,2026-04-15,6,23368.35
ORD0012962,CUST01368,PROD00077,STORE014,2026-04-23,5,929.93
ORD0012504,CUST00962,PROD00079,STORE008,2026-04-23,2,7226.43
ORD0014432,CUST00198,PROD00026,STORE019,2026-04-23,3,20463.55
ORD0012650,CUST00981,PROD00020,STORE004,2026-04-23,5,7660.81
ORD0013298,CUST00263,PROD00165,STORE024,2026-04-19,3,3085.98
ORD0014363,CUST01338,PROD00133,STORE015,2026-04-23,5,15237.72
ORD0013466,CUST00685,PROD00300,STORE014,2026-04-23,2,2458.77
ORD0013412,CUST00657,PROD00290,STORE010,2026-04-23,3,abc
ORD0013215,CUST00464,,STORE009,2026-04-23,1,478.26
ORD0012539,CUST00605,PROD00159,STORE008,2026-04-23,2,13505.96
ORD0012560,CUST01212,PROD00246,STORE012,2026-04-23,4,7460.87
ORD0012772,CUST01222,PROD00280,STORE015,2026-04-23,1,15793.12
ORD0013061,CUST00479,PROD00263,STORE021,2026-04-17,6,1162.28
ORD0014355,CUST00157,PROD00203,STORE016,2026-04-23,4,6735.67
ORD0013070,CUST00992,PROD00038,STORE024,2026-04-23,4,13284.93
ORD0014448,CUST01468,PROD00097,STORE025,2026-04-23,6,487.67
ORD0014473,CUST00505,PROD00051,STORE004,2026-04-23,6,unknown
ORD0013260,CUST00327,PROD00079,STORE017,2026-04-23,6,19425.68
ORD0012900,CUST00275,PROD00120,STORE017,2026-04-23,2,5175.88
ORD0013306,CUST00036,PROD00098,STORE017,2026-04-23,2,14536.33
ORD0012865,CUST00803,PROD00090,STORE008,2026-04-20,2,13424.65
ORD0013182,CUST01332,PROD00228,STORE023,2026-04-23,1,6845.34
ORD0013689,CUST00497,PROD00280,STORE013,2026-04-23,2,15795.3
ORD0012787,CUST00391,PROD00104,STORE011,2026-04-23,6,10516.03
ORD0013216,,PROD00200,STORE008,2026-04-23,2,2960.59
ORD0013391,CUST00031,PROD00010,STORE001,2026-04-23,1,19297.88
ORD0014484,CUST00156,PROD00002,STORE011,2026-04-23,2,17088.14
ORD0013236,CUST00002,PROD00267,STORE006,2026-04-23,1,22937.37
ORD0014390,CUST00995,PROD00221,STORE017,2026-04-23,1,4034.59
ORD0013710,CUST01313,PROD00159,STORE021,2026-04-16,6,16769.93
ORD0014334,CUST00758,PROD00069,STORE024,2026-04-16,4,12658.05
ORD0014339,CUST01232,PROD00134,STORE015,2026-04-23,6,19312.48
ORD0013801,CUST01398,PROD00254,STORE024,2026-04-23,6,14115.18
ORD0014083,CUST00389,PROD00261,STORE002,2026-04-23,4,11210.62
ORD0013286,CUST00761,PROD00248,STORE025,2026-04-23,6,1962.51
ORD0013502,CUST00262,PROD00274,STORE003,2026-04-23,3,15145.25
ORD0013100,CUST01344,PROD00142,STORE001,2026-04-23,4,6287.94
ORD0012531,CUST01285,PROD00204,STORE006,2026-04-23,3,21271.57
ORD0014357,CUST01434,PROD00262,STORE023,2026-04-23,4,18611.35
ORD0012618,CUST00503,PROD00205,STORE014,2026-04-23,5,14978.71
ORD0013779,CUST00233,PROD00259,STORE021,2026-04-23,5,24785.85
ORD0014048,CUST00916,PROD00136,STORE013,2026-04-23,3,16077.45
ORD0013868,CUST01460,PROD00132,STORE001,2026-04-23,1,22766.69
ORD0013920,CUST00140,PROD00211,STORE007,2026-04-23,3,12442.74
ORD0013135,CUST00017,PROD00137,STORE016,2026-04-14,5,16136.06
ORD0013839,CUST00852,PROD00224,STORE020,2026-04-23,3,3523.38
ORD0013151,CUST01086,PROD00064,STORE015,2026-04-20,2,3174.25
ORD0013153,CUST00245,PROD00067,STORE009,2026-04-23,5,15654.0
ORD0014192,CUST00234,PROD00005,STORE004,2026-04-23,2,22304.61
ORD0013180,CUST00783,PROD00124,STORE023,2026-04-23,1,13426.64
ORD0013427,CUST00507,PROD00291,STORE011,2026-04-23,1,2856.55
ORD0013931,CUST00156,PROD00254,STORE019,2026-04-23,5,7426.38
ORD0013654,CUST00109,PROD00030,STORE004,2026-04-23,3,22688.94
ORD0012697,CUST00777,PROD00266,STORE008,2026-04-17,3,2689.85
ORD0014033,CUST00231,PROD00073,STORE007,2026-04-23,6,15977.68
ORD0013727,CUST00326,PROD00202,STORE020,2026-04-23,1,22245.93
ORD0014031,CUST01129,,STORE020,2026-04-23,2,18245.21
ORD0013768,CUST00022,PROD00141,STORE009,2026-04-23,3,15858.74
ORD0012623,CUST00485,PROD00278,STORE003,2026-04-23,2,7188.07
ORD0013158,CUST01111,PROD00037,STORE021,00/00/0000,5,2120.54
ORD0014336,CUST01364,PROD00130,STORE009,2026-04-23,6,22745.4
ORD0013287,CUST00178,PROD00206,STORE009,2026-04-23,3,19761.6
ORD0013984,CUST00164,PROD00167,STORE019,2026-04-23,4,8120.93
ORD0012549,CUST00625,PROD00024,STORE007,2026-04-23,2,20022.42
ORD0012906,CUST01114,PROD00239,STORE005,2026-04-23,3,13834.73
ORD0012507,CUST01083,PROD00007,STORE002,2026-04-23,3,11785.31
ORD0014207,CUST00454,PROD00058,STORE005,2026-04-23,5,9375.49
ORD0013101,CUST01275,PROD00261,STORE010,2026-04-23,6,2415.94
ORD0013384,CUST01267,PROD00085,STORE002,2026-04-23,6,12238.53
ORD0012949,CUST01036,PROD00026,STORE023,2026-04-23,6,18076.3
ORD0012785,CUST01421,PROD00109,STORE014,2026-04-23,6,11749.1
ORD0013508,CUST00077,PROD00261,STORE018,2026-04-23,4,7613.9
ORD0013146,CUST00997,PROD00021,STORE001,2026-04-23,1,20209.18
ORD0014116,CUST01088,PROD00118,STORE009,2026-04-23,4,3838.45
ORD0013385,CUST00048,PROD00261,STORE007,2026-04-23,6,12202.21
ORD0013604,CUST01332,PROD00127,STORE020,2026-04-23,4,21829.89
ORD0013932,CUST01003,PROD00158,STORE021,2026-04-23,3,13235.46
ORD0013933,CUST00285,PROD00138,STORE025,2026-04-23,1,12513.85
ORD0012658,CUST00280,PROD00035,STORE014,2026-04-23,5,22129.28
ORD0013032,CUST00374,PROD00165,STORE008,2026-04-23,5,1897.23
ORD0013862,CUST00168,PROD00044,STORE021,2026-04-23,1,14053.06
ORD0012779,CUST01273,PROD00052,STORE004,2026-04-23,6,8259.88
ORD0013822,CUST00338,PROD00054,STORE020,2026-04-23,5,16412.84
ORD0012587,CUST00813,PROD00074,STORE018,2026-04-23,5,7663.33
ORD0012908,CUST01182,PROD00117,STORE008,2026-04-23,4,9081.12
ORD0013940,CUST00208,PROD00197,STORE020,2026-04-23,6,7164.96
ORD0013249,CUST01253,PROD00026,STORE022,2026-04-23,3,8862.59
ORD0014272,CUST01322,PROD00175,STORE006,2026-04-23,6,4462.03
ORD0013582,CUST00472,PROD00286,STORE013,2026-04-23,6,2740.83
ORD0013281,CUST01353,PROD00239,STORE021,2026-04-15,5,22070.78
ORD0012912,CUST00334,PROD00299,STORE011,2026-04-16,6,7277.13
ORD0013250,CUST01106,PROD00135,STORE008,2026-04-23,5,14370.25
ORD0014237,CUST00008,PROD00253,STORE016,2026-04-23,6,13100.59
ORD0013925,CUST01219,PROD00258,STORE019,2026-04-23,5,325.7
ORD0014471,CUST00059,PROD00102,STORE006,2026-04-19,3,23459.16
ORD0012986,CUST00234,PROD00227,STORE003,2026-04-23,6,8903.04
ORD0014244,CUST00562,PROD00031,STORE007,2026-04-18,3,3688.64
ORD0014394,CUST00951,PROD00243,STORE007,2026-04-23,5,23619.3
ORD0013307,CUST00641,PROD00119,STORE006,2026-04-18,3,12644.63
ORD0013175,CUST01300,PROD00072,STORE007,2026-04-23,3,16474.07
ORD0014268,CUST00526,PROD00270,STORE007,2026-04-23,3,2794.0
ORD0014049,CUST01075,PROD00021,STORE014,2026-04-23,2,21744.5
ORD0013285,CUST00683,PROD00183,STORE025,2026-04-23,5,21349.42
ORD0012627,CUST01400,PROD00180,STORE015,2026-04-23,2,1086.38
ORD0012933,CUST00215,PROD00270,STORE007,2026-04-23,3,19603.34
ORD0013650,CUST00243,PROD00163,STORE006,2026-04-19,6,3620.92
ORD0013204,CUST01144,PROD00081,STORE008,2026-04-23,3,13389.83
ORD0013617,CUST01212,PROD00236,STORE015,2026-04-23,5,18400.42
ORD0013532,CUST01263,PROD00280,STORE015,2026-04-23,6,8608.28
ORD0012534,CUST00035,PROD00006,STORE008,2026-04-23,4,10884.93
ORD0012825,CUST00691,PROD00164,STORE022,2026-04-23,6,19583.7
ORD0012727,CUST00066,PROD00127,STORE010,2026-04-23,4,13845.47
ORD0013374,CUST00658,PROD00073,STORE024,2026-04-23,3,11226.81
ORD0013584,CUST01364,PROD00094,STORE023,2026-04-23,4,11123.07
ORD0014294,CUST00218,PROD00188,STORE015,2026-04-23,3,14728.03
ORD0012526,CUST00224,PROD00082,STORE020,2026-04-23,1,17557.01
ORD0013693,CUST00224,PROD00042,STORE016,2026-04-23,6,10745.72
ORD0012547,CUST01295,PROD00149,STORE013,2026-04-23,6,5341.38
ORD0012953,CUST00029,PROD00207,STORE013,2026-04-23,4,6164.87
ORD0012844,CUST00261,PROD00149,STORE001,2026-04-23,3,6271.98
ORD0013981,CUST00937,PROD00169,STORE018,2026-04-23,3,332.64
ORD0012722,CUST00604,PROD00214,STORE010,00/00/0000,5,22695.68
ORD0013858,CUST01302,PROD00159,STORE025,2026-04-23,5,15050.93
ORD0012863,CUST01038,PROD00194,STORE013,2026-04-23,1,14925.07
ORD0014379,CUST00867,PROD00185,STORE002,2026-04-23,5,19376.9
ORD0012590,CUST01004,PROD00287,STORE018,2026-04-23,1,14423.71
ORD0012797,CUST00959,PROD00130,STORE009,2026-04-23,3,4446.23
ORD0013394,CUST00647,PROD00087,STORE008,2026-04-23,4,10612.34
ORD0012833,CUST00918,PROD00017,STORE004,2026-04-23,6,3931.49
ORD0013874,CUST00125,PROD00202,STORE022,2026-04-23,4,10701.1
ORD0013012,CUST01126,PROD00065,STORE006,2026-04-23,4,16680.75
ORD0013535,CUST00485,PROD00017,STORE022,2026-04-23,1,9646.21
ORD0013373,CUST00605,PROD00034,STORE001,2026-04-23,5,17423.32
ORD0012514,CUST01135,PROD00155,STORE016,2026-04-18,6,21035.74
ORD0012517,CUST00464,PROD00196,STORE021,2026-04-23,2,2128.36
ORD0014071,CUST00794,PROD00229,STORE025,2026-04-23,5,9007.3
ORD0013740,CUST00303,,STORE007,2026-04-23,1,7195.77
ORD0013027,CUST00075,PROD00009,STORE004,2026-04-23,4,18318.55
ORD0013474,CUST00095,PROD00239,STORE020,2026-04-23,6,19824.58
ORD0012557,CUST00603,PROD00210,STORE023,2026-04-23,6,7452.75
ORD0014410,CUST00828,PROD00224,STORE009,2026-04-13,2,10728.4
ORD0013018,CUST01056,PROD00248,STORE007,2026-04-23,3,18754.43
ORD0013887,CUST01362,PROD00107,STORE003,2026-04-23,6,5535.43
ORD0012744,CUST00195,PROD00123,STORE015,2026-04-23,2,19166.43
ORD0012997,CUST01052,PROD00017,STORE014,2026-04-23,4,8396.64
ORD0014306,CUST00636,PROD00018,STORE013,2026-04-23,2,757.78
ORD0014077,CUST00016,PROD00131,STORE022,2026-04-23,5,22425.19
ORD0014020,CUST00584,PROD00163,STORE001,2026-04-23,4,9635.42
ORD0013464,CUST00018,PROD00079,STORE020,2026-04-23,4,6988.24
ORD0012613,CUST00634,PROD00252,STORE006,2026-04-23,1,8674.05
ORD0013185,CUST00329,PROD00239,STORE017,2026-04-23,5,21140.09
ORD0013363,CUST00081,PROD00276,STORE013,2026-04-23,2,1068.8
ORD0012959,CUST00346,PROD00252,STORE016,2026-04-23,3,22129.95
ORD0013494,CUST00906,PROD00121,STORE025,2026-04-23,4,20907.18
ORD0013388,CUST00125,PROD00196,STORE009,2026-04-23,6,20870.01
ORD0012846,CUST01112,PROD00088,STORE016,2026-04-23,6,367.05
ORD0014459,CUST01160,PROD00161,STORE020,2026-04-23,5,5056.15
ORD0013994,CUST00409,PROD00170,STORE014,2026-04-16,1,6117.39
ORD0013934,CUST00220,PROD00214,STORE010,2026-04-23,5,21445.54
ORD0013496,CUST01139,,STORE016,2026-04-23,3,4994.27
ORD0014203,CUST00908,PROD00208,STORE017,2026-04-23,6,7111.52
ORD0013068,CUST01083,PROD00168,STORE020,2026-13-40,3,15240.92
ORD0014124,CUST00310,PROD00119,STORE014,2026-04-23,6,24852.02
ORD0013715,CUST01229,PROD00293,STORE003,2026-04-23,2,18076.99
ORD0013319,CUST00137,PROD00005,STORE013,2026-04-23,2,3250.12
ORD0013804,CUST01135,PROD00099,STORE014,2026-04-23,1,5056.51
ORD0013167,CUST00896,PROD00219,STORE010,2026-04-23,2,14342.27
ORD0014492,CUST00117,PROD00145,STORE013,2026-04-23,3,7477.97
ORD0013792,CUST00895,PROD00056,STORE021,2026-04-16,5,8403.62
ORD0012631,CUST00312,PROD00142,STORE001,2026-04-23,-1,5752.54
ORD0012680,CUST01182,PROD00129,STORE015,2026-04-23,4,3767.77
ORD0013444,CUST00314,PROD00055,STORE025,2026-04-23,5,1219.02
ORD0013800,CUST01025,PROD00214,STORE016,2026-04-23,5,3283.69
ORD0012792,CUST00442,PROD00187,STORE008,2026-04-23,1,20279.75
ORD0013402,CUST00307,PROD00065,STORE017,2026-04-23,1,5845.42
ORD0014431,CUST00195,PROD00157,STORE023,2026-04-23,2,4371.97
ORD0013479,CUST01395,PROD00169,STORE013,2026-04-23,4,9295.46
ORD0014208,CUST00078,PROD00123,STORE012,2026-04-23,2,19379.41
ORD0014284,CUST00649,PROD00213,STORE020,2026-04-17,2,22802.22
ORD0012784,CUST01242,PROD00254,STORE006,2026-04-23,3,5031.82
ORD0013377,CUST00024,PROD00162,STORE015,2026-04-23,1,11711.14
ORD0014265,CUST01404,PROD00214,STORE025,2026-04-23,6,19968.1
ORD0014145,CUST01240,PROD00069,STORE018,2026-04-23,6,15188.89
ORD0012606,CUST00336,PROD00168,STORE025,2026-04-23,5,22653.34
ORD0014018,CUST01088,PROD00086,STORE022,2026-04-23,4,17210.43
ORD0013835,CUST00263,PROD00077,STORE010,2026-04-23,6,5776.7
ORD0012616,CUST00386,PROD00064,STORE004,2026-04-23,2,7282.7
ORD0012956,CUST00119,PROD00186,STORE009,2026-04-23,6,20816.77
ORD0012904,CUST00240,PROD00273,STORE003,2026-04-23,3,24783.0
ORD0013524,CUST00682,PROD00266,STORE019,2026-04-23,2,1873.95
ORD0013949,CUST00013,PROD00010,STORE025,2026-04-23,,23318.6
ORD0012876,CUST01039,PROD00104,STORE025,2026-04-23,6,24646.29
ORD0013246,CUST00148,PROD00019,STORE023,2026-04-23,3,13469.06
ORD0013864,CUST01019,PROD00181,STORE004,2026-04-23,3,9957.59
ORD0012638,CUST00108,PROD00008,STORE025,2026-04-23,6,266.72
ORD0013435,CUST00331,PROD00154,STORE013,2026-04-23,5,10978.02
ORD0012966,CUST01286,PROD00057,STORE004,2026-04-23,2,20570.4
ORD0013817,CUST00473,PROD00048,STORE008,2026-04-23,2,21692.07
ORD0013468,CUST00712,PROD00058,STORE019,2026-04-23,4,24135.3
ORD0013651,CUST00197,PROD00251,STORE020,2026-04-23,4,13463.09
ORD0014106,CUST00957,PROD00107,STORE003,2026-04-23,2,16040.05
ORD0013442,CUST00206,PROD00254,STORE004,2026-04-23,5,24387.87
ORD0013425,CUST01169,PROD00198,STORE006,2026-04-23,2,23699.76
ORD0013292,CUST01493,PROD00288,STORE022,2026-04-23,1,5966.69
ORD0014494,CUST00857,PROD00208,STORE020,2026-04-23,5,19678.23
ORD0013057,CUST00294,PROD00172,STORE012,2026-04-23,5,2469.67
ORD0012972,CUST01007,PROD00058,STORE006,2026-04-23,4,20877.76
ORD0013126,CUST00020,PROD00042,STORE016,2026-04-23,3,13760.46
ORD0013718,CUST01443,PROD00145,STORE011,2026-04-13,5,5594.88
ORD0013159,CUST00956,PROD00077,STORE009,2026-04-23,6,19929.81
ORD0014392,CUST01124,PROD00030,STORE017,2026-04-23,1,407.98
ORD0013454,CUST00231,PROD00207,STORE013,2026-04-23,4,10923.24
ORD0013111,CUST00740,PROD00117,STORE017,2026-04-23,4,10186.02
ORD0013699,CUST00268,PROD00263,STORE009,2026-04-23,1,19510.82
ORD0012970,CUST00320,PROD00027,STORE025,2026-04-13,1,5004.2
ORD0014129,CUST01071,PROD00219,STORE009,2026-04-23,6,10883.93
ORD0012708,CUST00315,PROD00084,STORE015,2026-04-23,6,22217.94
ORD0013847,CUST00249,PROD00169,STORE024,2026-04-23,6,17388.57
ORD0014356,CUST00982,PROD00157,STORE013,2026-04-23,5,9455.0
ORD0013913,CUST00834,PROD00163,STORE005,2026-04-23,3,15886.23
ORD0014312,,PROD00109,STORE020,2026-04-23,1,23510.19
ORD0014330,CUST00209,PROD00149,STORE023,2026-04-23,5,19350.4
ORD0013233,CUST00648,PROD00129,STORE018,2026-04-23,2,23766.58
ORD0014101,CUST00919,PROD00295,STORE018,2026-04-20,6,7786.35
ORD0013739,CUST01420,PROD00059,STORE001,2026-04-23,,22998.98
ORD0013304,CUST01300,PROD00035,STORE012,2026-04-23,4,19059.32
ORD0013166,CUST01495,PROD00298,STORE019,2026-04-23,4,6192.39
ORD0013004,CUST00136,PROD00266,STORE014,2026-04-23,3,10790.0
ORD0013108,CUST00488,PROD00199,STORE024,2026-04-23,6,23457.06
ORD0013753,CUST00693,PROD00047,STORE020,2026-04-23,5,3251.7
ORD0014016,CUST01078,PROD00210,STORE001,2026-04-23,4,11900.91
ORD0014485,CUST00374,PROD00256,STORE018,2026-04-23,6,5311.11
ORD0013730,CUST01371,PROD00064,STORE022,2026-04-23,4,18749.92
ORD0013338,CUST01263,PROD00250,STORE014,2026-04-23,1,16050.33
ORD0013049,CUST01240,PROD00241,STORE015,2026-04-23,2,9510.33
ORD0014239,CUST01238,PROD00172,STORE024,2026-04-23,2,4588.06
ORD0013848,CUST01428,PROD00002,STORE009,2026-04-13,6,23299.0
ORD0013725,CUST00999,PROD00169,STORE016,2026-04-23,5,20960.2
ORD0013467,CUST01283,PROD00272,STORE016,2026-04-23,5,24032.81
ORD0014194,CUST00727,PROD00195,STORE024,2026-04-23,6,9980.88
ORD0013152,CUST01492,PROD00089,STORE002,2026-04-23,4,12828.43
ORD0012973,CUST00237,PROD00046,STORE002,2026-04-18,1,10791.11
ORD0012752,CUST00208,PROD00220,STORE024,2026-04-23,4,17874.92
ORD0013451,CUST01211,PROD00154,STORE002,2026-04-23,3,14333.47
ORD0012618,CUST00503,PROD00205,STORE014,2026-04-23,5,14978.71
ORD0013838,CUST00833,PROD00165,STORE020,2026-04-23,1,15045.19
ORD0013272,CUST00839,PROD00112,STORE012,2026-04-23,3,20042.96
ORD0013766,CUST01200,PROD00211,STORE006,2026-04-23,2,5203.82
ORD0013903,CUST01216,PROD00125,STORE001,2026-04-23,1,3425.81
ORD0014361,CUST00629,PROD00184,STORE024,2026-04-23,3,21917.78
ORD0012811,CUST01362,PROD00129,STORE020,2026-04-23,6,1322.06
ORD0013551,CUST00045,PROD00097,STORE025,2026-04-14,3,6914.47
ORD0013568,CUST00452,PROD00081,STORE016,2026-04-23,4,22475.53
ORD0012815,CUST01370,PROD00179,STORE016,2026-04-23,1,2140.69
ORD0012790,CUST00267,PROD00062,STORE017,2026-04-23,4,2789.41
ORD0013302,CUST01394,PROD00236,STORE010,2026-04-23,6,11407.68
ORD0012937,CUST01390,PROD00287,STORE020,2026-04-23,2,17236.81
ORD0012854,CUST00629,PROD00116,STORE002,2026-04-23,2,24143.9
ORD0013351,CUST00939,PROD00288,STORE025,2026-04-23,3,8766.57
ORD0014171,CUST00754,PROD00238,STORE020,2026-04-23,3,5869.78
ORD0014297,CUST01249,PROD00133,STORE021,2026-04-19,1,6479.97
ORD0013477,CUST00358,PROD00197,STORE002,2026-04-23,5,20565.78
ORD0014233,CUST01456,PROD00154,STORE003,2026-04-23,3,18939.51
ORD0013106,CUST00363,PROD00157,STORE008,2026-04-23,2,10129.77
ORD0013586,CUST01448,PROD00162,STORE003,2026-04-23,2,2171.71
ORD0013825,CUST00231,PROD00136,STORE025,2026-04-23,1,3987.22
ORD0014086,CUST00838,PROD00145,STORE010,2026-04-23,6,2593.4
ORD0014383,CUST00363,PROD00111,STORE004,2026-04-23,5,24166.69
ORD0012945,CUST00511,PROD00178,STORE025,2026-04-23,5,1524.35
ORD0013239,CUST01072,PROD00005,STORE009,2026-04-23,2,15580.99
ORD0012886,CUST00431,PROD00239,STORE003,2026-04-23,5,2024.19
ORD0013937,CUST00340,PROD00203,STORE005,2026-04-13,1,21693.45
ORD0013284,CUST00255,PROD00254,STORE010,2026-04-23,3,918.32
ORD0014349,CUST00278,PROD00283,STORE011,2026-04-23,1,17367.17
ORD0013243,CUST00322,PROD00236,STORE024,2026-04-23,2,14228.72
ORD0013919,CUST00041,PROD00269,STORE007,2026-04-23,5,14478.42
ORD0014080,CUST01399,PROD00272,STORE017,2026-04-23,4,18126.8
ORD0013962,CUST01354,PROD00194,STORE008,2026-04-23,5,21249.57
ORD0012597,CUST00722,PROD00205,STORE019,2026-04-23,4,23623.37
ORD0013252,CUST00593,PROD00271,STORE022,2026-04-23,2,8338.75
ORD0014475,CUST01227,PROD00042,STORE007,2026-04-23,2,14005.37
ORD0013088,CUST00415,PROD00280,STORE023,2026-04-23,2,17038.09
ORD0012926,CUST00231,PROD00016,STORE020,2026-04-23,5,19359.87
ORD0013411,CUST00498,PROD00252,STORE018,2026-04-23,2,20892.34
ORD0014486,CUST00565,PROD00075,STORE020,2026-04-23,6,20525.17
ORD0013123,CUST01005,PROD00214,STORE022,2026-04-23,1,16184.11
ORD0012919,CUST01103,PROD00071,STORE005,2026-04-23,6,15520.61
ORD0013578,CUST00208,PROD00006,STORE015,2026-04-23,5,1892.22
ORD0014024,CUST00037,PROD00213,STORE008,2026-04-23,3,12998.28
ORD0012679,CUST00855,PROD00060,STORE021,2026-04-23,4,4339.01
ORD0013554,CUST00756,,STORE015,2026-04-23,2,14762.03
ORD0012544,CUST00954,PROD00086,STORE007,2026-04-23,5,7144.15
ORD0013774,CUST01010,PROD00198,STORE004,2026-04-23,2,11026.4
ORD0012989,CUST01331,PROD00251,STORE024,2026-04-23,2,10393.83
ORD0014175,CUST00776,PROD00174,STORE005,2026-04-23,6,183.32
ORD0013121,CUST00630,PROD00283,STORE018,2026-04-23,4,13090.02
