order_id,customer_id,product_id,store_id,order_date,quantity,unit_price
ORD0014876,CUST01242,PROD00137,STORE001,2026-04-24,2,17690.32
ORD0015943,CUST01433,PROD00129,STORE007,2026-04-24,1,12173.88
ORD0015774,CUST00568,PROD00111,STORE016,2026-04-20,1,17274.12
ORD0015583,CUST00574,PROD00183,STORE018,2026-04-24,4,3267.68
ORD0014584,CUST00490,PROD00257,STORE001,2026-04-24,3,919.64
ORD0015823,CUST00200,PROD00147,STORE003,2026-04-24,6,18902.25
ORD0015154,CUST01267,PROD00291,STORE001,2026-04-24,3,19105.58
ORD0016454,CUST00796,PROD00063,STORE015,2026-04-24,2,5933.95
ORD0015116,CUST00440,PROD00045,STORE002,2026-04-24,4,706.28
ORD0015805,CUST00062,PROD00173,STORE013,2026-04-24,5,11752.65
ORD0016468,CUST01211,PROD00055,STORE014,2026-04-24,1,22525.98
ORD0014875,CUST00964,PROD00095,STORE004,2026-04-24,6,22016.24
ORD0014551,CUST01011,PROD00227,STORE010,2026-04-24,2,6520.0
ORD0015106,CUST00312,PROD00045,STORE024,2026-04-21,6,10185.36
ORD0014844,CUST00801,PROD00292,STORE024,2026-04-24,2,23646.36
ORD0015145,CUST00243,PROD00049,STORE023,2026-04-18,2,24261.73
ORD0016277,CUST00172,PROD00096,STORE003,2026-04-24,5,16166.07
ORD0015470,CUST00863,PROD00029,STORE003,2026-04-24,4,776.4
ORD0014967,CUST00207,PROD00218,STORE005,2026-04-24,4,12667.59
ORD0015710,CUST00435,PROD00024,STORE013,2026-04-24,6,9759.73
ORD0016471,CUST00052,PROD00282,STORE014,2026-04-24,3,12734.91
ORD0016074,CUST01019,PROD00150,STORE025,2026-04-24,1,5820.92
ORD0015056,CUST00365,PROD00281,STORE015,2026-04-24,5,16514.23
ORD0015131,CUST01392,PROD00090,STORE007,,6,11717.47
ORD0016020,CUST01454,PROD00057,STORE009,2026-04-24,1,13895.7
ORD0015417,CUST00552,PROD00291,STORE018,2026-04-14,3,6509.51
ORD0015564,CUST00297,PROD00192,STORE019,2026-04-24,3,12308.4
ORD0016247,CUST00994,PROD00037,STORE010,2026-04-24,2,11709.91
ORD0015403,CUST00815,PROD00205,STORE002,2026-04-24,3,17369.41
ORD0014757,CUST00865,PROD00146,STORE001,2026-04-24,6,1435.15
ORD0014554,CUST01237,PROD00008,STORE003,2026-04-24,2,5294.93
ORD0015204,CUST00557,PROD00244,STORE008,2026-04-24,5,6196.48
ORD0015096,CUST01406,PROD00173,STORE014,2026-04-24,6,18764.32
ORD0015778,CUST00318,PROD00086,STORE022,2026-04-24,5,2669.63
ORD0015143,CUST00184,PROD00029,STORE011,2026-04-24,4,15395.21
ORD0016289,CUST01239,PROD00248,STORE008,2026-04-24,3,20663.88
ORD0016436,CUST00876,PROD00063,STORE003,2026-04-24,1,6832.02
ORD0016071,CUST00409,PROD00286,STORE013,2026-04-24,4,22102.63
ORD0014784,CUST00105,PROD00267,STORE010,2026-04-24,5,22807.65
ORD0014553,CUST00612,PROD00166,STORE006,2026-04-24,6,12145.15
ORD0015011,CUST00968,PROD00154,STORE021,2026-04-24,5,16405.88
ORD0015693,CUST01135,PROD00200,STORE021,2026-04-24,2,21535.52
ORD0015732,CUST00065,PROD00272,STORE018,2026-04-24,4,10800.38
ORD0014962,CUST00486,PROD00103,STORE022,2026-04-24,5,22354.82
ORD0015297,CUST00201,PROD00299,STORE015,2026-04-24,3,6344.39
ORD0016365,CUST00179,PROD00099,STORE007,2026-04-24,3,11940.03
ORD0015759,CUST00233,PROD00260,STORE010,2026-04-24,4,15776.24
ORD0015505,CUST01103,PROD00280,STORE010,2026-04-24,4,23855.48
ORD0015040,CUST00396,PROD00205,STORE020,2026-04-24,5,23540.84
ORD0015763,CUST01394,PROD00269,STORE017,2026-04-24,6,17873.03
ORD0014931,CUST01174,PROD00004,STORE015,2026-04-24,3,16894.71
ORD0016445,CUST00447,PROD00012,STORE003,2026-04-24,2,5135.26
ORD0015175,CUST01113,PROD00004,STORE015,2026-04-24,1,12284.45
ORD0016280,CUST00249,PROD00294,STORE001,2026-04-24,3,9880.33
ORD0015543,CUST00990,PROD00171,STORE004,2026-04-24,3,17964.58
ORD0016169,CUST00921,PROD00264,STORE017,2026-04-24,3,5078.45
ORD0015109,CUST01082,PROD00059,STORE025,2026-04-24,6,20043.5
ORD0015544,CUST00872,PROD00256,STORE018,2026-04-24,6,14289.88
ORD0015588,CUST01318,PROD00221,STORE018,2026-04-21,3,9050.86
ORD0016196,CUST01129,PROD00044,STORE014,2026-04-24,4,8771.08
ORD0015140,CUST00894,PROD00249,STORE012,2026-04-15,6,23745.48
ORD0016388,CUST00211,PROD00005,STORE002,2026-04-24,5,5713.18
ORD0016440,,PROD00140,STORE019,2026-04-24,4,19607.24
ORD0015463,CUST01481,PROD00023,STORE024,2026-04-24,6,12540.33
ORD0016205,CUST00404,PROD00294,STORE005,2026-04-24,4,827.48
ORD0016117,CUST01215,PROD00124,STORE013,2026-04-24,4,11657.04
ORD0015095,CUST00137,PROD00185,STORE020,2026-04-24,6,15512.61
ORD0015603,CUST00011,PROD00076,STORE006,2026-04-24,3,15749.55
ORD0016092,CUST00951,PROD00016,STORE007,2026-04-15,2,21963.81
ORD0016405,CUST01218,PROD00074,STORE006,2026-04-14,6,2365.73
ORD0015719,CUST00226,PROD00201,STORE021,2026-04-24,6,2885.34
ORD0016382,CUST00977,PROD00109,STORE002,2026-04-24,4,6110.77
ORD0015230,CUST00863,PROD00053,STORE007,2026-04-24,5,20413.81
ORD0016496,CUST01063,PROD00224,STORE012,2026-04-17,3,20681.83
ORD0014593,CUST01026,PROD00245,STORE016,,4,9985.35
ORD0014586,CUST00827,PROD00251,STORE020,2026-04-24,2,10293.94
ORD0015783,CUST01148,PROD00227,STORE025,2026-04-24,1,3443.44
ORD0015904,CUST00026,PROD00157,STORE007,2026-04-24,2,12540.08
ORD0015754,CUST01461,PROD00052,STORE010,2026-04-24,5,18652.86
ORD0014606,CUST00321,PROD00022,STORE020,2026-04-24,2,1741.2
ORD0014842,CUST00686,PROD00221,STORE019,2026-04-24,5,13722.96
ORD0015678,CUST00630,PROD00294,STORE019,2026-04-24,5,15669.19
ORD0016343,CUST00010,PROD00037,STORE001,2026-04-24,6,19669.11
ORD0016351,CUST00832,PROD00224,STORE005,2026-04-24,4,15925.05
ORD0015724,CUST00461,PROD00151,STORE011,2026-04-24,1,12364.87
ORD0014828,CUST00425,PROD00226,STORE025,2026-04-24,6,12051.35
ORD0015275,CUST01477,PROD00026,STORE023,2026-04-24,3,11658.81
ORD0014977,CUST00180,PROD00122,STORE012,2026-04-24,3,16336.46
ORD0015255,CUST00957,PROD00273,STORE014,2026-04-17,3,17073.6
ORD0015662,CUST01333,PROD00182,STORE014,2026-04-24,3,1700.62
ORD0015396,CUST01312,PROD00168,STORE002,2026-04-24,3,19133.74
ORD0015320,CUST00578,PROD00277,STORE015,2026-04-24,4,19633.36
ORD0016246,CUST00719,PROD00037,STORE007,2026-04-24,6,9133.97
ORD0015262,CUST00479,PROD00130,STORE010,2026-04-24,2,14185.0
ORD0014742,CUST00059,PROD00207,STORE013,2026-04-24,1,4702.74
ORD0014791,CUST00211,PROD00128,STORE022,2026-04-24,1,3987.31
ORD0014756,CUST00060,PROD00073,STORE002,2026-04-24,1,19837.28
ORD0015068,CUST01292,PROD00197,STORE023,2026-04-24,5,21768.12
ORD0014566,CUST01427,PROD00141,STORE004,2026-04-24,4,15151.65
ORD0015301,CUST00316,PROD00107,STORE001,2026-04-24,5,4255.77
ORD0015317,CUST00104,PROD00058,STORE013,2026-04-24,6,14052.91
ORD0015606,CUST01193,PROD00145,STORE003,2026-04-24,4,18896.15
ORD0014523,,PROD00012,STORE015,2026-04-24,3,5889.06
ORD0016438,CUST00669,PROD00004,STORE015,2026-04-24,1,12939.82
ORD0016337,CUST00288,PROD00017,STORE020,2026-04-24,2,24759.85
ORD0016197,CUST00935,PROD00020,STORE016,2026-04-24,1,1319.97
ORD0015562,CUST00592,PROD00187,STORE017,2026-04-24,6,4046.2
ORD0015679,CUST00493,PROD00282,STORE017,2026-04-24,1,16610.43
ORD0015346,CUST00594,PROD00083,STORE005,2026-04-24,5,12779.27
ORD0014780,CUST01488,PROD00195,STORE017,2026-04-24,1,1798.27
ORD0014645,CUST01294,PROD00019,STORE023,2026-04-24,5,19422.49
ORD0015176,CUST00420,PROD00093,STORE003,2026-04-24,4,16051.18
ORD0016002,CUST01067,PROD00031,STORE016,2026-04-24,2,18620.94
ORD0015475,CUST01116,PROD00060,STORE018,2026-04-24,2,13158.3
ORD0015624,CUST00407,PROD00292,STORE002,2026-04-24,6,11106.66
ORD0015831,CUST01442,PROD00283,STORE021,2026-04-24,6,24253.38
ORD0016056,CUST00179,PROD00159,STORE017,2026-04-24,1,24989.85
ORD0016004,CUST00415,PROD00165,STORE016,2026-04-20,4,333.32
ORD0015650,CUST00351,PROD00290,STORE024,2026-04-24,6,4182.52
ORD0016199,CUST00599,PROD00275,STORE014,2026-04-24,4,15380.58
ORD0014544,CUST00906,PROD00057,STORE009,2026-04-24,4,4494.99
ORD0015859,CUST00706,PROD00091,STORE020,2026-04-24,2,7012.36
ORD0015721,CUST01445,PROD00149,STORE007,2026-04-24,2,14574.65
ORD0015281,CUST01371,PROD00130,STORE002,2026-04-24,5,10786.46
ORD0015600,CUST01375,PROD00194,STORE017,2026-04-24,2,1920.18
ORD0014505,CUST00471,PROD00085,STORE005,2026-04-24,6,5253.48
ORD0015179,CUST01051,PROD00155,STORE020,2026-04-24,2,2006.93
ORD0016352,CUST00345,PROD00193,STORE025,2026-04-24,2,21325.39
ORD0015377,CUST00266,PROD00204,STORE010,2026-04-24,6,3285.85
ORD0014684,CUST00571,PROD00052,STORE018,2026-04-24,4,20413.48
ORD0016336,CUST01008,PROD00026,STORE018,2026-04-24,1,8735.19
ORD0015965,CUST00091,PROD00237,STORE011,2026-04-24,2,4319.25
ORD0014750,CUST00684,PROD00069,STORE025,2026-04-24,6,24521.91
ORD0015072,CUST00104,PROD00235,STORE021,2026-04-24,5,20243.3
ORD0016095,CUST01347,PROD00012,STORE008,2026-04-24,4,24116.92
ORD0014949,CUST00534,PROD00054,STORE018,2026-04-24,1,19631.58
ORD0015395,CUST00924,PROD00099,STORE013,2026-04-24,3,4777.59
ORD0015792,CUST00419,PROD00293,STORE009,2026-04-24,1,21912.3
ORD0015799,CUST01278,PROD00075,STORE023,2026-04-24,5,14722.8
ORD0015102,CUST00374,PROD00069,STORE015,2026-04-24,5,11855.7
ORD0014932,CUST01138,PROD00288,STORE025,2026-04-24,1,14294.05
ORD0015046,CUST01105,PROD00048,STORE022,2026-04-15,3,23528.49
ORD0015194,CUST00943,PROD00224,STORE024,2026-04-24,1,9624.64
ORD0014516,CUST00550,PROD00149,STORE014,2026-04-24,3,10907.01
ORD0015612,CUST00075,PROD00022,STORE008,2026-04-19,two,18548.04
ORD0015686,CUST00254,PROD00100,STORE022,2026-04-24,1,1132.28
ORD0015893,CUST01001,PROD00002,STORE016,2026-04-24,6,2301.52
ORD0015081,CUST00547,PROD00223,STORE003,2026-04-24,5,2318.43
ORD0014628,CUST00043,PROD00210,STORE009,2026-04-24,5,9919.34
ORD0015483,CUST00398,PROD00141,STORE009,2026-04-24,1,11051.24
ORD0015675,CUST00440,PROD00048,STORE014,2026-04-24,2,12781.6
ORD0014871,CUST00800,PROD00215,STORE013,2026-04-21,1,10457.05
ORD0015499,CUST00899,PROD00251,STORE022,2026-04-24,2,24265.22
ORD0015565,CUST00209,PROD00093,STORE025,2026-04-24,4,742.57
ORD0015948,CUST00526,PROD00066,STORE012,2026-04-24,4,23786.08
ORD0016252,CUST00705,PROD00170,STORE004,2026-04-24,2,-5
ORD0015004,CUST01229,PROD00217,STORE023,2026-04-17,4,3068.97
ORD0015201,CUST00335,PROD00220,STORE014,2026-04-24,3,10478.95
ORD0015983,CUST00694,PROD00152,STORE012,2026-04-24,6,7765.02
ORD0016176,CUST00199,PROD00014,STORE019,2026-04-24,1,3548.57
ORD0014525,CUST01123,PROD00182,STORE004,2026-04-24,4,10921.29
ORD0016298,CUST01232,PROD00158,STORE001,2026-04-24,2,18378.84
ORD0014723,CUST00986,PROD00042,STORE023,2026-04-24,3,17465.34
ORD0015925,CUST00837,PROD00007,STORE022,2026-04-24,6,13908.46
ORD0014527,CUST00986,PROD00026,STORE018,2026-04-24,1,21720.33
ORD0015677,CUST00623,PROD00283,STORE020,2026-04-24,5,8505.8
ORD0015522,CUST00110,PROD00052,STORE003,2026-04-24,5,19563.8
ORD0016207,CUST00249,PROD00020,STORE018,2026-04-24,1,23848.85
ORD0016453,CUST00596,PROD00277,STORE007,2026-04-24,3,10307.22
ORD0016262,CUST00078,PROD00161,STORE011,2026-04-24,5,24957.14
ORD0015212,CUST00893,PROD00210,STORE005,2026-04-24,3,1384.89
ORD0015982,CUST00663,PROD00131,STORE003,2026-04-24,6,20211.35
ORD0014798,CUST00152,PROD00133,STORE006,2026-04-24,4,7783.99
ORD0014816,CUST00989,PROD00148,STORE001,2026-04-24,4,3588.32
ORD0016358,CUST00768,PROD00218,STORE012,2026-04-24,2,7671.11
ORD0014620,CUST01250,PROD00257,STORE015,2026-04-24,3,24837.95
ORD0016069,CUST00720,PROD00062,STORE024,2026-04-24,5,21698.19
ORD0015757,CUST00679,PROD00070,STORE017,2026-04-24,2,10327.78
ORD0014561,CUST00037,PROD00171,STORE023,2026-04-24,6,16303.13
ORD0016367,CUST01137,PROD00242,STORE009,2026-04-24,6,11303.51
ORD0014820,CUST00558,PROD00081,STORE006,2026-04-24,1,11077.82
ORD0015123,CUST00709,PROD00251,STORE001,2026-04-24,3,19095.79
ORD0014501,CUST00039,PROD00190,STORE022,2026-04-18,1,13156.46
ORD0015302,CUST01302,PROD00199,STORE018,2026-04-24,5,2169.71
ORD0015207,CUST00212,PROD00018,STORE004,2026-04-24,1,19550.11
ORD0015810,CUST00751,PROD00063,STORE005,2026-04-24,3,15288.51
ORD0015339,CUST01180,PROD00280,STORE003,2026-04-24,1,422.03
ORD0016064,CUST00221,PROD00083,STORE013,2026-04-24,-1,754.79
ORD0016110,CUST00384,PROD00057,STORE014,2026-04-18,3,15782.09
ORD0015861,CUST00135,PROD00230,STORE002,2026-04-24,1,623.94
ORD0016005,CUST00763,PROD00011,STORE007,2026-04-24,3,6271.11
ORD0014830,CUST00921,PROD00058,STORE016,2026-04-24,1,5589.55
ORD0016386,CUST00470,PROD00110,STORE003,2026-04-24,6,8037.65
ORD0016470,CUST01383,PROD00167,STORE007,2026-04-24,2,21243.59
ORD0015523,CUST00929,PROD00250,STORE013,2026-04-24,6,5995.74
ORD0015159,CUST00594,PROD00185,STORE008,2026-04-24,1,2396.15
ORD0016498,CUST00617,PROD00255,STORE025,2026-04-24,4,6407.97
ORD0015949,CUST01206,PROD00237,STORE025,2026-04-24,2,13539.25
ORD0014721,CUST00948,PROD00069,STORE007,2026-04-24,4,16032.22
ORD0015640,CUST00603,PROD00123,STORE003,2026-04-24,6,abc
ORD0015698,CUST00001,PROD00232,STORE025,2026-04-24,6,8946.37
ORD0016428,CUST01427,PROD00176,STORE011,2026-04-24,3,16564.44
ORD0016094,CUST01280,PROD00254,STORE012,2026-04-24,3,9979.19
ORD0015534,CUST00682,PROD00104,STORE007,2026-04-24,5,12514.07
ORD0015850,CUST00073,PROD00058,STORE017,2026-04-24,5,24141.65
ORD0014769,CUST01049,PROD00252,STORE011,2026-04-24,3,20027.32
ORD0016433,CUST01314,PROD00103,STORE005,2026-04-24,2,16911.41
ORD0015019,CUST01402,PROD00131,STORE024,2026-04-24,4,22103.37
ORD0015299,CUST00499,PROD00187,STORE001,2026-04-24,2,5858.49
ORD0014714,CUST01443,PROD00041,STORE018,2026-04-24,5,16969.35
ORD0016460,CUST01295,PROD00265,STORE005,2026-04-24,1,14897.45
ORD0015995,CUST00008,PROD00004,STORE020,2026-04-24,2,15257.72
ORD0015547,CUST00223,PROD00265,STORE024,2026-04-24,1,4893.74
ORD0016174,CUST00648,PROD00257,STORE015,2026-04-24,5,7014.92
ORD0016078,CUST00650,PROD00080,STORE016,2026-04-24,1,369.08
ORD0015586,CUST00577,PROD00122,STORE009,2026-04-24,4,14047.36
ORD0014658,CUST00897,PROD00245,STORE015,2026-04-24,6,3185.19
ORD0015210,CUST00516,PROD00201,STORE024,2026-04-24,3,21474.63
ORD0016052,CUST00961,PROD00213,STORE019,2026-04-24,1,11067.8
ORD0014582,CUST00688,PROD00264,STORE005,2026-04-24,4,16892.32
ORD0015781,CUST00002,PROD00030,STORE021,2026-04-24,4,2593.57
ORD0015091,CUST01445,PROD00239,STORE013,2026-04-24,2,12941.43
ORD0016054,CUST00892,PROD00054,STORE005,2026-04-24,3,20206.64
ORD0014613,CUST00811,PROD00206,STORE012,2026-04-17,3,237.86
ORD0015896,CUST00656,PROD00265,STORE012,2026-04-20,3,19975.24
ORD0016441,CUST01320,PROD00189,STORE011,2026-04-24,4,11407.0
ORD0014724,CUST00664,PROD00055,STORE004,2026-04-24,6,22690.68
ORD0014873,CUST01117,PROD00181,STORE009,2026-04-24,5,14722.76
ORD0016059,CUST00219,PROD00044,STORE014,2026-04-24,3,8883.07
ORD0014552,CUST01331,PROD00138,STORE013,2026-04-15,4,1925.74
ORD0014887,CUST00879,PROD00115,STORE015,2026-04-24,6,14901.19
ORD0014883,CUST00906,PROD00153,STORE005,2026-04-24,5,23335.33
ORD0015330,CUST01228,PROD00179,STORE023,2026-13-40,1,10887.32
ORD0014519,CUST00045,PROD00243,STORE011,2026-04-24,4,20221.02
ORD0016163,CUST00337,,STORE004,2026-04-24,6,1674.62
ORD0015387,CUST00972,PROD00085,STORE012,2026-04-24,4,16555.27
ORD0015245,CUST00470,PROD00097,STORE024,2026-04-24,5,4374.14
ORD0014886,CUST01010,PROD00020,STORE002,2026-04-24,1,3884.73
ORD0014902,CUST01360,PROD00061,STORE007,2026-04-24,3,16375.96
ORD0014737,CUST00742,PROD00265,STORE002,2026-04-24,2,18382.18
ORD0015421,CUST00892,PROD00043,STORE012,2026-04-24,6,5812.97
ORD0015457,CUST00870,PROD00210,STORE018,2026-04-24,4,16814.13
ORD0015958,CUST01337,PROD00016,STORE017,2026-04-24,6,14694.79
ORD0016138,CUST00812,PROD00064,STORE006,2026-04-24,5,11151.22
ORD0016329,CUST00341,PROD00076,STORE024,2026-04-24,2,13387.92
ORD0015667,CUST00774,PROD00105,STORE023,2026-04-24,3,17565.96
ORD0015363,CUST01234,PROD00085,STORE019,2026-04-24,6,22593.5
ORD0015631,CUST00340,PROD00283,STORE017,2026-04-24,4,10972.81
ORD0016303,CUST00173,PROD00184,STORE024,2026-04-24,2,10501.93
ORD0015654,CUST01447,PROD00289,STORE016,2026-04-24,6,20164.97
ORD0015892,CUST00258,PROD00191,STORE006,2026-04-17,6,23419.76
ORD0014503,CUST00332,PROD00231,STORE006,2026-04-24,5,11928.7
ORD0014621,CUST00538,PROD00203,STORE001,2026-04-24,6,21302.12
ORD0015032,CUST00428,PROD00094,STORE023,2026-04-24,2,1668.69
ORD0015022,CUST00156,PROD00244,STORE022,2026-04-24,4,22884.87
ORD0014552,CUST01331,PROD00138,STORE013,2026-04-15,4,1925.74
ORD0014847,CUST01193,PROD00001,STORE015,2026-04-24,6,19874.91
ORD0015771,CUST01420,PROD00296,STORE020,2026-04-24,2,5078.93
ORD0014992,CUST00175,PROD00258,STORE007,2026-04-24,6,19870.44
ORD0015398,CUST00934,PROD00060,STORE001,2026-04-24,3,3513.0
ORD0014878,CUST01040,PROD00020,STORE011,2026-04-24,2,21169.43
ORD0015498,CUST01007,PROD00217,STORE021,2026-04-24,1,5809.95
ORD0014692,CUST00579,PROD00143,STORE017,2026-04-24,6,12719.68
ORD0016198,,PROD00031,STORE023,2026-04-24,6,21196.58
ORD0015649,CUST01284,PROD00019,STORE017,2026-04-24,2,2601.32
ORD0016355,CUST01350,PROD00074,STORE021,2026-04-24,6,19410.05
ORD0015872,CUST00459,PROD00156,STORE003,2026-04-24,4,6953.06
ORD0014592,CUST00251,PROD00029,STORE011,2026-04-24,1,10495.14
ORD0015318,CUST01406,PROD00229,STORE010,2026-04-24,5,8999.44
ORD0016184,CUST01209,PROD00143,STORE004,2026-04-24,4,22265.34
ORD0015953,CUST01061,PROD00273,STORE015,2026-04-24,4,10648.97
ORD0014980,CUST00269,PROD00002,STORE009,2026-04-24,2,19981.24
ORD0015511,CUST01029,PROD00250,STORE006,2026-04-24,2,14298.5
ORD0015927,CUST00796,PROD00207,STORE016,2026-04-24,3,14340.79
ORD0015768,CUST01379,PROD00266,STORE016,2026-04-24,2,13062.62
ORD0015035,CUST01419,PROD00177,STORE002,2026-04-24,1,6692.28
ORD0014758,CUST01451,PROD00198,STORE012,2026-04-24,5,14152.21
ORD0015596,CUST01004,PROD00254,STORE015,2026-04-24,6,5085.2
ORD0015574,CUST01351,PROD00192,STORE010,2026-04-24,1,23760.03
ORD0016006,CUST00390,PROD00100,STORE017,2026-04-24,6,19093.55
ORD0015923,CUST01053,PROD00291,STORE010,2026-04-24,5,712.6
ORD0016105,CUST00949,PROD00134,STORE021,2026-04-24,4,22159.76
ORD0015752,CUST00541,PROD00043,STORE005,2026-04-24,6,2410.01
ORD0015541,CUST01113,PROD00138,STORE009,2026-04-24,2,795.25
ORD0016408,CUST01426,PROD00083,STORE005,2026-04-24,6,754.16
ORD0014669,CUST00327,PROD00209,STORE003,2026-04-19,2,9706.66
ORD0015160,CUST00965,PROD00285,STORE021,2026-04-24,4,19868.29
ORD0016201,CUST00818,PROD00077,STORE015,2026-04-24,6,9577.35
ORD0015295,CUST00489,PROD00178,STORE016,2026-04-24,2,18932.83
ORD0014993,CUST00119,PROD00117,STORE023,2026-04-24,5,1528.39
ORD0016009,CUST01349,PROD00228,STORE008,2026-04-24,1,11674.21
ORD0014531,CUST01403,PROD00124,STORE018,2026-04-24,1,20611.95
ORD0015228,CUST00821,PROD00083,STORE003,2026-04-24,6,15709.1
ORD0015985,CUST01160,PROD00103,STORE012,2026-04-24,5,14669.29
ORD0014676,CUST00619,PROD00300,STORE004,2026-04-24,3,22027.45
ORD0015100,CUST00273,PROD00254,STORE011,2026-04-24,6,22977.79
ORD0014793,CUST01387,PROD00153,STORE021,2026-04-24,3,16805.12
ORD0014999,CUST01328,PROD00268,STORE004,2026-04-24,1,15730.91
ORD0016102,CUST01105,PROD00256,STORE011,2026-04-24,6,18700.44
ORD0015672,CUST00116,PROD00081,STORE014,2026-04-24,4,9982.1
ORD0014575,CUST00324,PROD00039,STORE013,2026-04-24,3,17756.8
ORD0014804,CUST01106,PROD00237,STORE019,2026-04-24,4,18864.27
ORD0015092,CUST00775,PROD00254,STORE012,2026-04-24,4,10086.07
ORD0015790,CUST01299,PROD00160,STORE019,2026-04-24,2,5252.37
ORD0014667,CUST00141,PROD00039,STORE004,2026-04-24,2,4752.73
ORD0015866,CUST00724,PROD00198,STORE013,2026-04-24,5,7233.9
ORD0015620,CUST00449,PROD00029,STORE019,2026-04-24,5,20769.59
ORD0015101,CUST00795,PROD00202,STORE021,2026-04-24,2,5048.37
ORD0015182,CUST00761,PROD00265,STORE011,2026-04-24,3,21936.92
ORD0015008,CUST01189,PROD00118,STORE015,2026-04-20,5,5766.05
ORD0014591,CUST00016,PROD00246,STORE010,2026-04-24,4,4179.24
ORD0016219,CUST01250,PROD00184,STORE022,2026-04-17,5,23432.2
ORD0016338,CUST00346,PROD00156,STORE009,2026-04-24,2,3519.2
ORD0015529,CUST01318,PROD00189,STORE003,2026-04-24,6,22792.44
ORD0015025,CUST01472,PROD00264,STORE019,2026-04-24,3,8591.9
ORD0015423,CUST00098,PROD00225,STORE019,2026-04-24,1,628.22
ORD0015559,CUST01144,PROD00120,STORE016,2026-04-24,1,21860.62
ORD0014937,CUST00470,PROD00223,STORE023,2026-04-24,1,9933.05
ORD0015988,CUST01457,PROD00054,STORE018,2026-04-24,6,12008.72
ORD0016118,CUST00637,PROD00022,STORE020,2026-04-24,3,1242.66
ORD0016477,CUST00009,PROD00247,STORE023,2026-04-24,5,4462.22
ORD0015951,CUST01105,PROD00195,STORE011,2026-04-24,1,13653.21
ORD0016473,CUST01211,PROD00155,STORE020,2026-04-24,1,24314.07
ORD0016081,CUST00711,PROD00062,STORE019,2026-04-24,1,17173.98
ORD0016066,CUST00313,PROD00168,STORE012,2026-04-24,6,8432.06
ORD0015591,CUST01288,PROD00017,STORE009,2026-04-24,3,22977.42
ORD0016093,CUST01480,PROD00132,STORE011,2026-04-24,4,21444.41
ORD0016282,CUST00251,PROD00134,STORE019,2026-04-24,5,22002.5
ORD0015627,CUST00613,PROD00133,STORE002,2026-04-24,4,13078.94
ORD0014874,CUST01260,PROD00184,STORE013,2026-04-24,1,24756.38
ORD0015940,CUST00860,PROD00058,STORE012,2026-04-24,5,14740.35
ORD0016098,CUST01087,PROD00150,STORE001,2026-04-24,3,13459.43
ORD0014959,,PROD00265,STORE021,2026-04-24,4,10170.2
ORD0014772,CUST00978,PROD00048,STORE022,2026-04-24,3,917.89
ORD0015208,CUST01013,PROD00018,STORE022,2026-04-24,3,7348.88
ORD0014564,CUST00892,,STORE006,2026-04-24,4,5583.22
ORD0015460,,PROD00075,STORE006,2026-04-24,2,12867.26
ORD0016481,CUST00966,PROD00094,STORE002,2026-04-24,4,20814.77
ORD0015601,CUST00329,PROD00254,STORE013,2026-04-24,6,21783.76
ORD0016469,CUST00795,PROD00286,STORE019,2026-04-24,4,19838.57
ORD0015563,CUST01375,PROD00282,STORE013,2026-04-24,1,9733.24
ORD0016223,CUST01243,PROD00164,STORE003,2026-04-24,2,23677.79
ORD0014846,CUST00462,PROD00108,STORE016,2026-04-24,5,22326.33
ORD0015895,CUST00689,PROD00151,STORE016,2026-04-24,2,13767.83
ORD0015690,CUST01254,PROD00032,STORE023,2026-04-24,2,9649.73
ORD0014679,CUST00971,PROD00235,STORE008,2026-04-24,2,295.96
ORD0016213,CUST00969,PROD00023,STORE023,2026-04-24,6,11863.15
ORD0016371,CUST00625,PROD00046,STORE003,2026-04-24,1,19641.37
ORD0015924,CUST00136,PROD00003,STORE003,2026-04-24,5,1380.55
ORD0014723,CUST00986,PROD00042,STORE023,2026-04-24,3,17465.34
ORD0014909,CUST01479,PROD00104,STORE003,2026-04-24,1,13622.4
ORD0015093,CUST00924,PROD00103,STORE025,2026-04-24,2,21845.03
ORD0015010,CUST00178,PROD00270,STORE024,2026-04-24,3,22176.76
ORD0016122,CUST01141,PROD00027,STORE018,2026-04-24,1,16233.47
ORD0014595,CUST00510,PROD00251,STORE014,2026-04-24,4,24487.59
ORD0014602,CUST00333,PROD00015,STORE011,2026-04-24,1,4628.24
ORD0015288,CUST00359,PROD00217,STORE018,2026-04-24,3,12319.88
ORD0015506,CUST00474,PROD00124,STORE024,2026-04-24,5,3504.85
ORD0014662,CUST00617,PROD00300,STORE021,2026-04-24,5,16235.36
ORD0015737,CUST00878,PROD00167,STORE011,2026-04-24,6,1023.96
ORD0015250,CUST01005,PROD00065,STORE006,2026-04-24,6,13475.12
ORD0015368,CUST00372,PROD00273,STORE001,2026-04-24,two,14128.01
ORD0015731,CUST00697,PROD00073,STORE021,2026-04-24,4,8532.87
ORD0015739,CUST00350,PROD00170,STORE002,2026-04-24,4,24307.71
ORD0014705,CUST00205,PROD00291,STORE025,2026-04-24,1,14646.03
ORD0015852,CUST01217,PROD00127,STORE012,2026-04-24,1,14535.69
ORD0015015,CUST01015,PROD00064,STORE008,2026-04-24,1,16286.95
ORD0014612,CUST01424,PROD00203,STORE019,2026-04-24,4,17926.98
ORD0014799,CUST01409,PROD00215,STORE009,2026-04-17,1,11719.98
ORD0015552,CUST00403,PROD00242,STORE016,2026-04-24,4,20020.21
ORD0015353,CUST00137,PROD00159,STORE009,2026-04-24,6,2480.01
ORD0015156,CUST00923,PROD00171,STORE008,2026-04-24,2,18613.8
ORD0016397,CUST00296,PROD00079,STORE011,2026-04-24,4,11920.13
ORD0015589,CUST00611,PROD00070,STORE015,2026-04-24,3,15546.1
ORD0014604,CUST00218,PROD00229,STORE008,2026-04-24,4,18864.26
ORD0015170,CUST01402,PROD00280,STORE009,2026-04-24,2,4085.07
ORD0016292,CUST00466,PROD00181,STORE015,2026-04-24,2,3289.8
ORD0016327,CUST00395,PROD00134,STORE017,2026-04-24,5,2693.55
ORD0015135,CUST00428,PROD00291,STORE010,2026-04-24,2,24775.34
ORD0016467,CUST01089,PROD00212,STORE016,2026-04-24,1,20504.91
ORD0015314,CUST00012,PROD00019,STORE022,2026-04-24,1,10629.02
ORD0014969,CUST01331,PROD00136,STORE005,2026-04-24,5,21230.6
ORD0015223,CUST01181,PROD00145,STORE012,2026-04-24,1,4959.81
ORD0014869,CUST01028,PROD00172,STORE006,2026-04-24,2,2455.19
ORD0015791,CUST00019,PROD00273,STORE006,2026-04-24,1,1899.13
ORD0015219,CUST00888,PROD00258,STORE023,2026-04-24,1,3222.5
ORD0016236,CUST00302,PROD00219,STORE015,2026-04-24,6,6250.08
ORD0014797,CUST00893,PROD00033,STORE019,2026-04-24,2,14654.63
ORD0014665,CUST01265,PROD00288,STORE008,2026-04-24,5,22764.04
ORD0016328,CUST01069,PROD00152,STORE009,2026-04-24,2,22479.97
ORD0014576,CUST00924,PROD00052,STORE020,2026-04-24,2,7014.42
ORD0016225,CUST01274,PROD00101,STORE019,2026-04-24,6,9647.37
ORD0016224,CUST00893,,STORE007,2026-04-24,4,19289.32
ORD0016485,CUST01383,PROD00046,STORE017,2026-04-24,6,235.21
ORD0016339,CUST00499,PROD00189,STORE021,2026-04-24,5,4365.13
ORD0015215,CUST00214,PROD00139,STORE004,2026-04-24,1,1202.18
ORD0015166,CUST00661,PROD00288,STORE011,00/00/0000,2,14472.7
ORD0014953,CUST00996,PROD00073,STORE001,2026-04-24,4,5129.89
ORD0016175,CUST01477,PROD00053,STORE008,2026-04-24,3,927.86
ORD0015691,CUST00151,PROD00286,STORE019,2026-04-24,2,23827.96
ORD0016007,CUST00618,PROD00298,STORE011,2026-04-24,4,5489.45
ORD0015854,CUST00879,PROD00265,STORE010,2026-04-24,3,20780.32
ORD0015621,CUST00337,PROD00003,STORE014,2026-04-24,2,16794.68
ORD0015665,CUST00733,,STORE017,2026-04-24,2,24752.23
ORD0015806,CUST00964,PROD00158,STORE006,2026-04-24,2,16695.52
ORD0015874,CUST01408,PROD00212,STORE023,2026-04-24,2,23505.29
ORD0016484,CUST01141,PROD00224,STORE017,2026-04-24,5,290.95
ORD0015903,CUST01079,PROD00282,STORE004,2026-04-24,1,950.47
ORD0015495,CUST00559,PROD00151,STORE017,2026-04-24,4,16093.64
ORD0016172,CUST00966,PROD00238,STORE009,2026-04-24,3,24794.25
ORD0014628,CUST00043,PROD00210,STORE009,2026-04-24,5,9919.34
ORD0015442,CUST01366,PROD00184,STORE018,2026-04-24,4,8660.57
ORD0015137,CUST01446,PROD00177,STORE023,2026-04-24,5,9600.59
ORD0016334,CUST01400,PROD00028,STORE014,2026-04-18,3,10577.95
ORD0015599,CUST01368,PROD00129,STORE010,2026-04-24,two,13731.92
ORD0016017,CUST00163,PROD00170,STORE019,2026-04-24,3,9494.95
ORD0015556,CUST00509,PROD00276,STORE021,2026-04-24,4,17306.87
ORD0015807,CUST00528,PROD00212,STORE008,2026-04-24,6,14237.69
ORD0015158,CUST00452,PROD00290,STORE015,2026-04-20,6,6598.92
ORD0016466,CUST01208,PROD00053,STORE010,2026-04-24,2,19727.07
ORD0015784,CUST01238,PROD00247,STORE021,2026-04-24,4,11834.2
ORD0014775,CUST00027,PROD00053,STORE011,2026-04-24,2,17281.01
ORD0015362,CUST00320,PROD00220,STORE008,2026-04-20,2,19869.41
ORD0014535,CUST00224,PROD00162,STORE018,2026-04-24,4,16197.19
ORD0016391,CUST01182,PROD00126,STORE014,2026-04-24,4,4023.08
ORD0015180,CUST01104,PROD00165,STORE015,2026-04-19,1,23871.42
ORD0015736,CUST01085,PROD00150,STORE009,2026-04-24,5,17338.82
ORD0016124,CUST01068,PROD00208,STORE001,2026-04-24,6,22928.82
ORD0015197,CUST00849,PROD00100,STORE018,2026-04-24,1,19179.05
ORD0015246,CUST01476,PROD00003,STORE001,2026-04-24,5,13398.82
ORD0015033,CUST00410,PROD00115,STORE019,2026-04-24,5,9444.12
ORD0014839,CUST00744,PROD00200,STORE011,2026-04-24,6,9856.5
ORD0015829,CUST00856,PROD00013,STORE015,2026-04-24,5,21425.45
ORD0016340,CUST00073,PROD00027,STORE012,2026-04-24,2,4887.39
ORD0016284,CUST00060,PROD00065,STORE008,2026-04-24,1,10024.46
ORD0015339,CUST01180,PROD00280,STORE003,2026-04-24,1,422.03
ORD0015998,CUST00138,PROD00069,STORE020,2026-04-24,6,17069.35
ORD0015002,CUST01189,PROD00122,STORE012,2026-04-18,5,5776.63
ORD0016419,CUST01498,PROD00103,STORE005,2026-04-24,6,15929.18
ORD0016316,CUST01225,PROD00075,STORE008,2026-04-24,5,19203.06
ORD0016194,CUST00539,PROD00216,STORE018,2026-04-24,2,5688.88
ORD0016204,CUST01308,PROD00141,STORE004,2026-04-24,1,16471.11
ORD0015048,CUST00237,PROD00229,STORE014,2026-04-24,6,14448.93
ORD0016409,CUST00452,PROD00141,STORE009,2026-04-24,3,11457.65
ORD0015282,CUST00100,PROD00152,STORE021,2026-04-24,3,3210.81
ORD0015486,CUST00432,PROD00021,STORE007,2026-04-24,3,15043.19
ORD0015412,CUST01043,PROD00047,STORE001,2026-04-16,5,8157.93
ORD0014643,CUST01193,PROD00235,STORE024,2026-04-24,1,18004.31
ORD0014788,CUST00400,PROD00235,STORE020,2026-04-24,1,13339.14
ORD0015750,CUST00650,PROD00196,STORE006,2026-04-24,2,3124.41
ORD0014587,CUST01439,PROD00192,STORE017,2026-04-24,1,14387.46
ORD0014563,CUST00641,PROD00044,STORE019,2026-04-24,2,20582.41
ORD0015236,CUST00306,PROD00052,STORE002,2026-04-24,5,23230.48
ORD0014549,CUST01178,PROD00024,STORE009,2026-04-24,1,17934.71
ORD0016010,CUST00606,PROD00225,STORE014,2026-04-24,2,2652.68
ORD0014972,CUST01381,PROD00128,STORE008,2026-04-24,3,571.72
ORD0015532,CUST00834,PROD00048,STORE011,2026-04-24,6,19287.88
ORD0015393,CUST00001,PROD00207,STORE009,2026-04-24,4,18298.23
ORD0015889,CUST00069,PROD00138,STORE005,2026-04-24,3,17845.78
ORD0015065,CUST00880,PROD00212,STORE021,2026-04-24,3,2050.34
ORD0014629,CUST01158,PROD00248,STORE014,2026-04-24,3,18235.65
ORD0015725,CUST01095,PROD00249,STORE015,2026-04-24,6,3456.8
ORD0016107,CUST01088,PROD00091,STORE010,2026-04-24,6,10809.06
ORD0015540,CUST01404,PROD00200,STORE002,2026-04-24,5,23624.6
ORD0015401,CUST01092,PROD00018,STORE023,2026-04-24,2,9255.62
ORD0015518,CUST00478,PROD00058,STORE001,2026-04-24,2,5388.7
ORD0015286,CUST01384,PROD00056,STORE009,2026-04-24,5,13009.08
ORD0016368,CUST01180,PROD00089,STORE014,2026-04-24,6,11360.99
ORD0015656,CUST00016,PROD00193,STORE015,2026-04-24,3,10817.95
ORD0016036,CUST01434,PROD00295,STORE020,2026-04-24,3,19219.06
ORD0016015,CUST00996,PROD00182,STORE015,2026-04-18,5,487.65
ORD0014764,CUST00597,PROD00064,STORE002,2026-04-24,4,19362.48
ORD0016164,CUST01197,PROD00069,STORE023,2026-04-20,1,9150.36
ORD0015485,CUST01158,PROD00080,STORE019,2026-04-24,2,2099.8
ORD0015327,CUST01416,PROD00114,STORE012,2026-04-24,4,12999.85
ORD0015395,CUST00924,PROD00099,STORE013,2026-04-24,3,4777.59
ORD0015501,CUST00780,PROD00238,STORE005,2026-04-24,6,15208.83
ORD0014666,CUST00502,PROD00064,STORE017,2026-04-24,4,14137.45
ORD0016125,CUST00398,PROD00155,STORE019,2026-04-24,4,17664.06
ORD0016450,CUST00289,PROD00152,STORE009,2026-04-24,1,4844.14
ORD0015570,CUST00289,PROD00262,STORE013,2026-04-24,3,24459.74
ORD0016275,CUST00339,PROD00271,STORE012,2026-04-24,4,6023.14
ORD0016160,CUST01097,PROD00042,STORE018,2026-04-24,4,6583.84
ORD0015108,CUST00904,PROD00082,STORE018,2026-04-24,1,15314.95
ORD0015901,CUST01441,PROD00284,STORE015,2026-04-24,1,8854.25
ORD0015510,CUST00273,PROD00131,STORE003,2026-04-24,4,2046.16
ORD0015079,CUST00340,PROD00052,STORE011,2026-04-24,2,9394.02
ORD0015157,CUST00400,PROD00154,STORE004,2026-04-24,5,4230.6
ORD0015766,CUST00351,PROD00112,STORE021,2026-04-24,4,4756.89
ORD0015746,CUST00824,PROD00091,STORE024,2026-04-24,6,21011.83
ORD0014671,CUST00333,PROD00151,STORE020,2026-04-24,6,13672.68
ORD0015066,CUST00544,PROD00078,STORE020,2026-04-24,3,17856.82
ORD0015747,CUST00931,PROD00187,STORE003,2026-04-24,3,2552.52
ORD0016025,CUST01112,PROD00128,STORE001,2026-04-24,1,19214.74
ORD0016151,CUST00089,PROD00062,STORE010,2026-04-24,6,16062.44
ORD0016279,CUST00493,PROD00076,STORE015,2026-04-24,1,14935.63
ORD0015248,CUST01082,PROD00049,STORE021,2026-04-24,1,12819.82
ORD0015880,CUST00966,PROD00033,STORE003,2026-04-24,6,23419.67
ORD0015682,CUST00986,PROD00244,STORE020,2026-04-24,3,3587.8
ORD0015251,CUST00164,PROD00212,STORE010,2026-04-24,5,12970.03
ORD0016491,CUST00328,PROD00211,STORE011,2026-04-24,4,21136.3
ORD0015386,CUST01045,PROD00231,STORE017,2026-04-24,1,22659.36
ORD0014905,CUST00191,PROD00180,STORE016,2026-04-19,1,20376.16
ORD0015415,CUST00485,PROD00067,STORE020,2026-04-24,1,11833.74
ORD0015933,CUST01251,PROD00217,STORE015,2026-04-24,4,7272.44
ORD0016035,CUST00022,PROD00009,STORE024,2026-04-24,2,16497.35
ORD0016474,CUST01307,PROD00268,STORE004,2026-04-24,5,3083.71
ORD0015962,CUST00468,PROD00244,STORE020,2026-04-24,1,13875.09
ORD0014790,CUST00290,PROD00277,STORE021,2026-04-24,2,20123.34
ORD0014894,CUST00939,PROD00051,STORE006,2026-04-24,2,4963.33
ORD0016387,CUST00589,PROD00210,STORE018,2026-04-24,5,19958.82
ORD0015981,CUST00544,PROD00094,STORE007,2026-04-24,2,7844.03
ORD0016192,CUST00752,PROD00157,STORE006,2026-04-24,3,22316.86
ORD0016075,CUST00449,PROD00100,STORE024,2026-04-24,3,11458.09
ORD0015751,CUST00314,PROD00001,STORE003,2026-04-24,3,18292.72
ORD0016417,CUST00183,PROD00053,STORE018,2026-04-24,4,5669.25
ORD0014783,CUST01499,PROD00044,STORE003,2026-04-24,3,18160.05
ORD0015868,CUST00925,PROD00187,STORE019,2026-04-24,6,18957.95
ORD0014573,CUST00508,PROD00271,STORE021,2026-04-24,1,19423.09
ORD0015906,CUST00935,PROD00148,STORE016,2026-04-24,4,15560.97
ORD0015536,CUST00570,PROD00280,STORE009,2026-04-24,6,11003.39
ORD0014736,CUST01190,PROD00022,STORE018,2026-04-24,1,11661.67
ORD0015828,CUST00480,PROD00101,STORE020,2026-04-24,2,384.19
ORD0015259,CUST01306,PROD00029,STORE021,2026-04-24,1,21146.63
ORD0015451,CUST00880,PROD00060,STORE022,2026-04-24,5,4248.94
ORD0014851,CUST00867,PROD00300,STORE001,2026-04-24,5,1644.71
ORD0016268,CUST00438,,STORE023,2026-04-24,4,2114.9
ORD0015579,CUST00464,PROD00091,STORE016,2026-04-24,two,21067.69
ORD0014571,CUST00307,PROD00281,STORE008,2026-04-24,1,7641.85
ORD0015707,CUST00112,PROD00244,STORE024,2026-04-24,5,6662.63
ORD0015198,CUST00015,PROD00143,STORE019,2026-04-24,6,20507.0
ORD0015525,CUST00345,PROD00213,STORE024,not_a_date,5,6920.41
ORD0015009,CUST00124,PROD00171,STORE023,2026-04-24,4,2843.88
ORD0015384,CUST01398,PROD00194,STORE016,2026-04-17,2,18932.79
ORD0015592,CUST00469,PROD00212,STORE007,2026-04-24,2,21376.26
ORD0014526,CUST01184,PROD00285,STORE008,2026-04-24,3,3178.85
ORD0015804,CUST00848,PROD00217,STORE001,2026-04-24,4,2327.64
ORD0015876,CUST00621,PROD00164,STORE015,2026-04-24,2,12162.2
ORD0014885,CUST01284,PROD00121,STORE016,2026-04-24,1,unknown
ORD0014968,CUST00553,PROD00076,STORE019,2026-04-24,1,9390.58
ORD0015974,CUST00697,PROD00012,STORE016,2026-04-24,5,23576.04
ORD0016222,CUST00902,PROD00232,STORE004,2026-04-17,2,9856.18
ORD0014864,CUST01413,PROD00201,STORE011,2026-04-18,2,4317.36
ORD0015187,CUST00848,PROD00125,STORE007,2026-04-24,1,1339.84
ORD0015655,CUST01158,PROD00225,STORE008,2026-04-24,1,15808.43
ORD0015571,CUST01041,PROD00265,STORE003,2026-04-24,3,16988.93
ORD0015869,CUST00265,PROD00164,STORE015,2026-04-24,5,14804.54
ORD0016267,CUST00734,PROD00008,STORE024,2026-04-24,1,17485.84
ORD0015012,CUST00679,PROD00266,STORE013,2026-04-24,6,3762.01
ORD0015496,CUST00991,PROD00095,STORE005,2026-04-24,4,11916.85
ORD0014560,CUST01474,PROD00277,STORE013,2026-04-24,4,3989.07
ORD0015378,CUST00575,PROD00142,STORE022,2026-04-24,5,9904.68
ORD0015414,CUST01226,PROD00203,STORE003,2026-04-24,4,16759.56
ORD0015468,CUST01016,PROD00174,STORE010,2026-04-24,5,653.41
ORD0016261,CUST00110,PROD00123,STORE025,2026-04-24,5,7177.79
ORD0014624,CUST01234,PROD00206,STORE013,2026-04-24,2,10705.68
ORD0015456,CUST00240,PROD00088,STORE013,2026-04-24,5,4344.57
ORD0016500,CUST00799,PROD00300,STORE005,2026-04-24,1,8409.86
ORD0016361,CUST00915,PROD00042,STORE010,2026-04-24,2,7498.23
ORD0014759,CUST00803,PROD00187,STORE022,2026-04-24,1,abc
ORD0016457,CUST00839,PROD00110,STORE015,2026-04-18,4,6105.95
ORD0014761,CUST00970,PROD00015,STORE017,2026-04-24,3,12095.85
ORD0014943,CUST00894,PROD00216,STORE021,2026-04-24,3,22092.6
ORD0016077,CUST01235,PROD00210,STORE012,2026-04-24,1,19539.49
ORD0016091,CUST00052,PROD00159,STORE012,2026-04-24,2,23220.13
ORD0014915,CUST00783,PROD00287,STORE002,2026-04-24,3,7291.08
ORD0016348,CUST00905,PROD00236,STORE012,2026-04-18,5,9284.54
ORD0016132,CUST01247,PROD00101,STORE014,2026-04-24,3,14684.04
ORD0015402,CUST00352,PROD00064,STORE020,2026-04-24,2,5933.68
ORD0016372,CUST01112,PROD00275,STORE006,2026-04-24,5,21030.63
ORD0014548,CUST01252,PROD00111,STORE025,2026-04-24,2,17771.61
ORD0016319,CUST00087,PROD00207,STORE024,2026-04-24,1,11229.57
ORD0016068,CUST01425,PROD00227,STORE005,2026-04-24,1,9795.16
ORD0016320,CUST01173,PROD00048,STORE004,2026-04-24,5,12950.0
ORD0014927,CUST01116,PROD00198,STORE015,2026-04-24,1,15138.06
ORD0015629,CUST00718,PROD00282,STORE012,2026-04-24,1,4067.73
ORD0015192,CUST01424,PROD00009,STORE005,2026-04-24,6,7129.12
ORD0015153,CUST01207,PROD00154,STORE011,2026-04-24,3,11420.59
ORD0015058,CUST00554,PROD00196,STORE013,2026-04-24,5,14795.05
ORD0016230,CUST00600,PROD00194,STORE003,2026-04-24,6,21567.15
ORD0015069,CUST00614,PROD00186,STORE020,2026-04-24,4,14957.89
ORD0014771,CUST00578,PROD00081,STORE025,2026-04-24,4,23198.58
ORD0015455,CUST00177,PROD00056,STORE020,2026-04-24,1,8268.65
ORD0016414,CUST01335,PROD00062,STORE018,2026-04-24,5,729.89
ORD0015148,CUST00249,PROD00200,STORE019,2026-04-24,3,3787.92
ORD0014917,CUST01081,PROD00221,STORE008,2026-04-24,4,11692.25
ORD0014866,CUST00745,PROD00172,STORE014,2026-04-24,4,7368.11
ORD0015177,CUST00969,PROD00280,STORE014,2026-04-24,6,21263.12
ORD0015533,CUST01481,PROD00202,STORE004,2026-04-24,2,5833.83
ORD0014989,CUST01122,PROD00265,STORE011,2026-04-24,2,9073.48
ORD0014975,CUST00725,PROD00289,STORE007,2026-04-24,4,20046.83
ORD0015060,CUST01160,PROD00210,STORE011,2026-04-24,3,1520.65
ORD0015963,CUST00882,PROD00236,STORE017,2026-04-24,3,4617.0
ORD0014538,CUST00264,PROD00099,STORE003,2026-04-24,5,3485.71
ORD0015240,CUST00359,PROD00231,STORE016,2026-04-24,1,6481.04
ORD0014910,CUST00638,PROD00299,STORE019,2026-04-24,1,12414.62
ORD0015975,CUST00815,PROD00043,STORE013,2026-04-24,6,19126.53
ORD0014925,CUST00192,PROD00201,STORE013,2026-04-24,1,12553.36
ORD0015648,CUST00320,PROD00048,STORE016,2026-04-24,6,24891.73
ORD0015337,CUST00119,PROD00282,STORE009,2026-04-24,6,7936.4
ORD0015584,CUST00942,PROD00133,STORE001,2026-04-24,5,20799.14
ORD0015345,CUST00143,PROD00092,STORE002,2026-04-24,1,5738.06
ORD0014542,CUST01057,PROD00078,STORE014,2026-04-24,5,$21681.31
ORD0014627,CUST01172,PROD00244,STORE020,2026-04-24,3,21174.36
ORD0016328,CUST01069,PROD00152,STORE009,2026-04-24,2,22479.97
ORD0016088,CUST00256,PROD00168,STORE018,2026-04-24,4,1046.88
ORD0015206,CUST00948,PROD00055,STORE017,not_a_date,5,5845.55
ORD0015103,CUST01431,PROD00247,STORE001,2026-04-20,3,12007.26
ORD0014855,CUST01420,PROD00146,STORE006,2026-04-24,3,1749.83
ORD0015375,CUST01097,PROD00287,STORE001,2026-04-19,6,1759.24
ORD0016022,CUST00628,PROD00116,STORE013,2026-04-24,6,1305.91
ORD0015057,CUST00871,PROD00123,STORE021,2026-04-24,4,7929.56
ORD0015030,CUST00060,PROD00296,STORE007,2026-04-24,5,11939.01
ORD0015448,CUST00234,PROD00119,STORE019,2026-04-24,2,13672.55
ORD0016171,CUST00376,PROD00023,STORE016,2026-04-24,6,10307.45
ORD0014755,CUST00204,PROD00200,STORE009,2026-04-24,3,8779.82
ORD0016285,CUST01275,PROD00274,STORE022,2026-04-24,2,2818.07
ORD0015659,CUST00709,PROD00137,STORE001,2026-04-24,1,10999.14
ORD0015604,,PROD00169,STORE014,2026-04-15,3,2742.93
ORD0015912,CUST01385,PROD00289,STORE002,2026-04-24,2,4342.59
ORD0015635,CUST01364,PROD00257,STORE002,2026-04-24,6,22656.83
ORD0016493,CUST00581,PROD00264,STORE018,2026-04-24,6,11077.34
ORD0015292,CUST01185,PROD00101,STORE009,2026-04-24,2,2940.69
ORD0015911,CUST01123,PROD00251,STORE011,2026-04-24,3,7963.53
ORD0015909,CUST01414,PROD00054,STORE012,2026-04-24,4,2793.3
ORD0016067,CUST01177,PROD00238,STORE006,2026-04-24,4,5482.5
ORD0016318,CUST00740,PROD00249,STORE019,2026-04-24,1,9910.72
ORD0015694,CUST01363,PROD00161,STORE009,2026-04-24,5,19750.66
ORD0015702,CUST00611,PROD00290,STORE002,2026-04-24,1,22551.59
ORD0016029,CUST01466,PROD00159,STORE009,2026-04-24,6,7384.54
ORD0014973,CUST01401,PROD00183,STORE023,2026-04-24,2,15780.11
ORD0016350,CUST00512,PROD00228,STORE008,2026-04-24,6,15403.08
ORD0015630,CUST00096,PROD00023,STORE003,2026-04-24,3,20644.13
ORD0015860,CUST00010,PROD00147,STORE004,2026-04-24,4,10604.71
ORD0015471,CUST01052,PROD00229,STORE002,2026-04-24,5,23541.01
ORD0014675,CUST00064,PROD00110,STORE015,2026-04-24,5,12435.42
ORD0016317,CUST00674,PROD00208,STORE007,2026-04-24,1,15585.59
ORD0015922,CUST00959,PROD00001,STORE004,2026-04-24,1,6348.17
ORD0014718,CUST00382,PROD00004,STORE014,2026-04-16,-1,17982.44
ORD0016465,CUST00953,PROD00250,STORE011,2026-04-24,2,2452.44
ORD0014908,CUST00590,PROD00099,STORE015,2026-04-24,4,16192.11
ORD0014577,CUST01090,PROD00214,STORE005,2026-04-24,3,13377.56
ORD0015005,CUST00582,PROD00154,STORE010,2026-04-24,1,21897.49
ORD0015247,CUST00233,PROD00170,STORE016,not_a_date,3,7343.56
ORD0016119,CUST01401,PROD00040,STORE025,2026-04-24,5,11144.87
ORD0015908,CUST00857,PROD00060,STORE014,2026-04-24,6,18180.66
ORD0015745,CUST00508,PROD00190,STORE009,2026-04-24,3,24166.89
ORD0016254,CUST00682,PROD00035,STORE014,2026-04-24,1,21440.87
ORD0015605,CUST01390,PROD00101,STORE009,2026-04-24,6,3967.14
ORD0016139,CUST00183,PROD00242,STORE013,2026-04-24,1,10982.72
ORD0014609,CUST00533,PROD00097,STORE021,2026-04-24,4,21717.58
ORD0015258,CUST00402,PROD00271,STORE019,2026-04-24,2,20258.65
ORD0014880,CUST01094,PROD00064,STORE012,2026-04-21,1,-5
ORD0014825,CUST00610,PROD00042,STORE006,2026-04-24,1,19086.54
ORD0016051,CUST01042,PROD00114,STORE007,2026-04-24,3,4768.96
ORD0015078,CUST01164,PROD00281,STORE020,2026-04-24,6,13662.55
ORD0015088,CUST00263,PROD00092,STORE025,2026-04-24,5,12964.5
ORD0015237,CUST01499,PROD00143,STORE009,2026-04-24,1,20816.44
ORD0015473,CUST00104,PROD00024,STORE003,2026-04-24,6,24874.54
ORD0015099,CUST00849,PROD00250,STORE020,2026-04-24,5,17381.63
ORD0015957,CUST01106,PROD00031,STORE017,2026-04-24,3,753.32
ORD0015311,CUST00701,PROD00177,STORE019,2026-04-24,2,24523.21
ORD0016479,CUST00513,PROD00212,STORE011,2026-04-24,6,22209.7
ORD0015136,CUST01321,PROD00278,STORE021,2026-04-24,3,17717.16
ORD0015410,CUST01400,PROD00096,STORE012,2026-04-24,4,4388.41
ORD0014656,CUST00800,PROD00096,STORE011,2026-04-24,1,7557.61
ORD0016276,CUST00804,PROD00263,STORE023,2026-04-24,3,10333.31
ORD0015644,CUST01441,PROD00098,STORE005,2026-04-24,1,23072.82
ORD0015507,CUST01225,PROD00063,STORE023,2026-04-24,6,13046.99
ORD0015554,CUST00697,PROD00157,STORE012,2026-04-24,5,9135.86
ORD0015548,CUST00217,PROD00220,STORE009,2026-04-24,3,6519.52
ORD0016308,CUST00508,PROD00005,STORE012,2026-04-24,2,2092.21
ORD0014611,CUST00663,PROD00090,STORE004,2026-04-24,6,2147.36
ORD0016429,CUST01427,PROD00155,STORE013,2026-04-24,2,16099.16
ORD0016451,CUST00863,PROD00240,STORE005,2026-04-24,4,13159.66
ORD0015551,CUST01345,PROD00064,STORE003,2026-04-24,6,11275.53
ORD0015347,CUST01224,PROD00210,STORE004,2026-04-24,5,16387.32
ORD0015459,CUST01039,PROD00268,STORE018,2026-04-24,2,16302.37
ORD0015839,CUST00443,PROD00125,STORE020,2026-04-24,1,16881.06
ORD0015290,CUST01315,PROD00054,STORE018,2026-04-24,1,6829.37
ORD0015787,CUST00402,PROD00094,STORE010,2026-04-24,2,14065.29
ORD0016023,CUST00070,PROD00100,STORE005,2026-04-24,4,24138.74
ORD0014829,CUST00415,PROD00048,STORE006,2026-04-24,1,18106.96
ORD0015085,CUST01447,PROD00057,STORE002,2026-04-21,6,24991.43
ORD0014795,CUST00303,PROD00181,STORE013,2026-04-24,3,14066.23
ORD0014709,CUST00168,PROD00059,STORE014,2026-04-24,6,7994.56
ORD0015047,CUST00197,PROD00128,STORE022,2026-04-21,1,13324.49
ORD0015954,CUST01274,PROD00265,STORE002,2026-04-24,4,13047.87
ORD0015955,CUST00745,PROD00169,STORE003,2026-04-24,4,276.03
ORD0014633,CUST01388,PROD00037,STORE012,2026-04-24,4,17112.24
ORD0016161,CUST00382,PROD00192,STORE003,2026-04-24,1,6662.59
ORD0015462,CUST00519,PROD00248,STORE013,2026-04-24,2,10913.39
ORD0015360,CUST01301,PROD00035,STORE009,2026-04-24,2,21702.1
ORD0015119,CUST00411,PROD00258,STORE021,2026-04-15,4,8636.95
ORD0015740,CUST00403,PROD00038,STORE023,2026-04-24,5,19871.44
ORD0015439,CUST00081,PROD00023,STORE023,2026-04-24,3,3115.46
ORD0015887,CUST01491,PROD00030,STORE006,2026-04-24,5,7364.95
ORD0014739,CUST00837,PROD00152,STORE019,2026-04-24,3,9805.99
ORD0014654,CUST00690,PROD00075,STORE014,2026-04-24,5,21007.77
ORD0016333,CUST00155,PROD00129,STORE014,2026-04-24,5,22006.22
ORD0015637,CUST00521,PROD00286,STORE007,2026-04-24,5,18720.24
ORD0015220,CUST00156,PROD00277,STORE015,2026-04-24,3,1051.37
ORD0014899,CUST01195,PROD00020,STORE004,2026-04-24,5,16264.71
ORD0014706,CUST00874,PROD00243,STORE010,2026-04-24,two,10413.82
ORD0015808,CUST01269,PROD00244,STORE019,2026-04-24,3,4030.76
ORD0015708,CUST01272,PROD00208,STORE012,2026-04-24,5,2179.75
ORD0015222,CUST00765,PROD00190,STORE013,2026-04-24,2,1088.39
ORD0015802,CUST01182,PROD00063,STORE017,2026-04-21,1,12197.34
ORD0015820,CUST00458,PROD00047,STORE010,2026-04-24,1,17178.13
ORD0015369,CUST00968,PROD00123,STORE024,2026-04-18,1,245.0
ORD0015730,CUST00525,PROD00046,STORE004,2026-04-24,5,17126.4
ORD0014632,CUST01015,PROD00026,STORE019,2026-04-15,3,1834.24
ORD0016137,CUST00632,PROD00272,STORE022,2026-04-24,4,12611.3
ORD0014715,CUST00746,PROD00079,STORE020,2026-04-24,2,13183.68
ORD0015399,CUST00996,PROD00285,STORE016,2026-04-24,2,18002.86
ORD0015435,CUST00153,PROD00045,STORE019,2026-04-24,4,16924.39
ORD0014550,CUST01486,PROD00205,STORE006,2026-04-24,2,14242.44
ORD0016215,CUST00426,PROD00014,STORE020,2026-04-24,3,1643.7
ORD0014699,CUST01102,PROD00286,STORE004,2026-04-24,2,14958.51
ORD0016369,CUST00100,PROD00270,STORE019,2026-04-24,6,13736.04
ORD0015257,CUST00588,PROD00210,STORE019,2026-04-24,5,6964.36
ORD0015844,CUST00684,PROD00091,STORE009,2026-04-24,1,20246.6
ORD0015050,CUST01118,PROD00001,STORE020,2026-04-24,6,466.19
ORD0015043,CUST00106,PROD00083,STORE003,00/00/0000,2,4426.83
ORD0016134,CUST01038,PROD00081,STORE011,2026-04-19,,24007.72
ORD0015409,CUST00893,PROD00216,STORE023,2026-04-24,3,20426.52
ORD0014947,CUST01366,PROD00060,STORE021,2026-04-24,6,1535.34
ORD0015162,CUST00691,PROD00029,STORE020,2026-04-24,2,7935.63
ORD0015017,CUST00390,PROD00151,STORE004,2026-04-24,2,5044.06
ORD0016437,CUST01097,PROD00092,STORE020,2026-04-24,6,7962.37
ORD0015715,CUST01014,PROD00126,STORE017,2026-04-24,6,17268.94
ORD0015492,CUST00525,PROD00138,STORE004,2026-04-14,4,14173.76
ORD0014603,CUST00018,PROD00206,STORE021,2026-04-24,1,22633.94
ORD0015105,CUST00434,PROD00049,STORE005,2026-04-24,1,12654.09
ORD0014605,CUST00587,PROD00131,STORE023,2026-04-24,2,21923.03
ORD0014939,CUST01170,PROD00180,STORE007,2026-04-15,3,5635.96
ORD0015472,CUST00084,PROD00263,STORE004,2026-04-24,6,3014.47
ORD0016055,CUST00020,PROD00102,STORE023,2026-04-15,5,23474.48
ORD0014689,CUST00385,PROD00271,STORE012,2026-04-24,2,11297.44
ORD0016181,CUST01175,PROD00010,STORE018,2026-04-24,5,18705.37
ORD0016490,CUST00183,PROD00165,STORE006,2026-04-24,1,21525.34
ORD0014637,CUST00181,PROD00121,STORE021,2026-04-24,4,9291.88
ORD0015977,CUST01040,PROD00076,STORE004,2026-04-24,6,7218.87
ORD0015585,CUST00784,PROD00096,STORE023,2026-04-24,4,16120.27
ORD0016297,CUST01114,PROD00036,STORE019,2026-04-24,6,19819.21
ORD0015959,CUST00669,PROD00254,STORE006,2026-04-24,2,23478.25
ORD0014845,CUST00814,PROD00013,STORE003,2026-04-24,4,15410.67
ORD0015990,CUST00777,PROD00148,STORE014,2026-04-24,4,15332.88
ORD0015024,CUST00243,PROD00196,STORE014,2026-04-24,1,18826.52
ORD0014853,CUST00042,PROD00009,STORE023,2026-04-24,4,9929.12
ORD0015573,CUST00145,PROD00032,STORE015,2026-04-24,2,1556.24
ORD0015283,CUST00865,PROD00138,STORE020,2026-04-24,4,24762.18
ORD0015877,CUST00921,PROD00181,STORE003,2026-04-24,2,2832.48
ORD0015113,CUST00584,PROD00073,STORE023,2026-04-20,6,3649.24
ORD0015031,CUST01332,PROD00043,STORE021,2026-04-24,6,18898.36
ORD0015269,CUST00378,,STORE024,2026-04-24,2,13415.46
ORD0015814,CUST01281,PROD00005,STORE016,2026-04-24,3,15805.26
ORD0015437,CUST00424,PROD00263,STORE014,2026-04-24,2,10683.84
ORD0015070,CUST00493,PROD00077,STORE010,2026-04-24,4,24760.96
ORD0014589,CUST01344,PROD00103,STORE015,2026-04-24,4,16543.58
ORD0014965,CUST00102,PROD00170,STORE012,2026-04-24,6,15887.91
ORD0015709,CUST00262,PROD00050,STORE010,2026-04-24,2,1665.53
ORD0014849,CUST00289,PROD00003,STORE021,2026-04-24,-1,21865.07
ORD0015266,CUST01136,PROD00247,STORE025,2026-04-24,5,24511.51
ORD0016060,CUST01293,PROD00232,STORE025,2026-04-24,5,22084.61
ORD0014514,CUST00479,PROD00204,STORE011,2026-04-24,2,16914.24
ORD0015595,CUST00676,PROD00246,STORE014,2026-04-24,2,19974.0
ORD0016061,CUST01455,PROD00063,STORE009,2026-04-24,1,10674.61
ORD0015727,CUST00308,PROD00237,STORE015,2026-04-24,2,20417.12
ORD0016410,CUST00234,PROD00260,STORE014,2026-04-24,4,14683.57
ORD0014921,CUST01336,PROD00132,STORE022,2026-04-24,2,16306.03
ORD0014811,CUST00927,PROD00033,STORE016,2026-04-24,6,16747.85
ORD0016446,CUST00085,PROD00239,STORE022,2026-04-18,3,7503.79
ORD0014890,CUST00224,PROD00072,STORE005,2026-04-24,5,14221.64
ORD0014506,CUST00115,PROD00047,STORE023,2026-04-24,2,9745.62
ORD0016202,CUST01188,PROD00037,STORE004,2026-04-24,6,21981.74
ORD0016149,CUST00607,PROD00109,STORE012,2026-04-24,4,3865.25
ORD0015023,CUST01132,PROD00026,STORE010,2026-04-24,6,7213.92
ORD0015847,CUST00341,PROD00239,STORE002,2026-04-24,6,20899.55
ORD0014850,CUST00499,PROD00155,STORE010,2026-04-24,2,19535.1
ORD0015886,CUST00849,PROD00059,STORE022,2026-04-24,2,13433.94
ORD0016432,CUST01181,PROD00053,STORE007,2026-04-24,3,1575.89
ORD0015147,CUST01348,PROD00096,STORE005,2026-04-24,4,24505.55
ORD0014660,CUST00329,PROD00111,STORE023,,1,22242.33
ORD0015767,CUST00922,PROD00223,STORE003,2026-04-24,1,9956.37
ORD0014695,CUST01334,,STORE022,2026-04-24,2,9760.62
ORD0015987,CUST00812,PROD00162,STORE024,2026-04-24,4,15157.05
ORD0016057,CUST01157,PROD00133,STORE011,2026-04-24,6,4267.5
ORD0014767,CUST00409,PROD00189,STORE019,2026-04-24,4,820.05
ORD0016310,CUST01500,PROD00147,STORE025,2026-04-24,5,16565.82
ORD0016372,CUST01112,PROD00275,STORE006,2026-04-24,5,21030.63
ORD0014806,CUST00728,PROD00237,STORE012,2026-04-24,1,7276.91
ORD0015956,CUST01373,PROD00112,STORE003,2026-04-24,4,22235.47
ORD0015989,CUST00719,PROD00185,STORE022,2026-04-24,1,12745.75
ORD0014950,CUST01156,PROD00118,STORE011,2026-04-24,1,13924.64
ORD0015371,CUST00888,PROD00222,STORE011,2026-04-24,2,18749.71
ORD0015966,CUST01234,PROD00114,STORE021,2026-04-24,4,5313.93
ORD0016220,CUST00239,PROD00299,STORE024,2026-04-24,6,6129.58
ORD0015173,CUST00576,PROD00152,STORE022,2026-04-24,3,10685.06
ORD0016013,CUST00567,PROD00269,STORE005,2026-04-24,1,19769.45
ORD0014944,CUST00767,PROD00009,STORE016,2026-04-24,6,23440.6
ORD0015797,CUST01196,PROD00045,STORE014,2026-04-24,5,10618.81
ORD0015991,CUST00982,PROD00157,STORE001,2026-04-24,5,9608.58
ORD0016133,CUST00395,PROD00195,STORE010,2026-04-24,1,22964.62
ORD0016173,CUST01214,PROD00296,STORE022,2026-04-24,4,4563.0
ORD0016243,CUST01272,PROD00181,STORE018,2026-04-24,4,16740.48
ORD0014562,CUST01124,,STORE017,2026-04-24,4,19568.51
ORD0016048,CUST00234,PROD00209,STORE016,2026-04-24,1,14811.37
ORD0015900,CUST01262,PROD00143,STORE020,2026-04-24,6,5344.26
ORD0015992,CUST00315,PROD00128,STORE009,2026-04-24,4,3293.84
ORD0014690,CUST01119,PROD00095,STORE017,2026-04-24,5,12285.14
ORD0015803,CUST01326,PROD00238,STORE003,2026-04-24,3,24675.79
ORD0014957,CUST01471,PROD00122,STORE025,2026-04-19,5,24940.91
ORD0016104,CUST00200,PROD00196,STORE018,2026-04-24,6,22387.94
ORD0015590,CUST01306,PROD00116,STORE025,2026-04-24,4,821.79
ORD0015055,CUST01485,PROD00251,STORE005,2026-04-24,2,22015.72
ORD0016271,CUST00158,PROD00214,STORE023,2026-04-24,2,9993.98
ORD0016364,CUST00792,PROD00028,STORE005,2026-04-19,4,856.43
ORD0016348,CUST00905,PROD00236,STORE012,2026-04-18,5,9284.54
ORD0014809,CUST00110,PROD00078,STORE006,2026-04-24,3,2255.65
ORD0016266,CUST00608,PROD00093,STORE023,2026-04-24,2,23932.18
ORD0015576,CUST01471,PROD00099,STORE020,2026-04-24,4,19370.59
ORD0015669,CUST00432,PROD00017,STORE019,2026-04-24,1,2011.57
ORD0016144,CUST00436,PROD00019,STORE014,2026-04-24,1,206.7
ORD0014727,CUST00156,PROD00121,STORE003,2026-04-24,3,3179.5
ORD0015272,CUST00553,PROD00007,STORE019,2026-04-24,2,15884.41
ORD0014625,CUST01322,PROD00003,STORE004,2026-04-24,2,5318.45
ORD0015172,CUST00450,PROD00122,STORE012,2026-04-24,1,10269.99
ORD0015334,CUST01010,PROD00024,STORE008,2026-04-24,1,17899.03
ORD0015444,CUST00068,PROD00167,STORE014,2026-04-24,2,9414.21
ORD0015108,CUST00904,PROD00082,STORE018,2026-04-24,1,15314.95
ORD0016321,CUST00363,PROD00156,STORE024,2026-04-24,6,21834.48
ORD0015500,CUST00009,PROD00199,STORE009,2026-04-24,5,4213.33
ORD0014852,CUST00800,PROD00289,STORE021,2026-04-24,1,22143.18
ORD0015267,CUST00632,PROD00060,STORE011,2026-04-24,3,16109.34
ORD0016014,CUST01088,PROD00048,STORE018,2026-04-24,5,4303.75
ORD0016082,CUST01344,PROD00293,STORE024,2026-04-24,1,2970.94
ORD0016385,CUST00953,PROD00067,STORE002,2026-04-24,6,8548.65
ORD0016089,CUST00269,PROD00080,STORE007,2026-04-24,3,12734.36
ORD0015581,CUST00918,PROD00083,STORE011,2026-04-24,3,24431.53
ORD0015520,CUST01395,PROD00120,STORE004,,4,23113.56
ORD0015882,CUST00791,PROD00193,STORE008,2026-04-24,2,3929.7
ORD0015726,CUST01073,PROD00151,STORE009,2026-04-24,2,21067.88
ORD0015610,CUST01466,PROD00282,STORE001,2026-04-24,2,16574.18
ORD0016354,CUST01365,PROD00147,STORE022,2026-04-24,3,18443.66
ORD0015835,CUST00855,PROD00054,STORE020,2026-04-24,3,2114.58
ORD0014744,CUST01486,PROD00256,STORE019,2026-04-24,5,786.01
ORD0015671,CUST00848,PROD00047,STORE012,2026-04-24,3,6966.44
ORD0016189,CUST00301,PROD00134,STORE025,2026-04-24,2,21145.39
ORD0014732,CUST01027,PROD00286,STORE011,2026-04-24,2,12925.98
ORD0014623,CUST00109,PROD00038,STORE022,2026-04-24,4,18743.48
ORD0015418,CUST01372,PROD00263,STORE003,2026-04-24,3,7439.07
ORD0014857,CUST00416,PROD00128,STORE003,2026-04-24,5,17517.48
ORD0015196,CUST00417,PROD00277,STORE009,2026-04-24,1,4475.61
ORD0016442,CUST00127,PROD00044,STORE023,2026-04-17,6,10500.98
ORD0015467,CUST00015,PROD00298,STORE016,2026-04-24,1,10560.93
ORD0016443,CUST00892,PROD00016,STORE020,2026-04-24,3,24127.05
ORD0016304,CUST01248,PROD00018,STORE002,2026-04-17,2,19789.19
ORD0014537,CUST01220,PROD00092,STORE009,2026-04-24,6,6636.76
ORD0014663,CUST00202,PROD00055,STORE001,2026-04-24,2,23813.68
ORD0015300,CUST00835,PROD00141,STORE003,2026-04-24,5,21818.29
ORD0016122,CUST01141,PROD00027,STORE018,2026-04-24,1,16233.47
ORD0015233,CUST00575,PROD00241,STORE024,2026-04-24,2,16662.19
ORD0014673,CUST00741,PROD00109,STORE001,2026-04-24,2,1328.75
ORD0014826,CUST00659,PROD00107,STORE018,2026-04-24,2,2892.92
ORD0014945,CUST00490,PROD00276,STORE025,2026-04-24,3,11534.23
ORD0015343,CUST00862,PROD00149,STORE004,2026-04-24,3,1223.68
ORD0016287,CUST01357,PROD00035,STORE003,2026-04-24,5,11619.64
ORD0014983,CUST00379,PROD00194,STORE019,2026-04-24,5,15426.95
ORD0015243,CUST01457,PROD00147,STORE013,2026-04-24,5,22358.22
ORD0015617,CUST01251,PROD00042,STORE015,2026-04-24,3,4758.01
ORD0016375,,PROD00093,STORE014,2026-04-24,4,528.17
ORD0014740,CUST00992,PROD00259,STORE009,2026-04-24,6,1027.56
ORD0015821,,PROD00230,STORE018,2026-04-24,5,11304.83
ORD0015577,CUST00719,PROD00260,STORE018,2026-04-24,6,13132.71
ORD0016416,CUST01044,PROD00148,STORE004,2026-04-24,4,14255.34
ORD0015200,CUST00011,PROD00015,STORE022,2026-04-24,3,13792.31
ORD0014559,CUST01172,PROD00083,STORE013,2026-04-24,3,7770.44
ORD0014543,CUST01063,PROD00100,STORE003,2026-04-24,6,7509.28
ORD0015986,CUST00186,PROD00234,STORE016,2026-04-24,1,3211.2
ORD0015515,CUST00909,PROD00287,STORE021,2026-04-24,5,20241.81
ORD0014618,CUST00812,PROD00203,STORE008,2026-04-24,2,1271.14
ORD0016079,CUST00950,PROD00207,STORE023,2026-04-24,3,6028.73
ORD0014693,,PROD00110,STORE009,2026-04-24,4,24542.39
ORD0015221,CUST00528,PROD00292,STORE005,2026-04-24,6,4344.68
ORD0016380,CUST00920,PROD00260,STORE001,2026-04-24,6,23657.3
ORD0014821,CUST01005,PROD00114,STORE002,2026-04-24,4,21673.32
ORD0015364,CUST00293,PROD00283,STORE017,2026-04-16,6,21514.15
ORD0015663,CUST01369,PROD00178,STORE024,00/00/0000,4,6341.16
ORD0014976,CUST01051,PROD00284,STORE012,2026-04-24,4,13561.18
ORD0015213,CUST00179,PROD00280,STORE021,2026-04-24,1,12681.97
ORD0015582,CUST00902,PROD00085,STORE005,2026-04-24,5,1645.85
ORD0015168,CUST01363,PROD00174,STORE011,2026-04-24,4,21138.11
ORD0015555,CUST00182,PROD00023,STORE022,2026-04-24,6,23640.73
ORD0016179,CUST00620,PROD00003,STORE019,2026-04-24,6,7598.36
ORD0014650,CUST00946,PROD00044,STORE019,2026-04-24,6,21590.6
ORD0014642,CUST00402,PROD00266,STORE015,2026-04-18,1,19421.82
ORD0014579,CUST00946,PROD00056,STORE003,2026-04-24,3,22490.9
ORD0014674,CUST01386,PROD00174,STORE010,2026-04-24,1,5909.55
ORD0016332,CUST00676,PROD00044,STORE014,2026-04-24,5,6945.88
ORD0016482,CUST00606,PROD00238,STORE020,2026-04-24,5,7345.18
ORD0016101,CUST01195,PROD00062,STORE009,2026-04-24,5,-5
ORD0014783,CUST01499,PROD00044,STORE003,2026-04-24,3,18160.05
ORD0014760,CUST01177,PROD00113,STORE017,2026-04-24,2,11651.37
ORD0014940,CUST01348,PROD00133,STORE013,2026-04-24,1,873.65
ORD0016374,CUST00999,PROD00209,STORE018,2026-04-24,3,17140.49
ORD0015681,CUST00991,PROD00225,STORE023,2026-04-24,3,9274.02
ORD0015342,CUST00733,PROD00136,STORE007,2026-04-24,2,2125.82
ORD0016031,CUST00718,PROD00291,STORE003,2026-04-24,4,14547.7
ORD0015484,CUST01370,PROD00056,STORE023,2026-04-24,6,13414.44
ORD0016152,CUST01254,PROD00276,STORE022,2026-04-24,4,10480.09
ORD0015945,CUST01239,PROD00290,STORE003,2026-04-24,6,21889.37
ORD0014513,CUST00983,PROD00176,STORE017,2026-04-24,5,21416.58
ORD0015098,CUST00486,PROD00166,STORE022,2026-04-24,6,14336.31
ORD0015645,CUST00141,PROD00012,STORE021,2026-04-24,4,9164.74
ORD0014919,CUST01250,PROD00218,STORE017,2026-04-24,3,2075.61
ORD0015241,CUST00792,PROD00125,STORE008,2026-04-24,1,12439.62
ORD0015366,CUST01440,PROD00189,STORE025,2026-04-24,5,15948.4
ORD0015029,CUST01042,PROD00294,STORE002,2026-04-24,1,645.42
ORD0014638,CUST01319,PROD00080,STORE014,2026-04-19,3,24926.51
ORD0015699,CUST01414,,STORE014,2026-04-21,5,7354.44
ORD0015801,CUST01413,PROD00149,STORE020,2026-04-24,2,21835.27
ORD0015668,CUST00701,PROD00278,STORE025,2026-04-24,5,14502.95
ORD0015695,CUST00825,PROD00010,STORE017,2026-04-24,5,659.68
ORD0015532,CUST00834,PROD00048,STORE011,2026-04-24,6,19287.88
ORD0015419,CUST00547,PROD00299,STORE010,2026-04-24,6,8894.28
ORD0016188,CUST00944,PROD00268,STORE015,2026-04-24,3,21543.17
ORD0014518,CUST01481,PROD00151,STORE012,2026-04-24,4,2802.65
ORD0015634,CUST00355,PROD00145,STORE008,2026-04-24,5,1338.21
ORD0014961,CUST01227,PROD00300,STORE005,2026-04-24,6,20779.47
ORD0014966,CUST00328,PROD00294,STORE004,2026-04-24,3,14309.73
ORD0015514,CUST00416,PROD00108,STORE009,2026-04-24,3,21545.56
ORD0014598,CUST01447,PROD00064,STORE023,2026-04-24,2,1738.59
ORD0014685,CUST00188,PROD00144,STORE018,2026-04-24,4,18315.1
ORD0015578,CUST01391,PROD00029,STORE024,2026-04-24,6,12384.78
ORD0015879,CUST00163,PROD00117,STORE003,2026-04-24,1,5050.75
ORD0015761,CUST00595,PROD00029,STORE003,2026-04-24,2,16825.7
ORD0014693,,PROD00110,STORE009,2026-04-24,4,24542.39
ORD0016421,CUST00665,PROD00037,STORE009,2026-04-24,3,22403.74
ORD0014862,CUST01472,PROD00270,STORE014,2026-04-24,1,6081.96
ORD0015809,CUST00374,PROD00039,STORE010,2026-04-24,2,18651.13
ORD0015973,CUST00082,PROD00087,STORE012,2026-04-24,3,4169.56
ORD0015800,CUST00993,PROD00033,STORE021,2026-04-24,1,9924.4
ORD0015718,CUST00597,PROD00151,STORE013,2026-04-24,3,12668.22
ORD0015534,CUST00682,PROD00104,STORE007,2026-04-24,5,12514.07
ORD0014928,CUST01480,PROD00099,STORE006,2026-04-24,1,15230.84
ORD0015454,CUST00217,PROD00168,STORE023,2026-04-17,4,18124.94
ORD0016291,CUST01031,PROD00035,STORE008,2026-04-16,6,18784.19
ORD0015458,CUST00255,PROD00246,STORE017,2026-04-24,4,23584.87
ORD0015446,CUST01297,PROD00225,STORE007,2026-04-24,6,7754.93
ORD0015741,CUST00196,PROD00177,STORE024,2026-04-14,4,3781.64
ORD0015298,CUST00572,PROD00017,STORE019,2026-04-24,2,24043.25
ORD0016256,CUST01341,PROD00174,STORE010,2026-04-24,2,13684.94
ORD0015195,CUST01416,PROD00087,STORE004,2026-04-24,5,5632.66
ORD0015073,CUST00757,PROD00099,STORE018,2026-04-24,1,514.72
ORD0014824,CUST01002,PROD00012,STORE022,2026-04-24,5,19893.85
ORD0016253,CUST00374,PROD00295,STORE023,2026-04-24,4,6949.21
ORD0014832,CUST00526,PROD00031,STORE016,2026-04-24,4,869.54
ORD0014558,CUST01183,PROD00136,STORE022,2026-04-24,1,19481.28
ORD0015080,CUST00608,PROD00058,STORE020,2026-04-24,2,3889.7
ORD0015150,CUST00462,PROD00083,STORE009,2026-04-24,1,18484.42
ORD0015374,CUST00954,PROD00088,STORE023,2026-04-24,2,5253.86
ORD0015939,CUST00199,PROD00201,STORE010,2026-04-24,4,4638.09
ORD0014539,CUST01231,PROD00027,STORE010,2026-04-24,4,13698.15
ORD0015930,CUST01126,PROD00113,STORE006,2026-04-24,6,10236.83
ORD0014596,CUST00235,PROD00006,STORE013,2026-04-24,1,22618.06
ORD0015539,CUST01322,PROD00270,STORE022,2026-04-24,5,17500.94
ORD0015416,CUST00513,PROD00147,STORE024,2026-04-24,-1,14869.53
ORD0016499,CUST01307,PROD00147,STORE009,2026-04-24,1,17587.74
ORD0016309,CUST00425,PROD00079,STORE005,2026-04-24,1,11732.99
ORD0015268,CUST00230,PROD00050,STORE023,2026-04-24,4,7519.7
ORD0015865,CUST01393,PROD00140,STORE021,2026-04-24,4,8644.42
ORD0015274,CUST00266,PROD00191,STORE007,2026-04-24,1,20073.36
ORD0015285,CUST00745,PROD00291,STORE009,2026-04-24,3,9402.93
ORD0014691,CUST00753,PROD00170,STORE004,2026-04-24,6,3477.9
ORD0014515,,PROD00241,STORE002,2026-04-24,2,3258.27
ORD0016216,CUST01399,PROD00250,STORE004,2026-04-24,6,437.58
ORD0016402,CUST00395,PROD00259,STORE005,2026-04-24,3,7147.45
ORD0016344,CUST00936,PROD00275,STORE018,2026-04-24,1,unknown
ORD0015224,CUST01111,PROD00297,STORE009,2026-04-24,6,15994.41
ORD0015769,CUST01435,PROD00108,STORE019,2026-04-24,6,15663.72
ORD0015118,CUST00891,PROD00055,STORE021,2026-04-24,5,8146.86
ORD0016183,CUST01111,PROD00078,STORE013,2026-04-24,5,1664.39
ORD0015616,CUST00585,PROD00029,STORE002,2026-04-24,5,13104.87
ORD0015500,CUST00009,PROD00199,STORE009,2026-04-24,5,4213.33
ORD0015913,CUST00871,PROD00242,STORE010,2026-04-24,5,17332.67
ORD0016476,CUST01143,PROD00235,STORE025,2026-04-24,2,11471.79
ORD0015151,CUST01364,PROD00056,STORE005,2026-04-24,1,13034.04
ORD0014860,CUST01132,PROD00084,STORE002,2026-04-24,6,22578.64
ORD0014731,CUST00949,PROD00262,STORE011,2026-04-24,1,16500.15
ORD0014867,CUST00939,PROD00077,STORE002,2026-04-24,1,13940.01
ORD0015354,CUST00611,PROD00207,STORE008,2026-04-24,5,8341.25
ORD0015531,CUST01388,PROD00042,STORE010,2026-04-24,4,16034.47
ORD0016112,CUST00496,PROD00036,STORE023,2026-04-24,4,8456.99
ORD0015074,CUST00177,PROD00091,STORE018,2026-04-24,1,21606.99
ORD0016305,CUST00533,PROD00193,STORE015,2026-04-24,5,22251.23
ORD0015815,CUST01452,PROD00278,STORE014,2026-04-24,1,11263.78
ORD0015504,CUST00928,PROD00110,STORE007,2026-04-24,1,9853.23
ORD0014995,CUST00114,PROD00208,STORE003,2026-04-24,5,13980.96
ORD0015400,CUST01461,PROD00206,STORE005,2026-04-24,5,4572.17
ORD0015937,CUST00577,PROD00190,STORE001,2026-04-24,2,24700.3
ORD0014725,CUST00344,PROD00088,STORE009,2026-04-24,5,13836.47
ORD0016195,CUST00406,PROD00053,STORE003,2026-04-24,4,15234.9
ORD0015706,CUST00377,PROD00300,STORE021,2026-04-24,5,22851.49
ORD0014615,CUST00881,PROD00015,STORE011,2026-04-24,2,15480.1
ORD0016090,CUST00094,PROD00083,STORE024,2026-04-19,6,10264.3
ORD0016030,CUST01240,PROD00013,STORE001,2026-04-24,4,3302.75
ORD0014636,CUST00231,PROD00056,STORE014,2026-04-24,5,19361.81
ORD0016003,CUST00849,PROD00113,STORE016,2026-04-24,3,11544.01
ORD0015509,CUST01463,PROD00189,STORE022,2026-04-24,3,9320.91
ORD0015684,CUST00516,PROD00157,STORE002,2026-04-24,3,10884.96
ORD0015561,CUST00435,PROD00024,STORE010,2026-04-20,5,24611.52
ORD0015304,CUST01194,PROD00025,STORE013,2026-04-24,2,18189.26
ORD0015704,CUST01201,PROD00071,STORE022,2026-04-24,5,4303.52
ORD0014943,CUST00894,PROD00216,STORE021,2026-04-24,3,22092.6
ORD0015942,CUST01291,PROD00107,STORE025,2026-04-24,1,2490.47
ORD0016472,CUST00429,PROD00122,STORE014,2026-04-24,4,10856.25
ORD0016274,CUST01418,PROD00197,STORE007,2026-04-24,1,4185.99
ORD0015026,CUST00712,PROD00204,STORE017,2026-04-24,2,7498.8
ORD0015968,CUST00858,PROD00190,STORE006,2026-04-24,6,1325.16
ORD0014952,CUST01393,PROD00093,STORE007,2026-04-24,6,20597.75
ORD0016448,CUST00866,PROD00151,STORE001,2026-04-24,4,5721.33
ORD0016301,CUST00437,PROD00041,STORE016,2026-04-24,4,3024.76
ORD0015851,CUST01389,PROD00209,STORE011,2026-04-24,1,9424.44
ORD0015054,CUST01201,PROD00182,STORE019,2026-04-24,3,21663.82
ORD0014719,CUST00753,PROD00191,STORE013,2026-04-24,3,505.17
ORD0015519,CUST00476,PROD00197,STORE003,2026-04-24,5,2073.66
ORD0015329,CUST01084,PROD00217,STORE013,2026-04-24,6,23069.73
ORD0016237,CUST00228,PROD00111,STORE021,2026-04-24,1,4545.37
ORD0016370,CUST00738,PROD00245,STORE003,2026-04-24,6,24760.25
ORD0015242,CUST00136,PROD00069,STORE024,2026-04-24,3,10921.65
ORD0016248,CUST00980,PROD00034,STORE011,2026-04-24,4,6891.26
ORD0015503,CUST00377,PROD00110,STORE001,2026-04-24,4,11887.1
ORD0015277,CUST01039,PROD00184,STORE003,2026-04-24,2,21528.74
ORD0015174,CUST00566,PROD00004,STORE020,2026-04-24,6,24505.93
ORD0015067,CUST01305,PROD00024,STORE013,2026-04-24,5,19140.87
ORD0014594,CUST00152,PROD00283,STORE023,2026-04-24,4,22207.02
ORD0014640,CUST01360,PROD00031,STORE014,2026-04-24,6,21489.21
ORD0014536,CUST01035,PROD00027,STORE013,2026-04-24,1,19437.91
ORD0014688,CUST00162,PROD00241,STORE025,2026-04-24,1,2852.98
ORD0014507,CUST00482,PROD00103,STORE009,2026-04-24,2,20711.23
ORD0014819,CUST01480,PROD00051,STORE025,2026-04-24,4,9102.78
ORD0014896,CUST01480,PROD00244,STORE002,2026-04-21,2,22324.07
ORD0016311,CUST00767,PROD00253,STORE024,2026-04-24,1,20651.27
ORD0016114,CUST00890,PROD00295,STORE021,2026-04-24,5,23911.82
ORD0014859,CUST01477,PROD00099,STORE016,2026-04-24,2,19556.71
ORD0016431,CUST00867,PROD00067,STORE011,2026-04-24,6,21646.87
ORD0015587,CUST00323,PROD00185,STORE003,2026-04-24,1,6735.31
ORD0015890,CUST00999,PROD00136,STORE014,2026-04-24,2,19015.24
ORD0015036,CUST01387,PROD00249,STORE022,not_a_date,6,15865.38
ORD0015773,CUST00334,PROD00093,STORE011,2026-04-24,4,18897.22
ORD0014567,CUST00848,PROD00227,STORE001,2026-04-24,-1,10873.05
ORD0014509,CUST00279,PROD00101,STORE019,2026-04-15,5,22131.44
ORD0015680,CUST00535,PROD00139,STORE001,2026-04-24,5,10519.68
ORD0015356,CUST01061,PROD00001,STORE015,2026-04-24,2,20064.09
ORD0015284,CUST01386,PROD00114,STORE016,2026-04-19,6,9688.9
ORD0016353,CUST01308,PROD00217,STORE017,2026-04-24,1,16457.86
ORD0016147,CUST00720,PROD00149,STORE010,2026-04-24,4,3672.77
ORD0015385,CUST00163,PROD00094,STORE011,2026-04-24,4,4007.51
ORD0014822,CUST00935,PROD00010,STORE012,2026-04-19,2,6424.93
ORD0015082,,PROD00286,STORE005,2026-04-24,4,4976.18
ORD0015837,CUST00311,PROD00248,STORE002,2026-04-24,6,17669.95
ORD0014805,CUST01410,PROD00005,STORE018,2026-04-24,3,4998.9
ORD0015183,CUST00844,PROD00061,STORE005,2026-04-24,5,20981.12
ORD0015560,CUST00081,PROD00107,STORE023,2026-04-24,6,5909.45
ORD0014778,CUST00195,PROD00103,STORE011,2026-04-24,5,940.89
ORD0015180,CUST01104,PROD00165,STORE015,2026-04-19,1,23871.42
ORD0015888,CUST01291,PROD00258,STORE020,2026-04-24,6,20893.11
ORD0015729,CUST00632,PROD00073,STORE014,2026-04-24,5,24699.0
ORD0015308,CUST01166,PROD00036,STORE002,2026-04-24,4,8155.95
ORD0015691,CUST00151,PROD00286,STORE019,2026-04-24,2,23827.96
ORD0016331,CUST01472,PROD00087,STORE013,2026-04-24,1,8318.04
ORD0015405,CUST01045,PROD00271,STORE009,2026-04-24,4,19335.09
ORD0016027,CUST00615,PROD00173,STORE011,2026-04-24,2,2449.87
ORD0016012,CUST00181,PROD00099,STORE002,2026-04-21,6,9797.74
ORD0015538,CUST00533,PROD00297,STORE025,2026-04-24,2,12506.48
ORD0015282,CUST00100,PROD00152,STORE021,2026-04-24,3,3210.81
ORD0015155,CUST00872,PROD00286,STORE005,2026-04-24,1,11510.02
ORD0015124,CUST00350,PROD00086,STORE020,2026-04-24,5,6524.18
ORD0015676,CUST01124,PROD00278,STORE014,2026-04-24,1,19513.47
ORD0016229,CUST01165,PROD00235,STORE014,2026-04-24,1,23814.96
ORD0015104,CUST00426,PROD00156,STORE007,2026-04-24,3,3706.48
ORD0014653,CUST00231,PROD00264,STORE005,2026-04-24,4,2990.64
ORD0015355,CUST00827,PROD00198,STORE007,2026-04-21,6,3731.97
ORD0016456,CUST00955,PROD00282,STORE008,2026-04-24,2,4403.77
ORD0014745,CUST00505,PROD00019,STORE021,2026-04-24,5,16489.58
ORD0015481,CUST00049,PROD00279,STORE010,2026-04-24,6,1505.99
ORD0015324,CUST00593,PROD00009,STORE012,2026-04-24,5,18910.78
ORD0015884,CUST00693,PROD00122,STORE021,2026-04-24,5,12225.95
ORD0015598,CUST00715,PROD00246,STORE003,2026-04-24,5,4979.79
ORD0015367,CUST00853,PROD00038,STORE007,2026-04-24,2,3840.37
ORD0015647,CUST00251,PROD00174,STORE017,2026-04-24,5,22034.44
ORD0015853,CUST00215,PROD00055,STORE009,2026-04-24,4,22305.18
ORD0016335,CUST00930,PROD00151,STORE012,2026-04-24,2,19553.22
ORD0015862,CUST00876,PROD00263,STORE011,2026-04-24,3,698.75
ORD0015941,CUST00453,PROD00253,STORE012,2026-04-24,2,23131.69
ORD0014722,CUST00497,PROD00001,STORE020,2026-04-24,2,14166.02
ORD0016398,CUST00165,PROD00139,STORE005,2026-04-24,4,12003.05
ORD0015181,CUST00812,PROD00142,STORE021,2026-04-24,2,21339.59
ORD0015980,CUST00208,PROD00010,STORE018,2026-04-24,3,23781.47
ORD0014848,CUST00302,PROD00079,STORE017,2026-04-24,4,14010.29
ORD0014630,CUST01444,PROD00281,STORE004,2026-04-24,6,21225.57
ORD0016043,CUST01137,PROD00226,STORE020,2026-04-24,2,749.55
ORD0015651,CUST00018,PROD00236,STORE017,2026-04-24,3,10292.96
ORD0015761,CUST00595,PROD00029,STORE003,2026-04-24,2,16825.7
ORD0015938,CUST00169,PROD00253,STORE015,2026-04-24,2,24750.83
ORD0015144,CUST00244,PROD00227,STORE004,2026-04-24,4,21867.8
ORD0016444,CUST00748,PROD00285,STORE001,2026-04-24,6,14610.48
ORD0015858,CUST01276,PROD00107,STORE005,2026-04-24,5,15505.84
ORD0015646,CUST00813,PROD00076,STORE017,2026-04-24,5,7166.37
ORD0014792,CUST00031,PROD00135,STORE019,2026-04-24,6,16056.52
ORD0014911,CUST01328,PROD00155,STORE003,2026-04-24,4,11856.28
ORD0016157,CUST01071,PROD00121,STORE014,2026-04-24,1,18249.33
ORD0015265,CUST01481,PROD00082,STORE025,2026-04-24,1,21607.02
ORD0016240,,PROD00173,STORE010,2026-04-24,4,3364.85
ORD0015770,CUST01353,PROD00151,STORE023,2026-04-24,4,18021.56
ORD0015469,CUST00553,PROD00222,STORE016,2026-04-24,2,10290.71
ORD0014988,CUST00729,PROD00046,STORE012,2026-04-24,2,17910.45
ORD0014647,CUST00767,PROD00178,STORE005,2026-04-24,2,18837.04
ORD0014810,CUST01109,PROD00153,STORE003,2026-04-24,2,21167.67
ORD0014672,CUST00288,PROD00157,STORE019,2026-04-24,3,20617.9
ORD0016086,CUST01427,PROD00159,STORE022,2026-04-24,5,19500.88
ORD0016153,CUST00566,PROD00233,STORE021,2026-04-24,5,15484.31
ORD0015394,CUST01396,PROD00183,STORE025,2026-04-24,4,5239.25
ORD0014941,CUST00726,PROD00061,STORE013,2026-04-24,4,324.8
ORD0015129,CUST00943,PROD00145,STORE012,2026-04-24,5,695.07
ORD0016281,CUST00314,PROD00260,STORE023,2026-04-24,6,11839.91
ORD0014747,CUST00638,PROD00176,STORE022,2026-04-16,6,15237.48
ORD0015034,CUST00015,PROD00121,STORE025,2026-04-24,6,18697.89
ORD0016108,CUST00723,PROD00209,STORE015,2026-04-24,5,18930.17
ORD0015016,CUST01110,PROD00020,STORE004,2026-04-24,3,unknown
ORD0015309,CUST00620,PROD00175,STORE018,2026-04-24,1,15437.39
ORD0014836,CUST01226,PROD00054,STORE015,2026-04-18,5,13917.24
ORD0016439,CUST00700,PROD00021,STORE018,2026-04-24,3,18973.39
ORD0015528,CUST00508,PROD00214,STORE023,2026-04-24,6,2839.69
ORD0016406,CUST01369,PROD00233,STORE020,2026-04-24,6,4171.73
ORD0015636,CUST00754,PROD00014,STORE016,2026-04-24,5,5958.75
ORD0015898,CUST00058,PROD00017,STORE011,2026-04-24,5,14986.56
ORD0014512,CUST00323,PROD00021,STORE016,2026-04-24,3,20056.01
ORD0016478,CUST01020,PROD00171,STORE020,2026-04-24,5,3384.82
ORD0016130,CUST01460,PROD00064,STORE002,2026-04-24,2,5274.97
ORD0015764,CUST00786,PROD00294,STORE021,2026-04-20,3,4017.78
ORD0015186,CUST00141,PROD00023,STORE012,2026-04-24,2,12739.29
ORD0016140,CUST00728,PROD00133,STORE006,2026-04-24,1,19178.57
ORD0014720,CUST00747,PROD00174,STORE002,2026-04-24,3,21100.15
ORD0014879,CUST00770,PROD00173,STORE021,2026-04-24,5,13923.87
ORD0016347,CUST01175,PROD00184,STORE003,2026-04-24,4,21422.78
ORD0014752,CUST01106,PROD00007,STORE017,2026-04-24,4,9665.27
ORD0015064,CUST00091,PROD00019,STORE004,2026-04-24,4,15857.04
ORD0015000,CUST01177,PROD00099,STORE024,2026-04-24,2,13814.26
ORD0015331,CUST00613,PROD00012,STORE012,2026-04-24,1,24289.45
ORD0015276,CUST00952,PROD00007,STORE001,2026-04-24,2,17354.84
ORD0015508,CUST01491,PROD00173,STORE006,2026-04-24,4,7113.37
ORD0015130,CUST00095,PROD00071,STORE022,2026-04-24,6,2672.35
ORD0015273,CUST01240,PROD00022,STORE002,2026-04-24,6,862.83
ORD0015546,CUST00194,PROD00300,STORE023,2026-04-24,1,4963.85
ORD0015824,CUST01054,PROD00141,STORE002,2026-04-24,4,23278.51
ORD0015917,CUST00864,PROD00119,STORE013,2026-04-24,5,5327.81
ORD0015846,CUST00264,PROD00237,STORE001,2026-04-24,4,15620.29
ORD0014926,CUST00805,PROD00233,STORE007,2026-04-24,4,12881.91
ORD0016008,CUST00117,PROD00236,STORE010,2026-04-24,3,1825.39
ORD0015738,CUST00759,PROD00128,STORE009,2026-04-24,1,5353.14
ORD0016181,CUST01175,PROD00010,STORE018,2026-04-24,5,18705.37
ORD0015932,CUST00020,PROD00276,STORE006,2026-04-24,3,17773.57
ORD0015705,,PROD00222,STORE025,2026-04-24,3,10169.93
ORD0016209,CUST01174,PROD00101,STORE018,2026-04-24,2,9088.74
ORD0014570,CUST00201,PROD00132,STORE004,2026-04-24,6,21419.03
ORD0015863,CUST00019,PROD00058,STORE024,2026-04-24,6,10838.47
ORD0016028,CUST01256,PROD00275,STORE003,2026-04-24,5,24650.31
ORD0015205,CUST00606,PROD00035,STORE017,2026-04-24,6,927.34
ORD0014703,CUST00310,PROD00164,STORE010,2026-04-24,5,10709.06
ORD0014574,CUST01422,PROD00206,STORE006,2026-04-24,2,15699.6
ORD0015310,CUST00173,PROD00217,STORE010,2026-04-24,6,15314.5
ORD0014763,CUST00951,PROD00196,STORE020,2026-04-24,3,14630.4
ORD0016231,CUST00693,PROD00015,STORE021,2026-04-24,2,20582.77
ORD0016463,CUST01220,PROD00036,STORE020,2026-04-24,1,19118.54
ORD0014897,CUST00353,PROD00268,STORE002,2026-04-24,4,13919.82
ORD0015608,CUST01132,PROD00084,STORE003,2026-04-24,2,7172.99
ORD0016096,CUST00777,PROD00112,STORE019,2026-04-24,4,23488.71
ORD0015572,,PROD00281,STORE005,2026-04-24,5,2331.13
ORD0015714,CUST01349,PROD00132,STORE012,2026-04-24,6,7755.68
ORD0016330,CUST00992,PROD00032,STORE001,2026-04-24,2,10460.64
ORD0016053,CUST00018,PROD00198,STORE012,2026-04-24,2,21477.65
ORD0015856,CUST00626,PROD00252,STORE011,2026-04-24,6,15910.8
ORD0016210,CUST00425,PROD00257,STORE006,2026-04-24,1,22221.9
ORD0015960,CUST00399,PROD00286,STORE004,2026-04-24,6,410.27
ORD0016168,CUST01315,PROD00204,STORE015,2026-04-24,2,12004.87
ORD0015115,CUST01452,PROD00292,STORE003,2026-04-24,3,14259.03
ORD0016211,CUST00687,PROD00053,STORE002,2026-04-24,1,22948.57
ORD0014996,CUST00259,PROD00110,STORE021,2026-04-24,6,8983.25
ORD0015978,CUST01117,PROD00041,STORE002,2026-04-24,5,7179.56
ORD0015338,CUST00406,PROD00248,STORE003,2026-04-24,6,3289.48
ORD0015867,CUST01500,PROD00190,STORE013,2026-04-24,2,4076.99
ORD0016449,CUST00131,PROD00021,STORE024,2026-04-24,2,9151.29
ORD0015379,CUST00199,PROD00162,STORE013,2026-04-24,3,3218.43
ORD0015871,CUST00177,PROD00132,STORE007,2026-04-24,1,12709.87
ORD0015482,CUST01435,PROD00126,STORE013,2026-04-24,3,16660.63
ORD0016324,CUST00066,PROD00265,STORE007,2026-04-24,3,7747.93
ORD0015020,CUST00892,PROD00243,STORE008,2026-04-24,6,13028.02
ORD0014521,CUST00861,PROD00121,STORE012,2026-04-24,2,896.77
ORD0014655,CUST01057,PROD00236,STORE003,2026-04-24,1,23894.99
ORD0016170,CUST00819,PROD00039,STORE013,2026-04-24,5,12703.59
ORD0015293,CUST00461,PROD00017,STORE007,2026-04-24,6,23088.33
ORD0015687,CUST00748,PROD00072,STORE016,2026-04-24,4,16516.43
ORD0015244,CUST00338,PROD00201,STORE014,2026-04-24,6,18304.59
ORD0015915,CUST00331,PROD00040,STORE007,2026-04-24,4,15505.8
ORD0016018,CUST01402,PROD00300,STORE005,2026-04-24,2,13301.22
ORD0015436,CUST00799,PROD00073,STORE007,2026-04-24,4,7749.14
ORD0015211,CUST00956,PROD00205,STORE004,2026-04-24,5,8028.94
ORD0015711,CUST01415,PROD00121,STORE017,2026-04-24,1,3444.04
ORD0016185,CUST00747,PROD00109,STORE019,2026-04-24,2,17278.58
ORD0015672,CUST00116,PROD00081,STORE014,2026-04-24,4,9982.1
ORD0015001,CUST00659,PROD00234,STORE021,2026-04-24,3,7465.86
ORD0016128,CUST00507,PROD00133,STORE025,2026-04-24,5,6358.56
ORD0015474,CUST00123,PROD00059,STORE006,2026-04-24,6,10554.32
ORD0015742,CUST01369,PROD00004,STORE007,2026-04-24,2,10939.96
ORD0015319,CUST00788,PROD00083,STORE014,2026-04-24,2,14108.66
ORD0015848,CUST00493,PROD00272,STORE001,2026-04-24,4,23247.7
ORD0014578,CUST00371,PROD00095,STORE019,2026-04-24,3,5774.91
ORD0015758,CUST00091,PROD00290,STORE008,2026-04-24,3,12995.05
ORD0014861,CUST00718,PROD00026,STORE014,2026-04-20,4,8940.34
ORD0014907,CUST00469,PROD00174,STORE019,2026-04-24,3,12367.1
ORD0014670,CUST01396,PROD00195,STORE001,2026-04-24,2,20669.38
ORD0015660,CUST01423,PROD00255,STORE009,2026-04-24,5,13188.31
ORD0015235,CUST01157,PROD00279,STORE004,2026-04-24,5,12343.11
ORD0016325,CUST00894,PROD00276,STORE020,2026-04-24,6,10652.71
ORD0015883,CUST00760,PROD00075,STORE012,2026-04-24,4,3957.08
ORD0014827,CUST01164,PROD00021,STORE017,2026-04-24,2,1321.18
ORD0015431,CUST00947,PROD00163,STORE005,2026-04-24,2,21162.05
ORD0015466,CUST00037,PROD00271,STORE025,2026-04-24,4,12788.69
ORD0015141,CUST00845,PROD00081,STORE006,2026-04-24,4,12467.17
ORD0014712,CUST00848,PROD00252,STORE015,2026-04-24,3,17191.66
ORD0014962,CUST00486,PROD00103,STORE022,2026-04-24,5,22354.82
ORD0015061,CUST01053,PROD00235,STORE025,2026-04-24,3,17962.7
ORD0015438,CUST00971,PROD00021,STORE025,2026-04-20,4,10416.8
ORD0015527,CUST01276,PROD00126,STORE006,2026-04-24,2,10351.17
ORD0015697,CUST00256,PROD00163,STORE011,2026-04-24,1,20881.63
ORD0015545,CUST00312,PROD00008,STORE020,2026-04-24,4,19209.39
ORD0015656,CUST00016,PROD00193,STORE015,2026-04-24,3,10817.95
ORD0014730,CUST01364,PROD00146,STORE002,2026-04-24,2,12670.5
ORD0015834,CUST00997,PROD00033,STORE009,2026-04-24,3,3408.78
ORD0015961,CUST00335,PROD00177,STORE003,2026-04-24,5,8060.17
ORD0015389,CUST00129,PROD00201,STORE006,2026-04-24,4,18223.57
ORD0016424,CUST01015,PROD00020,STORE015,2026-04-24,1,7838.2
ORD0016083,CUST00505,PROD00025,STORE016,2026-04-24,5,19800.9
ORD0016359,CUST00091,PROD00299,STORE005,2026-04-24,2,424.92
ORD0015128,CUST00774,PROD00222,STORE024,2026-04-24,3,12076.12
ORD0015722,CUST01439,PROD00015,STORE018,2026-04-24,6,17724.01
ORD0015786,CUST01003,PROD00149,STORE011,2026-04-24,1,4956.78
ORD0015513,CUST00159,PROD00121,STORE005,2026-04-24,6,16886.17
ORD0015211,CUST00956,PROD00205,STORE004,2026-04-24,5,8028.94
ORD0016272,CUST00331,PROD00164,STORE011,2026-04-24,2,20042.08
ORD0016045,,PROD00017,STORE008,2026-04-24,2,21549.26
ORD0016373,CUST01152,PROD00010,STORE014,2026-04-24,6,22328.37
ORD0014547,CUST00111,PROD00224,STORE007,2026-04-24,6,18376.47
ORD0014610,CUST01452,PROD00164,STORE010,2026-04-24,1,17918.8
ORD0015670,CUST00619,PROD00223,STORE018,2026-04-24,6,21834.53
ORD0015994,CUST00154,PROD00255,STORE024,2026-04-24,6,11266.0
ORD0015811,CUST00239,PROD00024,STORE020,2026-04-24,6,12533.49
ORD0014818,CUST00742,PROD00173,STORE013,2026-04-24,5,8453.76
ORD0016099,CUST00948,PROD00107,STORE015,2026-04-24,3,16736.11
ORD0014581,CUST00126,PROD00093,STORE002,2026-04-24,3,17436.39
ORD0015349,CUST00302,PROD00226,STORE014,2026-04-24,4,14478.28
ORD0015594,CUST00303,PROD00017,STORE003,2026-04-24,6,23229.66
ORD0014924,CUST00583,PROD00164,STORE015,2026-04-24,4,12591.57
ORD0016120,CUST01093,PROD00196,STORE023,2026-04-19,5,19939.31
ORD0016033,CUST00112,PROD00244,STORE010,2026-04-24,1,8393.6
ORD0016384,CUST00200,PROD00044,STORE006,2026-04-24,5,12103.78
ORD0016073,CUST00910,,STORE023,2026-04-24,3,9379.85
ORD0014710,CUST00674,PROD00146,STORE014,2026-04-24,2,14021.95
ORD0015425,CUST00766,PROD00095,STORE006,2026-04-24,3,9680.84
ORD0014546,CUST00471,PROD00210,STORE005,2026-04-24,2,15596.39
ORD0016203,CUST01034,PROD00294,STORE018,2026-04-24,2,24113.85
ORD0014877,CUST01003,PROD00208,STORE011,2026-04-24,3,5759.19
ORD0015748,CUST01086,PROD00252,STORE006,2026-04-24,3,6792.89
ORD0015993,CUST00679,PROD00061,STORE023,2026-04-24,6,6673.36
ORD0016376,CUST01035,PROD00109,STORE009,2026-04-24,3,1619.84
ORD0015935,CUST00413,PROD00130,STORE018,2026-04-24,2,11188.34
ORD0014530,CUST00458,PROD00014,STORE019,2026-04-24,3,3712.39
ORD0015537,CUST00081,PROD00108,STORE001,2026-04-24,1,13448.28
ORD0016167,CUST01229,PROD00242,STORE004,2026-04-24,2,24622.06
ORD0015443,CUST00268,PROD00260,STORE009,2026-04-24,5,22941.93
ORD0014683,CUST00143,PROD00049,STORE014,2026-04-24,6,14515.44
ORD0016135,CUST00860,PROD00090,STORE024,2026-04-24,2,20236.97
ORD0015897,CUST01168,PROD00282,STORE007,2026-04-24,4,4852.86
ORD0015936,CUST00396,PROD00218,STORE019,2026-04-24,6,15220.2
ORD0015059,CUST01424,PROD00038,STORE007,2026-04-24,4,2215.33
ORD0015404,CUST00311,PROD00280,STORE009,2026-04-24,6,22251.61
ORD0015658,CUST00274,PROD00059,STORE003,2026-04-24,2,15515.85
ORD0014540,CUST01037,PROD00296,STORE010,2026-04-24,1,15534.18
ORD0015049,CUST01195,PROD00023,STORE015,2026-04-24,2,22478.6
ORD0015203,CUST00461,PROD00223,STORE016,2026-04-24,1,11481.73
ORD0014942,CUST01164,PROD00275,STORE021,2026-04-18,4,8235.49
ORD0015075,CUST00377,PROD00014,STORE019,2026-04-24,6,17070.8
ORD0015557,CUST01123,PROD00112,STORE005,2026-04-18,1,14479.68
ORD0014948,CUST00436,PROD00294,STORE001,2026-04-24,3,1197.13
ORD0016260,CUST00067,PROD00119,STORE020,2026-04-24,1,8212.97
ORD0014774,CUST00216,PROD00166,STORE025,2026-04-17,3,7508.72
ORD0016494,CUST00886,PROD00051,STORE025,2026-04-24,1,16287.34
ORD0015169,CUST00539,PROD00232,STORE014,2026-04-24,3,23824.28
ORD0016257,CUST00288,PROD00292,STORE024,2026-04-24,2,18464.28
ORD0015875,CUST00363,,STORE011,2026-04-24,5,24462.23
ORD0016286,CUST00692,PROD00283,STORE022,2026-04-24,3,3528.78
ORD0015392,CUST01282,PROD00180,STORE022,2026-04-24,2,13516.79
ORD0016411,CUST01006,PROD00067,STORE012,2026-04-24,5,14200.69
ORD0016232,CUST01248,PROD00098,STORE013,2026-04-24,1,4400.09
ORD0015476,CUST00032,PROD00106,STORE004,,5,5264.39
ORD0015683,CUST00049,PROD00300,STORE001,2026-04-24,5,9354.34
ORD0016032,CUST01039,PROD00158,STORE004,2026-04-24,1,2680.43
ORD0016136,CUST00815,PROD00253,STORE023,2026-04-24,3,16025.24
ORD0014617,CUST01396,PROD00177,STORE014,2026-04-24,3,22564.99
ORD0016011,CUST00793,PROD00208,STORE011,2026-04-24,1,10890.69
ORD0015232,CUST00043,PROD00065,STORE024,2026-04-24,2,7901.51
ORD0014933,CUST00913,,STORE009,2026-04-24,4,9720.58
ORD0014583,CUST00535,PROD00059,STORE024,2026-04-24,5,17229.48
ORD0015303,CUST00952,PROD00082,STORE020,2026-04-24,2,6542.74
ORD0014734,CUST00945,PROD00296,STORE009,2026-04-24,2,4833.06
ORD0015142,CUST00340,PROD00025,STORE021,2026-04-24,4,7710.31
ORD0015782,CUST00941,PROD00013,STORE016,2026-04-24,5,9380.21
ORD0016269,CUST01336,PROD00254,STORE017,2026-04-24,6,14520.4
ORD0015478,CUST01350,PROD00255,STORE015,2026-04-24,1,12255.98
ORD0015916,CUST00199,PROD00252,STORE016,2026-04-24,2,20394.05
ORD0015772,CUST00538,PROD00121,STORE017,2026-04-24,4,2316.94
ORD0015121,CUST01432,PROD00276,STORE006,2026-04-24,5,4632.86
ORD0015964,CUST00165,PROD00231,STORE021,2026-04-24,5,24494.13
ORD0016464,CUST01135,PROD00112,STORE009,2026-04-24,3,4695.46
ORD0015453,CUST00005,PROD00003,STORE016,2026-04-24,5,16357.68
ORD0015849,CUST00550,PROD00213,STORE021,2026-04-24,4,12052.27
ORD0014913,CUST00094,PROD00092,STORE014,2026-04-24,1,2249.14
ORD0015323,CUST00829,PROD00006,STORE005,2026-04-24,3,5570.69
ORD0014748,CUST00199,PROD00070,STORE006,2026-04-20,1,10112.45
ORD0014746,CUST00642,PROD00245,STORE021,2026-04-17,5,-5
ORD0015252,CUST01244,PROD00273,STORE008,2026-04-24,2,16199.96
ORD0016037,CUST00304,PROD00231,STORE011,2026-04-24,2,3780.04
ORD0016063,CUST00483,PROD00012,STORE008,2026-04-24,5,14581.33
ORD0015530,CUST00127,PROD00235,STORE023,2026-04-24,2,13324.52
ORD0015373,CUST00934,PROD00196,STORE024,2026-04-24,5,8943.0
ORD0016396,CUST00931,PROD00085,STORE009,2026-04-24,1,19546.88
ORD0014914,CUST00516,PROD00244,STORE009,2026-04-24,2,10370.22
ORD0014898,CUST01365,PROD00041,STORE013,00/00/0000,1,24158.29
ORD0016046,CUST00187,PROD00232,STORE008,2026-04-24,3,10130.41
ORD0014585,CUST00372,PROD00192,STORE005,2026-04-24,4,7931.84
ORD0014951,CUST01300,PROD00017,STORE002,2026-04-24,4,7943.4
ORD0015969,CUST00504,PROD00293,STORE002,2026-04-24,3,1294.7
ORD0015488,CUST00420,PROD00113,STORE008,2026-04-24,5,11356.0
ORD0014728,CUST01026,PROD00281,STORE005,2026-04-16,2,19414.02
ORD0014733,CUST00514,PROD00237,STORE001,2026-04-24,6,14687.96
ORD0015328,CUST00176,PROD00287,STORE007,2026-04-15,2,14510.14
ORD0014802,CUST00498,PROD00148,STORE022,2026-04-24,6,7986.41
ORD0015382,CUST00464,PROD00274,STORE008,2026-04-24,3,3459.98
ORD0015816,CUST00073,PROD00143,STORE008,2026-04-24,5,15768.73
ORD0014635,CUST01108,PROD00097,STORE025,2026-04-24,4,493.21
ORD0014671,CUST00333,PROD00151,STORE020,2026-04-24,6,13672.68
ORD0015779,CUST00877,PROD00255,STORE007,2026-04-24,6,5825.02
ORD0015569,CUST01066,PROD00032,STORE018,2026-04-24,3,21328.06
ORD0016487,CUST00220,PROD00223,STORE015,2026-04-24,4,19604.16
ORD0015231,CUST01479,PROD00147,STORE008,2026-04-24,3,19632.56
ORD0016413,CUST00333,PROD00064,STORE023,2026-04-24,4,1908.38
ORD0014616,CUST00739,PROD00288,STORE025,2026-04-24,3,23244.68
ORD0014735,CUST00702,PROD00196,STORE009,2026-04-24,2,3647.85
ORD0015062,CUST01464,PROD00103,STORE001,2026-04-24,3,5069.39
ORD0015643,CUST01103,PROD00125,STORE006,2026-04-24,6,17168.73
ORD0015239,CUST01363,PROD00042,STORE009,2026-13-40,5,7284.28
ORD0015359,CUST00187,PROD00257,STORE018,2026-04-24,1,17448.48
ORD0015921,CUST01283,PROD00110,STORE003,2026-04-24,5,413.78
ORD0015910,CUST00291,PROD00024,STORE004,2026-04-24,4,13404.96
ORD0014843,CUST00149,PROD00145,STORE021,2026-04-24,5,6478.39
ORD0015706,CUST00377,PROD00300,STORE021,2026-04-24,5,22851.49
ORD0014700,CUST01405,PROD00227,STORE017,2026-04-24,3,8220.17
ORD0016401,CUST00550,PROD00115,STORE002,2026-04-24,3,9263.13
ORD0016150,CUST00137,PROD00186,STORE009,2026-04-24,1,14067.54
ORD0015625,,PROD00247,STORE011,2026-04-24,6,6109.44
ORD0015256,CUST00152,PROD00215,STORE018,2026-04-24,5,2257.59
ORD0014912,CUST00475,PROD00052,STORE014,2026-04-24,3,23708.12
ORD0014965,CUST00102,PROD00170,STORE012,2026-04-24,6,15887.91
ORD0014770,CUST01264,PROD00149,STORE017,not_a_date,4,2962.54
ORD0015701,CUST01138,PROD00207,STORE010,2026-04-24,6,6184.01
ORD0015760,CUST01351,PROD00075,STORE015,2026-04-24,2,20694.96
ORD0016497,,PROD00112,STORE015,2026-04-24,3,10092.87
ORD0015720,CUST00326,PROD00198,STORE010,2026-04-24,2,22286.26
ORD0016026,CUST01221,PROD00176,STORE014,2026-04-24,2,8438.54
ORD0014994,CUST00608,PROD00027,STORE006,2026-04-24,2,19786.37
ORD0016024,CUST01116,PROD00105,STORE010,2026-04-24,1,23702.21
ORD0015794,CUST00405,PROD00011,STORE013,2026-04-24,6,10166.33
ORD0014881,CUST00342,PROD00028,STORE016,2026-04-24,4,10492.01
ORD0015692,CUST01336,PROD00244,STORE016,2026-04-24,5,10670.03
ORD0015516,CUST01233,PROD00187,STORE006,2026-04-24,4,19901.14
ORD0014729,CUST00408,PROD00091,STORE015,2026-04-24,3,14815.29
ORD0015428,CUST00665,PROD00155,STORE013,2026-04-15,4,4010.73
ORD0014711,CUST00790,PROD00106,STORE024,2026-04-24,2,17764.91
ORD0016162,CUST00971,PROD00159,STORE004,2026-04-24,3,20759.24
ORD0015071,CUST00895,PROD00065,STORE021,2026-04-24,4,11941.77
ORD0014646,CUST01343,PROD00234,STORE021,2026-04-24,1,5384.38
ORD0016299,CUST00565,PROD00121,STORE023,2026-04-24,4,20157.09
ORD0015127,CUST00867,PROD00246,STORE003,2026-04-24,4,3543.23
ORD0016357,CUST01016,PROD00061,STORE005,2026-04-24,3,20122.04
ORD0016072,CUST00664,PROD00093,STORE022,2026-04-24,5,23218.89
ORD0016315,CUST00519,PROD00277,STORE004,2026-04-24,5,10576.89
ORD0016342,CUST01436,PROD00164,STORE022,2026-04-24,1,14734.71
ORD0014834,CUST01453,PROD00093,STORE017,2026-04-24,4,14706.42
ORD0015996,CUST01108,PROD00219,STORE004,2026-04-24,1,10518.99
ORD0014697,CUST01119,PROD00232,STORE015,2026-04-24,1,18145.58
ORD0014634,CUST00846,PROD00041,STORE020,2026-04-24,6,1176.32
ORD0014813,CUST00138,PROD00168,STORE015,2026-04-24,1,2897.52
ORD0015409,CUST00893,PROD00216,STORE023,2026-04-24,3,20426.52
ORD0016097,CUST01406,PROD00032,STORE014,2026-04-24,5,14501.93
ORD0016306,CUST00894,PROD00042,STORE010,2026-04-24,4,23091.96
ORD0015817,CUST00598,PROD00219,STORE016,2026-04-24,4,20816.81
ORD0014971,,PROD00091,STORE007,2026-04-24,5,484.96
ORD0014533,CUST00315,PROD00286,STORE024,2026-04-24,5,3568.92
ORD0014520,CUST01107,PROD00080,STORE014,2026-04-18,4,17088.23
ORD0015785,CUST00876,PROD00254,STORE011,2026-04-24,6,5936.99
ORD0014751,CUST00577,PROD00204,STORE009,2026-04-24,1,22963.87
ORD0014956,CUST00307,PROD00128,STORE019,2026-04-24,4,5919.09
ORD0015955,CUST00745,PROD00169,STORE003,2026-04-24,4,276.03
ORD0014777,CUST01290,PROD00136,STORE013,2026-04-24,3,17497.99
ORD0016326,CUST01239,PROD00088,STORE019,2026-04-24,2,9840.17
ORD0016393,CUST01453,,STORE017,2026-04-24,3,24342.77
ORD0015028,CUST00410,PROD00112,STORE007,2026-04-24,4,3762.76
ORD0015689,CUST00265,PROD00249,STORE016,2026-04-24,2,5784.33
ORD0015905,,PROD00230,STORE018,2026-04-24,4,4734.82
ORD0015464,CUST01104,PROD00253,STORE022,2026-04-24,2,11588.79
ORD0015350,CUST00093,PROD00173,STORE009,2026-04-24,1,22731.07
ORD0014522,CUST00885,PROD00183,STORE022,2026-04-24,2,4081.0
ORD0014717,CUST00798,PROD00278,STORE015,2026-04-24,1,22412.92
ORD0015138,CUST00513,PROD00118,STORE011,2026-04-24,5,20484.03
ORD0014726,CUST01218,PROD00164,STORE022,2026-04-24,2,21943.97
ORD0016344,CUST00936,PROD00275,STORE018,2026-04-24,1,unknown
ORD0015946,CUST00010,PROD00069,STORE012,2026-04-24,2,931.75
ORD0016290,CUST01312,PROD00151,STORE021,2026-04-24,1,10954.19
ORD0015227,CUST00420,PROD00131,STORE024,2026-04-24,4,10197.74
ORD0015863,CUST00019,PROD00058,STORE024,2026-04-24,6,10838.47
ORD0016234,CUST00099,PROD00236,STORE022,2026-04-24,6,11506.02
ORD0016206,CUST00854,PROD00254,STORE018,2026-04-24,5,20429.04
ORD0014599,CUST01108,PROD00164,STORE003,2026-04-24,3,8585.12
ORD0014982,CUST00087,,STORE013,2026-04-24,6,22165.45
ORD0014510,CUST00872,PROD00074,STORE020,2026-04-24,3,4822.97
ORD0015084,CUST00412,PROD00063,STORE023,2026-04-24,3,18906.26
ORD0015979,CUST00517,PROD00075,STORE011,2026-04-24,1,-5
ORD0015744,CUST01107,PROD00196,STORE012,2026-04-16,1,2959.25
ORD0014590,CUST00993,PROD00263,STORE019,2026-04-24,1,5817.16
ORD0014840,CUST00311,PROD00297,STORE007,2026-04-24,6,1916.97
ORD0016259,CUST00556,PROD00079,STORE004,2026-04-24,1,9674.46
ORD0016226,CUST00523,PROD00136,STORE023,2026-04-24,4,1790.85
ORD0014524,CUST01023,PROD00038,STORE025,2026-04-18,6,23925.25
ORD0015083,CUST00356,PROD00199,STORE004,2026-04-24,1,393.28
ORD0016021,CUST00881,PROD00295,STORE011,2026-04-24,6,733.5
ORD0015461,CUST00150,PROD00083,STORE021,2026-04-24,3,20235.76
ORD0015261,CUST01279,PROD00141,STORE007,2026-04-24,3,14906.58
ORD0015335,CUST00218,PROD00195,STORE010,2026-04-24,6,18060.27
ORD0015885,CUST00188,PROD00181,STORE019,2026-04-24,,19350.3
ORD0015351,CUST01202,PROD00145,STORE024,2026-04-24,4,3962.63
ORD0014835,CUST00427,PROD00070,STORE023,2026-04-24,6,21646.84
ORD0015336,CUST00466,PROD00168,STORE018,2026-04-24,3,4777.01
ORD0015976,CUST00244,PROD00106,STORE003,2026-04-24,6,13672.95
ORD0015165,CUST00429,PROD00194,STORE025,2026-04-24,6,4725.47
ORD0015240,CUST00359,PROD00231,STORE016,2026-04-24,1,6481.04
ORD0014979,CUST00822,PROD00284,STORE003,2026-04-24,2,20124.68
ORD0015780,CUST00354,PROD00155,STORE013,2026-04-24,2,11949.88
ORD0016341,CUST01347,PROD00205,STORE008,2026-04-24,6,1546.76
ORD0015117,CUST00742,PROD00299,STORE021,2026-04-24,6,6892.37
ORD0016307,CUST00183,PROD00153,STORE014,2026-04-24,6,14482.02
ORD0015089,CUST01187,PROD00272,STORE008,2026-04-24,4,7498.75
ORD0015881,CUST00272,PROD00030,STORE009,2026-04-24,2,14081.09
ORD0014865,CUST01076,PROD00040,STORE010,2026-04-24,1,3905.72
ORD0015812,CUST00472,,STORE005,2026-04-24,5,21190.1
ORD0015769,CUST01435,PROD00108,STORE019,2026-04-24,6,15663.72
ORD0014946,CUST00183,PROD00146,STORE012,2026-04-24,2,4318.53
ORD0014677,CUST00536,PROD00007,STORE009,2026-04-24,3,7696.62
ORD0015217,CUST01423,PROD00121,STORE002,2026-04-24,6,24850.38
ORD0015841,CUST00463,PROD00118,STORE013,2026-04-24,2,2873.06
ORD0015517,CUST01307,PROD00104,STORE006,2026-04-24,1,17203.33
ORD0015491,CUST00678,PROD00249,STORE016,2026-04-24,3,21214.28
ORD0015183,CUST00844,PROD00061,STORE005,2026-04-24,5,20981.12
ORD0014794,CUST00268,PROD00090,STORE024,2026-04-17,1,22171.81
ORD0016190,CUST00622,PROD00124,STORE023,2026-04-24,5,14120.54
ORD0016145,CUST00411,PROD00082,STORE008,2026-04-24,6,21263.74
ORD0014972,CUST01381,PROD00128,STORE008,2026-04-24,3,571.72
ORD0015134,CUST00892,PROD00177,STORE022,2026-04-24,6,24714.06
ORD0014639,CUST01348,PROD00013,STORE021,2026-04-24,4,4918.0
ORD0015660,CUST01423,PROD00255,STORE009,2026-04-24,5,13188.31
ORD0016291,CUST01031,PROD00035,STORE008,2026-04-16,6,18784.19
ORD0016356,CUST01285,PROD00220,STORE010,2026-04-24,4,13934.03
ORD0015045,CUST01266,PROD00078,STORE015,2026-04-24,5,16216.12
ORD0014754,,PROD00063,STORE002,2026-04-24,2,13371.43
ORD0016218,CUST00120,PROD00110,STORE015,2026-04-19,2,3189.04
ORD0016415,CUST00407,PROD00277,STORE020,2026-04-24,1,7011.64
ORD0016395,CUST00333,PROD00238,STORE023,2026-04-24,5,17673.59
ORD0014568,CUST00805,PROD00255,STORE011,2026-04-24,5,6757.59
ORD0015716,CUST00580,PROD00253,STORE021,2026-04-24,3,4196.0
ORD0016221,CUST00917,PROD00172,STORE011,2026-04-19,2,1726.76
ORD0015891,CUST00673,PROD00125,STORE015,2026-04-24,3,14254.2
ORD0014644,CUST00617,PROD00257,STORE015,2026-04-24,1,23572.62
ORD0014643,CUST01193,PROD00235,STORE024,2026-04-24,1,18004.31
ORD0015426,CUST00354,PROD00107,STORE025,2026-04-24,1,17325.55
ORD0014970,CUST00846,PROD00235,STORE006,2026-04-24,4,14709.61
ORD0015638,CUST01460,PROD00270,STORE007,2026-04-24,1,5699.75
ORD0015076,CUST01297,PROD00164,STORE018,2026-04-24,6,19110.09
ORD0014601,CUST00956,PROD00225,STORE003,2026-04-24,1,12744.63
ORD0015188,CUST00903,PROD00135,STORE004,2026-04-24,4,4506.25
ORD0015822,CUST01076,PROD00200,STORE015,2026-04-24,2,15697.93
ORD0016061,CUST01455,PROD00063,STORE009,2026-04-24,1,10674.61
ORD0014626,CUST01264,PROD00291,STORE012,2026-04-24,6,21788.04
ORD0016480,CUST00507,PROD00047,STORE006,2026-04-24,3,13581.14
ORD0016191,CUST00878,PROD00099,STORE003,2026-04-24,1,2910.42
ORD0015504,CUST00928,PROD00110,STORE007,2026-04-24,1,9853.23
ORD0016390,CUST01404,PROD00211,STORE003,2026-04-24,4,3981.88
ORD0015818,CUST00954,PROD00297,STORE019,2026-04-24,3,12595.86
ORD0015843,CUST00032,PROD00114,STORE021,2026-04-24,2,18285.41
ORD0015487,CUST01408,PROD00056,STORE005,2026-04-24,2,10946.47
ORD0014557,CUST00851,PROD00235,STORE012,2026-04-24,2,22039.8
ORD0016379,CUST00030,PROD00235,STORE002,2026-04-24,1,6686.61
ORD0015701,CUST01138,PROD00207,STORE010,2026-04-24,6,6184.01
ORD0016239,CUST00860,PROD00008,STORE007,2026-04-24,6,8386.65
ORD0014659,CUST00771,PROD00064,STORE006,2026-04-24,1,4536.32
ORD0016267,CUST00734,PROD00008,STORE024,2026-04-24,1,17485.84
ORD0014555,CUST01202,PROD00153,STORE013,2026-04-24,3,8707.04
ORD0014891,CUST00065,PROD00090,STORE016,2026-04-21,3,18335.99
ORD0015755,CUST01215,PROD00136,STORE023,2026-04-24,6,16062.79
ORD0015795,CUST00135,PROD00253,STORE015,2026-04-24,5,1715.95
ORD0015149,CUST01236,PROD00100,STORE019,2026-04-24,2,16446.77
ORD0016420,CUST01109,PROD00109,STORE019,2026-04-24,1,13583.66
ORD0016313,CUST00839,PROD00107,STORE017,2026-04-24,4,13196.05
ORD0016154,CUST00269,PROD00192,STORE023,2026-04-24,1,7383.4
ORD0015357,CUST00431,PROD00101,STORE006,2026-04-24,4,22782.43
ORD0015833,CUST01400,PROD00046,STORE006,2026-04-24,6,unknown
ORD0015189,CUST00157,PROD00129,STORE025,2026-04-24,4,11581.66
ORD0016166,CUST00777,PROD00271,STORE007,2026-04-24,3,7010.36
ORD0016062,CUST00417,PROD00043,STORE009,2026-04-24,6,3921.92
ORD0015970,CUST00579,PROD00233,STORE001,2026-04-14,5,4113.77
ORD0014920,CUST00464,PROD00009,STORE024,2026-04-24,5,21231.07
ORD0016146,CUST01369,PROD00081,STORE002,2026-04-24,1,7644.29
ORD0015613,CUST00872,PROD00187,STORE010,2026-04-24,2,1779.63
ORD0014997,CUST00459,PROD00114,STORE014,2026-04-24,4,14553.13
ORD0015524,CUST00071,PROD00241,STORE025,2026-04-18,4,17091.37
ORD0016312,CUST01145,PROD00012,STORE022,2026-04-24,6,2735.05
ORD0015855,CUST00277,PROD00096,STORE003,2026-04-24,3,6850.04
ORD0014707,CUST01470,PROD00134,STORE025,2026-04-24,4,20877.71
ORD0015365,CUST00673,PROD00013,STORE018,2026-04-24,3,24152.08
ORD0015021,CUST00017,PROD00025,STORE007,2026-04-24,2,931.81
ORD0014938,CUST00920,PROD00028,STORE002,2026-04-24,6,4564.17
ORD0016109,CUST01016,PROD00170,STORE001,2026-04-24,5,12975.09
ORD0016087,CUST00246,PROD00123,STORE018,2026-04-24,4,598.88
ORD0016288,CUST00047,PROD00252,STORE025,2026-04-24,3,13815.43
ORD0016346,CUST00289,PROD00026,STORE007,2026-04-24,4,12426.96
ORD0014837,CUST00266,PROD00107,STORE025,2026-04-24,1,3194.08
ORD0015086,CUST00007,PROD00187,STORE007,2026-04-24,6,22611.67
ORD0015094,CUST00953,PROD00073,STORE025,2026-04-24,6,7070.79
ORD0014534,CUST00623,PROD00181,STORE012,2026-04-24,3,596.89
ORD0015344,CUST00837,PROD00251,STORE025,2026-04-24,3,15908.06
ORD0015626,CUST00431,PROD00195,STORE004,2026-04-24,1,9445.53
ORD0014585,CUST00372,PROD00192,STORE005,2026-04-24,4,7931.84
ORD0016296,CUST00858,PROD00007,STORE004,2026-04-24,1,16394.63
ORD0015407,CUST00524,PROD00044,STORE008,2026-04-24,3,8862.54
ORD0015902,CUST00989,PROD00058,STORE016,2026-04-14,3,13471.3
ORD0014517,CUST00496,PROD00200,STORE024,2026-04-24,4,14689.45
ORD0015919,CUST00929,PROD00021,STORE006,2026-04-24,4,2682.31
ORD0016241,CUST00249,PROD00158,STORE025,2026-04-24,1,23833.94
ORD0015434,CUST00078,PROD00113,STORE013,2026-04-24,6,237.8
ORD0014808,CUST01306,PROD00150,STORE025,2026-04-24,3,11230.44
ORD0016212,CUST01391,PROD00182,STORE011,2026-04-24,4,20161.89
ORD0015984,CUST00821,PROD00058,STORE018,2026-04-24,2,3690.15
ORD0015614,CUST00878,PROD00054,STORE013,2026-04-24,6,6542.02
ORD0016182,CUST00887,PROD00208,STORE002,2026-04-24,5,10797.31
ORD0016113,CUST01136,PROD00088,STORE016,2026-04-24,4,23248.82
ORD0015944,CUST01092,PROD00074,STORE023,2026-04-24,3,22460.55
ORD0015575,CUST00176,PROD00252,STORE004,2026-04-24,3,20082.69
ORD0014741,CUST00877,PROD00069,STORE005,2026-04-24,1,19590.19
ORD0015512,CUST00552,PROD00164,STORE021,2026-04-24,1,19779.51
ORD0016158,CUST00407,PROD00116,STORE023,2026-04-24,4,6769.03
ORD0014963,CUST00982,PROD00192,STORE018,2026-04-24,2,6556.6
ORD0015929,CUST01297,PROD00114,STORE005,2026-04-24,2,11533.14
ORD0016065,CUST00674,PROD00151,STORE002,2026-04-24,4,18082.44
ORD0014556,CUST00106,PROD00003,STORE010,2026-04-24,1,2828.95
ORD0016418,CUST00839,PROD00291,STORE020,2026-04-24,2,16706.07
ORD0015287,CUST00193,PROD00192,STORE016,2026-04-24,6,14887.02
ORD0016123,CUST00870,PROD00276,STORE001,2026-04-24,5,10931.48
ORD0016129,CUST01480,PROD00109,STORE002,2026-04-24,3,18718.22
ORD0015477,CUST00657,PROD00247,STORE010,2026-04-24,1,4702.65
ORD0015433,CUST00944,PROD00028,STORE015,2026-04-24,4,9050.84
ORD0016255,CUST00534,PROD00046,STORE023,2026-04-24,3,248.02
ORD0015622,CUST00243,PROD00123,STORE013,2026-04-24,2,19513.02
ORD0015279,CUST00657,PROD00187,STORE012,2026-04-24,6,736.92
ORD0014990,CUST00364,PROD00046,STORE014,2026-04-24,4,4989.14
ORD0014622,CUST01461,PROD00037,STORE002,2026-04-24,3,13736.51
ORD0015712,CUST00634,PROD00111,STORE001,2026-04-24,-1,13086.68
ORD0016447,CUST00316,PROD00146,STORE004,2026-04-24,1,23245.44
ORD0014923,CUST01359,PROD00030,STORE008,2026-04-24,6,9089.92
ORD0016458,CUST00812,PROD00061,STORE016,2026-04-17,5,3446.55
ORD0016366,CUST00570,PROD00287,STORE025,2026-04-24,2,24776.31
ORD0015753,CUST01116,PROD00146,STORE024,2026-04-24,5,14090.81
ORD0016041,CUST00983,PROD00300,STORE012,2026-04-21,4,2002.01
ORD0014608,CUST01403,PROD00191,STORE011,2026-04-24,4,20725.61
ORD0016208,CUST00507,PROD00220,STORE002,2026-04-24,1,9235.07
ORD0016302,CUST00183,PROD00136,STORE017,2026-04-24,2,2623.02
ORD0016263,CUST00153,PROD00222,STORE015,2026-04-24,3,618.57
ORD0014817,CUST01020,PROD00126,STORE025,2026-04-24,6,22175.79
ORD0016403,CUST01167,PROD00246,STORE012,2026-04-24,1,275.12
ORD0015039,CUST01498,PROD00202,STORE025,2026-04-24,2,4444.24
ORD0015193,CUST01436,,STORE013,2026-04-17,2,22649.14
ORD0014776,CUST01420,PROD00031,STORE007,2026-04-24,1,23886.33
ORD0015595,CUST00676,PROD00246,STORE014,2026-04-24,2,19974.0
ORD0015827,CUST00714,PROD00165,STORE011,2026-04-24,4,665.8
ORD0015263,CUST01219,PROD00109,STORE021,2026-04-24,4,12547.79
ORD0014600,CUST00666,PROD00206,STORE002,2026-04-24,3,10602.41
ORD0015125,CUST00216,PROD00209,STORE019,2026-04-24,2,15142.25
ORD0015952,CUST01377,PROD00149,STORE015,2026-04-24,2,24804.07
ORD0014753,CUST00587,PROD00271,STORE021,2026-04-24,5,16720.47
ORD0014511,CUST00544,PROD00070,STORE006,2026-04-24,4,14341.61
ORD0015063,CUST00474,PROD00017,STORE003,2026-04-24,2,19333.5
ORD0016249,CUST00797,PROD00102,STORE009,2026-04-24,3,8825.01
ORD0016058,CUST00029,PROD00216,STORE012,2026-04-24,1,1025.36
ORD0016148,CUST00574,PROD00009,STORE004,2026-04-24,6,7981.65
ORD0015214,CUST01339,PROD00092,STORE009,2026-04-24,2,14102.3
ORD0015840,CUST00821,PROD00189,STORE022,2026-04-24,1,7651.84
ORD0015452,CUST00338,PROD00291,STORE009,2026-04-24,6,2980.96
ORD0016399,CUST01355,PROD00225,STORE004,2026-04-24,1,16619.26
ORD0015967,CUST00405,PROD00120,STORE012,2026-04-24,4,7165.45
ORD0014900,CUST00857,PROD00173,STORE002,2026-04-24,1,5877.05
ORD0016378,CUST01230,PROD00016,STORE022,2026-04-24,3,7159.79
ORD0015133,CUST00347,PROD00200,STORE011,2026-04-24,2,23629.02
ORD0014749,CUST00711,PROD00096,STORE003,2026-04-24,5,3090.11
ORD0016042,CUST00138,PROD00019,STORE005,2026-04-24,2,19303.65
ORD0015641,CUST00571,PROD00096,STORE002,2026-04-24,2,16719.21
ORD0015358,CUST01311,PROD00191,STORE002,2026-04-24,1,22683.16
ORD0014682,CUST01281,PROD00102,STORE012,2026-04-24,4,785.33
ORD0015380,CUST00244,PROD00268,STORE001,2026-04-24,6,23245.18
ORD0015184,CUST00058,PROD00046,STORE015,2026-04-24,5,17647.82
ORD0016039,CUST01234,PROD00299,STORE020,2026-04-24,6,23782.77
ORD0015406,CUST00571,PROD00058,STORE012,2026-04-24,5,12485.3
ORD0014978,CUST00347,PROD00069,STORE016,2026-04-24,6,11421.91
ORD0015479,CUST00154,PROD00094,STORE018,2026-04-24,4,15828.43
ORD0016233,CUST00999,PROD00217,STORE012,2026-04-24,two,3225.91
ORD0015800,CUST00993,PROD00033,STORE021,2026-04-24,1,9924.4
ORD0015122,CUST00723,PROD00063,STORE021,2026-04-24,4,2770.63
ORD0015553,CUST01251,PROD00067,STORE002,2026-04-24,6,21430.68
ORD0015381,CUST01412,PROD00077,STORE003,2026-04-24,3,4710.15
ORD0015914,CUST01045,PROD00180,STORE003,2026-04-24,2,23702.07
ORD0015777,CUST00292,PROD00181,STORE004,2026-04-19,3,10958.02
ORD0014651,CUST00519,PROD00062,STORE025,2026-04-24,4,15551.92
ORD0014532,CUST00529,PROD00232,STORE009,2026-04-24,6,19733.52
ORD0014541,CUST00543,PROD00253,STORE009,2026-04-24,4,15622.59
ORD0015226,CUST00038,PROD00094,STORE003,2026-04-24,3,10188.35
ORD0016047,CUST00069,PROD00266,STORE024,2026-04-24,5,4700.41
ORD0016385,CUST00953,PROD00067,STORE002,2026-04-24,6,8548.65
ORD0015322,CUST01035,PROD00173,STORE019,2026-04-24,6,-5
ORD0014814,CUST00603,PROD00113,STORE013,2026-04-19,4,22705.05
ORD0015018,CUST01386,PROD00107,STORE008,2026-04-24,4,21003.7
ORD0016422,CUST00880,PROD00025,STORE015,2026-04-24,4,6740.94
ORD0016381,CUST00206,PROD00018,STORE020,2026-04-19,1,19441.02
ORD0015628,CUST00181,PROD00020,STORE018,2026-04-24,4,17227.38
ORD0016295,CUST00197,PROD00298,STORE015,2026-04-24,5,19117.13
ORD0014858,CUST01109,PROD00090,STORE022,2026-04-24,3,9593.51
ORD0014916,CUST01445,PROD00141,STORE003,2026-04-24,3,6234.93
ORD0016425,CUST01449,PROD00142,STORE018,2026-04-24,2,3195.89
ORD0016462,CUST00088,PROD00291,STORE018,2026-04-24,6,11809.09
ORD0014681,CUST00172,PROD00203,STORE010,2026-04-24,1,6297.54
ORD0016293,CUST00296,PROD00103,STORE013,2026-04-24,4,9218.25
ORD0015997,CUST00623,PROD00139,STORE003,2026-04-24,4,14218.84
ORD0016407,CUST01015,PROD00069,STORE020,2026-04-24,3,5021.04
ORD0015316,CUST01109,PROD00050,STORE025,2026-04-24,2,24167.98
ORD0015674,CUST00513,PROD00235,STORE009,2026-04-24,4,8293.33
ORD0015826,CUST00897,PROD00266,STORE024,2026-04-24,4,12859.82
ORD0015077,CUST00293,PROD00169,STORE020,2026-04-24,1,23840.13
ORD0015085,CUST01447,PROD00057,STORE002,2026-04-21,6,24991.43
ORD0015218,CUST00281,PROD00046,STORE011,2026-04-24,3,1314.01
ORD0015618,CUST00368,PROD00168,STORE013,2026-04-24,6,19051.76
ORD0015465,CUST01004,PROD00132,STORE004,2026-04-24,2,9203.68
ORD0015700,CUST01089,PROD00238,STORE012,2026-04-24,2,6061.13
ORD0014789,CUST00092,PROD00068,STORE024,2026-04-24,6,24044.9
ORD0016019,CUST00370,PROD00277,STORE022,2026-04-24,2,4618.99
ORD0016394,CUST00646,PROD00217,STORE017,2026-04-24,3,11572.79
ORD0014906,CUST00611,PROD00254,STORE004,2026-04-24,1,3707.38
ORD0016294,CUST00345,PROD00019,STORE021,2026-04-24,6,23161.23
ORD0015593,CUST00378,PROD00008,STORE007,2026-13-40,4,9696.34
ORD0014508,CUST01449,PROD00115,STORE025,2026-04-24,4,18029.52
ORD0015480,CUST00507,PROD00057,STORE024,2026-04-24,1,5608.08
ORD0015007,CUST00811,PROD00036,STORE024,2026-04-24,3,6478.37
ORD0015713,CUST00558,PROD00058,STORE009,2026-04-24,1,5847.7
ORD0015494,CUST01292,PROD00020,STORE019,2026-04-24,6,19809.53
ORD0014934,CUST01277,PROD00020,STORE004,2026-04-18,4,15263.81
ORD0014936,CUST00631,PROD00206,STORE018,2026-04-24,4,21511.29
ORD0015639,CUST01413,PROD00287,STORE025,2026-04-24,6,7264.77
ORD0015489,CUST00641,PROD00271,STORE017,2026-04-24,4,2438.38
ORD0015465,CUST01004,PROD00132,STORE004,2026-04-24,2,9203.68
ORD0015171,CUST01313,PROD00217,STORE003,2026-04-24,1,unknown
ORD0015926,CUST01208,PROD00284,STORE012,2026-04-24,1,12995.45
ORD0016141,CUST01362,PROD00105,STORE018,2026-04-24,5,15249.5
ORD0016459,CUST00914,PROD00239,STORE008,2026-04-24,2,12190.89
ORD0015037,,PROD00002,STORE002,2026-04-24,6,11101.38
ORD0014868,CUST00037,PROD00264,STORE002,2026-04-24,3,8990.21
ORD0016244,CUST00418,PROD00101,STORE021,2026-04-24,3,16016.17
ORD0016127,CUST00578,PROD00094,STORE020,2026-04-24,5,9656.54
ORD0016200,CUST00811,PROD00128,STORE025,2026-04-24,6,20356.21
ORD0014971,,PROD00091,STORE007,2026-04-24,5,484.96
ORD0014986,CUST00782,PROD00170,STORE008,2026-04-24,6,164.18
ORD0014698,CUST01046,PROD00036,STORE013,2026-04-24,1,5075.29
ORD0015013,CUST00677,PROD00146,STORE022,2026-04-24,1,16059.28
ORD0015044,CUST00015,PROD00041,STORE024,2026-04-24,1,9929.41
ORD0014803,CUST00468,PROD00206,STORE017,2026-04-24,1,2143.85
ORD0014981,CUST01246,PROD00233,STORE014,2026-04-24,5,6623.5
ORD0014502,CUST01303,PROD00041,STORE012,2026-04-24,1,16726.55
ORD0015776,CUST00204,PROD00240,STORE024,2026-04-24,4,19962.49
ORD0014708,CUST00086,PROD00294,STORE008,2026-04-24,4,1646.11
ORD0015971,CUST00738,PROD00162,STORE019,2026-04-24,3,19154.32
ORD0014807,CUST00567,PROD00196,STORE001,2026-04-24,4,10178.65
ORD0014528,CUST01412,PROD00112,STORE010,2026-04-24,2,5618.14
ORD0015249,CUST01417,PROD00093,STORE019,2026-04-21,5,17589.54
ORD0016126,CUST01170,PROD00007,STORE017,2026-04-21,6,6360.88
ORD0016412,CUST00779,PROD00002,STORE003,2026-04-24,4,11942.54
ORD0016227,CUST00774,PROD00111,STORE016,2026-04-24,6,1581.98
ORD0014998,CUST01378,PROD00291,STORE004,2026-04-24,4,10535.3
ORD0016106,CUST01165,PROD00034,STORE025,2026-04-24,3,9156.97
ORD0015873,CUST01005,PROD00297,STORE023,2026-04-24,2,8978.28
ORD0015190,CUST00025,PROD00096,STORE023,2026-04-24,1,2010.15
ORD0016142,CUST00256,PROD00045,STORE019,2026-04-24,1,14453.32
ORD0015042,CUST01215,PROD00054,STORE024,2026-04-24,6,4768.14
ORD0014985,CUST01087,PROD00089,STORE021,2026-04-24,3,2693.86
ORD0014888,CUST01120,PROD00297,STORE010,2026-04-24,3,17022.82
ORD0015870,,PROD00171,STORE019,2026-04-24,6,8361.94
ORD0014800,CUST00200,PROD00031,STORE017,2026-04-24,6,13236.04
ORD0015051,CUST00700,PROD00290,STORE010,2026-04-24,4,5062.39
ORD0014661,CUST01392,PROD00022,STORE002,2026-04-24,3,22996.55
ORD0014801,CUST00628,PROD00208,STORE004,2026-04-24,5,12790.88
ORD0014903,CUST01442,PROD00076,STORE016,2026-04-24,6,19730.56
ORD0014687,CUST00747,PROD00100,STORE003,2026-04-24,3,16116.33
ORD0015928,CUST00555,PROD00287,STORE011,2026-04-24,5,13438.62
ORD0016400,CUST00491,PROD00010,STORE024,2026-04-24,5,16085.61
ORD0014580,CUST00711,PROD00252,STORE017,2026-04-24,1,7225.77
ORD0014960,CUST00273,PROD00161,STORE011,2026-04-24,3,3692.44
ORD0015526,CUST01219,PROD00008,STORE014,2026-04-24,1,6827.45
ORD0016389,CUST01368,PROD00290,STORE002,2026-04-18,2,10316.66
ORD0015607,CUST01083,PROD00254,STORE007,2026-04-24,1,2169.38
ORD0014545,CUST01272,PROD00102,STORE019,2026-04-24,3,6750.83
ORD0014893,CUST00406,PROD00198,STORE023,2026-04-24,5,12402.15
ORD0015372,CUST00362,PROD00206,STORE017,2026-04-24,1,5685.19
ORD0015313,CUST01208,PROD00187,STORE021,2026-04-24,4,21562.72
ORD0015139,CUST01267,,STORE022,2026-04-24,5,19932.78
ORD0015567,CUST01325,PROD00069,STORE018,2026-04-24,4,8428.85
ORD0015112,CUST00255,PROD00208,STORE010,,4,15566.94
ORD0015209,CUST00807,PROD00235,STORE002,2026-04-24,4,18432.98
ORD0015126,CUST01327,PROD00221,STORE004,2026-04-24,3,14200.49
ORD0014823,CUST00879,PROD00117,STORE010,2026-04-24,6,15462.14
ORD0015796,CUST01396,PROD00048,STORE009,2026-04-24,3,19000.77
ORD0014773,CUST01450,PROD00209,STORE013,2026-04-24,2,17085.07
ORD0015424,CUST01048,PROD00070,STORE010,2026-04-24,1,12501.88
ORD0015857,CUST00364,PROD00182,STORE010,2026-04-24,4,16005.55
ORD0015296,CUST00377,PROD00045,STORE013,2026-04-24,5,23675.97
ORD0015450,CUST01271,PROD00268,STORE005,2026-04-24,5,3073.13
ORD0015114,CUST00398,PROD00116,STORE021,2026-04-24,6,1702.46
ORD0015315,CUST00901,PROD00105,STORE020,2026-04-24,3,23717.34
ORD0015411,CUST01171,PROD00199,STORE005,2026-04-24,6,20328.61
ORD0016000,CUST00638,PROD00264,STORE007,2026-04-24,5,23795.14
ORD0016434,CUST01303,PROD00198,STORE022,2026-04-24,1,1510.11
ORD0014597,CUST00127,PROD00207,STORE002,2026-04-24,3,11305.12
ORD0015688,CUST00346,PROD00065,STORE013,2026-04-24,6,18201.82
ORD0015391,CUST00481,PROD00124,STORE021,2026-04-24,4,4175.86
ORD0015167,CUST00053,PROD00080,STORE019,2026-04-24,5,13325.62
ORD0016116,CUST00924,PROD00213,STORE009,2026-04-24,1,12302.15
ORD0014565,CUST01281,PROD00081,STORE020,2026-04-24,5,4113.09
ORD0014884,CUST01079,PROD00223,STORE019,2026-04-20,1,8408.38
ORD0014631,CUST00248,PROD00043,STORE007,2026-04-24,2,15526.83
ORD0015307,CUST00190,PROD00228,STORE023,2026-04-24,3,5837.88
ORD0014831,CUST00989,PROD00037,STORE019,2026-04-24,5,14887.23
ORD0015947,CUST00585,PROD00223,STORE009,2026-04-24,5,16272.46
ORD0015348,CUST00768,PROD00269,STORE015,2026-04-24,2,12767.86
ORD0016495,CUST01006,PROD00211,STORE016,2026-04-24,4,3521.31
ORD0016349,CUST00346,PROD00049,STORE012,2026-04-24,6,10700.53
ORD0015950,CUST00728,PROD00087,STORE018,2026-04-24,3,21884.49
ORD0014838,CUST00966,PROD00274,STORE018,2026-04-24,1,22998.12
ORD0014935,CUST01483,PROD00031,STORE020,2026-04-21,2,7347.97
ORD0015163,CUST00475,PROD00155,STORE012,2026-04-24,1,3814.7
ORD0016103,CUST01199,PROD00086,STORE005,2026-04-24,2,1188.84
ORD0015490,CUST01453,PROD00171,STORE007,2026-04-24,6,2657.09
ORD0014833,CUST00047,PROD00157,STORE025,2026-04-24,6,16417.04
ORD0014786,CUST00901,PROD00041,STORE022,2026-04-24,4,abc
ORD0015580,CUST00071,PROD00128,STORE020,2026-13-40,1,16620.39
ORD0015864,CUST00269,PROD00048,STORE014,2026-04-24,4,8622.07
ORD0015972,CUST00349,PROD00257,STORE013,2026-04-24,6,14614.39
ORD0015642,CUST01283,PROD00020,STORE017,2026-04-24,6,13852.79
ORD0015819,CUST01289,PROD00147,STORE017,2026-04-24,4,17666.61
ORD0016492,CUST00160,PROD00110,STORE001,2026-04-24,3,18997.97
ORD0014701,CUST00321,PROD00019,STORE001,2026-04-24,4,17701.77
ORD0015370,CUST00588,PROD00224,STORE005,2026-04-24,6,8468.55
ORD0016080,CUST01448,PROD00142,STORE024,2026-04-24,6,16811.53
ORD0014779,CUST01414,PROD00176,STORE025,2026-04-24,6,22065.05
ORD0016323,CUST01386,PROD00299,STORE017,2026-04-24,2,abc
ORD0015445,CUST01410,PROD00211,STORE015,2026-04-21,5,11109.96
ORD0014918,CUST01218,PROD00083,STORE023,2026-04-24,5,1768.75
ORD0015734,CUST00431,PROD00032,STORE002,2026-04-24,4,19879.05
ORD0016238,CUST00961,PROD00148,STORE024,2026-04-24,4,18269.22
ORD0015090,CUST00050,PROD00237,STORE002,2026-04-16,4,5239.19
ORD0016423,CUST00968,PROD00291,STORE003,2026-04-24,5,15254.94
ORD0016251,CUST01473,PROD00177,STORE004,2026-04-16,4,21600.03
ORD0014504,CUST01426,PROD00269,STORE005,2026-04-24,2,4328.7
ORD0015832,CUST01364,PROD00053,STORE014,2026-04-24,2,11247.78
ORD0015003,CUST00340,PROD00224,STORE015,2026-04-24,5,13796.07
ORD0014738,CUST01028,PROD00057,STORE020,2026-04-24,4,22296.11
ORD0015132,CUST00802,PROD00294,STORE022,2026-04-24,1,21706.35
ORD0016044,CUST01097,PROD00110,STORE016,2026-04-24,6,19497.89
ORD0016155,,PROD00039,STORE017,2026-04-24,3,23435.04
ORD0016131,CUST00482,PROD00280,STORE001,2026-04-24,5,23838.39
ORD0015685,CUST00143,PROD00253,STORE004,2026-04-24,4,2480.36
ORD0015052,CUST01174,PROD00194,STORE006,2026-04-24,3,21220.84
ORD0015899,CUST00158,PROD00210,STORE001,2026-04-24,5,1854.75
ORD0016345,CUST01166,PROD00046,STORE017,2026-04-24,4,17473.91
ORD0015087,CUST01352,PROD00290,STORE017,2026-04-24,6,9633.28
ORD0015673,CUST01150,PROD00033,STORE019,2026-04-24,2,6269.5
ORD0016475,CUST01009,PROD00255,STORE017,2026-04-24,1,23424.5
ORD0014987,CUST00611,PROD00132,STORE001,2026-04-24,3,11220.66
ORD0015388,CUST00090,PROD00260,STORE005,2026-04-24,3,3087.68
ORD0014649,CUST01248,PROD00051,STORE010,2026-04-24,2,21828.49
ORD0014696,CUST00746,PROD00231,STORE024,2026-04-24,6,575.42
ORD0015306,CUST00241,PROD00064,STORE006,2026-04-24,4,19508.94
ORD0014529,CUST01275,PROD00297,STORE024,2026-04-24,3,18788.36
ORD0016489,CUST01174,PROD00044,STORE003,2026-04-24,1,2424.75
ORD0014743,CUST00576,PROD00177,STORE009,2026-04-24,2,8874.31
ORD0015191,CUST01294,PROD00265,STORE016,2026-04-24,1,7438.66
ORD0015234,CUST00396,PROD00266,STORE018,2026-04-24,1,16265.12
ORD0015178,CUST01417,PROD00202,STORE010,2026-04-24,6,9573.3
ORD0016084,CUST00359,PROD00262,STORE017,2026-04-24,3,18617.1
ORD0015376,CUST01410,PROD00078,STORE005,2026-04-24,5,24654.36
ORD0015920,CUST01023,PROD00203,STORE003,2026-04-24,1,21855.58
ORD0015845,CUST00440,PROD00184,STORE016,2026-04-24,2,18031.57
ORD0015632,CUST00770,PROD00089,STORE012,2026-04-24,5,23314.19
ORD0016235,CUST00296,PROD00066,STORE016,2026-04-17,4,6955.07
ORD0015653,CUST00345,PROD00254,STORE007,2026-04-24,5,14009.87
ORD0014955,CUST00117,PROD00193,STORE009,2026-04-24,2,16909.16
ORD0015152,CUST01457,PROD00165,STORE010,2026-04-24,6,4470.83
ORD0014572,CUST01085,PROD00075,STORE017,2026-04-24,5,8473.81
ORD0016360,CUST00338,PROD00251,STORE001,2026-04-21,5,18264.24
ORD0016040,CUST01035,PROD00147,STORE004,2026-04-24,4,19558.76
ORD0015838,CUST01406,PROD00126,STORE022,2026-04-24,2,10118.05
ORD0016430,CUST01099,PROD00241,STORE018,2026-04-24,6,21809.03
ORD0016038,CUST00460,PROD00235,STORE023,2026-04-24,1,4706.3
ORD0015238,CUST00846,PROD00292,STORE022,2026-04-24,3,13692.84
ORD0014904,CUST00866,PROD00078,STORE001,2026-04-24,2,10948.3
ORD0015521,CUST00446,PROD00098,STORE019,2026-04-24,5,13391.76
ORD0015253,,PROD00016,STORE006,2026-04-24,3,5371.57
ORD0015619,CUST01086,PROD00006,STORE007,2026-04-24,1,619.67
ORD0016264,CUST00727,PROD00210,STORE003,2026-04-24,4,23466.22
ORD0015006,CUST00854,PROD00272,STORE020,2026-04-24,1,10742.99
ORD0016111,CUST00199,PROD00033,STORE018,2026-04-24,6,5839.78
ORD0016050,CUST01234,PROD00253,STORE006,2026-04-24,2,22466.4
ORD0016186,CUST00191,PROD00145,STORE008,2026-04-16,2,20269.25
ORD0015775,CUST00259,PROD00295,STORE009,2026-04-24,3,2998.4
ORD0015408,CUST00732,PROD00117,STORE008,2026-04-24,6,23919.09
ORD0016435,CUST00518,PROD00109,STORE020,2026-04-24,5,19456.78
ORD0016278,CUST00004,PROD00161,STORE021,2026-04-24,6,2057.22
ORD0014588,CUST01176,PROD00162,STORE024,2026-04-24,4,21116.66
ORD0014854,CUST00835,PROD00092,STORE004,2026-04-24,3,15064.97
ORD0015743,CUST01384,PROD00137,STORE023,2026-04-24,5,18683.87
ORD0014875,CUST00964,PROD00095,STORE004,2026-04-24,6,22016.24
ORD0015789,CUST00498,PROD00295,STORE012,2026-04-24,3,22481.98
ORD0015830,CUST01126,PROD00091,STORE020,2026-04-24,3,784.73
ORD0015813,CUST01423,PROD00073,STORE010,2026-04-24,2,12814.7
ORD0014841,CUST00390,PROD00217,STORE017,2026-04-24,5,21447.3
ORD0015696,CUST00305,PROD00155,STORE022,2026-04-24,2,3309.84
ORD0016085,CUST01099,,STORE001,2026-04-24,6,11644.94
ORD0015111,CUST00984,PROD00210,STORE019,2026-04-24,4,20398.06
ORD0015332,CUST01004,PROD00232,STORE006,2026-04-24,5,9883.44
ORD0015449,CUST01031,PROD00186,STORE017,2026-04-24,2,18724.83
ORD0015225,CUST00986,PROD00022,STORE023,2026-04-24,4,1777.28
ORD0015027,CUST00916,PROD00245,STORE017,2026-04-24,5,5129.76
ORD0015330,CUST01228,PROD00179,STORE023,2026-13-40,1,10887.32
ORD0014856,CUST00844,PROD00253,STORE011,2026-04-24,4,24906.05
ORD0015749,CUST00548,PROD00122,STORE008,2026-04-24,6,18215.63
ORD0014958,CUST00980,PROD00204,STORE017,2026-04-24,2,11394.04
ORD0016452,CUST00373,PROD00001,STORE025,2026-04-24,6,12464.1
ORD0015122,CUST00723,PROD00063,STORE021,2026-04-24,4,2770.63
ORD0014678,CUST01007,PROD00203,STORE002,2026-04-24,6,23757.07
ORD0015568,CUST00925,PROD00204,STORE015,2026-04-24,1,22282.64
ORD0016488,CUST00264,PROD00195,STORE020,2026-04-24,6,20372.54
ORD0015312,CUST00842,PROD00029,STORE021,2026-04-24,2,2723.12
ORD0016165,CUST01157,PROD00222,STORE012,2026-04-24,4,17811.88
ORD0016180,CUST00634,PROD00252,STORE025,2026-04-24,4,17976.94
ORD0014882,CUST00108,PROD00236,STORE024,2026-04-24,2,12569.9
ORD0015934,CUST01034,PROD00289,STORE014,2026-04-24,1,6331.05
ORD0014686,CUST00874,PROD00003,STORE004,2026-04-24,1,6460.49
ORD0015291,CUST01212,PROD00224,STORE019,2026-04-24,2,15849.06
ORD0014716,CUST01370,PROD00052,STORE010,2026-04-24,1,18328.6
ORD0015907,CUST00455,PROD00202,STORE015,2026-04-24,4,2338.42
ORD0015278,CUST00054,PROD00186,STORE008,2026-04-24,1,5621.96
ORD0014657,CUST01196,PROD00095,STORE022,2026-04-24,4,21758.77
ORD0015686,CUST00254,PROD00100,STORE022,2026-04-24,1,1132.28
ORD0015041,CUST00711,PROD00126,STORE017,2026-04-24,1,23170.03
ORD0016016,CUST01485,PROD00075,STORE001,2026-04-24,5,15205.8
ORD0014796,CUST00579,PROD00258,STORE017,2026-04-24,6,3025.7
ORD0016242,CUST00320,PROD00237,STORE012,2026-04-24,4,9378.44
ORD0016383,CUST00307,PROD00291,STORE019,2026-04-24,1,24497.28
ORD0015735,CUST01148,PROD00225,STORE004,2026-04-24,2,13113.55
ORD0015199,CUST00085,PROD00087,STORE016,2026-04-24,1,876.77
ORD0014964,CUST00728,PROD00262,STORE023,2026-04-24,3,14124.41
ORD0015550,CUST00056,PROD00109,STORE015,2026-04-16,6,17368.52
ORD0016265,CUST00943,PROD00109,STORE022,2026-04-24,3,18565.74
ORD0014664,CUST00807,PROD00258,STORE009,2026-04-24,1,20111.96
ORD0014812,CUST01103,PROD00189,STORE017,2026-04-24,4,6943.0
ORD0015341,CUST00851,PROD00242,STORE002,2026-04-24,1,11507.34
ORD0015798,CUST00469,PROD00065,STORE023,2026-04-24,3,22612.28
ORD0015878,CUST00025,PROD00058,STORE002,2026-04-24,1,11896.12
ORD0016314,CUST01107,PROD00024,STORE013,2026-04-24,4,24133.7
ORD0015664,CUST01094,PROD00152,STORE015,2026-04-24,6,552.43
ORD0014954,CUST00807,PROD00300,STORE014,2026-04-24,5,23220.36
ORD0015762,CUST00020,PROD00204,STORE001,2026-04-24,6,10916.42
ORD0015202,CUST00297,PROD00279,STORE012,2026-04-24,1,5152.42
ORD0015390,CUST01475,PROD00109,STORE022,2026-04-24,5,19526.02
ORD0015430,CUST00387,PROD00097,STORE007,2026-04-24,5,18826.48
ORD0016228,CUST00327,PROD00167,STORE008,2026-04-24,5,22949.74
ORD0015216,CUST00327,PROD00298,STORE009,2026-04-24,6,16952.09
ORD0014889,CUST00316,PROD00173,STORE020,2026-04-24,5,6400.87
ORD0015110,CUST00004,PROD00122,STORE012,2026-04-24,2,22325.56
ORD0016427,CUST01025,PROD00158,STORE019,2026-04-24,4,18989.1
ORD0015440,CUST00352,PROD00251,STORE024,2026-04-24,4,10972.8
ORD0014765,CUST00399,PROD00089,STORE001,2026-04-20,5,2970.39
ORD0016461,CUST00954,PROD00157,STORE019,2026-04-24,5,17475.55
ORD0015615,CUST00696,PROD00127,STORE020,2026-04-24,2,abc
ORD0015825,CUST01434,PROD00017,STORE021,2026-04-24,5,11946.87
ORD0014984,CUST00632,PROD00166,STORE013,2026-04-24,6,10803.09
ORD0015420,CUST01327,PROD00177,STORE020,2026-04-24,6,23218.94
ORD0016143,CUST00445,PROD00151,STORE006,2026-04-24,6,21523.15
ORD0015321,CUST01386,PROD00268,STORE005,2026-04-24,1,2213.66
ORD0015164,CUST00658,PROD00277,STORE021,2026-04-24,4,1305.79
ORD0014863,CUST00631,PROD00206,STORE011,2026-04-24,3,7168.77
ORD0014680,CUST00705,PROD00216,STORE006,2026-04-24,1,3651.63
ORD0014694,CUST00552,PROD00260,STORE010,2026-04-24,6,18004.93
ORD0016250,CUST00174,PROD00015,STORE011,2026-04-16,1,4970.25
ORD0015493,CUST01011,PROD00041,STORE006,2026-04-24,2,4451.35
ORD0015602,CUST00117,PROD00037,STORE010,2026-04-24,5,13662.94
ORD0015097,CUST00676,PROD00190,STORE012,2026-04-24,2,8002.83
ORD0015733,CUST01242,PROD00152,STORE014,2026-04-24,3,14969.85
ORD0015326,CUST01109,PROD00077,STORE007,2026-04-24,6,12403.02
ORD0016270,CUST00103,PROD00219,STORE015,2026-04-24,4,2565.53
ORD0015038,CUST01351,PROD00222,STORE011,2026-04-24,3,$9319.47
ORD0016001,CUST00318,PROD00265,STORE004,2026-04-24,2,3625.72
ORD0015289,CUST01007,PROD00054,STORE003,2026-04-19,two,1158.22
ORD0016100,CUST00238,PROD00090,STORE002,2026-04-24,6,21553.37
ORD0014648,CUST00890,PROD00168,STORE001,2026-04-24,1,21410.84
ORD0015661,CUST01252,PROD00198,STORE001,2026-04-24,4,22286.06
ORD0015422,CUST00827,PROD00198,STORE016,2026-04-24,1,16821.06
ORD0014641,CUST00347,PROD00006,STORE022,2026-04-24,4,2186.51
ORD0016115,CUST00978,PROD00005,STORE016,2026-04-24,1,15043.17
ORD0015666,CUST01461,PROD00278,STORE008,2026-04-24,5,9165.78
ORD0015703,CUST00690,PROD00154,STORE015,2026-04-24,1,7509.79
ORD0015836,CUST00409,PROD00130,STORE017,2026-04-24,6,unknown
ORD0015788,CUST00195,PROD00197,STORE007,2026-04-24,4,16292.28
ORD0016121,CUST00060,PROD00212,STORE024,2026-04-24,3,4338.11
ORD0015325,CUST00057,PROD00077,STORE024,2026-04-24,4,23261.6
ORD0015657,CUST00075,PROD00146,STORE022,2026-04-24,5,7960.85
ORD0015497,CUST00666,PROD00187,STORE020,2026-04-24,1,21825.21
ORD0015333,CUST00586,PROD00181,STORE021,2026-04-24,2,23453.25
ORD0016187,CUST01316,PROD00229,STORE005,2026-04-24,5,2809.74
ORD0014766,CUST01057,PROD00144,STORE004,2026-04-24,5,10132.36
ORD0014762,CUST00922,PROD00030,STORE001,2026-04-24,3,21642.77
ORD0014614,,PROD00263,STORE013,2026-04-24,3,4706.61
ORD0015254,CUST00850,PROD00162,STORE025,2026-04-24,6,22738.65
ORD0015723,CUST00013,PROD00019,STORE013,2026-04-24,5,1962.31
ORD0016217,CUST00657,PROD00051,STORE019,2026-04-24,5,19202.66
ORD0015383,CUST00167,PROD00231,STORE003,2026-04-24,6,5166.19
ORD0016300,CUST00759,PROD00198,STORE019,2026-04-24,6,9296.83
ORD0015264,CUST00537,PROD00224,STORE010,2026-04-24,3,12029.81
ORD0015270,CUST00166,PROD00001,STORE023,2026-04-24,5,24643.3
ORD0014988,CUST00729,PROD00046,STORE012,2026-04-24,2,17910.45
ORD0015999,CUST00202,PROD00145,STORE023,2026-04-24,1,23458.91
ORD0014704,CUST00492,PROD00158,STORE018,2026-04-24,3,19328.71
ORD0014991,CUST00921,PROD00211,STORE015,2026-04-24,6,11911.81
ORD0014785,CUST00499,PROD00033,STORE007,2026-04-24,6,14058.82
ORD0015294,CUST01426,PROD00005,STORE006,2026-04-24,3,12665.46
ORD0015146,CUST01463,PROD00265,STORE021,2026-04-24,3,2255.96
ORD0016283,CUST00974,PROD00183,STORE023,2026-04-24,4,23010.17
ORD0015597,CUST00581,PROD00062,STORE014,2026-04-24,3,4691.05
ORD0015717,CUST01461,PROD00169,STORE003,2026-04-24,3,19799.89
ORD0014815,CUST01362,PROD00065,STORE016,2026-04-24,3,11293.5
ORD0014702,CUST01032,PROD00036,STORE008,2026-04-24,2,17215.9
ORD0015609,CUST00306,PROD00010,STORE019,2026-04-24,2,1836.28
ORD0015652,CUST00209,PROD00227,STORE023,2026-04-24,1,13537.7
ORD0014901,CUST01120,PROD00102,STORE010,2026-04-24,2,7078.88
ORD0015623,CUST00976,PROD00212,STORE009,2026-04-24,2,20000.44
ORD0014872,CUST00960,PROD00160,STORE022,2026-04-24,6,8703.78
ORD0015728,CUST01481,PROD00011,STORE021,2026-04-24,5,5432.97
ORD0015542,CUST00741,PROD00197,STORE012,2026-04-15,2,15107.8
ORD0016214,CUST00676,PROD00272,STORE025,2026-04-24,2,4563.96
ORD0015793,CUST00919,PROD00209,STORE002,2026-04-24,2,13880.8
ORD0016258,CUST00307,PROD00017,STORE016,2026-04-24,6,$2139.27
ORD0015429,CUST00237,PROD00172,STORE017,2026-04-24,5,4144.6
ORD0015432,CUST01188,PROD00197,STORE012,2026-04-24,5,5341.69
ORD0015427,CUST00707,PROD00044,STORE008,2026-04-24,2,12434.93
ORD0014768,CUST01374,PROD00289,STORE014,2026-04-24,6,20495.28
ORD0015352,CUST01296,PROD00105,STORE014,2026-04-18,5,21383.8
ORD0016273,CUST01381,PROD00180,STORE001,2026-04-24,1,11805.36
ORD0016392,CUST01254,PROD00282,STORE016,2026-04-24,3,21916.16
ORD0014569,CUST01197,PROD00252,STORE023,2026-04-24,3,6307.81
ORD0016377,CUST00727,PROD00036,STORE010,2026-04-24,3,16326.53
ORD0016177,CUST00889,PROD00020,STORE002,2026-04-24,3,17632.3
ORD0014892,CUST00804,PROD00230,STORE025,2026-04-24,5,6034.44
ORD0016426,CUST00580,PROD00298,STORE016,2026-04-24,6,24895.05
ORD0015271,CUST01205,PROD00076,STORE019,2026-04-24,3,24180.05
ORD0015918,CUST01171,PROD00137,STORE009,2026-04-24,1,17613.72
ORD0014930,CUST01390,PROD00206,STORE016,2026-04-24,2,5688.12
ORD0014870,CUST00295,PROD00154,STORE006,2026-04-24,5,6565.77
ORD0016483,CUST00224,PROD00092,STORE025,2026-04-24,4,23725.73
ORD0016404,CUST00812,PROD00087,STORE005,2026-04-24,4,22528.5
ORD0015633,CUST01169,PROD00187,STORE013,2026-04-24,4,24907.33
ORD0015931,CUST01457,PROD00295,STORE024,2026-04-16,3,9713.08
ORD0015229,CUST00063,PROD00222,STORE018,2026-04-24,1,21419.92
ORD0016455,CUST00186,,STORE004,2026-04-24,5,23619.5
ORD0015361,CUST00744,PROD00232,STORE009,2026-04-24,1,422.61
ORD0015894,CUST00427,PROD00105,STORE014,2026-04-24,6,9559.94
ORD0015611,CUST01044,PROD00205,STORE019,2026-04-24,2,3843.4
ORD0016159,CUST00647,PROD00010,STORE019,2026-04-24,2,7338.46
ORD0016193,CUST00311,PROD00207,STORE023,2026-04-24,6,14756.28
ORD0015161,CUST00408,PROD00054,STORE007,2026-04-24,2,20298.3
ORD0014974,CUST00697,PROD00063,STORE003,2026-04-24,5,1588.37
ORD0015413,CUST01205,PROD00258,STORE024,2026-04-24,5,14662.26
ORD0015549,CUST00449,PROD00116,STORE020,2026-04-24,6,16111.19
ORD0015220,CUST00156,PROD00277,STORE015,2026-04-24,3,1051.37
ORD0015842,CUST01163,PROD00179,STORE017,2026-04-24,3,8066.6
ORD0015441,CUST00832,,STORE005,2026-04-24,5,24437.06
ORD0015069,CUST00614,PROD00186,STORE020,2026-04-24,4,14957.89
ORD0016156,CUST00135,PROD00038,STORE024,2026-04-24,1,12393.39
ORD0015558,CUST00903,PROD00115,STORE017,2026-04-24,6,24390.09
ORD0015502,CUST00792,PROD00025,STORE019,2026-04-24,3,15860.1
ORD0015566,CUST01282,PROD00073,STORE019,2026-04-24,6,8709.53
ORD0016322,CUST01132,PROD00268,STORE007,2026-04-24,1,3803.42
ORD0015053,CUST00542,PROD00289,STORE020,2026-04-24,6,3761.99
ORD0015340,CUST00594,PROD00276,STORE011,2026-04-24,2,19244.61
ORD0015014,CUST01455,PROD00078,STORE005,2026-04-24,3,8492.32
ORD0014607,CUST01325,PROD00257,STORE008,2026-04-24,6,6606.44
ORD0015397,CUST00085,PROD00203,STORE023,2026-04-24,2,6278.52
ORD0014787,CUST00693,PROD00168,STORE008,2026-04-24,2,6218.46
ORD0015280,CUST00478,PROD00223,STORE002,2026-04-24,3,2689.21
ORD0016070,CUST00838,PROD00100,STORE014,2026-04-24,2,17693.63
ORD0016076,CUST01223,PROD00153,STORE023,2026-13-40,5,5313.24
ORD0016486,CUST00904,PROD00227,STORE010,2026-04-16,5,8816.74
ORD0016245,CUST01426,PROD00204,STORE009,2026-04-24,6,16658.27
ORD0016362,CUST00201,PROD00235,STORE015,2026-04-24,1,18031.38
ORD0015756,CUST01177,PROD00057,STORE019,2026-04-24,5,10168.57
ORD0015447,CUST00775,PROD00148,STORE025,2026-04-24,1,18519.95
ORD0014922,CUST00086,PROD00081,STORE012,2026-04-24,6,8294.66
ORD0015107,CUST00106,PROD00001,STORE019,2026-04-24,5,11232.44
ORD0015765,CUST00461,PROD00131,STORE003,2026-04-20,1,8201.96
ORD0016283,CUST00974,PROD00183,STORE023,2026-04-24,4,23010.17
ORD0015305,CUST00459,PROD00091,STORE021,2026-04-24,2,16382.82
ORD0014619,CUST00680,PROD00131,STORE007,2026-04-24,4,5314.51
ORD0014668,CUST01348,PROD00181,STORE021,2026-04-15,5,16889.96
ORD0014782,CUST01201,PROD00031,STORE014,2026-04-24,3,19544.99
ORD0014781,CUST00593,PROD00037,STORE009,2026-04-24,3,17525.85
ORD0015555,CUST00182,PROD00023,STORE022,2026-04-24,6,23640.73
ORD0014895,CUST00324,PROD00019,STORE007,2026-04-16,6,1522.73
ORD0015185,CUST01068,PROD00288,STORE008,2026-04-17,3,24913.28
ORD0015260,CUST00161,PROD00133,STORE018,2026-04-24,5,691.74
ORD0016049,CUST00898,PROD00228,STORE008,2026-04-24,3,12538.46
ORD0016034,CUST00266,PROD00184,STORE019,2026-04-24,1,18582.99
ORD0015535,CUST00128,PROD00078,STORE023,2026-04-24,2,19970.03
ORD0016178,CUST01060,PROD00121,STORE023,2026-04-14,6,22440.6
ORD0015120,CUST01184,PROD00059,STORE006,2026-04-24,5,1435.47
ORD0016167,CUST01229,PROD00242,STORE004,2026-04-24,2,24622.06
ORD0014652,CUST00175,PROD00178,STORE010,2026-04-24,3,1187.32
ORD0014929,CUST00380,PROD00211,STORE016,2026-04-24,4,22946.97
ORD0016363,CUST00860,PROD00190,STORE020,2026-04-24,6,18568.03
ORD0014713,CUST01246,PROD00276,STORE012,2026-04-24,3,544.2
