order_id,customer_id,product_id,store_id,order_date,quantity,unit_price
ORD0021918,CUST00321,PROD00163,STORE019,2026-04-27,6,2908.18
ORD0021133,CUST00229,PROD00135,STORE005,2026-04-27,4,16068.89
ORD0021374,CUST01214,PROD00085,STORE006,2026-04-27,2,24813.81
ORD0022218,CUST01021,PROD00019,STORE014,2026-04-27,4,11098.66
ORD0020746,CUST01188,PROD00257,STORE015,2026-04-27,1,22138.77
ORD0021771,CUST00954,PROD00111,STORE010,2026-04-27,5,6277.69
ORD0020646,CUST01202,PROD00204,STORE019,2026-04-27,1,4358.45
ORD0021731,CUST00150,PROD00239,STORE007,2026-04-27,4,1095.96
ORD0021925,CUST00643,PROD00208,STORE007,2026-04-27,6,4327.01
ORD0022316,CUST00026,PROD00003,STORE017,2026-04-27,1,14666.5
ORD0022259,CUST01311,PROD00064,STORE022,2026-04-27,6,18489.5
ORD0022423,CUST01071,PROD00128,STORE010,2026-04-27,6,8875.18
ORD0021651,CUST00368,PROD00281,STORE020,2026-04-27,6,9344.28
ORD0022208,CUST00970,PROD00162,STORE018,2026-04-19,6,21127.3
ORD0020978,CUST00996,PROD00073,STORE016,2026-04-27,3,22775.05
ORD0022064,CUST01343,PROD00271,STORE025,2026-04-27,6,14663.96
ORD0020581,CUST01281,PROD00081,STORE003,2026-04-27,6,18754.47
ORD0020827,CUST00334,PROD00246,STORE023,2026-04-27,1,15130.11
ORD0021001,CUST00444,PROD00230,STORE001,2026-04-21,6,7352.47
ORD0021473,CUST01236,PROD00035,STORE015,2026-04-27,5,12724.42
ORD0021761,CUST00678,PROD00245,STORE014,2026-04-27,1,1152.05
ORD0021702,CUST01400,PROD00149,STORE021,2026-04-22,1,23391.93
ORD0020626,CUST00666,PROD00002,STORE006,2026-04-27,6,1860.96
ORD0021151,CUST00589,PROD00049,STORE007,2026-04-27,4,16034.26
ORD0021239,CUST00115,PROD00095,STORE017,2026-04-27,2,8461.76
ORD0022371,CUST00192,PROD00170,STORE013,2026-04-27,1,5651.93
ORD0021030,CUST00628,PROD00083,STORE002,2026-04-27,1,23769.83
ORD0020823,CUST00362,PROD00134,STORE017,2026-04-27,6,17433.76
ORD0021954,CUST01097,PROD00113,STORE012,2026-04-27,4,15004.62
ORD0021476,CUST00969,PROD00268,STORE008,2026-04-27,3,9954.2
ORD0021864,CUST00790,PROD00111,STORE018,2026-04-27,1,15107.82
ORD0022002,CUST00460,PROD00078,STORE012,2026-04-27,6,763.53
ORD0021587,CUST01223,PROD00067,STORE013,2026-04-27,1,1216.0
ORD0021600,CUST00557,PROD00272,STORE021,2026-04-27,2,19996.16
ORD0021061,CUST01440,PROD00204,STORE012,2026-04-27,5,22658.59
ORD0021433,CUST00249,PROD00007,STORE010,2026-04-27,5,20947.35
ORD0022182,CUST00529,PROD00193,STORE022,2026-04-27,2,24004.71
ORD0020737,CUST00812,PROD00157,STORE025,2026-04-24,5,19198.17
ORD0021132,CUST01203,PROD00213,STORE007,2026-04-27,6,22367.1
ORD0020885,CUST01470,PROD00179,STORE007,2026-04-27,3,10473.97
ORD0021180,CUST01082,PROD00084,STORE010,2026-04-27,2,9161.96
ORD0022063,CUST00574,PROD00221,STORE021,2026-04-27,6,9852.91
ORD0021287,CUST01152,PROD00072,STORE024,2026-04-27,1,22283.29
ORD0021033,CUST00103,PROD00110,STORE006,2026-04-27,6,12913.77
ORD0020629,CUST01470,PROD00007,STORE018,2026-04-27,4,15696.24
ORD0022020,CUST00504,PROD00186,STORE017,2026-04-27,5,7394.97
ORD0020655,CUST00144,PROD00005,STORE024,2026-04-27,1,20005.93
ORD0020700,CUST01281,PROD00250,STORE007,2026-04-27,2,9637.44
ORD0021299,CUST00278,PROD00117,STORE006,2026-04-27,5,2148.71
ORD0021400,CUST01026,PROD00025,STORE001,2026-04-27,3,21456.85
ORD0022124,CUST00451,PROD00130,STORE001,2026-04-27,6,2866.09
ORD0022333,CUST01123,PROD00170,STORE024,2026-04-27,4,23769.81
ORD0021056,CUST00865,PROD00209,STORE007,2026-04-27,1,9255.96
ORD0021152,CUST00364,PROD00007,STORE025,2026-04-22,5,18749.03
ORD0021974,CUST00192,PROD00097,STORE008,2026-04-27,2,13808.1
ORD0021474,CUST00573,PROD00244,STORE022,2026-04-27,3,8394.09
ORD0022296,,PROD00079,STORE020,2026-04-27,3,7286.05
ORD0021297,CUST00583,PROD00086,STORE016,2026-04-27,1,15217.69
ORD0020902,CUST01105,PROD00243,STORE005,2026-04-27,3,16809.71
ORD0020676,CUST00921,PROD00204,STORE003,2026-04-27,2,8896.52
ORD0021054,CUST00640,PROD00225,STORE003,2026-04-27,5,19699.98
ORD0022198,CUST01274,PROD00275,STORE007,2026-04-27,1,9717.76
ORD0020826,CUST01357,PROD00035,STORE019,2026-04-27,6,8855.73
ORD0021618,CUST00675,PROD00197,STORE014,2026-04-27,2,5626.49
ORD0021023,CUST00508,PROD00023,STORE019,2026-04-24,2,5244.93
ORD0021091,CUST00007,PROD00100,STORE003,2026-04-27,6,19150.19
ORD0021525,CUST01370,PROD00283,STORE007,2026-04-20,4,21917.82
ORD0022377,CUST00332,PROD00193,STORE021,2026-04-27,1,24819.38
ORD0020994,CUST00537,PROD00161,STORE024,2026-04-27,6,12777.56
ORD0021364,CUST00976,PROD00288,STORE021,2026-04-27,6,14242.39
ORD0022298,CUST01268,PROD00107,STORE022,2026-04-27,2,18115.77
ORD0021536,CUST00518,PROD00279,STORE014,2026-04-27,2,21245.88
ORD0021142,CUST01144,PROD00201,STORE008,2026-04-27,6,15172.38
ORD0021538,CUST00225,PROD00218,STORE013,2026-04-27,3,16456.38
ORD0020847,CUST00182,PROD00081,STORE002,2026-04-27,4,5611.12
ORD0021779,CUST01074,PROD00105,STORE009,2026-04-27,5,12694.99
ORD0020714,CUST00049,PROD00215,STORE012,2026-04-27,2,24270.51
ORD0021141,CUST01483,PROD00220,STORE007,2026-04-27,4,22795.59
ORD0021961,CUST00966,PROD00056,STORE005,2026-04-27,2,16377.47
ORD0021276,CUST01350,PROD00168,STORE018,2026-04-27,6,2736.31
ORD0020822,CUST00535,PROD00147,STORE011,2026-04-27,3,19661.24
ORD0020889,CUST00021,PROD00265,STORE023,2026-04-27,6,20052.07
ORD0022376,CUST00299,PROD00257,STORE012,2026-04-27,1,8039.86
ORD0020508,CUST01194,PROD00177,STORE007,2026-04-27,6,16808.89
ORD0022284,CUST01194,PROD00073,STORE007,2026-04-27,5,22810.0
ORD0020968,CUST01141,PROD00011,STORE001,2026-04-27,5,981.19
ORD0021753,CUST00964,PROD00067,STORE006,2026-04-27,3,3823.6
ORD0022441,CUST00793,PROD00216,STORE018,2026-04-27,1,19579.65
ORD0020917,CUST01119,PROD00031,STORE025,2026-04-27,5,23141.49
ORD0021630,CUST00308,PROD00269,STORE018,2026-04-27,5,13327.56
ORD0020696,CUST00382,PROD00119,STORE009,2026-04-27,2,3256.96
ORD0021327,CUST00131,PROD00136,STORE017,2026-04-27,2,19247.15
ORD0021545,CUST00049,PROD00214,STORE007,2026-04-27,2,17310.2
ORD0020664,CUST00870,PROD00062,STORE022,2026-04-27,3,22962.81
ORD0020810,CUST01153,PROD00283,STORE014,2026-04-20,6,18521.45
ORD0022385,CUST01312,PROD00070,STORE021,2026-04-27,4,21388.64
ORD0022471,CUST00703,PROD00220,STORE005,2026-04-27,3,7249.05
ORD0021829,CUST01301,PROD00297,STORE014,2026-04-27,5,6892.11
ORD0020785,CUST01340,PROD00101,STORE007,2026-04-27,6,23593.79
ORD0020665,CUST00778,PROD00235,STORE020,2026-04-27,4,2976.72
ORD0021489,CUST00931,PROD00300,STORE013,2026-04-27,3,19137.69
ORD0020920,CUST00868,PROD00237,STORE019,2026-04-27,5,19839.64
ORD0021992,CUST00317,PROD00033,STORE025,2026-04-27,6,21254.19
ORD0020632,CUST01318,PROD00132,STORE022,2026-04-27,4,2498.59
ORD0021523,CUST00508,PROD00298,STORE018,2026-04-27,4,6910.46
ORD0021099,CUST00562,PROD00025,STORE024,2026-04-27,1,20242.51
ORD0021504,CUST01331,PROD00057,STORE020,2026-04-27,2,11546.57
ORD0022343,CUST00346,PROD00094,STORE024,2026-04-27,1,18744.48
ORD0021589,CUST00904,PROD00091,STORE008,2026-04-27,1,20249.67
ORD0020651,CUST01311,PROD00064,STORE025,2026-04-27,1,1205.98
ORD0021885,CUST00454,PROD00120,STORE022,2026-04-27,6,12432.6
ORD0021095,CUST00290,PROD00227,STORE019,00/00/0000,1,22292.45
ORD0021161,CUST01235,PROD00078,STORE006,2026-04-22,3,5908.34
ORD0020671,CUST01160,PROD00195,STORE025,2026-04-27,6,11661.55
ORD0021354,CUST00487,PROD00095,STORE023,2026-04-27,6,3933.96
ORD0021269,CUST00203,PROD00177,STORE020,2026-04-27,5,20603.24
ORD0021679,CUST00286,PROD00016,STORE021,2026-04-19,3,18735.32
ORD0022171,CUST01400,PROD00045,STORE007,2026-04-27,2,23081.44
ORD0021418,CUST00677,PROD00059,STORE022,2026-04-27,two,19332.71
ORD0022276,CUST00228,PROD00106,STORE016,2026-04-27,4,10059.2
ORD0021104,CUST00980,PROD00077,STORE001,2026-04-27,1,9413.28
ORD0021735,CUST01257,PROD00238,STORE021,2026-04-27,1,24554.65
ORD0020598,CUST00385,PROD00266,STORE011,2026-04-21,6,16917.51
ORD0020543,CUST00797,PROD00200,STORE013,2026-04-27,5,8759.49
ORD0022051,CUST00402,PROD00149,STORE018,2026-04-27,2,3772.35
ORD0021063,CUST00403,PROD00012,STORE023,2026-04-27,2,14953.37
ORD0021332,CUST00744,PROD00134,STORE009,2026-04-27,2,22510.33
ORD0022086,CUST00272,PROD00170,STORE009,2026-04-27,2,17999.1
ORD0020528,CUST00266,PROD00279,STORE017,2026-04-27,4,18951.43
ORD0022196,CUST00005,PROD00192,STORE014,2026-04-27,3,8550.33
ORD0022297,CUST00439,PROD00101,STORE023,2026-04-27,3,10478.62
ORD0021324,CUST01283,PROD00199,STORE016,2026-04-27,2,2126.43
ORD0021150,CUST00552,PROD00300,STORE016,2026-04-27,5,2864.18
ORD0021796,CUST00131,PROD00088,STORE018,2026-04-27,2,15934.46
ORD0021877,CUST00079,PROD00076,STORE022,2026-04-27,3,13508.1
ORD0022440,CUST00410,PROD00178,STORE018,2026-04-27,4,21119.65
ORD0022186,CUST00941,PROD00236,STORE010,2026-04-27,3,7580.04
ORD0020677,CUST00695,PROD00132,STORE006,2026-04-27,6,5007.6
ORD0021249,CUST00803,PROD00069,STORE024,2026-04-27,4,12106.18
ORD0020872,,PROD00003,STORE002,2026-04-27,6,4862.67
ORD0022133,CUST01494,PROD00073,STORE011,2026-04-27,6,7463.5
ORD0022005,CUST00864,PROD00257,STORE008,2026-04-27,-1,23298.59
ORD0021206,CUST00298,PROD00277,STORE018,2026-04-27,1,16691.51
ORD0020695,CUST00831,PROD00145,STORE011,2026-04-27,6,7007.79
ORD0022143,CUST00145,PROD00142,STORE005,2026-04-27,6,19937.57
ORD0021068,CUST00995,PROD00072,STORE002,2026-04-27,3,4661.18
ORD0022353,CUST00582,PROD00286,STORE016,2026-04-27,4,18020.01
ORD0021382,CUST00331,PROD00190,STORE020,2026-04-27,1,1155.29
ORD0020762,,PROD00127,STORE013,2026-04-27,2,4099.24
ORD0021392,CUST01034,PROD00015,STORE025,2026-04-27,6,701.41
ORD0022219,CUST00218,PROD00166,STORE020,2026-04-27,1,14112.45
ORD0020821,CUST00016,PROD00242,STORE018,2026-04-27,5,19557.56
ORD0021069,CUST00468,PROD00049,STORE014,2026-04-27,3,13680.52
ORD0021494,CUST01388,PROD00112,STORE022,2026-04-27,2,18316.48
ORD0021200,CUST00650,PROD00293,STORE022,2026-04-27,5,7688.65
ORD0021592,CUST00860,PROD00116,STORE024,2026-04-27,2,24763.29
ORD0021802,CUST00980,PROD00291,STORE006,2026-04-27,1,5198.05
ORD0021049,CUST01379,PROD00038,STORE012,2026-04-27,6,18235.26
ORD0021795,CUST01434,PROD00081,STORE020,2026-04-18,2,15262.2
ORD0022452,CUST01046,PROD00020,STORE001,2026-04-27,3,6994.74
ORD0022128,CUST01240,PROD00080,STORE005,2026-04-23,2,2164.29
ORD0021285,CUST00283,PROD00035,STORE023,2026-04-18,2,10672.13
ORD0021678,CUST00067,PROD00191,STORE019,2026-04-27,4,24331.93
ORD0021265,CUST00221,PROD00008,STORE018,2026-04-27,2,9443.45
ORD0021766,CUST00267,PROD00255,STORE004,not_a_date,1,7030.74
ORD0021112,CUST00171,PROD00038,STORE017,2026-04-17,1,5952.97
ORD0020915,CUST00396,PROD00096,STORE001,2026-04-27,6,17815.37
ORD0020639,CUST01246,PROD00203,STORE022,2026-04-27,2,11303.7
ORD0022277,CUST00080,PROD00151,STORE019,2026-04-27,5,5248.09
ORD0021128,CUST00262,PROD00120,STORE011,2026-04-27,6,18170.95
ORD0021666,CUST00118,PROD00121,STORE025,2026-04-27,6,530.23
ORD0021438,CUST01196,PROD00210,STORE022,2026-04-27,6,21508.88
ORD0021564,CUST01011,PROD00079,STORE002,2026-04-27,1,23546.34
ORD0020536,CUST00689,PROD00188,STORE019,2026-04-27,3,19936.76
ORD0022119,CUST00173,PROD00124,STORE005,2026-04-27,2,24088.58
ORD0021619,CUST00289,PROD00115,STORE005,2026-04-27,5,10335.34
ORD0021215,CUST01016,PROD00242,STORE018,2026-04-27,2,24854.61
ORD0021482,CUST00353,PROD00077,STORE003,2026-04-27,3,22345.31
ORD0021207,CUST00065,PROD00126,STORE025,2026-04-27,4,12850.72
ORD0022400,CUST00819,PROD00203,STORE010,2026-04-19,1,23185.69
ORD0022442,CUST00565,PROD00149,STORE014,2026-04-27,2,21873.88
ORD0021028,CUST01488,PROD00230,STORE012,2026-04-27,3,22058.67
ORD0021204,CUST00500,PROD00136,STORE009,2026-04-27,6,21553.69
ORD0022406,CUST00933,PROD00133,STORE022,2026-04-27,1,23624.39
ORD0021886,CUST00452,PROD00147,STORE011,2026-04-27,5,7940.73
ORD0020942,CUST01056,PROD00146,STORE016,2026-04-20,2,14102.17
ORD0021103,CUST01268,PROD00089,STORE023,2026-04-27,5,11875.03
ORD0021947,CUST01404,PROD00050,STORE004,2026-04-27,4,20768.79
ORD0021936,CUST00937,PROD00029,STORE010,2026-04-27,6,13755.89
ORD0021887,CUST01457,PROD00075,STORE019,2026-04-27,3,21927.52
ORD0021502,CUST01487,PROD00228,STORE024,2026-04-27,2,12241.2
ORD0022209,CUST01474,PROD00033,STORE012,2026-04-27,1,8655.51
ORD0021072,CUST01433,PROD00050,STORE019,2026-04-27,3,9456.38
ORD0021696,CUST00335,PROD00202,STORE012,2026-04-27,2,10805.95
ORD0021782,CUST00367,PROD00030,STORE023,2026-04-19,6,9870.9
ORD0020914,CUST01011,PROD00225,STORE016,2026-04-23,6,20518.46
ORD0021303,CUST00784,PROD00195,STORE017,2026-04-27,5,23906.24
ORD0022031,CUST00282,PROD00259,STORE011,2026-04-27,2,24852.4
ORD0022190,CUST00404,PROD00261,STORE001,2026-04-27,5,10617.09
ORD0021258,CUST01432,PROD00241,STORE009,2026-04-27,1,18128.95
ORD0022224,CUST00507,PROD00085,STORE003,2026-04-27,3,3262.63
ORD0021552,CUST01257,PROD00070,STORE018,2026-04-27,6,9120.03
ORD0021833,CUST00977,PROD00135,STORE020,2026-04-27,2,8030.95
ORD0020707,CUST00923,PROD00142,STORE004,2026-04-27,3,7852.64
ORD0021885,CUST00454,PROD00120,STORE022,2026-04-27,6,12432.6
ORD0021453,CUST01415,PROD00233,STORE018,2026-04-27,4,20233.13
ORD0022136,CUST00267,PROD00126,STORE018,2026-04-18,6,281.46
ORD0022323,CUST01116,PROD00180,STORE015,2026-04-27,3,unknown
ORD0022413,CUST01487,PROD00167,STORE007,2026-04-27,6,22843.43
ORD0022313,CUST01075,PROD00209,STORE010,2026-04-27,2,21092.11
ORD0020780,CUST00043,PROD00267,STORE011,2026-04-27,4,9797.83
ORD0021760,CUST00488,PROD00236,STORE004,2026-04-27,2,12676.79
ORD0020518,CUST01005,PROD00276,STORE008,2026-04-27,2,2615.9
ORD0021934,CUST00969,PROD00160,STORE010,2026-04-19,5,8929.04
ORD0020814,CUST00426,PROD00109,STORE008,2026-04-27,6,12257.76
ORD0022374,CUST00114,PROD00013,STORE008,2026-04-27,4,17015.84
ORD0020647,CUST00201,PROD00242,STORE005,2026-04-27,1,6984.53
ORD0021791,CUST00744,PROD00104,STORE021,2026-04-27,1,3203.23
ORD0021705,CUST00727,PROD00068,STORE009,2026-04-27,1,13281.1
ORD0022324,CUST00743,PROD00069,STORE025,2026-04-27,1,23432.44
ORD0021012,CUST00538,PROD00228,STORE016,2026-04-27,4,12445.03
ORD0021292,CUST00066,PROD00219,STORE020,2026-04-27,2,661.66
ORD0021281,CUST01464,PROD00105,STORE021,2026-04-27,6,3460.27
ORD0020728,CUST01223,PROD00106,STORE010,2026-04-27,3,18098.04
ORD0021412,CUST00813,PROD00171,STORE009,2026-04-19,3,20404.17
ORD0022491,CUST00853,PROD00050,STORE004,2026-04-27,6,11713.26
ORD0020830,CUST01307,PROD00227,STORE005,2026-04-27,6,19561.81
ORD0021683,CUST01098,PROD00236,STORE010,2026-04-27,2,1870.16
ORD0022170,CUST01015,PROD00043,STORE007,2026-04-27,5,9432.2
ORD0020941,CUST01009,PROD00194,STORE024,2026-04-27,3,930.02
ORD0022231,CUST01227,PROD00213,STORE019,2026-04-27,1,20274.5
ORD0021535,CUST01442,PROD00016,STORE017,2026-04-27,2,6160.12
ORD0021890,CUST00047,PROD00196,STORE016,2026-04-27,2,4203.44
ORD0020715,CUST00898,PROD00219,STORE002,2026-04-27,5,6089.92
ORD0022489,CUST01448,PROD00270,STORE018,2026-04-27,3,9841.64
ORD0022159,CUST00625,PROD00152,STORE016,2026-04-27,6,10686.16
ORD0021749,CUST00240,PROD00139,STORE001,2026-04-27,3,13155.27
ORD0020502,CUST01183,PROD00183,STORE007,2026-04-27,4,927.05
ORD0021065,CUST00774,PROD00023,STORE024,2026-04-27,3,19696.14
ORD0021561,CUST00832,PROD00032,STORE021,2026-04-27,2,18950.6
ORD0022138,CUST00683,PROD00106,STORE007,2026-04-27,5,13362.99
ORD0021867,CUST00032,PROD00007,STORE017,2026-04-27,3,14374.41
ORD0020562,CUST00766,PROD00004,STORE022,2026-04-27,1,15506.72
ORD0022097,CUST00035,PROD00121,STORE001,2026-04-27,2,22091.25
ORD0021428,CUST01446,PROD00267,STORE001,2026-04-27,4,5243.87
ORD0021741,CUST00235,PROD00210,STORE022,2026-04-27,2,20809.62
ORD0020969,CUST00647,PROD00044,STORE013,2026-04-27,5,8419.23
ORD0021648,CUST00936,PROD00295,STORE023,2026-04-27,2,12914.36
ORD0021010,CUST00368,PROD00142,STORE016,2026-04-27,5,24890.64
ORD0021559,CUST00549,PROD00181,STORE018,2026-04-27,2,5371.22
ORD0020686,CUST00704,PROD00167,STORE020,2026-04-27,6,5224.4
ORD0021891,CUST00961,PROD00279,STORE018,2026-04-27,2,18805.77
ORD0021708,CUST01049,PROD00172,STORE007,2026-04-27,6,11979.62
ORD0022381,CUST00883,PROD00138,STORE009,2026-04-27,3,24458.21
ORD0022311,CUST01332,PROD00050,STORE007,2026-04-27,2,15071.43
ORD0021838,CUST00667,PROD00012,STORE015,2026-04-27,1,7350.28
ORD0020995,CUST00507,PROD00193,STORE022,2026-04-27,1,15918.97
ORD0021405,CUST00601,PROD00071,STORE007,2026-04-27,2,9471.88
ORD0021373,CUST00785,PROD00205,STORE017,2026-04-27,3,10188.71
ORD0022429,CUST01258,PROD00007,STORE019,2026-04-27,3,10035.3
ORD0022152,CUST01316,PROD00010,STORE014,2026-04-27,1,6519.2
ORD0020622,CUST01432,PROD00195,STORE011,2026-04-27,4,14351.35
ORD0022383,CUST00487,PROD00171,STORE007,2026-04-27,5,9006.43
ORD0020846,CUST00386,PROD00104,STORE017,2026-04-27,4,12267.83
ORD0021788,CUST00212,PROD00013,STORE007,2026-04-27,1,8233.82
ORD0022469,CUST01242,PROD00042,STORE003,2026-04-27,3,176.55
ORD0022070,CUST00364,PROD00282,STORE008,2026-04-27,2,12849.16
ORD0020896,CUST01116,PROD00201,STORE015,2026-04-27,1,19696.31
ORD0020527,CUST00266,PROD00076,STORE022,2026-04-27,4,728.87
ORD0021047,CUST01249,PROD00063,STORE004,2026-04-27,5,21811.13
ORD0021943,CUST01376,PROD00051,STORE020,2026-04-27,4,23239.83
ORD0021558,,PROD00028,STORE023,2026-04-27,2,16180.82
ORD0021378,CUST01409,PROD00231,STORE003,2026-04-27,1,12734.28
ORD0021989,CUST00743,PROD00204,STORE006,2026-04-27,3,24347.05
ORD0022130,CUST00106,PROD00293,STORE002,2026-04-27,2,19949.77
ORD0021431,CUST01057,PROD00255,STORE022,2026-04-27,3,2520.06
ORD0020521,CUST00909,PROD00109,STORE018,2026-04-27,3,6893.25
ORD0022302,CUST00745,PROD00222,STORE010,2026-04-27,4,1126.26
ORD0021331,CUST01367,PROD00120,STORE017,2026-04-27,1,21154.08
ORD0020993,CUST00602,PROD00131,STORE017,2026-04-27,5,806.04
ORD0022438,CUST00575,PROD00033,STORE002,2026-04-27,1,9964.07
ORD0021789,CUST00954,PROD00134,STORE001,2026-04-27,1,15903.16
ORD0021693,CUST01117,PROD00059,STORE022,2026-04-27,2,7946.92
ORD0022432,CUST01223,PROD00117,STORE003,2026-04-20,3,2972.0
ORD0022291,CUST00180,PROD00002,STORE013,2026-04-27,4,17398.44
ORD0021246,CUST01087,PROD00094,STORE010,2026-04-27,4,24181.83
ORD0020803,CUST00058,PROD00086,STORE008,2026-04-27,3,11148.85
ORD0021471,CUST00541,PROD00300,STORE019,2026-04-27,1,21582.29
ORD0020560,CUST00820,PROD00060,STORE002,2026-04-27,4,15603.71
ORD0021969,CUST00572,PROD00211,STORE022,2026-04-20,6,6312.76
ORD0021087,CUST00764,PROD00182,STORE019,2026-04-27,3,19014.65
ORD0021624,CUST00683,PROD00010,STORE009,2026-04-27,1,11721.46
ORD0022053,CUST01379,PROD00025,STORE004,2026-04-27,4,4496.2
ORD0021684,CUST01404,PROD00233,STORE009,2026-04-27,5,24727.18
ORD0020673,CUST00971,PROD00063,STORE004,2026-04-27,3,4134.1
ORD0021649,CUST00007,PROD00016,STORE024,2026-04-27,5,2603.39
ORD0020662,CUST00532,PROD00298,STORE004,2026-04-27,2,12924.31
ORD0022248,CUST00582,PROD00252,STORE023,2026-04-23,6,19820.28
ORD0022481,CUST00942,PROD00062,STORE005,2026-04-27,5,4720.78
ORD0021723,CUST01448,PROD00147,STORE012,2026-04-27,5,6410.36
ORD0021092,CUST01047,PROD00068,STORE008,2026-04-27,4,23360.14
ORD0020773,CUST01110,PROD00230,STORE023,2026-04-27,3,5059.52
ORD0020722,CUST00194,PROD00285,STORE020,2026-04-27,5,7328.94
ORD0022164,CUST00153,PROD00199,STORE001,2026-04-27,6,161.82
ORD0020675,CUST00576,PROD00005,STORE017,2026-04-27,6,19447.05
ORD0020741,CUST00210,PROD00028,STORE015,2026-04-27,5,2010.54
ORD0020921,CUST00215,PROD00201,STORE022,2026-04-27,2,19253.65
ORD0021647,CUST01209,PROD00191,STORE014,2026-04-27,5,17050.25
ORD0020899,CUST01282,PROD00153,STORE009,2026-04-27,6,13090.22
ORD0021677,CUST00605,PROD00034,STORE018,2026-04-27,1,8729.24
ORD0022144,CUST00237,PROD00209,STORE023,2026-04-27,1,14546.65
ORD0022450,CUST01247,PROD00295,STORE013,2026-04-27,5,11823.63
ORD0022049,CUST01491,PROD00061,STORE017,2026-04-27,2,9480.96
ORD0021994,CUST01101,PROD00179,STORE019,2026-04-27,3,3315.26
ORD0021234,CUST00539,PROD00206,STORE021,2026-04-27,1,15768.45
ORD0020950,CUST00613,PROD00018,STORE020,2026-04-27,6,19741.42
ORD0020643,CUST00978,PROD00059,STORE003,2026-04-27,5,6900.76
ORD0021511,CUST00898,,STORE003,2026-04-27,1,20279.26
ORD0022122,CUST00894,PROD00219,STORE019,2026-04-27,2,3141.84
ORD0022022,CUST00553,PROD00196,STORE016,2026-04-27,3,17423.78
ORD0021148,CUST00019,PROD00297,STORE010,2026-04-27,3,4399.09
ORD0021569,CUST00993,PROD00090,STORE006,2026-04-27,4,5606.8
ORD0020568,CUST01277,PROD00132,STORE012,2026-04-27,4,24216.28
ORD0021176,CUST00049,PROD00034,STORE010,2026-04-27,1,10907.49
ORD0022173,CUST00098,PROD00055,STORE019,2026-04-27,5,8668.54
ORD0021352,CUST01197,PROD00140,STORE003,2026-04-27,1,12573.39
ORD0022290,CUST00617,PROD00246,STORE016,2026-04-27,,20084.74
ORD0021300,CUST00077,PROD00124,STORE018,2026-04-27,4,22027.26
ORD0021634,CUST00436,PROD00050,STORE001,2026-04-27,2,22535.87
ORD0022467,CUST01220,PROD00226,STORE017,2026-04-27,3,7229.77
ORD0021146,CUST01011,PROD00207,STORE018,2026-04-27,5,9409.26
ORD0021626,CUST00672,PROD00071,STORE012,2026-04-27,5,3136.45
ORD0021396,CUST00498,PROD00268,STORE001,2026-04-27,1,11448.66
ORD0022062,CUST00250,PROD00094,STORE012,2026-04-27,6,9793.21
ORD0022111,CUST00826,PROD00221,STORE007,2026-04-27,4,15142.12
ORD0021312,CUST01153,PROD00018,STORE020,2026-04-27,2,4420.39
ORD0020763,CUST01242,PROD00018,STORE017,2026-04-27,3,6339.85
ORD0021999,CUST00898,PROD00054,STORE019,2026-04-23,5,22689.15
ORD0021944,CUST00311,PROD00040,STORE006,2026-04-27,5,6210.84
ORD0022295,CUST01377,PROD00272,STORE024,2026-04-27,1,8170.66
ORD0021672,CUST00321,PROD00091,STORE024,2026-04-27,4,8325.28
ORD0020789,CUST00621,PROD00026,STORE023,2026-04-27,4,20697.17
ORD0021945,CUST00873,PROD00120,STORE016,2026-04-22,5,14739.68
ORD0021784,CUST00288,PROD00061,STORE023,2026-04-27,2,14551.63
ORD0021224,CUST00747,PROD00283,STORE025,00/00/0000,4,10542.84
ORD0021090,CUST01301,PROD00039,STORE017,2026-04-27,6,7182.59
ORD0021467,CUST00878,PROD00079,STORE019,2026-04-27,5,16467.6
ORD0022184,CUST00085,PROD00100,STORE008,2026-04-27,4,6481.32
ORD0021988,CUST00686,PROD00011,STORE024,2026-04-27,2,4275.03
ORD0022127,CUST01472,PROD00123,STORE024,2026-04-27,5,22645.2
ORD0022405,CUST01076,PROD00107,STORE002,2026-04-27,5,18601.19
ORD0021635,CUST01387,PROD00026,STORE002,2026-04-27,6,10341.38
ORD0022089,CUST00731,PROD00078,STORE015,2026-04-27,4,5447.06
ORD0021919,CUST01166,PROD00152,STORE017,2026-04-27,5,24542.47
ORD0022165,CUST00164,PROD00226,STORE007,2026-04-27,6,1056.6
ORD0021255,CUST00311,PROD00045,STORE001,2026-04-27,2,18794.84
ORD0021645,CUST00454,PROD00285,STORE024,2026-04-27,5,16506.41
ORD0020653,CUST01498,PROD00155,STORE010,2026-04-27,4,18197.86
ORD0021443,CUST01171,PROD00207,STORE019,2026-04-17,6,4036.86
ORD0021754,CUST01420,PROD00234,STORE022,2026-04-21,5,1434.11
ORD0021665,CUST00198,PROD00064,STORE008,2026-04-27,6,16601.71
ORD0022006,CUST01009,PROD00228,STORE005,2026-04-27,4,20853.59
ORD0021541,CUST00894,PROD00116,STORE009,2026-04-19,4,5771.11
ORD0020761,CUST01053,PROD00264,STORE003,2026-04-27,1,18555.41
ORD0021084,CUST01088,PROD00247,STORE010,2026-04-27,6,14400.93
ORD0020712,CUST00833,PROD00137,STORE002,2026-04-27,1,18738.06
ORD0021367,,PROD00184,STORE025,2026-04-27,3,18733.08
ORD0021686,CUST01457,PROD00192,STORE015,2026-04-27,6,14426.73
ORD0021450,CUST00995,PROD00064,STORE001,2026-04-19,1,18538.38
ORD0021747,CUST00271,PROD00049,STORE017,2026-04-27,1,18385.61
ORD0021622,CUST00826,PROD00209,STORE012,2026-04-27,3,3697.78
ORD0021466,CUST00088,PROD00077,STORE011,2026-04-27,4,5768.83
ORD0021563,CUST00824,PROD00111,STORE009,2026-04-27,4,6479.76
ORD0022476,CUST00051,PROD00171,STORE005,2026-04-27,6,7509.4
ORD0021901,CUST00822,PROD00291,STORE006,2026-04-27,two,20792.68
ORD0022061,CUST00856,PROD00097,STORE012,2026-04-27,5,21252.18
ORD0021446,CUST00947,PROD00149,STORE014,2026-04-27,2,21430.73
ORD0020583,CUST00071,PROD00286,STORE015,2026-04-27,1,21207.5
ORD0020549,CUST00223,PROD00181,STORE019,2026-04-27,6,4867.72
ORD0020841,CUST01199,PROD00259,STORE024,2026-04-27,5,15047.69
ORD0021212,CUST01106,PROD00145,STORE016,2026-04-27,4,22379.95
ORD0022289,CUST00519,PROD00153,STORE018,2026-04-24,2,6086.46
ORD0021575,CUST00496,PROD00192,STORE020,2026-04-27,2,24193.41
ORD0021462,CUST00554,PROD00262,STORE007,2026-04-27,6,8644.57
ORD0020949,CUST00643,PROD00032,STORE017,2026-04-27,2,832.76
ORD0022126,CUST00911,PROD00263,STORE004,2026-04-27,5,5731.86
ORD0021371,CUST00199,PROD00210,STORE015,2026-04-27,5,6579.11
ORD0022167,CUST01154,PROD00146,STORE025,2026-04-27,5,21511.22
ORD0020960,CUST00258,PROD00085,STORE022,2026-04-27,2,21163.32
ORD0021254,CUST00723,PROD00036,STORE017,2026-04-27,4,7119.54
ORD0021874,CUST00129,PROD00093,STORE009,2026-04-27,5,14177.92
ORD0021389,CUST01210,PROD00157,STORE003,2026-04-17,6,4038.42
ORD0020630,CUST00225,PROD00170,STORE016,2026-04-27,3,12662.6
ORD0021190,CUST00889,PROD00204,STORE020,2026-04-24,6,$9349.02
ORD0022047,CUST00953,PROD00105,STORE006,2026-04-27,2,12836.25
ORD0021432,CUST00048,PROD00262,STORE020,2026-04-27,1,19693.29
ORD0021793,CUST00436,PROD00019,STORE004,2026-04-27,6,13498.26
ORD0022265,CUST01432,PROD00231,STORE007,2026-04-27,1,23036.27
ORD0022392,CUST01034,PROD00186,STORE003,2026-04-27,6,11800.73
ORD0020910,CUST00213,PROD00105,STORE005,2026-04-27,4,$15725.64
ORD0021882,CUST01008,PROD00162,STORE004,2026-04-27,3,195.08
ORD0021026,CUST00160,PROD00067,STORE001,2026-04-27,2,11945.59
ORD0021402,CUST00805,PROD00088,STORE006,2026-04-27,5,21541.66
ORD0021353,CUST01044,PROD00129,STORE007,2026-04-27,6,16437.88
ORD0020919,CUST01265,PROD00284,STORE002,2026-04-27,5,21682.3
ORD0021548,CUST00867,PROD00251,STORE005,2026-04-17,4,1844.93
ORD0022310,CUST00539,PROD00093,STORE011,2026-04-22,5,2639.25
ORD0021495,CUST00035,PROD00193,STORE003,2026-04-27,2,162.67
ORD0020807,CUST00018,PROD00109,STORE025,2026-04-27,4,19331.46
ORD0021912,CUST00446,PROD00295,STORE012,2026-04-27,1,12565.98
ORD0020869,CUST00239,PROD00142,STORE014,2026-04-27,6,11998.0
ORD0021318,CUST00989,PROD00040,STORE017,2026-04-27,4,16939.32
ORD0022247,CUST01210,PROD00060,STORE020,2026-04-27,3,13455.59
ORD0022464,CUST00130,PROD00148,STORE025,2026-04-27,3,5828.53
ORD0020928,CUST01213,PROD00284,STORE007,2026-04-27,3,1812.53
ORD0021031,CUST01399,PROD00111,STORE014,2026-04-27,5,16490.82
ORD0022397,CUST01333,PROD00216,STORE018,2026-04-27,3,20104.73
ORD0022457,CUST00857,PROD00219,STORE005,2026-04-27,2,13341.46
ORD0020556,CUST01217,PROD00213,STORE012,2026-04-27,5,3000.46
ORD0021750,CUST01302,PROD00101,STORE024,2026-04-27,1,531.24
ORD0022135,CUST00289,PROD00289,STORE024,2026-04-27,4,168.69
ORD0022325,CUST00625,PROD00249,STORE013,2026-04-27,3,3829.54
ORD0021638,CUST00534,PROD00100,STORE008,2026-04-27,2,19826.59
ORD0022082,CUST00879,PROD00243,STORE013,2026-04-27,1,4535.62
ORD0022226,CUST00713,PROD00131,STORE004,2026-04-27,2,12137.33
ORD0022446,CUST00042,PROD00284,STORE013,2026-04-27,6,2273.2
ORD0021902,CUST00014,PROD00202,STORE009,2026-04-27,1,4096.01
ORD0022425,CUST01319,PROD00184,STORE005,2026-04-27,1,5838.0
ORD0022083,CUST00753,PROD00225,STORE003,2026-04-27,4,7178.87
ORD0020900,CUST00483,PROD00181,STORE001,2026-04-27,3,unknown
ORD0020733,CUST01153,PROD00195,STORE003,2026-04-27,4,2298.69
ORD0020786,CUST00988,PROD00085,STORE023,2026-04-27,6,6513.79
ORD0021979,CUST01245,PROD00060,STORE002,2026-04-27,5,24505.37
ORD0021260,CUST00921,PROD00224,STORE014,2026-04-27,2,18917.41
ORD0022105,CUST01174,PROD00160,STORE002,2026-04-27,3,1409.35
ORD0021110,CUST01207,PROD00067,STORE011,2026-04-27,5,24198.53
ORD0022169,CUST00237,PROD00082,STORE022,2026-04-27,3,15173.17
ORD0020628,CUST00210,PROD00248,STORE004,2026-04-27,1,unknown
ORD0022448,CUST01453,PROD00205,STORE017,2026-04-27,6,13433.76
ORD0022043,CUST01267,PROD00019,STORE014,2026-04-27,4,11546.22
ORD0021034,CUST00020,PROD00171,STORE025,2026-04-27,1,21566.15
ORD0022017,CUST00582,PROD00186,STORE008,2026-04-27,3,3619.1
ORD0021040,CUST00866,PROD00117,STORE007,2026-04-27,6,11139.85
ORD0021379,CUST01432,PROD00129,STORE025,2026-04-27,3,4222.36
ORD0021711,CUST00952,PROD00147,STORE021,2026-04-27,5,8009.41
ORD0021074,CUST01322,PROD00058,STORE001,2026-04-27,5,16354.52
ORD0020582,CUST00956,PROD00298,STORE022,2026-04-27,6,19671.97
ORD0021998,CUST00530,PROD00211,STORE006,2026-04-27,1,24145.96
ORD0022076,CUST01396,PROD00283,STORE018,2026-04-27,3,8648.31
ORD0020965,CUST00403,PROD00279,STORE022,2026-04-27,1,4995.88
ORD0021854,CUST01197,PROD00273,STORE022,2026-04-27,3,13067.56
ORD0020551,CUST00606,PROD00130,STORE004,2026-04-27,6,20664.36
ORD0022100,CUST00923,PROD00286,STORE016,2026-04-27,1,1302.18
ORD0020817,CUST01309,PROD00172,STORE021,2026-04-27,1,14553.99
ORD0021183,CUST00521,PROD00245,STORE018,2026-04-27,4,15896.32
ORD0020784,CUST00172,PROD00183,STORE004,2026-04-27,6,14269.1
ORD0022234,CUST00825,PROD00181,STORE013,2026-04-27,2,3306.53
ORD0021755,CUST01159,PROD00182,STORE004,2026-04-27,3,805.23
ORD0021333,CUST01207,PROD00047,STORE018,2026-04-27,1,14790.1
ORD0021965,CUST00978,PROD00234,STORE010,2026-04-27,5,6937.03
ORD0022132,CUST00853,PROD00031,STORE005,2026-04-27,6,abc
ORD0020873,CUST00228,PROD00091,STORE012,2026-04-27,5,20023.52
ORD0022395,CUST00149,PROD00080,STORE020,2026-04-27,4,12326.68
ORD0021528,CUST00122,PROD00151,STORE001,2026-04-27,2,623.67
ORD0022424,CUST01300,PROD00180,STORE022,2026-04-27,4,14386.89
ORD0021956,CUST00148,PROD00066,STORE012,2026-04-27,4,11377.39
ORD0021932,CUST00411,PROD00277,STORE002,2026-04-27,3,24833.09
ORD0021257,CUST00190,PROD00082,STORE010,2026-04-27,4,19278.38
ORD0020683,CUST00299,PROD00125,STORE003,2026-04-27,1,1270.95
ORD0021108,CUST01443,PROD00204,STORE005,2026-04-27,5,15349.86
ORD0022319,CUST00738,PROD00155,STORE008,2026-04-27,2,8163.63
ORD0020654,CUST00181,PROD00255,STORE005,2026-04-27,2,2588.5
ORD0022365,CUST01356,PROD00143,STORE006,2026-04-27,1,13215.9
ORD0020802,CUST00366,PROD00034,STORE013,2026-04-27,1,13155.86
ORD0022368,CUST00379,PROD00280,STORE005,2026-04-27,6,16378.63
ORD0021388,CUST00620,PROD00096,STORE003,2026-04-27,1,7527.92
ORD0021093,CUST01417,PROD00150,STORE013,not_a_date,2,4294.89
ORD0020611,CUST00671,PROD00119,STORE002,2026-04-27,4,15429.32
ORD0020957,CUST01160,PROD00203,STORE016,2026-04-27,2,19922.06
ORD0022203,CUST01153,PROD00227,STORE025,2026-04-27,3,23799.7
ORD0021615,CUST00388,PROD00264,STORE022,2026-04-18,5,1477.42
ORD0021800,,PROD00019,STORE014,2026-04-27,5,7084.85
ORD0021780,CUST01136,PROD00135,STORE021,2026-04-27,2,3612.61
ORD0020587,CUST00430,PROD00185,STORE004,2026-04-27,1,16793.69
ORD0022401,CUST00281,PROD00211,STORE017,2026-04-17,6,19225.61
ORD0021773,CUST00671,PROD00077,STORE005,2026-04-27,3,4438.51
ORD0021664,CUST00178,PROD00209,STORE006,2026-04-27,6,3557.74
ORD0021113,CUST01382,PROD00299,STORE009,2026-04-27,6,16136.92
ORD0022307,CUST00070,PROD00088,STORE006,2026-04-27,6,12091.5
ORD0020709,CUST00915,PROD00055,STORE024,2026-04-27,6,592.69
ORD0021949,CUST01455,PROD00284,STORE012,2026-04-27,4,23619.27
ORD0022108,CUST00416,PROD00157,STORE002,2026-04-27,2,14733.93
ORD0022080,CUST01445,PROD00263,STORE024,2026-04-27,2,17523.0
ORD0022483,CUST01489,PROD00215,STORE002,2026-04-27,5,2516.2
ORD0022114,CUST00230,PROD00164,STORE008,2026-04-27,3,6276.68
ORD0021338,CUST01389,,STORE011,2026-04-27,6,5787.34
ORD0020987,CUST01454,,STORE002,2026-04-27,5,5590.52
ORD0021519,CUST01338,PROD00217,STORE012,2026-04-27,4,7533.5
ORD0022049,CUST01491,PROD00061,STORE017,2026-04-27,2,9480.96
ORD0020770,CUST00933,PROD00269,STORE011,2026-04-27,1,1762.11
ORD0022338,CUST01122,PROD00178,STORE019,2026-04-27,2,1457.72
ORD0020969,CUST00647,PROD00044,STORE013,2026-04-27,5,8419.23
ORD0020715,CUST00898,PROD00219,STORE002,2026-04-27,5,6089.92
ORD0021712,CUST01174,PROD00121,STORE006,2026-04-27,1,2065.51
ORD0021724,CUST00165,PROD00119,STORE010,2026-04-27,4,21198.99
ORD0021951,CUST01057,PROD00166,STORE017,2026-04-22,1,18835.87
ORD0020901,CUST00957,PROD00189,STORE006,2026-04-27,4,19837.15
ORD0021751,CUST01234,PROD00069,STORE020,2026-04-27,3,16183.33
ORD0022328,CUST01166,PROD00137,STORE004,2026-04-27,6,22233.32
ORD0022468,CUST01404,PROD00010,STORE023,2026-04-27,2,23937.59
ORD0021165,CUST00654,PROD00205,STORE005,2026-04-27,1,6223.83
ORD0021857,CUST01417,PROD00078,STORE007,2026-04-27,3,23965.45
ORD0021107,CUST01012,PROD00085,STORE021,2026-04-27,3,1033.56
ORD0021317,CUST01167,PROD00221,STORE008,2026-04-27,4,19961.26
ORD0020554,CUST00185,PROD00033,STORE011,2026-04-27,3,6490.15
ORD0022387,CUST01083,PROD00280,STORE013,2026-04-27,3,4989.86
ORD0021363,CUST00714,PROD00230,STORE015,2026-04-27,1,8902.49
ORD0020857,CUST00520,PROD00137,STORE003,2026-04-27,2,707.57
ORD0020505,CUST00116,PROD00089,STORE001,2026-04-27,2,16925.0
ORD0020793,CUST00721,PROD00153,STORE011,2026-04-27,6,15650.51
ORD0021422,CUST00855,PROD00007,STORE011,2026-04-27,3,15683.57
ORD0021911,,PROD00150,STORE018,2026-04-27,3,16498.4
ORD0020571,CUST01273,PROD00094,STORE010,2026-04-27,6,15322.56
ORD0020938,CUST00588,PROD00111,STORE012,2026-04-27,4,14404.55
ORD0021291,CUST01475,PROD00149,STORE015,2026-04-27,6,1513.34
ORD0020621,CUST00208,PROD00148,STORE021,2026-04-27,6,20658.7
ORD0021325,,PROD00200,STORE025,2026-04-27,3,18949.72
ORD0020934,CUST01351,PROD00232,STORE015,2026-04-27,6,22423.79
ORD0020777,CUST00627,PROD00292,STORE019,2026-04-24,1,12716.17
ORD0021467,CUST00878,PROD00079,STORE019,2026-04-27,5,16467.6
ORD0022458,CUST00162,PROD00016,STORE024,2026-04-27,3,1195.43
ORD0020984,CUST00250,PROD00040,STORE003,2026-04-27,5,18912.19
ORD0022160,CUST01456,PROD00201,STORE014,2026-04-27,6,17892.22
ORD0022093,CUST00452,PROD00227,STORE022,2026-04-27,3,610.35
ORD0021774,CUST00741,PROD00293,STORE021,2026-04-27,1,9817.51
ORD0020887,CUST00765,PROD00267,STORE015,2026-04-27,5,6980.41
ORD0022409,CUST01370,PROD00234,STORE016,2026-04-27,5,8773.57
ORD0022095,CUST00923,PROD00029,STORE016,2026-04-27,3,23971.44
ORD0022355,CUST01426,PROD00034,STORE005,2026-04-27,4,19790.8
ORD0020657,CUST01191,PROD00220,STORE001,2026-04-27,1,2112.51
ORD0022123,CUST00745,PROD00012,STORE019,2026-04-27,4,20945.51
ORD0022304,CUST00444,PROD00258,STORE021,2026-04-27,4,16450.29
ORD0021346,CUST00705,PROD00005,STORE021,2026-04-17,3,5410.91
ORD0021948,CUST01047,PROD00128,STORE015,2026-04-27,2,9210.42
ORD0021195,CUST00280,PROD00275,STORE001,2026-04-27,6,365.77
ORD0021871,CUST01249,PROD00048,STORE003,2026-04-27,2,18046.13
ORD0020584,CUST00426,PROD00251,STORE014,2026-04-27,5,15061.18
ORD0021368,CUST01138,PROD00236,STORE005,2026-04-27,4,10075.01
ORD0021053,CUST00451,PROD00034,STORE015,2026-04-27,2,4636.06
ORD0022146,CUST00251,,STORE019,2026-04-27,5,16282.99
ORD0020610,,PROD00039,STORE023,2026-04-27,6,16179.6
ORD0020805,CUST00182,PROD00229,STORE020,2026-04-27,5,7854.42
ORD0021899,CUST00008,PROD00066,STORE012,2026-04-27,1,20759.41
ORD0021964,CUST00394,PROD00253,STORE021,2026-04-27,2,10017.39
ORD0020973,CUST00504,PROD00049,STORE015,2026-04-27,1,20360.97
ORD0020739,CUST00690,PROD00227,STORE020,2026-04-27,5,22330.36
ORD0021058,CUST00652,PROD00045,STORE012,2026-04-24,6,5080.11
ORD0020604,CUST00248,PROD00235,STORE014,2026-04-27,2,1276.83
ORD0022229,CUST01372,PROD00131,STORE022,2026-04-27,1,17139.46
ORD0021763,CUST01463,PROD00144,STORE003,2026-04-27,2,21237.68
ORD0021734,CUST01200,PROD00193,STORE003,2026-04-27,1,22783.52
ORD0022349,CUST01009,PROD00123,STORE003,2026-04-27,4,12169.22
ORD0021847,CUST01342,PROD00145,STORE004,2026-04-27,6,3442.84
ORD0021308,CUST00164,PROD00211,STORE008,2026-04-27,4,479.38
ORD0022322,CUST00244,PROD00277,STORE022,2026-04-27,6,865.23
ORD0021704,CUST00851,PROD00267,STORE018,2026-04-27,4,16314.32
ORD0021236,CUST00062,PROD00208,STORE003,2026-04-24,2,13822.77
ORD0022474,CUST00957,PROD00162,STORE011,2026-04-21,5,14752.86
ORD0021472,CUST00373,PROD00288,STORE018,2026-04-27,3,7805.71
ORD0021021,CUST01411,PROD00115,STORE014,2026-04-27,3,906.79
ORD0021035,CUST00171,PROD00086,STORE015,2026-04-27,6,3824.85
ORD0021710,CUST01145,PROD00262,STORE008,2026-04-19,,5052.6
ORD0020824,CUST00159,PROD00051,STORE007,2026-04-27,2,23666.6
ORD0020860,CUST00111,PROD00071,STORE007,2026-04-27,5,22664.66
ORD0021326,CUST00414,PROD00204,STORE013,2026-04-27,6,23110.09
ORD0022287,CUST00381,PROD00204,STORE018,2026-04-27,1,15814.29
ORD0020535,CUST01446,PROD00115,STORE003,2026-04-23,2,4583.42
ORD0020622,CUST01432,PROD00195,STORE011,2026-04-27,4,14351.35
ORD0022134,CUST00060,PROD00119,STORE006,2026-04-27,2,9876.21
ORD0022421,CUST00889,PROD00084,STORE021,2026-04-27,,14633.11
ORD0021720,CUST01098,PROD00037,STORE023,2026-04-27,4,7298.95
ORD0021283,CUST00165,PROD00293,STORE022,2026-04-27,3,15131.23
ORD0022320,CUST00324,PROD00069,STORE024,2026-04-27,1,6924.6
ORD0021124,CUST01022,PROD00006,STORE022,2026-04-27,5,2091.78
ORD0020958,CUST01294,PROD00277,STORE006,2026-04-27,1,5454.22
ORD0021459,CUST00309,PROD00088,STORE003,2026-04-27,4,3420.91
ORD0020986,CUST00763,PROD00143,STORE011,2026-04-27,1,19263.02
ORD0021452,CUST00596,PROD00050,STORE006,2026-04-19,6,4594.37
ORD0022211,CUST00625,PROD00052,STORE006,2026-04-22,1,16210.76
ORD0021005,CUST00264,PROD00026,STORE018,2026-04-27,5,10226.75
ORD0021816,CUST01397,PROD00286,STORE017,2026-04-27,5,7690.1
ORD0021387,CUST00797,PROD00001,STORE009,2026-04-27,5,17918.59
ORD0021430,CUST01180,PROD00085,STORE010,2026-04-27,2,14681.28
ORD0021984,CUST01175,PROD00109,STORE010,2026-04-27,2,11132.66
ORD0021697,CUST00457,PROD00099,STORE018,2026-04-27,4,24990.33
ORD0021865,CUST01114,PROD00212,STORE001,2026-04-27,4,8070.07
ORD0021206,CUST00298,PROD00277,STORE018,2026-04-27,1,16691.51
ORD0022108,CUST00416,PROD00157,STORE002,2026-04-27,2,14733.93
ORD0021846,CUST00595,PROD00072,STORE012,2026-04-27,1,641.68
ORD0021893,CUST00118,PROD00005,STORE019,2026-04-27,3,7172.35
ORD0021831,CUST00150,PROD00135,STORE019,2026-04-27,1,2432.56
ORD0021372,CUST01472,PROD00001,STORE015,2026-04-27,4,13815.93
ORD0020903,CUST01380,PROD00145,STORE003,2026-04-27,2,15101.53
ORD0021102,CUST00133,PROD00177,STORE003,2026-04-27,3,855.76
ORD0021797,CUST00034,PROD00012,STORE018,2026-04-27,4,18659.53
ORD0021633,CUST00664,PROD00183,STORE001,2026-04-27,3,24613.32
ORD0020718,CUST00747,PROD00271,STORE002,2026-04-27,4,-5
ORD0020534,CUST00546,PROD00045,STORE005,2026-04-27,2,11493.56
ORD0021166,CUST01447,PROD00130,STORE007,2026-04-20,4,12408.31
ORD0021024,CUST00968,PROD00228,STORE007,2026-04-27,3,22720.8
ORD0021571,CUST01041,PROD00118,STORE018,2026-04-27,6,16856.51
ORD0020552,CUST00848,PROD00007,STORE017,2026-04-27,1,10109.54
ORD0020774,CUST00831,PROD00110,STORE012,2026-04-19,2,9016.35
ORD0022398,CUST00887,PROD00184,STORE018,2026-04-27,4,17089.16
ORD0022264,CUST00053,PROD00051,STORE015,2026-04-27,1,18335.3
ORD0022480,CUST00019,PROD00062,STORE005,2026-04-27,3,14430.44
ORD0021329,CUST01269,PROD00175,STORE013,2026-04-27,4,12889.38
ORD0021156,CUST00668,PROD00196,STORE009,2026-04-27,5,2618.77
ORD0021320,CUST01264,PROD00025,STORE019,2026-04-27,5,13238.74
ORD0021429,CUST01243,PROD00247,STORE017,2026-04-27,2,17328.6
ORD0021928,CUST01172,PROD00122,STORE017,2026-04-27,2,1214.5
ORD0021824,CUST00674,PROD00154,STORE003,2026-04-27,5,12918.45
ORD0022104,CUST00104,PROD00280,STORE021,2026-04-27,,15191.2
ORD0020790,CUST01107,PROD00177,STORE020,2026-04-27,3,5684.89
ORD0021168,CUST00724,,STORE004,2026-04-27,5,11625.2
ORD0022011,CUST01206,PROD00208,STORE010,2026-04-27,2,14963.07
ORD0021256,CUST00469,PROD00219,STORE010,2026-04-27,4,20272.28
ORD0021316,CUST01091,PROD00190,STORE017,2026-04-27,4,1695.89
ORD0021746,CUST01449,PROD00087,STORE006,2026-04-19,3,14104.92
ORD0022320,CUST00324,PROD00069,STORE024,2026-04-27,1,6924.6
ORD0022216,CUST00195,PROD00156,STORE002,2026-04-27,4,2155.43
ORD0021849,CUST00608,PROD00235,STORE011,2026-04-24,5,24849.14
ORD0021813,CUST00172,PROD00266,STORE007,2026-04-27,6,1737.14
ORD0021439,CUST00291,PROD00203,STORE021,2026-04-27,3,2630.16
ORD0021022,CUST00066,PROD00040,STORE003,2026-04-27,2,24682.43
ORD0021827,CUST00766,PROD00181,STORE009,2026-04-27,5,13564.24
ORD0021361,CUST00600,PROD00228,STORE015,2026-04-27,6,3596.12
ORD0022487,CUST00009,PROD00068,STORE019,2026-04-27,3,17688.13
ORD0021888,CUST00433,PROD00232,STORE016,2026-04-27,1,22113.68
ORD0021011,CUST01468,PROD00212,STORE017,2026-04-27,4,23188.89
ORD0021398,CUST00970,PROD00019,STORE025,2026-04-22,2,22901.99
ORD0020540,CUST00717,PROD00188,STORE011,2026-04-27,1,2672.32
ORD0022475,CUST00033,PROD00267,STORE005,2026-04-27,1,8190.5
ORD0021499,CUST00477,PROD00288,STORE005,2026-04-27,2,19887.99
ORD0021551,CUST01384,PROD00002,STORE022,2026-04-27,6,20060.41
ORD0021060,CUST00566,PROD00155,STORE011,2026-04-27,1,19078.11
ORD0020679,CUST00034,PROD00178,STORE007,2026-04-21,6,10810.69
ORD0021537,CUST00437,PROD00007,STORE015,2026-13-40,3,20119.2
ORD0020765,CUST00183,PROD00267,STORE023,2026-04-27,4,10056.22
ORD0021543,CUST00481,PROD00246,STORE017,2026-04-27,2,9788.46
ORD0021223,CUST00649,PROD00087,STORE015,2026-04-27,1,1964.88
ORD0022246,CUST00322,PROD00190,STORE025,2026-04-27,6,20968.68
ORD0020831,CUST01112,PROD00056,STORE022,2026-04-27,3,21120.02
ORD0021609,CUST00087,PROD00290,STORE022,2026-04-27,1,3072.17
ORD0022026,CUST00173,PROD00019,STORE002,2026-04-27,6,22957.98
ORD0020769,CUST00928,PROD00170,STORE015,2026-04-27,,4496.69
ORD0022041,CUST00970,PROD00221,STORE023,2026-04-27,6,3199.41
ORD0020937,CUST01482,PROD00232,STORE009,2026-04-27,1,23512.02
ORD0022050,CUST00899,PROD00100,STORE020,2026-04-27,5,2688.77
ORD0021856,CUST00649,PROD00063,STORE007,2026-04-27,1,14269.69
ORD0021279,CUST00189,PROD00269,STORE013,2026-04-27,4,6362.14
ORD0020504,CUST00621,PROD00208,STORE025,2026-04-27,1,11127.08
ORD0021126,CUST01116,PROD00211,STORE018,2026-04-27,1,7123.84
ORD0020854,CUST00994,PROD00079,STORE017,2026-04-27,4,24908.44
ORD0021278,CUST01422,PROD00190,STORE008,2026-04-27,2,23234.07
ORD0021580,CUST00830,PROD00186,STORE014,2026-04-27,4,23290.7
ORD0020812,CUST01049,,STORE024,2026-04-27,3,1534.51
ORD0021340,CUST01081,PROD00290,STORE019,2026-04-27,5,13105.39
ORD0021933,CUST00919,PROD00157,STORE011,2026-04-18,5,14546.78
ORD0020548,CUST00794,PROD00101,STORE018,2026-04-24,4,12635.13
ORD0022223,CUST01473,PROD00256,STORE018,2026-04-27,2,2060.35
ORD0020944,CUST01124,PROD00143,STORE002,2026-04-27,5,23823.58
ORD0021132,CUST01203,PROD00213,STORE007,2026-04-27,6,22367.1
ORD0022035,CUST00581,PROD00056,STORE013,2026-04-27,2,18097.85
ORD0022266,CUST01198,PROD00157,STORE023,2026-04-27,4,23233.17
ORD0020926,CUST00916,PROD00283,STORE001,2026-04-27,2,20675.46
ORD0022315,CUST00748,PROD00059,STORE002,2026-04-23,1,8035.09
ORD0020825,CUST00443,PROD00173,STORE019,2026-04-27,5,21123.07
ORD0020567,CUST00234,PROD00231,STORE006,2026-04-27,2,18493.47
ORD0020925,CUST00383,PROD00050,STORE025,2026-04-27,6,3736.12
ORD0020520,CUST00831,PROD00271,STORE008,2026-04-27,6,24742.97
ORD0021922,CUST00210,PROD00218,STORE015,2026-04-27,3,15431.19
ORD0021437,CUST00304,PROD00069,STORE024,2026-04-27,3,24019.44
ORD0021440,CUST00427,PROD00021,STORE018,2026-04-27,1,18230.25
ORD0021243,CUST00176,PROD00167,STORE006,2026-04-27,1,17822.36
ORD0021041,CUST00056,PROD00272,STORE001,2026-04-27,3,333.91
ORD0021786,CUST00808,PROD00283,STORE024,2026-04-27,5,11198.41
ORD0022455,CUST01175,PROD00009,STORE011,2026-04-27,5,4319.47
ORD0022112,CUST00305,PROD00141,STORE012,2026-04-27,5,19620.01
ORD0022388,CUST01477,PROD00237,STORE005,2026-04-27,6,14728.82
ORD0022460,CUST00385,PROD00119,STORE016,2026-04-27,3,23003.96
ORD0022233,CUST00825,PROD00148,STORE025,2026-04-27,3,18404.38
ORD0021259,CUST01354,PROD00054,STORE018,2026-04-27,5,24329.2
ORD0021240,CUST00074,PROD00128,STORE024,2026-04-27,4,18774.08
ORD0021097,CUST00121,PROD00107,STORE023,2026-04-27,2,9445.19
ORD0022447,CUST00433,PROD00097,STORE010,2026-04-27,5,13176.27
ORD0022359,CUST01443,PROD00097,STORE002,2026-04-27,2,21191.71
ORD0021996,CUST01000,PROD00141,STORE001,2026-04-18,5,18225.29
ORD0020650,CUST00059,PROD00148,STORE018,2026-04-27,4,23187.17
ORD0020614,CUST00365,PROD00068,STORE003,2026-04-27,2,10749.93
ORD0020795,CUST01189,PROD00220,STORE002,2026-04-27,4,8820.78
ORD0021710,CUST01145,PROD00262,STORE008,2026-04-19,,5052.6
ORD0022176,CUST00231,PROD00090,STORE022,2026-04-27,6,2764.42
ORD0022321,CUST00273,PROD00184,STORE022,2026-04-27,1,16004.25
ORD0021973,CUST00102,PROD00168,STORE018,2026-04-27,1,4161.64
ORD0021187,,PROD00052,STORE007,2026-04-27,5,4268.46
ORD0021835,CUST00670,PROD00039,STORE022,2026-04-27,2,11288.95
ORD0021573,CUST00229,PROD00160,STORE018,2026-04-27,1,10726.03
ORD0022079,CUST01468,PROD00271,STORE011,2026-04-27,5,22081.56
ORD0020640,CUST00259,PROD00294,STORE021,2026-04-27,5,9524.55
ORD0022232,CUST00445,PROD00123,STORE006,2026-04-27,5,23005.63
ORD0020852,CUST00163,PROD00242,STORE025,2026-04-19,5,5865.14
ORD0021662,CUST00285,PROD00294,STORE022,2026-04-27,5,11908.79
ORD0021700,CUST00528,PROD00010,STORE013,2026-04-27,6,23158.71
ORD0021315,CUST01400,PROD00076,STORE012,2026-04-27,6,19714.53
ORD0021401,CUST00256,PROD00097,STORE009,2026-04-27,3,15463.01
ORD0022459,CUST00289,PROD00236,STORE016,2026-04-27,6,9962.5
ORD0021845,CUST00648,PROD00075,STORE024,2026-04-27,2,8544.0
ORD0022495,CUST01270,PROD00199,STORE016,2026-04-27,2,2620.71
ORD0021209,CUST01037,PROD00188,STORE019,2026-04-27,6,7729.34
ORD0022103,CUST01062,PROD00163,STORE015,2026-04-27,3,15342.39
ORD0021470,CUST01229,PROD00132,STORE009,2026-04-27,5,19115.0
ORD0022197,CUST01324,PROD00051,STORE010,2026-04-27,3,23774.09
ORD0020779,CUST00371,PROD00180,STORE008,2026-04-27,1,20149.12
ORD0021222,CUST00021,PROD00009,STORE006,2026-04-27,3,23379.15
ORD0021457,CUST00659,PROD00066,STORE010,2026-04-27,5,11413.06
ORD0021226,CUST00863,PROD00061,STORE002,2026-04-27,2,6764.37
ORD0020829,CUST00121,PROD00282,STORE017,2026-04-27,2,994.87
ORD0021703,,PROD00031,STORE020,2026-04-27,6,9807.72
ORD0022072,CUST00980,PROD00161,STORE001,2026-04-27,6,15924.04
ORD0021628,CUST01100,PROD00184,STORE007,2026-04-21,6,170.68
ORD0022384,CUST00270,PROD00048,STORE009,2026-04-27,5,18804.21
ORD0021488,CUST00392,PROD00221,STORE007,2026-04-27,3,21929.87
ORD0021266,CUST00898,PROD00157,STORE012,2026-04-27,6,13512.64
ORD0022013,CUST00616,PROD00006,STORE009,2026-04-27,1,9357.51
ORD0022207,CUST00009,PROD00236,STORE019,2026-04-27,4,unknown
ORD0022162,CUST01439,PROD00117,STORE018,2026-04-27,4,24806.1
ORD0021549,CUST00946,PROD00077,STORE010,2026-04-20,4,19157.05
ORD0022154,CUST00393,PROD00016,STORE014,2026-04-27,5,17725.02
ORD0022201,CUST00971,PROD00122,STORE021,2026-04-27,6,3274.56
ORD0020956,CUST00517,PROD00145,STORE016,2026-04-27,5,12728.27
ORD0020921,CUST00215,PROD00201,STORE022,2026-04-27,2,19253.65
ORD0022414,CUST00843,PROD00237,STORE011,2026-04-27,4,15021.15
ORD0021516,CUST00939,PROD00267,STORE006,2026-04-27,1,366.98
ORD0022308,CUST01480,PROD00157,STORE012,2026-04-27,5,10323.4
ORD0020848,CUST01322,PROD00091,STORE024,2026-04-27,4,13883.95
ORD0021417,CUST00347,PROD00117,STORE002,2026-04-27,1,6638.86
ORD0022369,CUST01021,PROD00094,STORE011,2026-04-27,1,3629.65
ORD0022373,CUST00454,PROD00015,STORE016,2026-04-27,3,7989.5
ORD0022110,CUST00942,PROD00226,STORE011,2026-04-27,6,21974.54
ORD0020792,CUST01194,PROD00109,STORE025,not_a_date,4,8363.98
ORD0021293,CUST01313,PROD00122,STORE010,2026-04-27,2,835.4
ORD0021688,CUST00432,PROD00001,STORE008,2026-04-23,3,17474.35
ORD0020561,CUST00567,PROD00059,STORE011,2026-04-27,3,4284.78
ORD0020996,CUST00924,PROD00283,STORE017,2026-04-17,4,9518.15
ORD0020977,CUST01003,PROD00208,STORE022,2026-04-27,2,2987.46
ORD0021828,CUST00140,PROD00209,STORE012,2026-04-27,3,4960.68
ORD0020930,CUST00518,PROD00104,STORE015,2026-04-27,5,15866.03
ORD0022193,CUST00178,PROD00227,STORE002,2026-04-27,1,15310.7
ORD0020936,CUST01466,PROD00217,STORE012,2026-04-27,5,24053.26
ORD0020893,CUST01496,PROD00118,STORE001,2026-04-27,6,6530.76
ORD0021940,CUST00638,PROD00080,STORE018,2026-04-27,6,5584.08
ORD0022195,CUST01137,PROD00114,STORE002,2026-04-27,5,9482.27
ORD0021905,CUST01062,PROD00035,STORE013,2026-04-27,1,1598.6
ORD0020955,,PROD00227,STORE014,2026-04-27,5,24258.11
ORD0020661,CUST01494,PROD00276,STORE009,2026-04-27,6,abc
ORD0021866,CUST00936,,STORE011,2026-04-27,6,19588.6
ORD0021393,CUST00620,PROD00203,STORE014,2026-04-27,6,8558.08
ORD0020933,CUST00312,PROD00125,STORE011,2026-04-27,6,777.07
ORD0021447,CUST00341,PROD00228,STORE003,2026-04-27,6,7179.63
ORD0021841,CUST01470,PROD00129,STORE005,2026-04-27,3,15364.91
ORD0021088,CUST00583,,STORE010,2026-04-18,6,12502.55
ORD0021642,CUST01058,PROD00199,STORE011,2026-04-27,6,23866.25
ORD0020990,CUST01081,PROD00283,STORE017,2026-04-27,1,15623.57
ORD0021188,CUST00084,PROD00116,STORE016,2026-04-27,6,196.44
ORD0020669,CUST01012,PROD00208,STORE011,2026-04-27,3,19850.21
ORD0021129,CUST00465,PROD00044,STORE006,2026-04-27,1,22211.92
ORD0020858,CUST01087,PROD00217,STORE005,2026-04-27,5,18504.44
ORD0021640,CUST01299,PROD00070,STORE011,2026-04-27,6,11532.73
ORD0021820,CUST00580,PROD00092,STORE009,2026-04-27,6,11478.38
ORD0022375,CUST00181,PROD00232,STORE004,2026-04-27,3,1627.33
ORD0021082,CUST00569,PROD00174,STORE014,2026-04-27,3,13569.13
ORD0021380,CUST00764,PROD00047,STORE025,2026-04-27,6,10213.39
ORD0020546,CUST00437,PROD00140,STORE018,2026-04-27,5,18107.89
ORD0020531,CUST01365,PROD00275,STORE022,2026-04-27,3,3077.69
ORD0022416,CUST00555,PROD00066,STORE025,2026-04-20,6,20322.22
ORD0021475,CUST01320,PROD00195,STORE009,2026-04-27,6,21945.11
ORD0022110,CUST00942,PROD00226,STORE011,2026-04-27,6,21974.54
ORD0022101,CUST01248,PROD00032,STORE005,2026-04-27,6,7761.35
ORD0020828,CUST00306,PROD00137,STORE016,2026-04-27,3,18346.26
ORD0022220,CUST00380,PROD00032,STORE003,2026-04-27,4,21258.19
ORD0022187,CUST00160,PROD00142,STORE025,2026-04-27,6,3091.85
ORD0020850,CUST00987,PROD00044,STORE010,2026-04-27,5,15128.6
ORD0021768,CUST00432,PROD00292,STORE003,2026-04-27,1,11669.3
ORD0022257,CUST01089,PROD00205,STORE008,2026-04-27,2,4945.05
ORD0021117,CUST01126,PROD00051,STORE013,2026-04-27,6,18148.05
ORD0020989,CUST00737,PROD00245,STORE010,2026-04-27,6,7514.99
ORD0021436,CUST00821,PROD00107,STORE012,2026-04-27,4,8377.59
ORD0020756,CUST01023,PROD00025,STORE010,2026-04-27,1,6245.57
ORD0022410,CUST00013,PROD00275,STORE015,2026-04-18,4,12009.13
ORD0022478,CUST01260,PROD00171,STORE018,2026-04-18,5,14116.53
ORD0021298,CUST01020,PROD00243,STORE025,2026-04-27,3,13209.18
ORD0020766,CUST00528,PROD00145,STORE024,2026-04-27,6,7011.53
ORD0021531,CUST00781,PROD00200,STORE012,2026-04-27,1,4222.23
ORD0021228,CUST00458,PROD00109,STORE013,2026-04-27,6,13791.03
ORD0022141,CUST00384,PROD00276,STORE010,2026-13-40,3,3300.02
ORD0022065,CUST00483,PROD00147,STORE010,2026-04-19,4,17046.25
ORD0022215,CUST00033,PROD00096,STORE019,2026-04-27,6,21898.34
ORD0021840,CUST00855,PROD00186,STORE012,2026-04-27,4,14935.31
ORD0022032,CUST00657,PROD00198,STORE011,2026-04-27,5,1612.52
ORD0021722,CUST00594,PROD00242,STORE015,2026-04-27,4,443.58
ORD0022091,CUST00589,PROD00300,STORE009,2026-04-20,3,18777.01
ORD0022107,CUST01354,PROD00168,STORE019,2026-04-27,1,15848.59
ORD0020501,CUST00006,PROD00240,STORE016,2026-04-27,4,7024.71
ORD0021730,CUST01237,PROD00042,STORE002,2026-04-27,5,7875.13
ORD0022341,CUST00614,PROD00193,STORE016,2026-04-27,4,7799.3
ORD0021004,CUST00165,PROD00091,STORE019,2026-04-22,1,2178.32
ORD0021991,CUST00777,PROD00240,STORE023,2026-04-27,6,21746.25
ORD0021546,CUST00541,PROD00055,STORE022,2026-04-27,3,12006.1
ORD0021759,CUST00986,PROD00072,STORE003,2026-04-27,5,5467.83
ORD0021574,CUST00715,PROD00192,STORE023,2026-04-27,2,7312.84
ORD0021562,CUST01489,PROD00241,STORE014,2026-04-27,5,18512.43
ORD0021803,CUST00474,PROD00045,STORE009,2026-04-27,5,1582.57
ORD0021245,CUST00073,PROD00017,STORE016,2026-04-22,6,9846.29
ORD0021772,CUST00944,PROD00108,STORE017,2026-04-27,2,12014.82
ORD0022255,CUST00114,PROD00124,STORE019,2026-04-27,3,5655.42
ORD0021962,CUST00115,PROD00141,STORE001,2026-04-27,6,9541.9
ORD0022268,CUST00253,PROD00109,STORE010,2026-04-27,6,18944.0
ORD0021739,CUST00587,,STORE023,2026-04-27,5,18394.78
ORD0021591,CUST00248,PROD00071,STORE020,2026-04-27,3,20596.41
ORD0021266,CUST00898,PROD00157,STORE012,2026-04-27,6,13512.64
ORD0021524,CUST01053,PROD00275,STORE004,2026-04-27,6,23205.13
ORD0021601,CUST00541,PROD00112,STORE018,2026-04-27,2,12417.63
ORD0021606,CUST00684,PROD00056,STORE022,2026-04-27,4,3439.48
ORD0021903,CUST00579,PROD00119,STORE020,2026-04-27,3,8397.63
ORD0020618,CUST01318,PROD00073,STORE013,2026-04-27,5,17508.93
ORD0021059,CUST00617,PROD00054,STORE018,2026-04-27,3,419.36
ORD0021198,CUST01000,PROD00147,STORE007,2026-04-27,5,10474.23
ORD0020579,CUST00125,PROD00108,STORE020,2026-04-22,2,7991.66
ORD0022213,CUST00195,PROD00204,STORE001,2026-04-27,1,720.04
ORD0021900,CUST00256,PROD00124,STORE006,2026-04-27,3,10746.0
ORD0022151,CUST00504,PROD00173,STORE009,2026-04-27,3,6874.83
ORD0020787,CUST00133,PROD00225,STORE020,2026-04-27,4,16666.87
ORD0021375,CUST01093,PROD00065,STORE018,2026-04-27,4,3715.5
ORD0020744,CUST00954,PROD00229,STORE011,2026-04-27,5,18224.45
ORD0021955,CUST00352,PROD00127,STORE012,2026-04-27,5,19870.58
ORD0020767,CUST00627,PROD00133,STORE021,2026-04-27,5,9514.79
ORD0020516,CUST00402,PROD00147,STORE004,2026-04-22,2,9660.38
ORD0021345,CUST01142,PROD00266,STORE018,2026-04-17,5,16113.18
ORD0022263,CUST01108,PROD00262,STORE014,2026-04-27,6,11504.3
ORD0022252,CUST01203,PROD00226,STORE001,2026-04-27,4,16863.34
ORD0021038,CUST00510,PROD00040,STORE025,2026-04-27,3,7880.93
ORD0022115,CUST01241,PROD00178,STORE001,2026-04-27,1,24251.73
ORD0022407,CUST00404,PROD00200,STORE007,2026-04-27,4,10660.73
ORD0021908,CUST01387,PROD00208,STORE013,2026-04-27,3,7831.92
ORD0020642,CUST00612,PROD00008,STORE024,2026-04-27,4,19993.87
ORD0022240,CUST00941,PROD00020,STORE006,2026-04-27,2,3698.51
ORD0020616,CUST00955,PROD00052,STORE004,2026-04-27,5,3929.42
ORD0021307,CUST01355,PROD00235,STORE017,2026-04-27,5,23080.81
ORD0020954,CUST01163,PROD00131,STORE018,2026-04-27,3,18275.74
ORD0020619,CUST01377,PROD00281,STORE003,2026-04-27,1,23784.42
ORD0021610,CUST00989,PROD00237,STORE024,2026-04-27,5,22568.26
ORD0020953,CUST00942,PROD00098,STORE015,2026-04-27,1,4265.47
ORD0021109,CUST00764,PROD00100,STORE005,2026-04-27,5,10381.86
ORD0020513,CUST00883,PROD00038,STORE009,2026-04-27,3,1331.51
ORD0020890,CUST01429,PROD00234,STORE013,2026-04-20,1,3062.19
ORD0022445,CUST01373,PROD00182,STORE008,2026-04-27,6,8884.69
ORD0020724,CUST00673,PROD00294,STORE001,2026-04-27,2,24091.46
ORD0021814,CUST00087,PROD00213,STORE012,2026-04-27,2,4323.5
ORD0021837,CUST00505,PROD00064,STORE007,2026-04-27,3,7782.06
ORD0021385,CUST01283,PROD00150,STORE022,2026-04-27,2,2069.33
ORD0021621,CUST00696,PROD00081,STORE002,2026-04-27,4,9155.17
ORD0022422,CUST00866,PROD00298,STORE020,2026-04-27,4,10175.47
ORD0020980,CUST01414,PROD00161,STORE012,2026-04-27,2,$14836.76
ORD0021205,CUST01390,PROD00247,STORE014,2026-04-27,6,18029.96
ORD0021652,CUST00973,PROD00223,STORE014,2026-04-27,5,7036.87
ORD0021321,CUST00124,PROD00190,STORE005,2026-04-27,3,11164.63
ORD0021823,CUST00971,PROD00067,STORE025,2026-04-27,3,21828.13
ORD0021897,CUST01498,PROD00011,STORE009,2026-04-27,3,8394.99
ORD0020544,CUST00074,PROD00084,STORE023,2026-04-27,6,9390.3
ORD0021252,CUST00431,PROD00181,STORE021,2026-04-27,1,24444.75
ORD0021967,CUST00877,PROD00067,STORE020,2026-04-27,1,20363.13
ORD0022010,CUST01209,PROD00274,STORE020,2026-04-27,4,21770.96
ORD0020564,CUST01147,PROD00040,STORE008,2026-04-27,3,9441.11
ORD0021267,CUST01459,PROD00086,STORE020,2026-04-27,4,6862.42
ORD0022206,CUST01475,PROD00230,STORE016,2026-04-27,1,1228.37
ORD0021585,CUST00707,PROD00109,STORE010,2026-04-27,2,10171.55
ORD0022067,CUST00773,PROD00202,STORE018,2026-04-27,1,2388.62
ORD0022312,CUST00004,PROD00257,STORE016,2026-04-18,1,18828.49
ORD0022283,CUST00408,PROD00140,STORE008,2026-04-27,1,10092.05
ORD0022066,CUST00790,PROD00143,STORE002,2026-04-27,4,14225.91
ORD0021242,CUST01263,PROD00175,STORE008,2026-04-27,4,12284.17
ORD0021036,CUST01233,PROD00204,STORE019,2026-04-27,6,13715.66
ORD0021895,CUST00938,PROD00262,STORE001,2026-04-27,3,21412.28
ORD0022318,CUST01352,PROD00039,STORE011,2026-04-27,6,16080.28
ORD0021369,CUST00981,PROD00127,STORE011,2026-04-27,5,22196.78
ORD0021577,CUST00601,PROD00244,STORE010,2026-04-27,2,17586.28
ORD0022118,CUST00234,PROD00161,STORE018,2026-04-27,6,23619.79
ORD0021078,CUST00485,PROD00047,STORE014,2026-04-27,4,2190.44
ORD0021070,CUST01452,PROD00106,STORE005,2026-04-27,2,3442.12
ORD0021643,CUST00588,PROD00007,STORE019,2026-04-27,6,5834.39
ORD0021855,CUST00753,PROD00050,STORE020,2026-04-27,1,abc
ORD0021263,CUST00512,PROD00074,STORE024,2026-04-27,1,14332.79
ORD0021106,CUST00486,PROD00173,STORE022,2026-04-27,2,16716.11
ORD0021930,CUST00153,PROD00120,STORE025,2026-04-27,6,6454.17
ORD0021733,CUST00122,PROD00090,STORE001,2026-04-27,3,21736.79
ORD0021280,CUST00531,PROD00212,STORE005,2026-04-27,5,17766.03
ORD0021009,CUST01385,PROD00122,STORE022,2026-04-27,1,23343.71
ORD0020898,CUST00390,PROD00184,STORE014,2026-04-27,2,17305.11
ORD0022386,CUST01335,PROD00015,STORE014,2026-04-27,3,22586.42
ORD0021360,CUST00731,PROD00069,STORE005,2026-04-27,1,24871.3
ORD0021572,CUST01469,PROD00138,STORE001,2026-04-27,4,22995.4
ORD0021178,CUST00705,PROD00019,STORE006,2026-04-27,1,9218.73
ORD0020588,CUST01433,PROD00129,STORE015,2026-04-27,6,14060.77
ORD0021213,CUST00661,PROD00166,STORE010,2026-04-24,3,18009.04
ORD0022222,CUST00343,PROD00142,STORE020,2026-04-27,4,19986.03
ORD0021122,CUST00466,PROD00285,STORE019,2026-04-27,2,1960.95
ORD0021260,CUST00921,PROD00224,STORE014,2026-04-27,2,18917.41
ORD0020736,CUST00537,PROD00188,STORE008,2026-04-27,5,17627.1
ORD0021481,CUST00568,PROD00114,STORE011,2026-04-27,1,12399.66
ORD0020703,CUST00989,PROD00077,STORE008,2026-04-27,2,14571.38
ORD0021799,CUST01113,PROD00293,STORE009,2026-04-27,6,14291.33
ORD0022228,CUST00632,PROD00006,STORE016,2026-04-27,5,14342.06
ORD0021533,CUST00505,PROD00241,STORE003,2026-04-27,3,12889.94
ORD0020524,CUST00971,PROD00142,STORE025,2026-04-27,5,23743.97
ORD0021595,CUST00656,PROD00290,STORE020,2026-04-22,6,12380.12
ORD0021356,CUST01418,PROD00063,STORE021,2026-04-27,2,13362.12
ORD0021603,CUST00928,PROD00053,STORE020,2026-04-27,4,22221.67
ORD0021604,CUST00164,PROD00045,STORE002,2026-04-27,two,18115.9
ORD0021836,CUST00733,PROD00028,STORE012,2026-04-27,5,9410.72
ORD0020558,CUST01242,PROD00270,STORE014,2026-04-27,2,18361.55
ORD0022494,CUST00002,PROD00094,STORE021,2026-04-27,6,14986.8
ORD0022012,CUST00971,PROD00016,STORE002,2026-04-27,2,22018.15
ORD0021294,CUST00315,PROD00253,STORE020,2026-04-27,5,22860.42
ORD0020888,CUST00692,PROD00290,STORE002,2026-04-17,5,14441.61
ORD0021529,CUST00887,PROD00082,STORE016,2026-04-24,6,10914.88
ORD0022379,CUST00907,PROD00029,STORE014,2026-04-27,6,4342.85
ORD0022048,CUST00351,PROD00115,STORE019,2026-04-27,3,13836.09
ORD0021163,CUST00695,PROD00220,STORE012,2026-04-27,2,14631.79
ORD0021089,CUST00246,PROD00272,STORE019,2026-04-27,1,6295.52
ORD0020834,CUST00204,PROD00224,STORE022,2026-04-27,1,18769.05
ORD0021071,CUST00259,PROD00178,STORE023,2026-04-27,3,5931.83
ORD0021676,CUST00331,PROD00049,STORE001,2026-04-23,2,2613.98
ORD0022335,CUST00678,PROD00080,STORE008,2026-04-27,6,23386.58
ORD0022183,CUST00280,PROD00102,STORE021,2026-04-27,3,7234.88
ORD0021137,CUST01185,PROD00066,STORE022,2026-04-27,4,18553.41
ORD0021154,CUST01077,PROD00086,STORE005,2026-04-27,4,4562.35
ORD0021121,CUST00007,PROD00207,STORE017,2026-04-27,6,22484.0
ORD0021073,CUST00810,PROD00033,STORE009,2026-04-27,6,12817.06
ORD0021284,CUST00248,PROD00221,STORE017,2026-04-27,5,18868.84
ORD0022294,CUST00484,PROD00223,STORE006,2026-04-27,6,2112.9
ORD0022154,CUST00393,PROD00016,STORE014,2026-04-27,5,17725.02
ORD0021602,CUST00522,PROD00242,STORE003,2026-04-27,3,1178.83
ORD0021153,CUST00258,PROD00215,STORE021,2026-04-27,3,12628.9
ORD0022262,CUST01303,PROD00217,STORE017,2026-04-27,3,23503.02
ORD0022269,CUST01355,PROD00258,STORE003,2026-04-27,1,23185.49
ORD0021441,CUST01164,PROD00257,STORE023,2026-04-27,5,2310.92
ORD0022456,CUST01335,PROD00283,STORE025,2026-04-27,2,15553.99
ORD0021390,CUST00495,PROD00129,STORE013,2026-04-27,1,5124.37
ORD0020595,CUST00629,PROD00294,STORE004,2026-04-27,5,20862.77
ORD0021939,CUST01038,PROD00268,STORE007,2026-04-27,4,22262.03
ORD0020589,CUST00944,PROD00245,STORE005,2026-04-27,5,unknown
ORD0021639,CUST00653,PROD00068,STORE012,2026-04-27,1,12578.45
ORD0020681,CUST01251,PROD00134,STORE004,2026-04-27,3,17144.42
ORD0021469,CUST01240,PROD00138,STORE005,2026-04-27,6,14242.89
ORD0021394,CUST01093,PROD00260,STORE004,2026-04-27,6,3173.88
ORD0020883,CUST00456,PROD00295,STORE015,2026-04-27,4,14180.43
ORD0021016,CUST00114,PROD00012,STORE019,2026-04-22,1,198.94
ORD0021037,CUST01147,PROD00240,STORE016,2026-04-27,2,8734.72
ORD0021927,CUST01453,PROD00043,STORE022,2026-04-27,6,9924.79
ORD0020982,CUST01058,PROD00072,STORE024,2026-04-27,4,21116.26
ORD0020876,CUST01114,PROD00014,STORE020,2026-04-27,6,7961.29
ORD0022094,CUST00508,PROD00238,STORE019,2026-04-27,1,9307.77
ORD0022120,CUST00260,PROD00206,STORE002,2026-04-27,1,19416.91
ORD0021209,CUST01037,PROD00188,STORE019,2026-04-27,6,7729.34
ORD0022419,CUST00093,PROD00178,STORE001,2026-04-27,6,1416.1
ORD0020929,CUST01399,PROD00020,STORE001,2026-04-27,6,466.1
ORD0022420,CUST01169,PROD00137,STORE019,2026-04-27,2,9756.53
ORD0021755,CUST01159,PROD00182,STORE004,2026-04-27,3,805.23
ORD0021980,CUST00236,PROD00119,STORE019,2026-04-27,5,20370.18
ORD0020932,CUST00576,PROD00057,STORE017,2026-04-27,1,154.2
ORD0020983,CUST01112,PROD00203,STORE020,2026-04-27,2,15371.85
ORD0021921,CUST01491,PROD00015,STORE025,2026-04-27,3,24259.75
ORD0022004,CUST00246,PROD00036,STORE003,2026-04-27,3,10803.73
ORD0022034,CUST00568,PROD00292,STORE006,2026-04-18,5,11590.85
ORD0020892,CUST01049,PROD00085,STORE003,2026-04-27,2,2003.12
ORD0020816,CUST00464,PROD00270,STORE013,2026-04-27,2,18373.88
ORD0021219,CUST01273,PROD00161,STORE009,2026-04-22,6,6679.41
ORD0020727,CUST01226,PROD00132,STORE002,2026-04-27,6,15403.0
ORD0021505,CUST00078,PROD00155,STORE002,2026-04-27,3,18309.54
ORD0022285,CUST01220,PROD00051,STORE003,2026-04-27,4,9982.57
ORD0021818,CUST00848,PROD00178,STORE007,2026-04-27,5,1928.56
ORD0021463,CUST01155,PROD00123,STORE014,2026-04-27,3,17916.1
ORD0021455,CUST00183,PROD00184,STORE004,2026-04-27,3,23482.29
ORD0022025,CUST00784,PROD00168,STORE020,2026-04-27,6,10958.48
ORD0022052,CUST00434,PROD00029,STORE004,2026-04-27,2,8247.46
ORD0022391,CUST01294,PROD00294,STORE009,2026-04-27,3,7606.44
ORD0022147,CUST00871,PROD00245,STORE006,2026-04-27,two,17555.06
ORD0020531,CUST01365,PROD00275,STORE022,2026-04-27,3,3077.69
ORD0021339,CUST00320,PROD00159,STORE003,2026-04-27,1,15709.71
ORD0021192,CUST00666,PROD00106,STORE013,2026-04-27,3,7747.58
ORD0022180,CUST00019,PROD00097,STORE013,2026-04-27,4,3318.87
ORD0021966,CUST00831,PROD00148,STORE016,2026-04-27,5,1544.19
ORD0021172,CUST01089,PROD00219,STORE012,2026-04-27,6,11678.76
ORD0020660,CUST00227,PROD00092,STORE008,2026-04-27,4,5918.68
ORD0022473,CUST01109,PROD00059,STORE005,2026-04-27,6,17079.59
ORD0022346,CUST00911,PROD00136,STORE017,2026-04-27,1,11044.8
ORD0021127,CUST00470,PROD00213,STORE003,2026-04-27,6,3664.26
ORD0022116,CUST01426,PROD00038,STORE014,2026-04-27,5,328.42
ORD0020637,CUST01406,PROD00221,STORE001,2026-04-27,3,2420.29
ORD0020796,CUST01064,PROD00133,STORE007,2026-04-27,1,18348.03
ORD0020634,CUST01137,PROD00011,STORE002,2026-04-27,5,2371.19
ORD0020951,CUST01082,PROD00141,STORE024,2026-04-27,3,10886.56
ORD0021027,CUST00570,PROD00069,STORE024,2026-04-27,2,5291.12
ORD0021554,CUST00157,PROD00284,STORE006,2026-04-27,4,14759.12
ORD0021972,CUST01189,PROD00236,STORE009,2026-04-17,3,3560.84
ORD0021216,CUST01458,PROD00138,STORE003,2026-04-27,1,4845.93
ORD0021251,CUST01284,PROD00088,STORE003,2026-04-27,5,8044.5
ORD0020707,CUST00923,PROD00142,STORE004,2026-04-27,3,7852.64
ORD0022014,CUST01436,PROD00276,STORE004,2026-04-27,2,22522.04
ORD0021801,CUST01279,PROD00015,STORE024,2026-04-27,3,4959.01
ORD0021682,CUST00080,PROD00085,STORE007,2026-04-27,2,8155.73
ORD0020966,CUST00509,PROD00071,STORE024,2026-04-21,5,19856.59
ORD0021611,CUST01399,PROD00182,STORE016,2026-04-17,1,20982.91
ORD0021508,CUST00693,PROD00164,STORE008,2026-04-27,3,14749.79
ORD0021214,CUST01104,PROD00171,STORE013,2026-04-27,1,7563.92
ORD0021929,CUST00517,PROD00097,STORE014,2026-04-27,5,9603.86
ORD0021729,CUST00543,PROD00251,STORE024,2026-04-27,3,22420.18
ORD0022244,CUST00473,PROD00123,STORE011,2026-04-27,3,19608.83
ORD0022497,CUST00535,PROD00259,STORE021,2026-04-27,3,15614.76
ORD0020656,CUST00870,PROD00221,STORE017,2026-04-27,3,20041.58
ORD0020507,CUST00437,PROD00144,STORE023,2026-04-18,4,24257.83
ORD0021758,CUST01196,PROD00013,STORE010,2026-04-27,3,18314.6
ORD0021937,CUST01162,PROD00062,STORE013,2026-04-19,4,11817.29
ORD0020702,CUST00372,PROD00003,STORE016,2026-04-19,5,3805.48
ORD0020522,CUST01070,PROD00207,STORE008,2026-04-27,3,14541.68
ORD0021764,CUST01045,PROD00226,STORE006,2026-04-27,5,16872.33
ORD0021270,CUST01344,PROD00199,STORE011,2026-04-27,5,22425.76
ORD0020705,CUST00835,PROD00156,STORE013,2026-04-27,1,5015.03
ORD0021425,CUST01493,PROD00011,STORE009,2026-04-27,6,15606.19
ORD0021728,CUST01500,PROD00027,STORE001,2026-04-27,6,24456.0
ORD0020918,CUST01247,,STORE010,2026-04-27,1,3100.9
ORD0020699,CUST00009,PROD00110,STORE010,2026-04-27,6,8916.75
ORD0022436,CUST01430,PROD00064,STORE021,2026-04-27,2,16466.66
ORD0020602,CUST00593,PROD00211,STORE011,2026-04-27,5,6625.1
ORD0021015,CUST00063,PROD00258,STORE012,2026-04-27,4,899.93
ORD0020593,CUST00307,PROD00126,STORE017,2026-04-27,5,15176.66
ORD0021253,CUST01321,PROD00187,STORE007,2026-04-17,3,22042.64
ORD0021881,CUST00034,PROD00140,STORE021,2026-04-27,6,20969.31
ORD0021046,CUST01047,PROD00286,STORE013,2026-04-27,6,2996.1
ORD0021616,CUST01465,PROD00097,STORE019,2026-04-27,1,16423.8
ORD0020967,CUST00329,PROD00247,STORE022,2026-04-27,3,18192.09
ORD0020649,CUST00066,PROD00154,STORE003,2026-04-27,3,22285.9
ORD0021607,CUST00151,PROD00039,STORE023,2026-04-27,4,24556.95
ORD0022330,CUST00964,PROD00106,STORE014,2026-04-27,5,810.75
ORD0022389,CUST00281,PROD00001,STORE002,2026-04-27,two,3565.51
ORD0022485,CUST00521,PROD00190,STORE007,2026-04-27,1,21596.68
ORD0020710,CUST00642,PROD00075,STORE009,2026-13-40,6,2269.61
ORD0020550,CUST01415,PROD00210,STORE013,2026-04-27,4,2664.78
ORD0022435,CUST00674,PROD00138,STORE005,2026-04-27,4,23355.42
ORD0021460,CUST01229,PROD00194,STORE023,2026-04-27,1,15071.26
ORD0021581,CUST01314,PROD00267,STORE015,2026-04-27,4,4556.27
ORD0021555,CUST00946,PROD00170,STORE013,2026-04-27,1,12029.6
ORD0021653,CUST00678,PROD00011,STORE023,2026-04-27,4,16607.0
ORD0021376,CUST00269,PROD00288,STORE021,2026-04-27,1,3145.76
ORD0021003,CUST01479,PROD00159,STORE002,2026-04-27,-1,3972.92
ORD0021017,CUST00201,PROD00019,STORE016,2026-04-27,5,8128.0
ORD0020752,CUST00789,PROD00298,STORE004,2026-04-27,1,12252.8
ORD0021229,CUST00193,PROD00278,STORE009,2026-04-27,2,14675.99
ORD0021879,CUST00268,PROD00271,STORE017,2026-04-27,1,18967.07
ORD0021135,CUST01300,PROD00184,STORE001,2026-04-27,6,21384.66
ORD0020570,CUST01414,PROD00126,STORE016,2026-04-27,1,18267.41
ORD0020745,CUST00002,PROD00287,STORE010,2026-04-27,6,13661.55
ORD0020659,CUST00482,PROD00242,STORE012,2026-04-21,4,2267.82
ORD0021434,CUST00383,PROD00199,STORE015,2026-04-27,4,19422.8
ORD0022336,CUST00477,PROD00032,STORE004,2026-04-27,2,22950.2
ORD0021395,CUST01473,PROD00294,STORE006,2026-04-27,3,6752.57
ORD0021641,CUST00566,PROD00165,STORE023,2026-04-27,5,3514.88
ORD0022331,CUST01347,PROD00123,STORE012,2026-04-27,5,3128.59
ORD0021116,CUST00695,PROD00077,STORE020,2026-04-27,5,24183.1
ORD0021923,CUST00310,PROD00284,STORE024,2026-04-27,6,23610.15
ORD0021391,CUST00639,PROD00180,STORE024,2026-04-27,6,19950.31
ORD0020808,CUST00531,PROD00089,STORE007,2026-04-27,4,6159.65
ORD0021904,CUST00219,PROD00173,STORE016,2026-04-27,5,16059.68
ORD0021463,CUST01155,PROD00123,STORE014,2026-04-27,3,17916.1
ORD0021804,CUST00922,PROD00278,STORE005,2026-04-27,6,11581.58
ORD0021448,CUST00795,PROD00266,STORE002,2026-04-27,1,16529.65
ORD0021496,CUST00754,PROD00232,STORE006,2026-04-27,6,10590.75
ORD0020922,CUST00222,PROD00104,STORE009,not_a_date,6,23165.4
ORD0021896,CUST01206,PROD00091,STORE019,2026-04-27,5,17777.82
ORD0021457,CUST00659,PROD00066,STORE010,2026-04-27,5,11413.06
ORD0021798,CUST01153,PROD00199,STORE015,2026-04-27,1,15175.5
ORD0022300,CUST00245,PROD00062,STORE016,2026-04-17,3,1524.06
ORD0021935,CUST00081,PROD00049,STORE023,2026-04-27,2,22871.15
ORD0021230,CUST00322,PROD00285,STORE020,2026-04-27,5,2634.64
ORD0020701,CUST01165,PROD00202,STORE022,2026-04-27,2,5132.05
ORD0021553,CUST01052,PROD00212,STORE012,2026-04-27,2,22607.83
ORD0021273,CUST00625,PROD00076,STORE008,2026-04-27,5,5699.63
ORD0022042,CUST00939,PROD00107,STORE020,2026-04-27,4,16807.24
ORD0020667,CUST01072,PROD00161,STORE003,2026-04-27,3,16113.14
ORD0022129,CUST00787,PROD00268,STORE011,2026-04-27,4,2494.08
ORD0021650,CUST01079,PROD00133,STORE012,2026-04-27,3,5401.67
ORD0021532,CUST01250,PROD00097,STORE025,2026-04-27,3,24648.24
ORD0022214,CUST00898,PROD00084,STORE016,2026-04-27,6,7309.22
ORD0021008,CUST01411,PROD00277,STORE011,2026-04-27,1,21814.43
ORD0022181,CUST00888,PROD00076,STORE016,2026-04-19,2,14764.3
ORD0020743,CUST00363,PROD00235,STORE023,2026-04-19,4,17076.86
ORD0022486,CUST01409,PROD00057,STORE020,2026-04-27,5,4482.88
ORD0020692,CUST00305,PROD00275,STORE017,2026-04-27,1,20804.87
ORD0021557,CUST00125,PROD00105,STORE004,2026-04-27,5,23919.47
ORD0021862,CUST00603,PROD00072,STORE003,2026-04-27,4,4065.64
ORD0021815,CUST01274,PROD00259,STORE020,2026-04-27,5,5179.28
ORD0021512,CUST00103,PROD00166,STORE008,2026-04-27,5,10581.71
ORD0021009,CUST01385,PROD00122,STORE022,2026-04-27,1,23343.71
ORD0020717,CUST00529,PROD00299,STORE012,2026-04-27,5,4295.71
ORD0020861,CUST00643,PROD00162,STORE003,2026-04-27,3,15182.58
ORD0022280,CUST00128,PROD00095,STORE018,2026-04-27,2,10151.54
ORD0022073,CUST00380,PROD00077,STORE015,2026-04-27,6,10702.08
ORD0022188,CUST01468,PROD00122,STORE013,2026-04-27,1,16392.31
ORD0020867,CUST01458,PROD00057,STORE014,2026-04-27,4,3276.22
ORD0022358,CUST01232,PROD00256,STORE004,2026-04-27,2,12247.48
ORD0022306,CUST00648,PROD00251,STORE011,2026-04-27,6,9825.12
ORD0020999,CUST00100,PROD00098,STORE012,2026-04-27,6,650.08
ORD0020517,CUST00659,PROD00128,STORE021,2026-04-27,4,18551.67
ORD0020794,CUST00304,PROD00131,STORE023,2026-04-27,1,22633.35
ORD0022074,CUST00870,PROD00035,STORE018,2026-04-19,5,19056.41
ORD0021721,CUST00752,PROD00119,STORE004,2026-04-27,6,22281.17
ORD0021848,CUST00822,PROD00015,STORE008,2026-04-27,5,15761.35
ORD0021907,CUST00506,PROD00149,STORE019,2026-04-27,1,19057.11
ORD0021244,CUST01212,PROD00020,STORE016,2026-04-27,5,2079.37
ORD0021968,CUST01194,PROD00294,STORE014,2026-04-27,3,4673.99
ORD0021660,CUST01261,PROD00193,STORE025,2026-04-27,6,20510.2
ORD0021248,CUST00606,PROD00052,STORE015,2026-04-27,1,21341.62
ORD0021872,CUST00935,PROD00006,STORE021,2026-04-27,1,13131.79
ORD0021029,CUST00514,PROD00045,STORE015,2026-04-27,4,17381.08
ORD0021985,CUST01157,PROD00021,STORE017,2026-04-27,5,22194.97
ORD0021100,CUST00821,PROD00102,STORE013,2026-04-27,3,11357.46
ORD0021414,CUST00661,PROD00052,STORE009,2026-04-27,4,12242.99
ORD0021588,CUST00631,PROD00025,STORE014,2026-04-27,1,3314.9
ORD0022234,CUST00825,PROD00181,STORE013,2026-04-27,2,3306.53
ORD0021599,CUST00362,PROD00054,STORE005,2026-04-27,3,3015.01
ORD0021980,CUST00236,PROD00119,STORE019,2026-04-27,5,20370.18
ORD0021889,CUST01358,PROD00286,STORE015,2026-04-27,5,8129.53
ORD0021673,CUST00401,PROD00156,STORE023,2026-04-27,1,3595.9
ORD0022174,CUST00778,PROD00068,STORE018,2026-04-27,6,23525.54
ORD0021264,CUST00025,PROD00237,STORE022,2026-04-27,3,5785.84
ORD0021348,CUST00840,PROD00215,STORE011,2026-04-27,5,17011.73
ORD0022477,CUST00330,PROD00205,STORE014,2026-04-27,4,16860.61
ORD0022018,CUST01440,PROD00022,STORE012,2026-04-23,4,6353.24
ORD0020820,CUST01141,PROD00260,STORE018,2026-04-27,4,5821.46
ORD0020911,CUST01273,PROD00254,STORE020,2026-04-27,1,20946.91
ORD0020964,CUST00455,PROD00252,STORE012,2026-04-27,6,17422.43
ORD0021953,CUST00102,PROD00053,STORE020,2026-04-27,3,24097.34
ORD0021144,CUST01190,PROD00246,STORE024,2026-04-27,3,11405.88
ORD0022351,CUST00995,PROD00067,STORE021,2026-04-27,1,21699.38
ORD0020652,CUST00445,PROD00027,STORE003,2026-04-27,4,2340.34
ORD0021593,CUST00635,PROD00028,STORE011,2026-04-27,6,1279.32
ORD0021306,CUST00970,PROD00063,STORE001,2026-04-27,5,16085.08
ORD0020627,CUST00461,PROD00023,STORE018,2026-04-27,5,3660.09
ORD0022451,CUST01418,PROD00143,STORE008,2026-04-27,5,23936.68
ORD0020992,CUST01206,PROD00077,STORE024,2026-04-27,4,13405.59
ORD0021485,CUST01301,PROD00211,STORE014,2026-04-27,-1,6975.28
ORD0021444,CUST00210,PROD00042,STORE014,2026-04-27,5,20849.56
ORD0021155,CUST00506,PROD00109,STORE023,2026-04-27,3,4561.77
ORD0021495,CUST00035,PROD00193,STORE003,2026-04-27,2,162.67
ORD0022439,CUST00171,PROD00275,STORE003,2026-04-27,5,17772.12
ORD0022054,CUST00801,PROD00279,STORE013,2026-04-27,4,14417.5
ORD0021235,CUST00829,PROD00096,STORE015,2026-04-27,4,7304.95
ORD0022121,CUST00696,PROD00130,STORE012,2026-04-27,6,11313.84
ORD0022030,CUST01163,PROD00177,STORE001,2026-04-27,1,13164.36
ORD0021413,CUST00824,PROD00256,STORE002,2026-04-27,4,17283.91
ORD0020906,CUST01486,PROD00163,STORE011,2026-04-27,1,10221.3
ORD0021750,CUST01302,PROD00101,STORE024,2026-04-27,1,531.24
ORD0020985,CUST00946,PROD00267,STORE025,2026-04-27,5,8053.15
ORD0022149,CUST01398,PROD00242,STORE012,2026-04-27,5,9521.18
ORD0021707,CUST01449,PROD00123,STORE018,2026-04-27,2,19818.63
ORD0021663,CUST01251,PROD00009,STORE022,2026-04-27,6,21415.02
ORD0021085,CUST00182,PROD00299,STORE006,2026-04-27,4,3883.56
ORD0020506,CUST01322,PROD00191,STORE020,2026-04-27,2,1653.93
ORD0020881,CUST01024,PROD00142,STORE017,2026-04-27,4,13722.69
ORD0022142,CUST00506,PROD00159,STORE007,2026-04-27,4,15336.73
ORD0021202,CUST00209,PROD00031,STORE003,2026-04-27,4,957.6
ORD0022411,CUST00035,PROD00073,STORE010,2026-04-22,3,17206.58
ORD0021136,CUST01343,PROD00001,STORE002,2026-04-27,4,18737.05
ORD0021341,CUST00507,PROD00058,STORE008,2026-04-27,5,10953.0
ORD0022370,CUST00533,PROD00216,STORE013,2026-04-27,1,754.06
ORD0020555,CUST00917,PROD00180,STORE021,2026-04-27,2,7927.99
ORD0021547,CUST01461,PROD00231,STORE014,2026-04-27,5,3830.6
ORD0022496,CUST01341,PROD00164,STORE006,2026-04-27,4,21929.89
ORD0020818,CUST01314,PROD00213,STORE012,2026-04-27,4,3212.08
ORD0021892,CUST00901,PROD00167,STORE020,2026-04-27,4,19528.68
ORD0022372,CUST00570,PROD00176,STORE002,2026-04-27,3,6175.29
ORD0021880,CUST00589,PROD00221,STORE011,2026-04-27,4,9694.13
ORD0020691,CUST01499,PROD00090,STORE009,2026-04-27,1,14042.18
ORD0020897,CUST00838,PROD00063,STORE008,2026-04-27,5,18458.1
ORD0021064,CUST00325,PROD00222,STORE022,2026-04-27,3,23725.86
ORD0021435,CUST00719,PROD00139,STORE008,2026-04-27,4,3435.28
ORD0022282,CUST01390,PROD00261,STORE005,2026-04-27,3,9604.77
ORD0021765,CUST00248,PROD00154,STORE025,2026-04-27,1,3130.1
ORD0021480,CUST00955,PROD00219,STORE002,2026-04-27,2,21782.05
ORD0021191,CUST00693,PROD00065,STORE023,2026-04-27,2,15138.39
ORD0022023,CUST00559,PROD00018,STORE018,2026-04-27,3,15641.37
ORD0020905,CUST01489,PROD00178,STORE017,2026-04-27,6,21993.59
ORD0021812,CUST01148,PROD00123,STORE004,2026-04-23,1,12832.25
ORD0020511,CUST01446,PROD00010,STORE013,2026-04-22,6,13721.48
ORD0020533,CUST00339,PROD00184,STORE019,2026-04-27,5,4246.02
ORD0022408,CUST00508,PROD00273,STORE025,2026-04-27,1,15402.02
ORD0020879,CUST00497,PROD00212,STORE020,2026-04-27,4,12987.03
ORD0020997,CUST01451,PROD00121,STORE003,2026-04-27,5,15428.82
ORD0021718,CUST00057,PROD00286,STORE024,2026-04-22,1,2489.38
ORD0020742,CUST00453,PROD00171,STORE018,,3,5372.67
ORD0021077,CUST00239,PROD00083,STORE002,not_a_date,1,20846.1
ORD0022038,CUST01198,PROD00242,STORE021,not_a_date,3,22479.92
ORD0021067,CUST00247,PROD00015,STORE003,2026-04-27,4,14092.28
ORD0022131,CUST00187,PROD00132,STORE017,2026-04-27,2,2631.99
ORD0022148,CUST00286,PROD00151,STORE009,2026-04-27,2,9335.67
ORD0022191,CUST00008,PROD00271,STORE018,2026-04-27,3,20132.06
ORD0022278,CUST00608,PROD00224,STORE001,2026-04-27,1,16357.83
ORD0022402,CUST00219,PROD00055,STORE001,2026-04-27,5,15082.58
ORD0020947,CUST00027,PROD00040,STORE021,2026-04-27,2,14130.1
ORD0020708,CUST01156,PROD00180,STORE005,2026-04-23,3,20406.57
ORD0022189,CUST00136,PROD00151,STORE023,2026-04-27,6,24237.38
ORD0022305,CUST00490,PROD00017,STORE020,2026-04-27,2,18892.75
ORD0021162,CUST00783,PROD00113,STORE017,2026-04-27,6,24223.55
ORD0020882,CUST00054,PROD00247,STORE022,2026-04-27,1,21374.07
ORD0021170,CUST01471,PROD00120,STORE011,2026-04-27,6,15714.01
ORD0020624,CUST01451,PROD00236,STORE016,2026-04-27,6,8779.24
ORD0021158,CUST00445,PROD00152,STORE019,2026-04-27,3,12707.47
ORD0021238,CUST01257,PROD00002,STORE002,2026-04-27,5,20960.84
ORD0021177,CUST00285,PROD00232,STORE012,2026-04-27,1,10278.22
ORD0022299,CUST00771,PROD00194,STORE007,2026-04-27,5,20830.53
ORD0021821,CUST01023,PROD00231,STORE004,2026-04-27,6,20074.56
ORD0020913,CUST00389,PROD00164,STORE020,2026-04-27,4,2200.48
ORD0021594,CUST00648,PROD00285,STORE015,2026-04-27,4,6649.22
ORD0021111,CUST00423,PROD00071,STORE021,2026-04-27,4,24099.46
ORD0021356,CUST01418,PROD00063,STORE021,2026-04-27,2,13362.12
ORD0022040,CUST00129,PROD00038,STORE003,2026-04-27,1,14503.67
ORD0020735,CUST00679,PROD00135,STORE008,2026-04-27,2,21248.78
ORD0021445,CUST01360,PROD00208,STORE002,2026-04-27,6,5444.13
ORD0020684,CUST01405,PROD00089,STORE022,2026-04-27,1,24882.72
ORD0022412,CUST01129,PROD00089,STORE017,2026-04-27,3,24269.71
ORD0022350,CUST00066,PROD00187,STORE017,2026-04-24,1,10193.36
ORD0021424,CUST01112,PROD00091,STORE016,2026-04-27,4,20232.42
ORD0020838,CUST01474,PROD00005,STORE005,2026-04-27,5,11467.75
ORD0020644,CUST00763,PROD00255,STORE014,2026-04-27,6,5318.37
ORD0021839,CUST00502,PROD00079,STORE025,2026-04-27,3,18066.81
ORD0021268,CUST00895,PROD00235,STORE006,2026-04-27,4,3630.23
ORD0020685,CUST00727,PROD00115,STORE002,2026-04-27,4,9656.87
ORD0022056,CUST01066,PROD00115,STORE006,2026-04-27,3,16120.57
ORD0021289,CUST00925,PROD00083,STORE021,2026-04-24,1,18710.59
ORD0022309,CUST00549,PROD00200,STORE001,2026-04-27,4,17046.29
ORD0022270,CUST01345,PROD00205,STORE025,2026-04-27,5,5359.55
ORD0022288,CUST00564,PROD00158,STORE003,2026-04-27,1,2036.47
ORD0021776,CUST00425,PROD00076,STORE002,2026-04-27,6,22878.61
ORD0021131,CUST00667,PROD00021,STORE005,2026-04-27,6,12910.7
ORD0021478,CUST01419,PROD00186,STORE024,2026-04-27,6,1347.69
ORD0021272,CUST01199,PROD00034,STORE010,2026-13-40,6,22227.1
ORD0022227,CUST00470,PROD00229,STORE014,2026-04-27,6,19742.15
ORD0022251,CUST00354,PROD00004,STORE007,2026-04-27,5,16430.98
ORD0021159,CUST01431,PROD00061,STORE009,2026-04-27,2,9347.46
ORD0021076,CUST00611,PROD00038,STORE004,2026-04-24,3,4166.52
ORD0020645,CUST00015,PROD00044,STORE025,2026-04-27,4,4226.63
ORD0020572,,PROD00027,STORE021,2026-04-27,1,2067.86
ORD0020865,CUST00615,PROD00051,STORE010,2026-04-27,4,23997.06
ORD0021805,CUST01499,PROD00200,STORE016,2026-04-27,5,391.4
ORD0022185,CUST01334,PROD00204,STORE014,2026-04-24,4,24377.11
ORD0021498,CUST00663,PROD00081,STORE017,2026-04-27,2,2256.93
ORD0020597,CUST00127,PROD00267,STORE005,2026-04-27,5,18232.47
ORD0020749,CUST00546,PROD00128,STORE013,2026-04-27,6,470.79
ORD0020862,CUST01294,PROD00253,STORE009,2026-04-27,5,366.32
ORD0020613,CUST00474,PROD00189,STORE002,2026-04-27,4,16957.73
ORD0021335,CUST00086,PROD00039,STORE022,2026-04-27,4,3583.79
ORD0022009,CUST00433,PROD00259,STORE022,2026-04-27,2,24941.63
ORD0021909,CUST00350,PROD00233,STORE004,2026-04-27,6,16444.31
ORD0022433,CUST00254,PROD00102,STORE010,2026-04-27,3,11555.14
ORD0021193,CUST00666,PROD00224,STORE024,2026-04-27,2,7122.02
ORD0021942,CUST00510,PROD00236,STORE007,2026-04-27,2,20324.87
ORD0020904,CUST00439,PROD00008,STORE019,2026-04-27,6,19648.32
ORD0021826,CUST00276,PROD00182,STORE005,2026-04-18,1,21148.01
ORD0020538,CUST00696,PROD00172,STORE015,2026-04-27,5,20828.58
ORD0021605,CUST00417,PROD00199,STORE015,2026-04-27,3,17490.32
ORD0020849,CUST00967,PROD00047,STORE021,2026-04-27,3,1248.04
ORD0022235,CUST00704,PROD00248,STORE002,2026-04-27,1,21336.48
ORD0020945,CUST01283,PROD00141,STORE010,2026-04-27,3,7647.35
ORD0021301,CUST01441,PROD00272,STORE003,2026-04-27,3,2366.59
ORD0022293,CUST01029,PROD00127,STORE005,2026-04-27,1,4903.58
ORD0021614,CUST00736,PROD00043,STORE018,2026-04-27,6,21158.35
ORD0021169,CUST00124,PROD00137,STORE020,2026-04-27,1,15818.82
ORD0021014,CUST00123,PROD00118,STORE016,2026-04-27,3,15805.29
ORD0020586,CUST00365,PROD00212,STORE025,2026-04-27,5,19337.5
ORD0022044,CUST00155,PROD00242,STORE004,2026-04-27,2,8458.95
ORD0022356,CUST00436,PROD00276,STORE011,2026-04-27,3,17467.99
ORD0022158,CUST00869,PROD00272,STORE023,2026-04-27,3,14465.54
ORD0021492,CUST01475,PROD00249,STORE005,2026-04-27,4,18903.77
ORD0021408,CUST01032,PROD00270,STORE009,2026-04-18,5,6074.18
ORD0022347,CUST01205,PROD00077,STORE018,2026-04-27,5,20092.0
ORD0020775,CUST00181,PROD00118,STORE016,2026-04-20,5,18099.37
ORD0022221,CUST00474,PROD00191,STORE001,2026-04-27,5,11816.23
ORD0021503,CUST00432,PROD00043,STORE002,2026-04-27,2,5337.15
ORD0022394,CUST00472,PROD00121,STORE017,2026-04-27,5,11167.72
ORD0022378,CUST00010,PROD00274,STORE016,2026-04-27,5,7156.52
ORD0021274,CUST00030,PROD00240,STORE009,2026-04-27,6,2428.59
ORD0020895,CUST00488,PROD00232,STORE008,2026-04-27,2,10542.2
ORD0020620,CUST00841,PROD00169,STORE017,2026-04-27,4,5051.31
ORD0022177,CUST00482,PROD00242,STORE009,2026-04-27,1,19778.24
ORD0022465,CUST00952,PROD00003,STORE016,2026-04-27,4,18694.73
ORD0021130,CUST01403,PROD00225,STORE019,2026-04-27,1,17467.1
ORD0020678,CUST00914,PROD00220,STORE023,2026-04-27,2,22385.94
ORD0020697,CUST00570,PROD00079,STORE025,2026-04-27,5,9734.02
ORD0021941,CUST00896,PROD00105,STORE013,2026-04-27,1,23016.53
ORD0022078,CUST01056,PROD00141,STORE012,2026-04-27,3,19979.85
ORD0021757,CUST01062,PROD00216,STORE017,2026-04-27,-1,20805.08
ORD0021002,CUST00044,PROD00090,STORE014,2026-04-21,3,14067.92
ORD0021995,CUST00229,PROD00274,STORE007,2026-04-27,5,2894.22
ORD0021917,CUST00362,PROD00285,STORE024,2026-04-27,6,16182.99
ORD0022008,CUST01036,PROD00022,STORE024,2026-04-21,5,15164.67
ORD0021853,CUST00116,PROD00242,STORE024,2026-04-17,6,4450.27
ORD0021667,CUST00300,PROD00052,STORE014,2026-04-27,4,24110.83
ORD0021086,CUST00982,PROD00231,STORE014,2026-04-27,6,6030.7
ORD0021819,CUST01275,PROD00164,STORE003,2026-04-27,1,21482.57
ORD0021313,CUST00945,PROD00239,STORE024,2026-04-27,1,17121.15
ORD0020545,CUST00378,PROD00108,STORE024,2026-04-27,6,15804.26
ORD0022354,CUST00407,PROD00157,STORE001,2026-04-27,6,2162.29
ORD0021596,CUST00414,PROD00022,STORE024,2026-04-27,2,17898.05
ORD0021171,CUST01012,PROD00068,STORE005,2026-04-27,3,1871.95
ORD0021188,CUST00084,PROD00116,STORE016,2026-04-27,6,196.44
ORD0022016,CUST01371,PROD00298,STORE007,2026-04-27,3,15949.87
ORD0020907,CUST01183,PROD00063,STORE006,2026-04-27,6,1147.35
ORD0022106,CUST00230,PROD00261,STORE013,,3,23583.41
ORD0021506,CUST00195,PROD00280,STORE018,2026-04-27,2,10991.02
ORD0021637,CUST00034,,STORE008,2026-04-27,3,16992.71
ORD0020963,CUST00945,PROD00215,STORE011,2026-04-27,3,6359.44
ORD0021052,CUST01354,PROD00116,STORE022,2026-04-27,4,21222.51
ORD0021125,CUST00173,PROD00056,STORE006,2026-04-27,3,6858.77
ORD0021138,CUST00459,PROD00194,STORE001,2026-04-27,2,23031.88
ORD0021714,CUST00226,PROD00024,STORE010,2026-04-27,4,20765.81
ORD0020806,CUST01463,PROD00005,STORE025,2026-04-27,4,2035.34
ORD0022484,CUST00178,PROD00081,STORE015,2026-04-27,4,9088.0
ORD0021404,CUST00986,PROD00250,STORE002,2026-04-18,6,7795.46
ORD0020623,CUST00709,PROD00159,STORE009,2026-04-27,4,8352.03
ORD0020648,CUST00890,PROD00018,STORE024,2026-04-21,5,16144.68
ORD0021570,CUST00482,PROD00132,STORE001,2026-04-27,4,5524.28
ORD0020585,CUST00095,PROD00132,STORE013,2026-04-27,6,17185.73
ORD0021685,CUST01006,PROD00130,STORE018,2026-04-27,3,22810.89
ORD0020668,CUST00511,PROD00022,STORE023,2026-04-27,2,15209.72
ORD0022045,CUST00076,PROD00269,STORE003,2026-04-27,6,15479.48
ORD0021785,CUST00624,PROD00276,STORE010,2026-04-27,3,15349.48
ORD0021479,CUST00618,PROD00168,STORE020,2026-04-27,4,2797.55
ORD0021399,CUST01291,PROD00058,STORE020,2026-04-27,1,12400.2
ORD0020835,CUST01037,PROD00079,STORE024,2026-04-27,2,10222.29
ORD0021096,CUST01239,PROD00024,STORE010,2026-04-27,1,17313.27
ORD0021250,CUST01219,PROD00108,STORE025,2026-04-27,4,12709.64
ORD0021032,CUST00154,PROD00160,STORE009,2026-04-27,4,4584.22
ORD0021806,CUST01079,PROD00171,STORE001,2026-04-21,4,9038.83
ORD0020574,CUST00394,PROD00158,STORE019,2026-04-27,4,17125.75
ORD0020525,CUST00790,PROD00143,STORE024,2026-04-27,3,18956.19
ORD0022077,CUST00741,PROD00171,STORE006,2026-04-27,5,18419.72
ORD0022179,CUST01129,PROD00148,STORE003,2026-04-27,3,13612.05
ORD0020503,CUST00608,PROD00281,STORE013,2026-04-27,3,20767.19
ORD0021517,CUST00660,PROD00219,STORE016,2026-04-27,4,15145.13
ORD0021358,CUST00711,PROD00048,STORE004,2026-04-27,3,5077.48
ORD0020916,CUST01378,PROD00238,STORE005,2026-04-27,1,18751.14
ORD0021915,CUST01102,PROD00283,STORE022,2026-04-27,2,9649.2
ORD0020734,CUST00862,PROD00247,STORE014,2026-04-27,4,7019.66
ORD0021006,CUST00267,PROD00073,STORE007,2026-04-27,6,7285.68
ORD0020778,CUST00238,PROD00022,STORE006,2026-04-27,1,9385.17
ORD0022342,CUST00957,PROD00230,STORE012,2026-04-27,4,18151.42
ORD0020988,CUST00337,PROD00232,STORE018,2026-04-27,5,3537.25
ORD0021182,CUST00731,PROD00218,STORE001,2026-04-27,4,4051.42
ORD0021415,CUST01403,PROD00279,STORE011,2026-04-27,6,23654.4
ORD0021598,CUST01491,PROD00113,STORE001,2026-04-27,4,19578.11
ORD0021752,CUST00052,PROD00206,STORE019,2026-04-27,3,24361.46
ORD0021875,CUST00309,PROD00217,STORE005,2026-04-27,6,3937.86
ORD0020975,CUST00263,PROD00080,STORE014,2026-04-27,2,10693.83
ORD0021680,CUST00377,PROD00277,STORE019,2026-04-27,5,20284.93
ORD0021080,CUST00157,PROD00047,STORE013,2026-04-27,5,9288.91
ORD0020747,CUST01129,PROD00202,STORE008,2026-04-27,4,7757.45
ORD0021247,CUST01232,PROD00004,STORE023,2026-04-27,5,6702.91
ORD0021706,CUST01347,PROD00125,STORE013,2026-04-27,5,15189.26
ORD0020962,CUST00671,PROD00062,STORE025,2026-04-27,1,20622.43
ORD0021745,CUST00797,PROD00007,STORE025,2026-04-27,4,21057.94
ORD0022200,CUST00774,PROD00028,STORE019,2026-04-27,2,6231.79
ORD0020976,CUST00844,PROD00207,STORE024,2026-04-27,4,21776.61
ORD0021359,CUST00773,PROD00179,STORE004,2026-04-27,5,6496.29
ORD0020575,CUST00555,PROD00163,STORE021,2026-04-27,3,11162.38
ORD0020514,CUST00369,PROD00031,STORE012,00/00/0000,4,13695.22
ORD0022253,CUST00272,PROD00283,STORE004,2026-04-27,6,17830.61
ORD0021416,CUST01229,PROD00036,STORE009,2026-04-27,5,9746.38
ORD0020689,CUST00208,PROD00126,STORE015,2026-04-27,6,14954.07
ORD0021486,CUST01262,PROD00218,STORE015,2026-04-27,,16518.6
ORD0020871,CUST00208,PROD00266,STORE018,2026-04-27,2,16529.76
ORD0021493,CUST01045,PROD00210,STORE015,2026-04-27,6,3221.02
ORD0020740,CUST00668,PROD00214,STORE004,2026-04-27,5,7744.05
ORD0020615,CUST01472,PROD00010,STORE009,2026-04-27,2,14430.27
ORD0021167,CUST00308,PROD00299,STORE009,2026-04-27,2,14508.66
ORD0020636,CUST01222,PROD00241,STORE014,2026-04-27,1,4559.0
ORD0021464,CUST00102,PROD00066,STORE020,2026-04-27,1,19418.79
ORD0021796,CUST00131,PROD00088,STORE018,2026-04-27,2,15934.46
ORD0021717,CUST01443,PROD00217,STORE012,2026-04-27,4,23088.33
ORD0022037,CUST00103,PROD00267,STORE003,2026-04-27,6,916.7
ORD0022260,CUST00810,PROD00094,STORE011,2026-04-27,3,6087.44
ORD0022337,CUST01320,PROD00131,STORE011,2026-04-27,1,12598.59
ORD0021698,CUST00857,PROD00208,STORE013,2026-04-27,1,20356.5
ORD0021194,CUST01419,PROD00210,STORE009,2026-04-27,2,3566.32
ORD0021400,CUST01026,PROD00025,STORE001,2026-04-27,3,21456.85
ORD0021725,CUST00366,PROD00075,STORE013,2026-04-27,4,4494.43
ORD0021241,CUST01108,PROD00034,STORE016,2026-04-27,5,8688.68
ORD0021884,CUST00233,PROD00149,STORE002,2026-04-27,5,12298.54
ORD0021130,CUST01403,PROD00225,STORE019,2026-04-27,1,17467.1
ORD0022492,CUST01250,PROD00196,STORE014,2026-04-27,3,5360.62
ORD0021873,CUST01068,PROD00116,STORE004,2026-04-27,5,20369.48
ORD0022249,CUST00941,PROD00217,STORE005,2026-04-27,4,20535.37
ORD0020754,CUST01192,PROD00242,STORE007,2026-04-27,3,2739.73
ORD0022499,CUST01355,PROD00240,STORE022,2026-04-27,3,22824.12
ORD0021334,CUST00442,PROD00276,STORE025,2026-04-27,5,14152.79
ORD0022157,CUST01045,PROD00160,STORE004,2026-04-27,6,22208.34
ORD0021351,CUST00377,PROD00040,STORE004,2026-04-27,4,19058.2
ORD0021421,CUST00155,PROD00106,STORE014,2026-04-27,2,1630.04
ORD0020732,CUST01385,PROD00170,STORE024,2026-04-27,1,23462.05
ORD0021039,CUST01245,PROD00095,STORE012,2026-04-17,6,6056.39
ORD0021910,CUST01496,PROD00099,STORE001,2026-04-27,4,19904.33
ORD0022175,CUST00944,PROD00050,STORE007,2026-04-27,2,8991.34
ORD0022199,CUST01037,PROD00175,STORE002,2026-04-27,3,22741.23
ORD0020547,CUST01062,PROD00084,STORE008,2026-04-27,3,16688.91
ORD0022067,CUST00773,PROD00202,STORE018,2026-04-27,1,2388.62
ORD0020723,CUST00529,PROD00109,STORE010,2026-04-27,3,424.89
ORD0022449,CUST00499,PROD00200,STORE020,2026-04-27,4,17114.89
ORD0021898,CUST00594,PROD00189,STORE020,2026-04-27,5,15012.84
ORD0022250,CUST00483,PROD00103,STORE007,2026-04-27,6,17462.29
ORD0021465,CUST00329,PROD00020,STORE008,2026-04-27,1,10274.71
ORD0020605,CUST00266,PROD00030,STORE007,2026-04-27,5,12148.5
ORD0020690,CUST01292,PROD00205,STORE025,2026-04-27,4,8717.31
ORD0021057,CUST00656,PROD00295,STORE012,2026-04-27,1,11403.52
ORD0021510,CUST00040,PROD00019,STORE011,2026-04-27,4,18376.94
ORD0021497,CUST00825,PROD00043,STORE012,2026-04-27,3,482.68
ORD0020943,CUST01074,PROD00110,STORE011,2026-04-27,5,6817.52
ORD0021456,CUST00515,PROD00100,STORE017,2026-04-27,5,6111.71
ORD0020855,CUST01023,PROD00166,STORE020,2026-04-27,1,6776.73
ORD0021699,CUST00020,PROD00076,STORE014,2026-04-27,4,1305.26
ORD0022225,CUST00006,PROD00029,STORE021,2026-04-27,5,4669.65
ORD0021263,CUST00512,PROD00074,STORE024,2026-04-27,1,14332.79
ORD0022085,CUST00218,PROD00052,STORE024,2026-04-27,3,23555.42
ORD0021726,CUST01497,PROD00188,STORE002,2026-13-40,5,8829.76
ORD0020931,CUST00942,PROD00034,STORE009,2026-04-27,4,2034.16
ORD0022172,CUST01350,PROD00269,STORE019,2026-04-27,4,20939.38
ORD0022490,CUST00563,PROD00200,STORE015,2026-04-19,2,1164.3
ORD0020891,CUST00193,PROD00214,STORE019,2026-04-27,1,1284.21
ORD0020532,CUST01151,PROD00271,STORE006,2026-04-27,3,1121.68
ORD0021309,CUST00929,PROD00198,STORE013,2026-04-27,6,8853.47
ORD0022461,,PROD00208,STORE020,2026-04-27,4,4434.38
ORD0020631,CUST00050,PROD00064,STORE021,2026-04-27,1,17144.51
ORD0021584,CUST00315,PROD00117,STORE012,2026-04-27,5,14533.75
ORD0021501,CUST00510,PROD00248,STORE004,2026-04-27,2,16476.61
ORD0021484,CUST01227,PROD00017,STORE014,2026-04-27,6,6857.55
ORD0022404,CUST00820,PROD00085,STORE010,2026-04-27,4,14735.56
ORD0022019,CUST01160,PROD00063,STORE001,2026-04-27,3,19406.61
ORD0021164,CUST00720,PROD00230,STORE002,2026-04-20,3,20198.81
ORD0020781,CUST01073,PROD00147,STORE006,2026-04-27,1,21574.54
ORD0020529,CUST01348,PROD00025,STORE024,2026-04-27,6,6266.34
ORD0021366,CUST00844,PROD00118,STORE011,2026-04-27,2,16070.78
ORD0022033,CUST01311,PROD00201,STORE018,2026-04-27,3,444.71
ORD0022239,CUST00994,PROD00248,STORE004,2026-04-27,1,13899.29
ORD0021613,CUST00919,PROD00037,STORE003,2026-04-27,4,23015.22
ORD0022242,CUST00119,PROD00104,STORE020,2026-04-27,5,15739.71
ORD0021539,CUST01072,PROD00229,STORE011,2026-04-24,4,21017.92
ORD0021825,CUST01325,PROD00219,STORE004,2026-04-27,4,15827.04
ORD0022163,CUST01101,PROD00169,STORE009,2026-04-27,6,13247.99
ORD0022217,CUST00717,PROD00202,STORE016,2026-04-27,4,3198.29
ORD0022498,CUST00488,PROD00054,STORE022,2026-04-27,1,5851.28
ORD0022283,CUST00408,PROD00140,STORE008,2026-04-27,1,10092.05
ORD0022178,CUST00919,PROD00266,STORE008,2026-04-27,1,17153.0
ORD0021410,CUST00400,PROD00099,STORE012,2026-04-27,1,12947.47
ORD0020600,,PROD00066,STORE003,2026-04-27,6,18339.51
ORD0022137,CUST00549,PROD00112,STORE021,2026-04-27,4,14873.5
ORD0021094,CUST01348,PROD00223,STORE011,2026-04-27,3,12129.44
ORD0021384,CUST00550,PROD00041,STORE002,2026-04-27,6,11162.15
ORD0022096,CUST00725,PROD00251,STORE018,2026-04-27,1,6681.67
ORD0020509,CUST00558,PROD00248,STORE002,2026-04-27,5,14790.62
ORD0021507,CUST00998,PROD00071,STORE009,2026-04-27,5,19954.03
ORD0022482,CUST00480,PROD00216,STORE022,2026-04-17,3,3359.2
ORD0021694,CUST00781,PROD00005,STORE018,2026-04-27,3,21741.7
ORD0020974,CUST00808,PROD00198,STORE019,2026-04-27,1,4883.61
ORD0020844,CUST01065,PROD00252,STORE015,2026-04-27,3,7593.16
ORD0022254,CUST01008,PROD00130,STORE023,2026-04-27,1,22566.67
ORD0022364,CUST00626,PROD00115,STORE009,2026-04-27,2,22548.22
ORD0020952,CUST00179,PROD00001,STORE022,2026-04-27,2,18482.93
ORD0022090,CUST01249,PROD00090,STORE008,2026-04-27,1,5015.56
ORD0021870,CUST00131,PROD00201,STORE016,2026-04-27,2,20716.94
ORD0020908,CUST01335,PROD00017,STORE019,2026-04-27,3,7585.21
ORD0020730,CUST00468,PROD00285,STORE014,2026-04-27,3,21125.0
ORD0021271,CUST01364,PROD00079,STORE007,2026-04-27,1,3778.61
ORD0021157,CUST00543,PROD00119,STORE014,2026-04-27,5,11666.8
ORD0021579,CUST00455,PROD00161,STORE011,2026-04-27,5,21884.68
ORD0020541,CUST01111,PROD00054,STORE021,2026-04-27,4,7829.53
ORD0022392,CUST01034,PROD00186,STORE003,2026-04-27,6,11800.73
ORD0020603,CUST01443,PROD00028,STORE018,2026-04-27,6,1057.01
ORD0021769,CUST00018,PROD00057,STORE006,2026-04-27,5,20969.54
ORD0020847,CUST00182,PROD00081,STORE002,2026-04-27,4,5611.12
ORD0020797,CUST01482,PROD00221,STORE019,2026-04-27,1,4563.96
ORD0020680,CUST01324,PROD00059,STORE016,2026-04-27,6,21143.61
ORD0022466,CUST00432,PROD00216,STORE006,2026-04-27,2,1219.7
ORD0022361,CUST01076,PROD00010,STORE017,2026-04-20,4,3451.14
ORD0020791,CUST01468,PROD00149,STORE014,2026-04-27,4,9565.26
ORD0022028,CUST01105,PROD00165,STORE005,2026-04-27,4,17869.39
ORD0021957,CUST01184,PROD00255,STORE001,2026-04-27,3,15012.63
ORD0021550,CUST01180,PROD00156,STORE011,2026-04-27,3,2172.57
ORD0020801,CUST01254,PROD00176,STORE013,2026-04-27,3,7014.35
ORD0021175,CUST00268,PROD00209,STORE022,2026-04-27,2,12956.3
ORD0020875,CUST00280,PROD00265,STORE017,2026-04-27,6,17801.51
ORD0020731,CUST01325,PROD00154,STORE012,2026-04-27,6,7893.84
ORD0021149,CUST01170,PROD00183,STORE016,2026-04-27,2,22985.78
ORD0021695,CUST00463,PROD00077,STORE019,2026-04-27,2,16961.43
ORD0020537,CUST00652,PROD00140,STORE024,2026-04-27,1,8563.62
ORD0021668,CUST00606,PROD00160,STORE017,2026-04-27,2,3179.2
ORD0020948,CUST00004,PROD00115,STORE005,2026-04-27,4,19484.24
ORD0022098,,PROD00153,STORE011,2026-04-27,5,4189.94
ORD0021894,CUST00139,PROD00299,STORE002,2026-04-27,3,20615.57
ORD0022204,CUST00168,PROD00292,STORE022,2026-04-27,5,12718.48
ORD0020894,CUST01036,PROD00026,STORE002,2026-04-27,6,5730.54
ORD0020789,CUST00621,PROD00026,STORE023,2026-04-27,4,20697.17
ORD0020577,CUST01349,PROD00133,STORE003,2026-04-27,3,7361.28
ORD0020591,CUST00551,PROD00222,STORE020,2026-04-27,4,10223.04
ORD0020711,CUST00142,PROD00131,STORE022,2026-04-27,3,10920.31
ORD0022069,CUST01087,PROD00002,STORE008,2026-04-27,6,18139.47
ORD0021810,CUST00905,PROD00180,STORE021,2026-04-27,1,421.17
ORD0021231,CUST01367,PROD00135,STORE006,2026-04-27,4,232.86
ORD0021277,CUST00430,PROD00137,STORE014,2026-04-27,2,15138.79
ORD0022362,CUST01481,PROD00290,STORE007,2026-04-27,6,17631.55
ORD0021656,CUST00914,PROD00218,STORE005,2026-04-27,6,18739.92
ORD0021143,CUST00665,PROD00286,STORE002,2026-04-18,4,2665.43
ORD0021737,CUST00587,PROD00077,STORE001,2026-04-27,4,793.46
ORD0020704,CUST00565,PROD00016,STORE003,2026-04-23,1,9319.53
ORD0022427,CUST00993,PROD00138,STORE010,2026-04-27,1,630.31
ORD0021556,CUST01107,PROD00006,STORE022,2026-04-27,3,12741.72
ORD0022453,CUST00120,PROD00121,STORE016,2026-04-27,3,14460.1
ORD0021042,CUST00587,PROD00096,STORE001,2026-04-27,2,18374.14
ORD0022417,CUST00748,PROD00223,STORE016,2026-04-20,3,3111.79
ORD0020972,CUST01040,PROD00124,STORE002,2026-04-27,4,17306.05
ORD0021825,CUST01325,PROD00219,STORE004,2026-04-27,4,15827.04
ORD0021314,CUST00619,PROD00300,STORE011,2026-04-27,5,7752.93
ORD0021514,CUST00004,PROD00235,STORE024,2026-04-27,3,22181.5
ORD0022430,CUST00239,PROD00009,STORE010,2026-04-27,3,14452.21
ORD0021701,,PROD00206,STORE011,2026-04-27,2,9437.73
ORD0021794,CUST01328,PROD00074,STORE009,2026-04-27,-1,5777.01
ORD0021509,CUST00485,PROD00218,STORE013,2026-04-27,5,8090.45
ORD0021612,CUST00233,PROD00144,STORE015,00/00/0000,5,8385.75
ORD0021976,CUST00427,PROD00056,STORE017,2026-04-27,5,15540.6
ORD0020843,CUST00374,PROD00076,STORE001,2026-04-27,5,13249.17
ORD0021916,CUST00943,PROD00251,STORE023,2026-04-27,4,9499.82
ORD0020641,CUST00957,PROD00101,STORE021,2026-04-27,3,16652.84
ORD0022236,CUST00921,PROD00183,STORE015,2026-04-27,1,5061.85
ORD0021344,CUST00178,PROD00284,STORE024,2026-04-27,6,11138.61
ORD0022125,CUST00591,PROD00170,STORE023,2026-04-27,4,12346.48
ORD0021370,CUST00007,PROD00046,STORE019,2026-04-27,1,5645.66
ORD0021778,CUST00327,PROD00256,STORE004,2026-04-27,5,1490.39
ORD0021657,CUST00313,PROD00074,STORE019,2026-04-27,6,23753.59
ORD0020674,CUST00990,PROD00074,STORE010,2026-04-27,2,22124.98
ORD0020542,CUST00113,PROD00022,STORE023,2026-04-27,1,1486.47
ORD0022462,CUST00763,PROD00038,STORE021,2026-04-27,4,20662.89
ORD0021987,CUST01324,PROD00248,STORE021,2026-04-27,5,20262.86
ORD0020927,CUST01333,PROD00152,STORE017,2026-04-27,3,10260.85
ORD0021844,CUST00692,PROD00144,STORE019,2026-04-27,5,3530.44
ORD0022363,CUST00194,PROD00163,STORE007,2026-04-27,1,2009.99
ORD0020726,CUST00720,PROD00014,STORE020,2026-04-27,3,14187.63
ORD0020569,CUST00196,PROD00131,STORE018,2026-04-27,1,18820.63
ORD0022360,CUST01095,PROD00093,STORE010,2026-04-27,1,19036.7
ORD0021681,CUST01109,PROD00157,STORE008,2026-04-27,4,5847.07
ORD0021227,CUST00025,PROD00164,STORE004,2026-04-27,1,6031.32
ORD0022238,,PROD00059,STORE006,2026-04-27,5,21204.77
ORD0020940,,PROD00267,STORE003,2026-04-27,5,24692.18
ORD0021883,CUST00736,PROD00181,STORE005,2026-04-27,2,16196.02
ORD0022039,CUST00747,PROD00083,STORE008,2026-04-27,1,9865.78
ORD0020688,CUST00480,PROD00205,STORE023,2026-04-27,3,20972.84
ORD0021878,CUST00161,PROD00152,STORE001,2026-04-27,1,14327.57
ORD0022301,CUST00697,PROD00274,STORE008,2026-04-27,2,17705.75
ORD0021822,CUST00810,PROD00180,STORE023,2026-04-27,6,2645.02
ORD0022027,CUST01327,PROD00121,STORE021,2026-04-27,5,24461.74
ORD0022087,CUST00491,PROD00152,STORE014,2026-04-27,1,2646.18
ORD0021296,CUST00142,PROD00123,STORE017,2026-04-27,6,21898.94
ORD0021000,CUST01233,PROD00102,STORE004,2026-04-27,1,11737.51
ORD0022139,CUST00505,PROD00054,STORE002,2026-04-27,1,19331.18
ORD0021184,CUST01019,PROD00222,STORE013,2026-04-27,1,16869.9
ORD0021220,CUST00102,PROD00158,STORE010,2026-04-27,2,1523.5
ORD0022261,CUST00851,PROD00249,STORE001,2026-04-27,5,4256.41
ORD0021066,CUST00084,PROD00200,STORE014,2026-04-27,5,23593.84
ORD0021208,CUST00628,PROD00269,STORE008,2026-04-21,5,16298.35
ORD0021781,CUST00378,PROD00202,STORE022,2026-04-27,5,7552.12
ORD0020853,CUST00213,PROD00291,STORE013,2026-04-27,3,4794.81
ORD0021055,CUST00325,PROD00292,STORE017,2026-04-27,4,10854.82
ORD0022059,CUST00252,PROD00210,STORE008,2026-04-27,4,11643.85
ORD0021083,CUST00378,PROD00088,STORE025,2026-04-27,2,18466.08
ORD0022390,CUST01222,PROD00050,STORE020,2026-04-27,6,7814.29
ORD0021362,CUST01060,,STORE010,2026-04-27,1,24238.94
ORD0021565,CUST00169,PROD00014,STORE003,2026-04-27,1,5252.22
ORD0020576,CUST01003,PROD00168,STORE002,2026-04-27,6,2309.37
ORD0020663,CUST00424,PROD00086,STORE015,2026-04-27,1,4340.16
ORD0020799,CUST01095,PROD00175,STORE008,2026-04-27,2,15230.52
ORD0022274,CUST00257,PROD00008,STORE010,2026-04-27,6,18181.09
ORD0020720,CUST00954,PROD00284,STORE010,2026-04-27,1,5373.65
ORD0021852,CUST00932,PROD00001,STORE011,not_a_date,5,1137.77
ORD0022156,CUST00521,PROD00210,STORE010,2026-04-27,2,20063.67
ORD0021530,CUST00140,PROD00227,STORE024,2026-04-27,5,13698.31
ORD0020819,CUST00594,PROD00105,STORE013,2026-04-27,2,8655.56
ORD0021491,CUST00092,PROD00287,STORE023,2026-04-27,5,17640.99
ORD0022472,CUST00517,PROD00279,STORE021,2026-04-27,5,5645.02
ORD0021522,CUST00650,PROD00176,STORE009,2026-04-27,6,21474.15
ORD0022443,CUST00175,PROD00143,STORE003,2026-04-27,1,1834.08
ORD0020961,CUST01486,PROD00215,STORE024,2026-04-27,6,21776.92
ORD0022153,,PROD00281,STORE018,2026-04-27,1,14424.9
ORD0020880,CUST00167,PROD00090,STORE002,2026-04-27,1,1087.78
ORD0021707,CUST01449,PROD00123,STORE018,2026-04-27,2,19818.63
ORD0020573,CUST00078,PROD00074,STORE022,2026-04-17,2,604.47
ORD0020587,CUST00430,PROD00185,STORE004,2026-04-27,1,16793.69
ORD0020755,CUST00147,PROD00213,STORE013,2026-04-27,3,22267.32
ORD0022281,CUST00251,PROD00257,STORE003,2026-04-27,3,16859.3
ORD0021386,CUST00780,PROD00179,STORE012,2026-04-27,5,24307.75
ORD0022348,CUST00057,PROD00111,STORE002,2026-04-27,4,24645.2
ORD0021736,CUST00262,PROD00095,STORE015,2026-04-27,1,16585.35
ORD0021225,CUST00640,PROD00251,STORE010,2026-04-27,1,7556.01
ORD0021098,CUST00713,PROD00300,STORE019,2026-04-27,1,13392.87
ORD0020607,CUST00810,PROD00006,STORE003,2026-04-27,3,6267.75
ORD0021787,CUST00829,PROD00092,STORE013,2026-04-27,1,13656.73
ORD0021578,CUST00445,PROD00239,STORE015,2026-04-27,2,3264.3
ORD0020782,CUST00167,PROD00161,STORE012,2026-04-27,6,203.67
ORD0022431,CUST00093,PROD00018,STORE003,2026-04-27,1,4841.6
ORD0022500,CUST00490,PROD00300,STORE025,2026-04-27,6,18140.94
ORD0020866,CUST01054,PROD00295,STORE022,2026-04-27,5,8130.16
ORD0020553,CUST01123,PROD00061,STORE005,2026-04-27,6,7289.82
ORD0021419,CUST00934,PROD00158,STORE019,2026-04-17,3,11307.27
ORD0021977,CUST00277,PROD00070,STORE019,2026-04-27,2,7389.77
ORD0021411,CUST01315,PROD00055,STORE005,2026-04-27,3,9439.26
ORD0020758,CUST00658,PROD00238,STORE013,2026-04-27,1,353.16
ORD0021946,CUST00240,PROD00161,STORE025,2026-04-27,1,898.3
ORD0021043,CUST01167,PROD00012,STORE021,2026-04-27,5,14164.94
ORD0021986,CUST00581,PROD00014,STORE021,2026-04-17,3,11412.11
ORD0022029,CUST01400,PROD00021,STORE021,2026-04-27,3,10743.11
ORD0021051,CUST00695,PROD00044,STORE025,2026-04-27,5,4208.78
ORD0022084,CUST01282,PROD00021,STORE019,2026-04-27,1,23867.91
ORD0021081,CUST00376,PROD00278,STORE014,2026-04-27,1,21062.95
ORD0022282,CUST01390,PROD00261,STORE005,2026-04-27,3,9604.77
ORD0022418,CUST01375,PROD00173,STORE019,2026-04-27,3,22642.02
ORD0020840,,PROD00063,STORE016,2026-04-27,2,12655.62
ORD0022488,CUST00747,PROD00093,STORE024,2026-04-27,5,20216.49
ORD0020768,CUST00785,PROD00141,STORE020,2026-04-27,4,4558.49
ORD0021636,CUST00434,PROD00025,STORE016,00/00/0000,5,8488.59
ORD0021655,CUST00801,PROD00041,STORE009,2026-04-27,3,22158.91
ORD0020578,CUST01420,PROD00093,STORE021,2026-04-27,6,9996.91
ORD0021981,CUST01178,PROD00230,STORE002,2026-04-23,6,20143.83
ORD0021221,CUST00660,PROD00099,STORE024,2026-04-27,6,10615.21
ORD0021487,CUST00492,PROD00265,STORE009,2026-04-27,1,21403.25
ORD0021483,CUST00115,PROD00209,STORE012,2026-04-27,3,8550.09
ORD0021586,CUST01159,PROD00059,STORE002,2026-04-27,4,24021.03
ORD0021807,CUST00855,PROD00164,STORE012,2026-04-27,4,24492.75
ORD0022344,,PROD00028,STORE010,2026-04-27,4,13601.63
ORD0021632,CUST00542,PROD00090,STORE019,2026-04-27,6,18573.82
ORD0021811,CUST00874,PROD00203,STORE003,2026-04-27,5,23460.84
ORD0020506,CUST01322,PROD00191,STORE020,2026-04-27,2,1653.93
ORD0021861,CUST00604,PROD00078,STORE021,2026-04-27,3,16082.36
ORD0020638,CUST00906,PROD00254,STORE021,2026-04-27,6,11059.77
ORD0021262,CUST01387,PROD00084,STORE002,2026-04-27,5,12373.7
ORD0022000,CUST00119,PROD00199,STORE004,2026-04-27,3,24446.63
ORD0021319,CUST00799,PROD00138,STORE022,2026-04-27,two,2292.1
ORD0021568,CUST01400,PROD00241,STORE007,2026-04-17,5,9216.11
ORD0022434,CUST00408,PROD00098,STORE006,2026-04-27,5,20210.39
ORD0021534,CUST00176,PROD00229,STORE005,2026-04-27,1,4635.62
ORD0022071,CUST00440,PROD00268,STORE023,2026-04-27,4,1190.1
ORD0021582,CUST00894,PROD00039,STORE008,2026-04-27,6,11355.97
ORD0022444,CUST00587,PROD00282,STORE019,2026-04-27,1,10154.88
ORD0020959,CUST00094,PROD00211,STORE010,2026-04-27,6,22061.26
ORD0021377,CUST00344,PROD00101,STORE009,2026-04-27,5,18848.7
ORD0021210,CUST00488,PROD00094,STORE017,2026-04-27,3,22629.64
ORD0022145,CUST01062,PROD00294,STORE007,2026-04-27,1,23066.15
ORD0022166,CUST01051,PROD00118,STORE021,2026-04-24,5,12013.48
ORD0021542,CUST00174,PROD00083,STORE020,2026-04-27,3,16615.59
ORD0022060,CUST00983,PROD00150,STORE009,2026-04-27,6,4288.4
ORD0020863,CUST01339,PROD00060,STORE004,2026-04-27,4,11431.21
ORD0020837,CUST00780,PROD00031,STORE021,2026-04-27,1,12947.58
ORD0022393,CUST01204,PROD00201,STORE014,2026-04-27,4,11866.79
ORD0021134,CUST00801,PROD00103,STORE002,2026-04-27,3,8065.21
ORD0021305,CUST00636,PROD00184,STORE001,2026-04-27,two,14558.65
ORD0021913,CUST01427,PROD00149,STORE016,2026-04-27,6,18028.39
ORD0022117,CUST00240,PROD00274,STORE003,2026-04-27,3,18502.08
ORD0022428,CUST00856,PROD00256,STORE006,2026-04-27,5,9563.13
ORD0021239,CUST00115,PROD00095,STORE017,2026-04-27,2,8461.76
ORD0022303,CUST00038,PROD00290,STORE011,2026-04-27,2,18735.68
ORD0021310,CUST00489,PROD00268,STORE016,2026-04-27,4,6858.64
ORD0022168,CUST01422,PROD00125,STORE015,2026-04-27,6,2188.67
ORD0021120,CUST01025,PROD00170,STORE011,2026-04-27,3,3804.28
ORD0021770,CUST01339,PROD00219,STORE007,2026-04-27,5,12959.1
ORD0020991,CUST00503,PROD00095,STORE025,2026-04-27,1,8231.95
ORD0021629,CUST00660,PROD00263,STORE011,2026-04-27,3,21672.53
ORD0021203,CUST00317,PROD00097,STORE021,2026-04-27,3,6091.91
ORD0021477,CUST00257,PROD00264,STORE016,2026-04-27,1,20196.35
ORD0021050,CUST01397,PROD00281,STORE002,2026-04-27,6,9337.39
ORD0020970,CUST00269,PROD00248,STORE015,2026-04-19,5,14509.4
ORD0021777,CUST00781,PROD00296,STORE004,2026-04-27,3,22168.24
ORD0020557,CUST01437,PROD00192,STORE014,2026-04-27,1,6700.88
ORD0022102,CUST00795,PROD00151,STORE004,2026-04-27,1,13917.29
ORD0021617,CUST00653,PROD00179,STORE006,2026-04-27,5,4739.21
ORD0021583,CUST00325,PROD00234,STORE013,2026-04-27,2,15367.66
ORD0021993,CUST01325,PROD00136,STORE019,2026-04-27,3,4967.49
ORD0022271,CUST00347,PROD00180,STORE014,2026-04-27,6,11028.7
ORD0020856,CUST01387,PROD00147,STORE014,2026-04-27,4,3513.33
ORD0020738,CUST01210,PROD00036,STORE009,2026-04-27,1,6274.52
ORD0020811,CUST00290,PROD00172,STORE011,2026-04-27,6,13285.27
ORD0022092,CUST01218,PROD00200,STORE001,2026-04-27,6,2879.05
ORD0020523,CUST00507,PROD00021,STORE012,2026-04-27,5,13083.27
ORD0022155,CUST01362,PROD00024,STORE014,2026-04-27,6,20929.2
ORD0022046,CUST00696,PROD00191,STORE007,2026-04-27,3,9644.32
ORD0022243,CUST00543,PROD00274,STORE002,2026-04-27,4,12369.61
ORD0022036,CUST00587,PROD00019,STORE011,2026-04-27,3,6859.33
ORD0021691,,PROD00085,STORE023,2026-04-27,6,5665.11
ORD0022345,CUST01165,PROD00044,STORE023,2026-04-27,4,1213.91
ORD0022068,CUST01323,PROD00084,STORE017,2026-04-23,1,24041.42
ORD0020998,CUST01378,PROD00157,STORE010,2026-04-27,4,3932.84
ORD0022327,CUST00762,PROD00269,STORE013,2026-04-27,4,1399.78
ORD0020800,CUST00808,PROD00033,STORE004,2026-04-27,3,7912.21
ORD0020751,CUST00382,PROD00023,STORE014,2026-04-27,5,6802.16
ORD0020519,CUST01245,PROD00300,STORE023,2026-04-27,6,9501.29
ORD0021950,CUST01060,PROD00070,STORE011,2026-04-21,2,12663.74
ORD0022109,CUST01087,PROD00100,STORE002,2026-04-27,5,11850.2
ORD0021079,CUST00115,PROD00015,STORE022,2026-04-27,2,14264.4
ORD0020874,CUST01099,PROD00230,STORE002,2026-04-27,3,21375.06
ORD0021970,CUST00868,PROD00122,STORE010,2026-04-27,6,10229.54
ORD0020834,CUST00204,PROD00224,STORE022,2026-04-27,1,18769.05
ORD0021869,CUST00304,PROD00240,STORE021,2026-04-20,6,23287.42
ORD0022076,CUST01396,PROD00283,STORE018,2026-04-27,3,8648.31
ORD0021675,CUST01433,PROD00089,STORE004,2026-04-18,2,23739.68
ORD0021185,CUST00104,PROD00096,STORE024,2026-04-27,6,16368.03
ORD0021140,CUST00922,PROD00141,STORE017,2026-04-27,2,18278.71
ORD0021520,CUST00040,PROD00141,STORE023,2026-04-27,4,7963.33
ORD0020753,CUST00257,PROD00191,STORE011,2026-04-27,6,14457.93
ORD0020599,CUST00951,PROD00080,STORE018,2026-04-27,5,5083.81
ORD0021045,CUST01386,PROD00118,STORE006,2026-04-27,3,15208.16
ORD0021118,CUST00378,PROD00038,STORE012,2026-04-27,1,21553.24
ORD0022192,CUST00757,PROD00039,STORE013,2026-04-27,6,15326.47
ORD0021997,CUST00844,PROD00103,STORE004,2026-04-27,5,20825.04
ORD0021669,CUST01151,PROD00179,STORE010,2026-04-27,1,7094.06
ORD0021851,CUST00332,,STORE024,2026-04-27,6,10994.31
ORD0021850,CUST00398,PROD00009,STORE006,2026-04-27,3,7983.46
ORD0021282,CUST00609,PROD00269,STORE003,2026-04-27,6,1482.74
ORD0022001,CUST00563,PROD00107,STORE025,2026-04-27,2,8523.95
ORD0021355,CUST00008,PROD00008,STORE008,2026-04-27,4,12790.71
ORD0022058,CUST00153,PROD00259,STORE024,2026-04-27,5,14247.66
ORD0020559,CUST01296,PROD00156,STORE023,2026-04-27,6,22802.23
ORD0020878,CUST01176,PROD00063,STORE004,2026-04-27,5,9281.33
ORD0022003,CUST00329,PROD00032,STORE003,2026-04-27,6,24283.58
ORD0020729,CUST00726,PROD00257,STORE017,2026-04-17,3,14039.66
ORD0021727,CUST00161,PROD00136,STORE004,2026-04-27,2,19187.94
ORD0021381,CUST01282,PROD00015,STORE023,2026-04-18,5,1456.16
ORD0021119,CUST00608,PROD00259,STORE005,2026-04-27,4,13236.17
ORD0021468,CUST00849,PROD00030,STORE008,2026-04-27,2,13836.78
ORD0021007,CUST00206,PROD00268,STORE024,2026-04-27,1,21522.24
ORD0021406,CUST01044,PROD00266,STORE016,2026-04-27,3,13174.66
ORD0021783,CUST00667,PROD00267,STORE002,2026-04-27,1,24053.11
ORD0022441,CUST00793,PROD00216,STORE018,2026-04-27,1,19579.65
ORD0021275,CUST00835,PROD00245,STORE021,2026-04-27,1,2282.1
ORD0022057,CUST00811,PROD00099,STORE010,2026-04-27,5,7380.18
ORD0020759,CUST00041,PROD00023,STORE018,2026-04-27,3,4165.26
ORD0022256,CUST00970,PROD00145,STORE025,2026-04-27,1,13668.66
ORD0021975,CUST01204,PROD00023,STORE010,2026-04-21,4,7797.83
ORD0020939,CUST00380,PROD00130,STORE015,2026-04-27,5,6697.91
ORD0021860,CUST00680,PROD00244,STORE015,2026-04-27,2,19473.29
ORD0022317,CUST00103,PROD00145,STORE019,2026-04-27,1,24756.76
ORD0020836,CUST01291,PROD00297,STORE024,2026-04-27,5,13945.44
ORD0020515,CUST00325,PROD00129,STORE006,2026-04-27,5,16408.45
ORD0021145,CUST00753,PROD00075,STORE001,2026-04-27,4,15777.2
ORD0022024,CUST01042,PROD00195,STORE009,2026-04-22,4,22200.91
ORD0020694,CUST00668,PROD00243,STORE023,2026-04-27,3,16757.93
ORD0021397,CUST00668,PROD00221,STORE015,2026-04-27,1,2680.25
ORD0021762,CUST01074,PROD00092,STORE003,2026-04-27,2,24420.03
ORD0020839,CUST01113,PROD00142,STORE013,2026-04-19,4,16567.25
ORD0022366,,PROD00133,STORE003,2026-04-27,6,14134.61
ORD0022399,CUST00192,PROD00235,STORE005,2026-04-27,1,10662.5
ORD0020760,CUST00260,PROD00119,STORE005,2026-04-27,4,253.52
ORD0022286,CUST00252,PROD00293,STORE012,2026-04-27,6,14718.77
ORD0020813,CUST01289,PROD00206,STORE011,2026-04-27,4,18458.28
ORD0022202,CUST00834,PROD00061,STORE012,2026-04-27,1,4147.7
ORD0020809,CUST00390,PROD00140,STORE021,2026-04-27,4,21418.59
ORD0021328,CUST00659,PROD00155,STORE001,not_a_date,4,970.43
ORD0021792,CUST00468,PROD00269,STORE015,2026-04-27,2,5264.96
ORD0021337,CUST00400,PROD00278,STORE020,2026-04-27,4,8047.72
ORD0022034,CUST00568,PROD00292,STORE006,2026-04-18,5,11590.85
ORD0021661,CUST00194,PROD00126,STORE014,2026-04-24,3,2860.23
ORD0021409,CUST00207,PROD00229,STORE025,2026-04-27,4,1151.96
ORD0021817,CUST00522,PROD00230,STORE019,2026-04-27,3,5382.92
ORD0021330,CUST00409,PROD00295,STORE019,2026-04-27,1,20366.93
ORD0022007,CUST01387,PROD00072,STORE004,2026-04-27,5,23654.92
ORD0021295,CUST00439,PROD00136,STORE013,2026-04-27,2,5882.57
ORD0020946,CUST01392,PROD00086,STORE020,2026-04-27,4,18369.07
ORD0021526,CUST00513,PROD00028,STORE010,2026-04-27,4,2181.85
ORD0022140,CUST01066,PROD00234,STORE007,2026-04-27,4,1164.3
ORD0022382,CUST01287,PROD00229,STORE015,2026-04-27,5,4702.81
ORD0021454,CUST01297,PROD00187,STORE012,2026-04-27,3,7307.31
ORD0020590,CUST01464,PROD00224,STORE006,2026-04-20,1,12065.97
ORD0021196,CUST01317,PROD00012,STORE009,2026-04-27,4,17465.8
ORD0020815,CUST01494,PROD00043,STORE012,2026-04-27,2,18099.73
ORD0021715,CUST01362,PROD00113,STORE014,2026-04-27,2,24946.09
ORD0022426,CUST00638,PROD00288,STORE020,2026-04-27,1,4899.37
ORD0020633,CUST00519,PROD00078,STORE013,2026-04-27,6,9203.79
ORD0020923,CUST00541,PROD00129,STORE002,2026-04-27,1,18020.63
ORD0021631,CUST00361,PROD00233,STORE011,2026-04-27,4,5128.69
ORD0020698,CUST00771,PROD00267,STORE016,2026-04-27,3,13898.53
ORD0020596,CUST00924,PROD00034,STORE022,2026-04-27,3,23186.88
ORD0021926,CUST00983,PROD00289,STORE018,2026-04-27,1,11089.38
ORD0022334,CUST00501,PROD00218,STORE018,2026-04-27,5,3737.47
ORD0020706,CUST01023,PROD00052,STORE012,2026-04-27,1,10256.52
ORD0021627,,PROD00008,STORE019,2026-04-27,2,16018.97
ORD0020612,CUST00707,PROD00080,STORE013,2026-04-27,4,23670.33
ORD0022150,CUST00451,PROD00184,STORE018,2026-04-27,-1,9180.04
ORD0022326,CUST00967,PROD00047,STORE024,2026-04-27,4,8346.93
ORD0020609,CUST00128,PROD00205,STORE009,2026-04-27,4,24997.7
ORD0021449,CUST01390,PROD00227,STORE013,2026-04-27,4,17654.04
ORD0021983,CUST00793,PROD00212,STORE013,2026-04-27,4,2573.45
ORD0021713,CUST00155,PROD00196,STORE009,2026-04-27,3,3993.25
ORD0022339,CUST00264,PROD00245,STORE024,2026-04-27,3,3893.57
ORD0021740,CUST00581,PROD00036,STORE006,2026-04-21,6,4702.8
ORD0021527,CUST00386,PROD00246,STORE015,2026-04-27,6,5563.51
ORD0021998,CUST00530,PROD00211,STORE006,2026-04-27,1,24145.96
ORD0021743,CUST00317,PROD00164,STORE004,2026-04-27,5,20811.17
ORD0021237,CUST00298,PROD00245,STORE008,2026-04-27,1,3169.79
ORD0020870,CUST00158,PROD00158,STORE017,2026-04-27,5,19601.58
ORD0021013,CUST01063,PROD00024,STORE006,2026-04-27,5,7183.73
ORD0020563,CUST00550,PROD00214,STORE025,2026-04-27,3,19440.88
ORD0020804,CUST01229,PROD00023,STORE001,2026-04-27,6,21079.67
ORD0022088,CUST00084,PROD00055,STORE011,2026-04-27,3,8107.03
ORD0021075,CUST00926,PROD00051,STORE021,2026-04-27,1,9843.56
ORD0020713,CUST00004,PROD00164,STORE001,2026-04-27,6,14699.23
ORD0020886,CUST00475,PROD00061,STORE006,2026-04-27,2,6077.29
ORD0021365,CUST01290,PROD00279,STORE015,2026-04-21,3,20348.76
ORD0021646,CUST01169,PROD00155,STORE025,2026-04-27,4,23164.16
ORD0020666,CUST00589,PROD00101,STORE020,2026-04-27,5,21418.0
ORD0020658,CUST01072,PROD00046,STORE025,2026-04-27,2,15328.27
ORD0022055,CUST00353,PROD00249,STORE014,2026-04-24,3,13574.68
ORD0021958,CUST00539,PROD00059,STORE001,2026-04-27,6,24485.17
ORD0021868,CUST00091,PROD00291,STORE007,2026-04-27,5,9037.65
ORD0021500,CUST00508,PROD00169,STORE019,2026-04-27,6,11505.91
ORD0021690,CUST01322,PROD00229,STORE021,2026-04-27,4,4730.13
ORD0021139,CUST01219,PROD00163,STORE019,2026-04-27,4,18857.34
ORD0021304,CUST01451,PROD00264,STORE021,2026-04-27,6,19565.94
ORD0021273,CUST00625,PROD00076,STORE008,2026-04-27,5,5699.63
ORD0021451,CUST00634,PROD00103,STORE017,2026-04-27,6,4174.41
ORD0022212,CUST00267,PROD00016,STORE011,2026-04-27,5,22676.17
ORD0021971,CUST00593,PROD00243,STORE010,2026-04-27,1,18661.01
ORD0021567,CUST00706,PROD00155,STORE020,2026-04-27,1,3694.66
ORD0020592,CUST00575,PROD00004,STORE013,2026-04-27,6,1375.67
ORD0021115,CUST00644,PROD00213,STORE004,2026-04-27,3,16503.47
ORD0022470,CUST00707,PROD00174,STORE009,2026-04-27,4,13413.74
ORD0022454,CUST00279,PROD00081,STORE021,2026-04-27,2,4774.82
ORD0022230,CUST00836,PROD00253,STORE021,2026-04-27,6,10720.08
ORD0022099,CUST01239,PROD00068,STORE017,2026-04-27,5,16774.91
ORD0021349,CUST00654,PROD00130,STORE022,2026-04-27,4,3560.53
ORD0021659,CUST01265,PROD00228,STORE021,2026-04-27,3,8501.77
ORD0022272,CUST00304,PROD00069,STORE017,2026-04-27,6,23766.05
ORD0022258,CUST01372,PROD00212,STORE017,2026-04-27,3,17645.3
ORD0022314,,PROD00011,STORE018,2026-04-27,2,23167.02
ORD0020864,CUST00640,PROD00023,STORE021,2026-04-27,3,20958.85
ORD0021914,CUST00222,PROD00281,STORE004,2026-04-27,2,15193.3
ORD0020617,CUST00745,PROD00067,STORE007,2026-04-27,5,7417.24
ORD0020608,CUST00668,PROD00156,STORE009,2026-04-27,4,10486.6
ORD0020510,CUST00042,PROD00028,STORE015,2026-04-27,4,4953.2
ORD0022241,CUST01152,PROD00100,STORE012,2026-04-27,4,3285.37
ORD0022275,CUST00781,PROD00200,STORE025,2026-04-27,3,14143.36
ORD0020721,CUST00757,PROD00090,STORE025,2026-04-27,5,24929.09
ORD0022273,CUST01372,PROD00191,STORE002,2026-04-27,4,9144.45
ORD0021670,CUST00987,PROD00170,STORE010,2026-04-27,3,17315.62
ORD0020822,CUST00535,PROD00147,STORE011,2026-04-27,3,19661.24
ORD0021625,CUST00874,PROD00138,STORE012,2026-04-27,5,18615.68
ORD0021350,CUST00277,PROD00147,STORE012,2026-04-27,6,10052.66
ORD0021490,CUST00877,PROD00170,STORE018,2026-04-27,4,20863.58
ORD0021420,CUST01271,PROD00048,STORE003,2026-04-27,2,6669.15
ORD0020842,CUST01214,PROD00111,STORE002,2026-04-27,2,18771.69
ORD0021709,CUST00625,PROD00218,STORE011,2026-04-27,5,6532.35
ORD0020594,CUST00896,,STORE025,2026-04-27,1,11540.7
ORD0021173,CUST01148,PROD00174,STORE015,2026-04-27,4,11853.53
ORD0020877,CUST01336,PROD00008,STORE024,2026-04-27,1,4773.3
ORD0020682,CUST00170,PROD00017,STORE025,2026-04-27,5,24967.42
ORD0021876,CUST01070,PROD00063,STORE012,2026-04-27,5,21470.43
ORD0021233,CUST00839,PROD00291,STORE013,2026-04-27,1,7218.37
ORD0021906,CUST01382,PROD00045,STORE023,2026-04-27,5,11391.81
ORD0021809,CUST00680,PROD00035,STORE022,2026-04-27,2,9017.32
ORD0022437,CUST01100,PROD00169,STORE021,2026-04-27,6,5315.4
ORD0022332,CUST00343,PROD00052,STORE024,2026-04-27,1,14323.45
ORD0021199,CUST00597,PROD00078,STORE010,2026-04-17,5,4131.5
ORD0020530,CUST00829,PROD00027,STORE006,2026-04-27,4,6274.96
ORD0021201,CUST00066,PROD00258,STORE025,2026-04-27,3,10722.42
ORD0021960,CUST00414,PROD00208,STORE020,2026-04-27,3,15235.6
ORD0021658,CUST00136,PROD00096,STORE007,2026-04-22,6,23981.79
ORD0021863,CUST01429,PROD00027,STORE019,2026-04-27,4,13959.99
ORD0021020,CUST01355,PROD00201,STORE006,2026-04-27,6,17007.85
ORD0021920,CUST00039,PROD00113,STORE006,2026-04-20,4,11006.94
ORD0021515,CUST00976,PROD00133,STORE023,2026-04-27,6,12669.33
ORD0020868,CUST00752,PROD00297,STORE023,2026-04-27,3,11302.73
ORD0021620,CUST01351,PROD00244,STORE019,2026-04-27,4,3076.6
ORD0021343,CUST00554,PROD00271,STORE012,2026-04-27,3,11134.0
ORD0021742,CUST00687,PROD00297,STORE008,2026-04-27,1,12173.18
ORD0020909,CUST01138,PROD00245,STORE007,2026-04-27,4,5082.63
ORD0021189,CUST00221,PROD00220,STORE007,2026-04-27,6,8099.3
ORD0021843,CUST01219,PROD00007,STORE004,2026-04-27,3,13652.8
ORD0021597,CUST00319,PROD00253,STORE007,2026-04-27,2,2438.95
ORD0021357,CUST00349,PROD00257,STORE002,2026-04-27,4,21632.24
ORD0021859,CUST01186,PROD00204,STORE005,2026-04-24,6,9562.34
ORD0020687,CUST01254,PROD00069,STORE013,2026-04-27,6,18181.4
ORD0021198,CUST01000,PROD00147,STORE007,2026-04-27,5,10474.23
ORD0022289,CUST00519,PROD00153,STORE018,2026-04-24,2,6086.46
ORD0020566,CUST01018,PROD00027,STORE025,2026-04-27,3,16954.09
ORD0021218,CUST01257,PROD00291,STORE023,2026-04-27,2,8385.85
ORD0021181,CUST00957,PROD00147,STORE011,2026-04-27,1,14060.15
ORD0021458,CUST00658,PROD00136,STORE025,2026-04-27,6,abc
ORD0022113,CUST00127,PROD00068,STORE012,2026-04-27,5,9499.62
ORD0020845,CUST00828,PROD00173,STORE016,2026-04-27,1,4810.16
ORD0021062,CUST01052,PROD00140,STORE022,2026-04-27,3,21125.81
ORD0021323,CUST00534,PROD00088,STORE024,2026-04-19,3,202.09
ORD0021232,CUST00134,PROD00249,STORE021,2026-04-21,6,12315.32
ORD0020912,CUST01477,PROD00297,STORE009,2026-04-27,6,21181.95
ORD0021086,CUST00982,PROD00231,STORE014,2026-04-27,6,6030.7
ORD0021938,CUST01342,PROD00122,STORE007,2026-04-27,6,8721.98
ORD0020757,CUST01484,PROD00013,STORE009,2026-04-27,2,2247.49
ORD0021426,CUST00754,PROD00235,STORE004,2026-04-27,3,10018.51
ORD0021442,CUST00647,PROD00075,STORE025,2026-04-27,2,13880.8
ORD0021521,CUST00479,PROD00245,STORE021,2026-04-27,6,11785.91
ORD0021566,CUST00885,PROD00081,STORE017,2026-04-27,4,16367.74
ORD0020512,CUST00930,PROD00043,STORE005,2026-04-27,5,20660.45
ORD0021748,CUST00761,PROD00138,STORE019,2026-04-27,6,22866.27
ORD0021830,CUST00342,PROD00226,STORE008,2026-04-27,6,13514.6
ORD0021716,,PROD00289,STORE006,2026-04-27,5,7652.31
ORD0021952,CUST00409,PROD00054,STORE025,2026-04-27,3,14260.07
ORD0021186,CUST01294,PROD00082,STORE012,2026-04-27,1,1905.58
ORD0021290,CUST01299,PROD00222,STORE023,2026-04-23,4,10760.52
ORD0020924,CUST01429,PROD00005,STORE020,2026-04-27,6,19775.52
ORD0020798,CUST00839,PROD00041,STORE010,2026-04-27,2,13480.41
ORD0021101,CUST01482,PROD00283,STORE022,2026-04-27,2,16912.62
ORD0021048,CUST00734,PROD00292,STORE009,2026-04-27,3,7842.81
ORD0020725,CUST00389,PROD00145,STORE011,2026-04-27,6,16139.62
ORD0021924,,PROD00126,STORE007,2026-04-18,6,7720.38
ORD0021347,CUST00432,PROD00066,STORE023,2026-04-27,4,20360.13
ORD0021990,CUST01412,PROD00027,STORE021,2026-04-27,6,14005.98
ORD0022015,CUST00179,PROD00201,STORE010,2026-04-27,1,7774.26
ORD0021123,CUST01124,PROD00117,STORE004,2026-04-20,2,19534.7
ORD0021671,CUST00068,PROD00001,STORE021,2026-04-27,2,22461.23
ORD0020565,CUST00903,PROD00096,STORE014,2026-04-27,2,3521.53
ORD0020606,CUST01477,PROD00239,STORE020,2026-04-27,4,20299.08
ORD0021336,CUST00478,PROD00273,STORE025,2026-04-24,5,2631.15
ORD0020526,CUST00804,PROD00240,STORE002,2026-04-27,4,14467.76
ORD0021943,CUST01376,PROD00051,STORE020,2026-04-27,4,23239.83
ORD0022279,CUST00447,PROD00159,STORE002,2026-04-27,1,15075.84
ORD0020719,CUST00481,PROD00184,STORE006,2026-04-27,2,21630.87
ORD0020748,CUST00773,PROD00042,STORE013,2026-04-27,2,8044.73
ORD0020971,CUST01393,PROD00022,STORE019,2026-04-27,5,5886.05
ORD0021775,CUST00860,PROD00176,STORE006,2026-04-27,4,12049.44
ORD0021427,CUST01381,PROD00283,STORE007,2026-04-27,1,15647.91
ORD0020981,CUST00870,PROD00091,STORE016,2026-04-27,6,24674.76
ORD0021732,CUST00363,PROD00172,STORE021,2026-04-27,6,6410.63
ORD0022357,CUST01457,PROD00013,STORE025,2026-04-27,1,21264.41
ORD0021834,CUST00708,PROD00278,STORE006,2026-04-27,1,19778.83
ORD0020670,,PROD00131,STORE017,2026-04-27,1,880.32
ORD0022161,CUST00569,PROD00033,STORE020,2026-04-27,5,20355.28
ORD0021322,CUST01449,PROD00102,STORE015,2026-04-27,1,10178.8
ORD0021832,CUST00178,PROD00233,STORE025,2026-04-27,6,17186.07
ORD0022329,CUST01021,PROD00018,STORE003,2026-04-18,5,9931.9
ORD0021019,CUST00515,PROD00219,STORE007,2026-04-27,5,17320.15
ORD0022463,CUST01365,PROD00008,STORE024,2026-04-27,3,4095.11
ORD0021211,CUST00294,PROD00165,STORE022,2026-04-27,1,15663.67
ORD0021982,CUST01245,PROD00294,STORE004,2026-04-27,6,4702.84
ORD0021864,CUST00790,PROD00111,STORE018,2026-04-27,1,15107.82
ORD0020772,CUST01350,PROD00294,STORE015,2026-04-27,3,14457.44
ORD0021217,CUST00892,PROD00250,STORE007,2026-04-27,4,19259.88
ORD0021327,CUST00131,PROD00136,STORE017,2026-04-27,2,19247.15
ORD0022081,CUST01377,PROD00212,STORE010,2026-04-27,3,24830.62
ORD0022410,CUST00013,PROD00275,STORE015,2026-04-18,4,12009.13
ORD0021744,CUST00632,PROD00211,STORE020,2026-04-27,2,13363.49
ORD0020783,,PROD00204,STORE017,2026-04-27,1,15627.79
ORD0021719,CUST00214,PROD00206,STORE002,2026-04-27,3,2236.88
ORD0022340,CUST00434,PROD00220,STORE005,2026-04-27,5,18519.99
ORD0021114,CUST00363,PROD00236,STORE001,2026-04-27,4,24225.66
ORD0021044,CUST00573,PROD00084,STORE015,2026-04-27,2,9613.55
ORD0020716,CUST00407,PROD00126,STORE007,2026-04-27,6,10584.42
ORD0021298,CUST01020,PROD00243,STORE025,2026-04-27,3,13209.18
ORD0021540,CUST01221,PROD00219,STORE024,2026-04-27,2,3660.59
ORD0022292,CUST01150,PROD00175,STORE024,2026-04-27,2,18417.1
ORD0021644,CUST00299,PROD00106,STORE001,2026-04-27,,17660.52
ORD0021160,CUST00631,PROD00299,STORE004,2026-04-27,4,11329.6
ORD0021261,CUST00963,PROD00164,STORE020,2026-04-27,5,9900.1
ORD0022205,CUST00686,PROD00216,STORE019,2026-04-27,2,17317.73
ORD0021767,CUST00866,PROD00041,STORE010,2026-04-27,3,1364.72
ORD0021978,CUST01383,PROD00261,STORE008,2026-04-27,5,13946.17
ORD0022367,CUST01143,PROD00233,STORE007,2026-04-27,3,5583.36
ORD0021654,CUST01109,PROD00132,STORE024,2026-04-27,4,14130.38
ORD0022245,CUST00236,PROD00099,STORE016,2026-04-27,4,5329.59
ORD0020539,CUST00186,PROD00197,STORE002,2026-04-27,3,3116.45
ORD0021931,CUST01023,PROD00174,STORE019,2026-04-27,4,12615.9
ORD0021623,CUST00427,PROD00019,STORE011,2026-04-27,5,6897.53
ORD0021403,CUST01179,PROD00221,STORE002,2026-04-27,3,7520.6
ORD0022403,CUST00732,PROD00111,STORE007,2026-04-27,4,22880.21
ORD0020884,CUST00436,PROD00110,STORE010,2026-04-27,3,1987.2
ORD0021576,CUST00722,PROD00102,STORE011,2026-04-18,4,2486.17
ORD0021692,CUST00508,PROD00041,STORE018,2026-04-27,5,15215.28
ORD0021179,CUST00631,PROD00103,STORE015,2026-04-27,1,15197.64
ORD0021236,CUST00062,PROD00208,STORE003,2026-04-24,2,13822.77
ORD0021608,CUST00064,PROD00032,STORE006,2026-04-27,4,9384.89
ORD0020771,CUST01083,PROD00208,STORE002,2026-04-27,2,5263.36
ORD0020979,CUST00372,PROD00199,STORE004,2026-04-27,1,2185.63
ORD0021342,CUST01270,PROD00010,STORE017,2026-04-27,2,16261.3
ORD0021674,CUST00018,PROD00129,STORE004,2026-04-27,6,13944.79
ORD0021959,CUST00281,PROD00133,STORE014,2026-04-27,6,17959.67
ORD0021105,CUST00385,PROD00124,STORE025,2026-04-27,6,24564.58
ORD0021383,CUST00601,PROD00226,STORE004,2026-04-27,6,22452.03
ORD0021842,CUST00083,PROD00121,STORE017,2026-04-27,1,12129.2
ORD0021286,CUST00471,PROD00251,STORE022,2026-04-27,5,9245.34
ORD0021147,CUST00656,PROD00120,STORE025,2026-04-27,6,7471.22
ORD0022380,CUST01059,PROD00064,STORE022,2026-04-27,1,4012.54
ORD0022237,CUST00162,PROD00212,STORE024,2026-04-27,6,5860.12
ORD0020859,CUST01368,PROD00020,STORE003,2026-04-27,2,22398.04
ORD0021738,,PROD00014,STORE005,2026-04-27,1,8187.44
ORD0021590,CUST00308,PROD00256,STORE021,2026-04-27,1,10525.64
ORD0022479,CUST01492,PROD00270,STORE022,2026-04-27,6,11592.92
ORD0020625,CUST00322,PROD00224,STORE004,2026-04-27,3,20188.34
ORD0020776,CUST00954,PROD00148,STORE005,2026-04-27,6,5127.83
ORD0022352,CUST00501,PROD00170,STORE005,2026-04-27,6,20138.24
ORD0021302,CUST00025,PROD00207,STORE007,2026-04-27,1,14992.07
ORD0021407,CUST00759,,STORE010,2026-04-27,5,2021.84
ORD0020693,CUST01459,PROD00001,STORE012,2026-04-27,6,21658.57
ORD0020764,CUST00779,PROD00125,STORE022,2026-04-27,2,5462.07
ORD0021518,CUST01079,PROD00002,STORE024,2026-04-27,3,12823.49
ORD0022194,CUST00998,PROD00125,STORE024,2026-04-27,6,16736.38
ORD0021687,CUST00244,PROD00027,STORE025,2026-04-27,5,1385.89
ORD0020851,CUST01026,PROD00048,STORE006,2026-04-27,1,4960.64
ORD0020672,CUST00698,PROD00168,STORE006,2026-04-27,5,18213.26
ORD0020635,CUST00341,PROD00177,STORE014,2026-04-27,6,7120.6
ORD0021858,CUST00628,PROD00296,STORE003,2026-04-27,2,9142.95
ORD0021544,CUST00643,PROD00231,STORE002,2026-04-27,5,3619.71
ORD0022493,CUST01179,PROD00053,STORE004,2026-04-27,5,24441.25
ORD0021461,CUST00421,PROD00207,STORE018,2026-04-24,2,5502.79
ORD0021197,CUST01348,PROD00253,STORE013,2026-04-27,2,18826.29
ORD0021560,CUST01157,PROD00109,STORE015,2026-04-27,3,14762.83
ORD0021513,CUST00063,PROD00011,STORE004,2026-04-27,5,12608.31
ORD0020750,CUST01440,PROD00265,STORE022,2026-04-27,2,unknown
ORD0020601,CUST01423,PROD00227,STORE015,2026-04-27,5,18864.15
ORD0022021,CUST01025,PROD00233,STORE022,2026-04-27,4,24226.75
ORD0022210,CUST01303,PROD00213,STORE024,2026-04-27,1,14527.17
ORD0021790,CUST01242,PROD00187,STORE003,2026-04-27,2,14088.1
ORD0021808,CUST00750,PROD00115,STORE004,2026-04-27,6,913.86
ORD0021018,CUST00105,PROD00243,STORE018,2026-04-27,4,6331.75
ORD0021025,CUST01080,PROD00115,STORE020,2026-04-27,4,1418.11
ORD0021288,CUST00616,PROD00002,STORE005,2026-04-27,2,17419.58
ORD0022075,CUST01310,PROD00050,STORE022,2026-04-27,5,8418.87
ORD0021689,CUST00154,PROD00095,STORE004,2026-04-27,5,18845.22
ORD0022415,CUST00210,PROD00009,STORE025,2026-04-27,6,12676.83
ORD0021311,CUST00516,PROD00193,STORE004,2026-04-27,1,12477.57
ORD0020833,CUST00929,PROD00117,STORE016,2026-04-27,5,14396.09
ORD0020935,CUST00729,PROD00172,STORE004,2026-04-27,2,22763.03
ORD0021756,CUST01103,PROD00056,STORE024,2026-04-27,3,23994.75
ORD0021423,CUST00326,PROD00078,STORE015,2026-04-27,4,12565.2
ORD0022267,CUST01410,PROD00102,STORE006,2026-04-27,2,5935.93
ORD0020832,CUST01248,PROD00170,STORE008,2026-04-27,3,22538.24
ORD0020580,CUST00025,PROD00045,STORE017,2026-04-27,1,16177.14
ORD0020788,CUST00939,PROD00015,STORE001,2026-04-27,3,22025.3
ORD0021174,CUST01073,PROD00088,STORE018,2026-04-27,3,22741.9
ORD0022396,CUST01463,PROD00044,STORE015,2026-04-27,3,19158.11
ORD0021963,CUST00710,PROD00027,STORE002,2026-04-27,2,18307.9
